reviewedIn,userId,userProfileLink,ratingScore,reviewTitle,reviewId,reviewUrl,reviewReaction,reviewDescription,isVerified,isAmazonVine,reviewImages,date,position,variant,variantAttributes,totalCategoryRatings,totalCategoryReviews,reviewCategoryUrl,filterByRating,filterByKeyword,productAsin,productOriginalAsin,variantAsin,product,input,country,countryCode
Reviewed in India on 15 November 2024,amzn1.account.AHTRTMV2X7XLFDZ4GHZSC4KE5AGQ,https://www.amazon.in/gp/profile/amzn1.account.AHTRTMV2X7XLFDZ4GHZSC4KE5AGQ/ref=cm_cr_othr_d_gw_tr?ie=UTF8,5,Very good.,R3OLZELI8IY2T6,https://www.amazon.in/gp/customer-reviews/R3OLZELI8IY2T6/ref=cm_cr_othr_d_rvw_ttl?ie=UTF8&ASIN=B08FB2H6Y4,3 people found this helpful,Connects easily. Sound quality is very good. Long battery life. It has fallen off my bedside and study table many times so I guess it is very durable and sturdy. It is value for the money.,True,False,[],2024-11-15,1,"Colour: Black, Size: Standard, Pattern Name: Speaker","[{'key': 'Colour', 'value': 'Black'}, {'key': 'Size', 'value': 'Standard'}, {'key': 'Pattern Name', 'value': 'Speaker'}]",,,https://www.amazon.in/product-reviews/B08FB2H6Y4?pageNumber=1&filterByStar=all_stars&sortBy=helpful&formatType=all_formats&asin=B08FB2H6Y4&reftag=cm_cr_arp_d_paging_btm_next_1&scope=reviewsAjax0,allStars,,B08FB2H6Y4,B08FB2H6Y4,B08FB2H6Y4,"{'price': None, 'listPrice': None}",https://www.amazon.in//JBL-Wireless-Portable-Bluetooth-Waterproof/dp/B08FB2H6Y4/ref=zg_bs_g_1389365031_d_sccl_2/260-9443465-0628262?psc=1,India,
Reviewed in India on 9 January 2025,amzn1.account.AEP7NKITKYBLUDWE6SYP25ITHTMQ,https://www.amazon.in/gp/profile/amzn1.account.AEP7NKITKYBLUDWE6SYP25ITHTMQ/ref=cm_cr_othr_d_gw_tr?ie=UTF8,5,Best speaker,R1MTKOOZ400IRO,https://www.amazon.in/gp/customer-reviews/R1MTKOOZ400IRO/ref=cm_cr_othr_d_rvw_ttl?ie=UTF8&ASIN=B08FB2H6Y4,,Value for money and build quality is good.,True,False,['https://m.media-amazon.com/images/I/61bEcTHmc-L._SY88.jpg'],2025-01-09,2,"Colour: Black, Size: Standard, Pattern Name: Speaker","[{'key': 'Colour', 'value': 'Black'}, {'key': 'Size', 'value': 'Standard'}, {'key': 'Pattern Name', 'value': 'Speaker'}]",,,https://www.amazon.in/product-reviews/B08FB2H6Y4?pageNumber=1&filterByStar=all_stars&sortBy=helpful&formatType=all_formats&asin=B08FB2H6Y4&reftag=cm_cr_arp_d_paging_btm_next_1&scope=reviewsAjax0,allStars,,B08FB2H6Y4,B08FB2H6Y4,B08FB2H6Y4,"{'price': None, 'listPrice': None}",https://www.amazon.in//JBL-Wireless-Portable-Bluetooth-Waterproof/dp/B08FB2H6Y4/ref=zg_bs_g_1389365031_d_sccl_2/260-9443465-0628262?psc=1,India,
Reviewed in India on 9 November 2024,amzn1.account.AHY2XWLVOXXHZEU5LWEKA7V6WSOQ,https://www.amazon.in/gp/profile/amzn1.account.AHY2XWLVOXXHZEU5LWEKA7V6WSOQ/ref=cm_cr_othr_d_gw_tr?ie=UTF8,4,Top sound quality 👌,RY1JJ403QNA4L,https://www.amazon.in/gp/customer-reviews/RY1JJ403QNA4L/ref=cm_cr_othr_d_rvw_ttl?ie=UTF8&ASIN=B08FB2H6Y4,2 people found this helpful,ProsSo It's a 4.2 watt portable speaker comes with great quality sound and have thumpy bass . It has  very  clear sound .Ip67 dust and water proof certification provides long life to the product .Bass is very goodConsBattery life is not very goodGets on low battery within 2 hours of continuous play with 100 % volume .It's not very loudCapable of a medium sized room .If played outside loudness lacks .Generates much vibration to move aroundConclusionIt's a portable speaker made with the purpose of travelling.According to its size the loudness is goodHave best quality sound and bass .You should go for it .,True,False,"['https://m.media-amazon.com/images/I/711Mcm8nChL._SY88.jpg', 'https://m.media-amazon.com/images/I/71UAWXSSHzL._SY88.jpg', 'https://m.media-amazon.com/images/I/71ttw5pJTzL._SY88.jpg']",2024-11-09,3,"Colour: Black, Size: Standard, Pattern Name: Speaker","[{'key': 'Colour', 'value': 'Black'}, {'key': 'Size', 'value': 'Standard'}, {'key': 'Pattern Name', 'value': 'Speaker'}]",,,https://www.amazon.in/product-reviews/B08FB2H6Y4?pageNumber=1&filterByStar=all_stars&sortBy=helpful&formatType=all_formats&asin=B08FB2H6Y4&reftag=cm_cr_arp_d_paging_btm_next_1&scope=reviewsAjax0,allStars,,B08FB2H6Y4,B08FB2H6Y4,B08FB2H6Y4,"{'price': None, 'listPrice': None}",https://www.amazon.in//JBL-Wireless-Portable-Bluetooth-Waterproof/dp/B08FB2H6Y4/ref=zg_bs_g_1389365031_d_sccl_2/260-9443465-0628262?psc=1,India,
Reviewed in India on 26 January 2025,amzn1.account.AFM62B44HOW26DK3I3YTJCWRCGZQ,https://www.amazon.in/gp/profile/amzn1.account.AFM62B44HOW26DK3I3YTJCWRCGZQ/ref=cm_cr_othr_d_gw_tr?ie=UTF8,5,Value for money,RLP9I2R83CBC3,https://www.amazon.in/gp/customer-reviews/RLP9I2R83CBC3/ref=cm_cr_othr_d_rvw_ttl?ie=UTF8&ASIN=B08FB2H6Y4,,Amazing sound quality and easy to pair,True,False,[],2025-01-26,4,"Colour: Black, Size: Standard, Pattern Name: Speaker","[{'key': 'Colour', 'value': 'Black'}, {'key': 'Size', 'value': 'Standard'}, {'key': 'Pattern Name', 'value': 'Speaker'}]",,,https://www.amazon.in/product-reviews/B08FB2H6Y4?pageNumber=1&filterByStar=all_stars&sortBy=helpful&formatType=all_formats&asin=B08FB2H6Y4&reftag=cm_cr_arp_d_paging_btm_next_1&scope=reviewsAjax0,allStars,,B08FB2H6Y4,B08FB2H6Y4,B08FB2H6Y4,"{'price': None, 'listPrice': None}",https://www.amazon.in//JBL-Wireless-Portable-Bluetooth-Waterproof/dp/B08FB2H6Y4/ref=zg_bs_g_1389365031_d_sccl_2/260-9443465-0628262?psc=1,India,
Reviewed in India on 11 December 2024,amzn1.account.AH67SZPO3G5NXMMXE3AWRM6SVMPA,https://www.amazon.in/gp/profile/amzn1.account.AH67SZPO3G5NXMMXE3AWRM6SVMPA/ref=cm_cr_othr_d_gw_tr?ie=UTF8,5,Perfect travel powerhouse,R25CSQ94NE82QD,https://www.amazon.in/gp/customer-reviews/R25CSQ94NE82QD/ref=cm_cr_othr_d_rvw_ttl?ie=UTF8&ASIN=B08FB2H6Y4,,"Been using this for two weeks now - it’s an absolute delight - icing on the cake is just how nice it looks and feels. Love it. At work, I use it as my mac speaker - gives it the perfect round off and occupies no space. Rare five stars from me.",True,False,[],2024-12-11,5,"Colour: Black, Size: Standard, Pattern Name: Speaker","[{'key': 'Colour', 'value': 'Black'}, {'key': 'Size', 'value': 'Standard'}, {'key': 'Pattern Name', 'value': 'Speaker'}]",,,https://www.amazon.in/product-reviews/B08FB2H6Y4?pageNumber=1&filterByStar=all_stars&sortBy=helpful&formatType=all_formats&asin=B08FB2H6Y4&reftag=cm_cr_arp_d_paging_btm_next_1&scope=reviewsAjax0,allStars,,B08FB2H6Y4,B08FB2H6Y4,B08FB2H6Y4,"{'price': None, 'listPrice': None}",https://www.amazon.in//JBL-Wireless-Portable-Bluetooth-Waterproof/dp/B08FB2H6Y4/ref=zg_bs_g_1389365031_d_sccl_2/260-9443465-0628262?psc=1,India,
Reviewed in India on 5 November 2024,amzn1.account.AF45HEVS4G2DXIC76ONK6NATDKAA,https://www.amazon.in/gp/profile/amzn1.account.AF45HEVS4G2DXIC76ONK6NATDKAA/ref=cm_cr_othr_d_gw_tr?ie=UTF8,5,One of the best by jbl,RSFDTJ0PLIPQB,https://www.amazon.in/gp/customer-reviews/RSFDTJ0PLIPQB/ref=cm_cr_othr_d_rvw_ttl?ie=UTF8&ASIN=B08FB2H6Y4,One person found this helpful,Fantastic sound and portable. Good product by JBL. Nice sound and built quality is fantastic overall good product must buy,True,False,[],2024-11-05,6,"Colour: Black, Size: Standard, Pattern Name: Speaker","[{'key': 'Colour', 'value': 'Black'}, {'key': 'Size', 'value': 'Standard'}, {'key': 'Pattern Name', 'value': 'Speaker'}]",,,https://www.amazon.in/product-reviews/B08FB2H6Y4?pageNumber=1&filterByStar=all_stars&sortBy=helpful&formatType=all_formats&asin=B08FB2H6Y4&reftag=cm_cr_arp_d_paging_btm_next_1&scope=reviewsAjax0,allStars,,B08FB2H6Y4,B08FB2H6Y4,B08FB2H6Y4,"{'price': None, 'listPrice': None}",https://www.amazon.in//JBL-Wireless-Portable-Bluetooth-Waterproof/dp/B08FB2H6Y4/ref=zg_bs_g_1389365031_d_sccl_2/260-9443465-0628262?psc=1,India,
Reviewed in India on 25 January 2025,amzn1.account.AHDS77YTQMB2TNOWBK4ODXPMJB2A,https://www.amazon.in/gp/profile/amzn1.account.AHDS77YTQMB2TNOWBK4ODXPMJB2A/ref=cm_cr_othr_d_gw_tr?ie=UTF8,4,Speaker,R7KVJNAPV0CNH,https://www.amazon.in/gp/customer-reviews/R7KVJNAPV0CNH/ref=cm_cr_othr_d_rvw_ttl?ie=UTF8&ASIN=B08FB2H6Y4,,It is very good speaker but the loudness of the speaker is low to its size,True,False,[],2025-01-25,7,"Colour: Black, Size: Standard, Pattern Name: Speaker","[{'key': 'Colour', 'value': 'Black'}, {'key': 'Size', 'value': 'Standard'}, {'key': 'Pattern Name', 'value': 'Speaker'}]",,,https://www.amazon.in/product-reviews/B08FB2H6Y4?pageNumber=1&filterByStar=all_stars&sortBy=helpful&formatType=all_formats&asin=B08FB2H6Y4&reftag=cm_cr_arp_d_paging_btm_next_1&scope=reviewsAjax0,allStars,,B08FB2H6Y4,B08FB2H6Y4,B08FB2H6Y4,"{'price': None, 'listPrice': None}",https://www.amazon.in//JBL-Wireless-Portable-Bluetooth-Waterproof/dp/B08FB2H6Y4/ref=zg_bs_g_1389365031_d_sccl_2/260-9443465-0628262?psc=1,India,
Reviewed in India on 26 August 2024,amzn1.account.AE7GZNEN5ZUIZFJRQ6XJ7D45MQ6Q,https://www.amazon.in/gp/profile/amzn1.account.AE7GZNEN5ZUIZFJRQ6XJ7D45MQ6Q/ref=cm_cr_othr_d_gw_tr?ie=UTF8,5,Compact and Handy JBL Speaker!,R19CHVLS3TKTXJ,https://www.amazon.in/gp/customer-reviews/R19CHVLS3TKTXJ/ref=cm_cr_othr_d_rvw_ttl?ie=UTF8&ASIN=B08FB2H6Y4,3 people found this helpful,"I recently purchased this small JBL speaker from Amazon as a gift for a relative, and it has been a hit! The speaker is compact and easy to carry around, making it perfect for on-the-go use. Despite its size, it delivers impressive sound quality with clear audio and good bass. The battery life is also commendable, lasting several hours on a single charge. It’s a great choice for anyone looking for a portable and reliable speaker. Highly recommended!",True,False,[],2024-08-26,8,"Colour: Black, Size: Standard, Pattern Name: Speaker","[{'key': 'Colour', 'value': 'Black'}, {'key': 'Size', 'value': 'Standard'}, {'key': 'Pattern Name', 'value': 'Speaker'}]",,,https://www.amazon.in/product-reviews/B08FB2H6Y4?pageNumber=1&filterByStar=all_stars&sortBy=helpful&formatType=all_formats&asin=B08FB2H6Y4&reftag=cm_cr_arp_d_paging_btm_next_1&scope=reviewsAjax0,allStars,,B08FB2H6Y4,B08FB2H6Y4,B08FB2H6Y4,"{'price': None, 'listPrice': None}",https://www.amazon.in//JBL-Wireless-Portable-Bluetooth-Waterproof/dp/B08FB2H6Y4/ref=zg_bs_g_1389365031_d_sccl_2/260-9443465-0628262?psc=1,India,
Reviewed in India on 8 October 2024,amzn1.account.AFRTOBJC44TPMDFEZQSRANHWNGNA,https://www.amazon.in/gp/profile/amzn1.account.AFRTOBJC44TPMDFEZQSRANHWNGNA/ref=cm_cr_othr_d_gw_tr?ie=UTF8,4,JBL GO 3' sound quality 💫,R3LSPZUMT19864,https://www.amazon.in/gp/customer-reviews/R3LSPZUMT19864/ref=cm_cr_othr_d_rvw_ttl?ie=UTF8&ASIN=B08FB2H6Y4,2 people found this helpful,"The media could not be loaded.
                
            
                
            
        
    
    








  
  
     Impressive portable speaker! 🎧🎶",True,False,[],2024-10-08,25,"Colour: Black, Size: Standard, Pattern Name: Speaker","[{'key': 'Colour', 'value': 'Black'}, {'key': 'Size', 'value': 'Standard'}, {'key': 'Pattern Name', 'value': 'Speaker'}]",,,https://www.amazon.in/product-reviews/B08FB2H6Y4?pageNumber=4&filterByStar=all_stars&sortBy=helpful&formatType=all_formats&asin=B08FB2H6Y4&reftag=cm_cr_arp_d_paging_btm_next_4&scope=reviewsAjax0,allStars,,B08FB2H6Y4,B08FB2H6Y4,B08FB2H6Y4,"{'price': None, 'listPrice': None}",https://www.amazon.in//JBL-Wireless-Portable-Bluetooth-Waterproof/dp/B08FB2H6Y4/ref=zg_bs_g_1389365031_d_sccl_2/260-9443465-0628262?psc=1,India,
Reviewed in India on 3 October 2024,amzn1.account.AG5O4CKKQDTLQAUGPGKTRCWZRRXA,https://www.amazon.in/gp/profile/amzn1.account.AG5O4CKKQDTLQAUGPGKTRCWZRRXA/ref=cm_cr_othr_d_gw_tr?ie=UTF8,4,Awesome,R1YEO3RGWYYYRW,https://www.amazon.in/gp/customer-reviews/R1YEO3RGWYYYRW/ref=cm_cr_othr_d_rvw_ttl?ie=UTF8&ASIN=B08FB2H6Y4,,Love It❤️,True,False,['https://m.media-amazon.com/images/I/71awmQD5ePL._SY88.jpg'],2024-10-03,26,"Colour: Black, Size: Standard, Pattern Name: Speaker","[{'key': 'Colour', 'value': 'Black'}, {'key': 'Size', 'value': 'Standard'}, {'key': 'Pattern Name', 'value': 'Speaker'}]",,,https://www.amazon.in/product-reviews/B08FB2H6Y4?pageNumber=4&filterByStar=all_stars&sortBy=helpful&formatType=all_formats&asin=B08FB2H6Y4&reftag=cm_cr_arp_d_paging_btm_next_4&scope=reviewsAjax0,allStars,,B08FB2H6Y4,B08FB2H6Y4,B08FB2H6Y4,"{'price': None, 'listPrice': None}",https://www.amazon.in//JBL-Wireless-Portable-Bluetooth-Waterproof/dp/B08FB2H6Y4/ref=zg_bs_g_1389365031_d_sccl_2/260-9443465-0628262?psc=1,India,
Reviewed in India on 30 September 2024,amzn1.account.AHO4XT2JOVANINF36MNIYMPFJQJA,https://www.amazon.in/gp/profile/amzn1.account.AHO4XT2JOVANINF36MNIYMPFJQJA/ref=cm_cr_othr_d_gw_tr?ie=UTF8,4,Bass,R3NP5HVBCAR8U5,https://www.amazon.in/gp/customer-reviews/R3NP5HVBCAR8U5/ref=cm_cr_othr_d_rvw_ttl?ie=UTF8&ASIN=B08FB2H6Y4,,Poor bass,True,False,[],2024-09-30,27,"Colour: Black, Size: Standard, Pattern Name: Speaker","[{'key': 'Colour', 'value': 'Black'}, {'key': 'Size', 'value': 'Standard'}, {'key': 'Pattern Name', 'value': 'Speaker'}]",,,https://www.amazon.in/product-reviews/B08FB2H6Y4?pageNumber=4&filterByStar=all_stars&sortBy=helpful&formatType=all_formats&asin=B08FB2H6Y4&reftag=cm_cr_arp_d_paging_btm_next_4&scope=reviewsAjax0,allStars,,B08FB2H6Y4,B08FB2H6Y4,B08FB2H6Y4,"{'price': None, 'listPrice': None}",https://www.amazon.in//JBL-Wireless-Portable-Bluetooth-Waterproof/dp/B08FB2H6Y4/ref=zg_bs_g_1389365031_d_sccl_2/260-9443465-0628262?psc=1,India,
Reviewed in India on 3 November 2024,amzn1.account.AFCTL42FORU4GHJNUWRUBCX3XQ6A,https://www.amazon.in/gp/profile/amzn1.account.AFCTL42FORU4GHJNUWRUBCX3XQ6A/ref=cm_cr_othr_d_gw_tr?ie=UTF8,5,Awsome,R32AEGGI02S1DQ,https://www.amazon.in/gp/customer-reviews/R32AEGGI02S1DQ/ref=cm_cr_othr_d_rvw_ttl?ie=UTF8&ASIN=B08FB2H6Y4,,"Really awesome product.It's super easy to carry.Low weight chances of falling from the table top, better to use top note.Mine has fallen (due to vibration) more than ten times, but it still has no damage and is working well.",True,False,[],2024-11-03,28,"Colour: Black, Size: Standard, Pattern Name: Speaker","[{'key': 'Colour', 'value': 'Black'}, {'key': 'Size', 'value': 'Standard'}, {'key': 'Pattern Name', 'value': 'Speaker'}]",,,https://www.amazon.in/product-reviews/B08FB2H6Y4?pageNumber=4&filterByStar=all_stars&sortBy=helpful&formatType=all_formats&asin=B08FB2H6Y4&reftag=cm_cr_arp_d_paging_btm_next_4&scope=reviewsAjax0,allStars,,B08FB2H6Y4,B08FB2H6Y4,B08FB2H6Y4,"{'price': None, 'listPrice': None}",https://www.amazon.in//JBL-Wireless-Portable-Bluetooth-Waterproof/dp/B08FB2H6Y4/ref=zg_bs_g_1389365031_d_sccl_2/260-9443465-0628262?psc=1,India,
Reviewed in India on 9 November 2024,amzn1.account.AFTQNAF3E5LVV6USK2UJWPUTGTGA,https://www.amazon.in/gp/profile/amzn1.account.AFTQNAF3E5LVV6USK2UJWPUTGTGA/ref=cm_cr_othr_d_gw_tr?ie=UTF8,5,Amazing small speaker,R3NO8IWLQTSBO7,https://www.amazon.in/gp/customer-reviews/R3NO8IWLQTSBO7/ref=cm_cr_othr_d_rvw_ttl?ie=UTF8&ASIN=B08FB2H6Y4,2 people found this helpful,"Have been using this for years now. Bought it second time as I lost my previous one that I used for almost 6 years. Best value for money speaker, rugged and well balanced.",True,False,[],2024-11-09,29,"Colour: Black, Size: Standard, Pattern Name: Speaker","[{'key': 'Colour', 'value': 'Black'}, {'key': 'Size', 'value': 'Standard'}, {'key': 'Pattern Name', 'value': 'Speaker'}]",,,https://www.amazon.in/product-reviews/B08FB2H6Y4?pageNumber=4&filterByStar=all_stars&sortBy=helpful&formatType=all_formats&asin=B08FB2H6Y4&reftag=cm_cr_arp_d_paging_btm_next_4&scope=reviewsAjax0,allStars,,B08FB2H6Y4,B08FB2H6Y4,B08FB2H6Y4,"{'price': None, 'listPrice': None}",https://www.amazon.in//JBL-Wireless-Portable-Bluetooth-Waterproof/dp/B08FB2H6Y4/ref=zg_bs_g_1389365031_d_sccl_2/260-9443465-0628262?psc=1,India,
Reviewed in India on 23 August 2024,amzn1.account.AEL7OCO5Y5B6GWN5BCXIKULF6KXA,https://www.amazon.in/gp/profile/amzn1.account.AEL7OCO5Y5B6GWN5BCXIKULF6KXA/ref=cm_cr_othr_d_gw_tr?ie=UTF8,4,Nice,RNIIKQTPE34EQ,https://www.amazon.in/gp/customer-reviews/RNIIKQTPE34EQ/ref=cm_cr_othr_d_rvw_ttl?ie=UTF8&ASIN=B08FB2H6Y4,One person found this helpful,I use it for casual music listening and for watching movies. It delivers decent and enjoyable bass for its size. Iam satisfied with the product. Hope it last for long time.,True,False,[],2024-08-23,30,"Colour: Black, Size: Standard, Pattern Name: Speaker","[{'key': 'Colour', 'value': 'Black'}, {'key': 'Size', 'value': 'Standard'}, {'key': 'Pattern Name', 'value': 'Speaker'}]",,,https://www.amazon.in/product-reviews/B08FB2H6Y4?pageNumber=4&filterByStar=all_stars&sortBy=helpful&formatType=all_formats&asin=B08FB2H6Y4&reftag=cm_cr_arp_d_paging_btm_next_4&scope=reviewsAjax0,allStars,,B08FB2H6Y4,B08FB2H6Y4,B08FB2H6Y4,"{'price': None, 'listPrice': None}",https://www.amazon.in//JBL-Wireless-Portable-Bluetooth-Waterproof/dp/B08FB2H6Y4/ref=zg_bs_g_1389365031_d_sccl_2/260-9443465-0628262?psc=1,India,
Reviewed in India on 18 August 2024,amzn1.account.AFZEXVRLDYVYWCOJA2WS6ZM2VBCQ,https://www.amazon.in/gp/profile/amzn1.account.AFZEXVRLDYVYWCOJA2WS6ZM2VBCQ/ref=cm_cr_othr_d_gw_tr?ie=UTF8,5,Everyone is impressed when they listen to it.,R1B5PC5TGYE3H6,https://www.amazon.in/gp/customer-reviews/R1B5PC5TGYE3H6/ref=cm_cr_othr_d_rvw_ttl?ie=UTF8&ASIN=B08FB2H6Y4,2 people found this helpful,"I needed a really small and portable BT speaker so i got this. I just wanted to play some music while i am working and that was all. But whenever my friends/relatives come to my place and see this they would doubt the quality/loudness of this speaker. So i play music on it loud enough and they are impressed with the sound quality, clarity and say it is loud enough for a speaker this size. Many of them have even gone ahead and bought one for themselves after seeing this. I already have a really great BT speaker. Feels like i got more than i asked for. Thanks to JBL.",True,False,[],2024-08-18,31,"Colour: Black, Size: Standard, Pattern Name: Speaker","[{'key': 'Colour', 'value': 'Black'}, {'key': 'Size', 'value': 'Standard'}, {'key': 'Pattern Name', 'value': 'Speaker'}]",,,https://www.amazon.in/product-reviews/B08FB2H6Y4?pageNumber=4&filterByStar=all_stars&sortBy=helpful&formatType=all_formats&asin=B08FB2H6Y4&reftag=cm_cr_arp_d_paging_btm_next_4&scope=reviewsAjax0,allStars,,B08FB2H6Y4,B08FB2H6Y4,B08FB2H6Y4,"{'price': None, 'listPrice': None}",https://www.amazon.in//JBL-Wireless-Portable-Bluetooth-Waterproof/dp/B08FB2H6Y4/ref=zg_bs_g_1389365031_d_sccl_2/260-9443465-0628262?psc=1,India,
Reviewed in India on 12 October 2024,amzn1.account.AEOLEOHKXVONOWYANZ5RVEXKUZWQ,https://www.amazon.in/gp/profile/amzn1.account.AEOLEOHKXVONOWYANZ5RVEXKUZWQ/ref=cm_cr_othr_d_gw_tr?ie=UTF8,5,Jbl is jbl,R2B4ZTO95P9ZAH,https://www.amazon.in/gp/customer-reviews/R2B4ZTO95P9ZAH/ref=cm_cr_othr_d_rvw_ttl?ie=UTF8&ASIN=B08FB2H6Y4,,"Absolutely stunning audio quality, its enough for a big size room , if you want not too much loud music but want quality then go for it , its sound quality is excellent. Nothing can be comparable with jbl at this price range 👍👍✨",True,False,[],2024-10-12,32,"Colour: Black, Size: Standard, Pattern Name: Speaker","[{'key': 'Colour', 'value': 'Black'}, {'key': 'Size', 'value': 'Standard'}, {'key': 'Pattern Name', 'value': 'Speaker'}]",,,https://www.amazon.in/product-reviews/B08FB2H6Y4?pageNumber=4&filterByStar=all_stars&sortBy=helpful&formatType=all_formats&asin=B08FB2H6Y4&reftag=cm_cr_arp_d_paging_btm_next_4&scope=reviewsAjax0,allStars,,B08FB2H6Y4,B08FB2H6Y4,B08FB2H6Y4,"{'price': None, 'listPrice': None}",https://www.amazon.in//JBL-Wireless-Portable-Bluetooth-Waterproof/dp/B08FB2H6Y4/ref=zg_bs_g_1389365031_d_sccl_2/260-9443465-0628262?psc=1,India,
Reviewed in India on 19 October 2024,amzn1.account.AEZUULVW6QGVJEARZ43FUXMCUMVQ,https://www.amazon.in/gp/profile/amzn1.account.AEZUULVW6QGVJEARZ43FUXMCUMVQ/ref=cm_cr_othr_d_gw_tr?ie=UTF8,5,Beast JBl Go3,R21C1XNQFP5BPN,https://www.amazon.in/gp/customer-reviews/R21C1XNQFP5BPN/ref=cm_cr_othr_d_rvw_ttl?ie=UTF8&ASIN=B08FB2H6Y4,,"What a performance, those who still keeping it in your cart and taken a decision.... Please go for it worth buying.",True,False,[],2024-10-19,49,"Colour: Black, Size: Standard, Pattern Name: Speaker","[{'key': 'Colour', 'value': 'Black'}, {'key': 'Size', 'value': 'Standard'}, {'key': 'Pattern Name', 'value': 'Speaker'}]",,,https://www.amazon.in/product-reviews/B08FB2H6Y4?pageNumber=7&filterByStar=all_stars&sortBy=helpful&formatType=all_formats&asin=B08FB2H6Y4&reftag=cm_cr_arp_d_paging_btm_next_7&scope=reviewsAjax0,allStars,,B08FB2H6Y4,B08FB2H6Y4,B08FB2H6Y4,"{'price': None, 'listPrice': None}",https://www.amazon.in//JBL-Wireless-Portable-Bluetooth-Waterproof/dp/B08FB2H6Y4/ref=zg_bs_g_1389365031_d_sccl_2/260-9443465-0628262?psc=1,India,
Reviewed in India on 14 October 2024,amzn1.account.AE5IY5WQBDYKFORAOTQERF25TPXQ,https://www.amazon.in/gp/profile/amzn1.account.AE5IY5WQBDYKFORAOTQERF25TPXQ/ref=cm_cr_othr_d_gw_tr?ie=UTF8,5,Excellent for the price and size,R19414LIU182ZM,https://www.amazon.in/gp/customer-reviews/R19414LIU182ZM/ref=cm_cr_othr_d_rvw_ttl?ie=UTF8&ASIN=B08FB2H6Y4,,Excellent sound clearity and quality. Most speaker in this range won’t give you this clearity in sound.,True,False,[],2024-10-14,50,"Colour: Black, Size: Standard, Pattern Name: Speaker","[{'key': 'Colour', 'value': 'Black'}, {'key': 'Size', 'value': 'Standard'}, {'key': 'Pattern Name', 'value': 'Speaker'}]",,,https://www.amazon.in/product-reviews/B08FB2H6Y4?pageNumber=7&filterByStar=all_stars&sortBy=helpful&formatType=all_formats&asin=B08FB2H6Y4&reftag=cm_cr_arp_d_paging_btm_next_7&scope=reviewsAjax0,allStars,,B08FB2H6Y4,B08FB2H6Y4,B08FB2H6Y4,"{'price': None, 'listPrice': None}",https://www.amazon.in//JBL-Wireless-Portable-Bluetooth-Waterproof/dp/B08FB2H6Y4/ref=zg_bs_g_1389365031_d_sccl_2/260-9443465-0628262?psc=1,India,
Reviewed in India on 7 October 2024,amzn1.account.AH6YJY25LECYWFZBQXBY3R5V636Q,https://www.amazon.in/gp/profile/amzn1.account.AH6YJY25LECYWFZBQXBY3R5V636Q/ref=cm_cr_othr_d_gw_tr?ie=UTF8,5,JBL go 3 Good Sound Quality an Bass Sb JBL Speaker Ce Jyada H JBL Go 3 Best Product,RPXR5X1U2SV8Z,https://www.amazon.in/gp/customer-reviews/RPXR5X1U2SV8Z/ref=cm_cr_othr_d_rvw_ttl?ie=UTF8&ASIN=B08FB2H6Y4,,JBL go 3 Good Sound Quality an Bass Sb JBL Speaker Ce Jyada H JBL Go 3 Best Product 🙏🥰🤗🤟,True,False,"['https://m.media-amazon.com/images/I/61J4aU0+RQL._SY88.jpg', 'https://m.media-amazon.com/images/I/61wrueSgI4L._SY88.jpg', 'https://m.media-amazon.com/images/I/713esw56bsL._SY88.jpg', 'https://m.media-amazon.com/images/I/71iRaykcm-L._SY88.jpg', 'https://m.media-amazon.com/images/I/71l-DQgNxtL._SY88.jpg']",2024-10-07,51,"Colour: Black, Size: Standard, Pattern Name: Speaker","[{'key': 'Colour', 'value': 'Black'}, {'key': 'Size', 'value': 'Standard'}, {'key': 'Pattern Name', 'value': 'Speaker'}]",,,https://www.amazon.in/product-reviews/B08FB2H6Y4?pageNumber=7&filterByStar=all_stars&sortBy=helpful&formatType=all_formats&asin=B08FB2H6Y4&reftag=cm_cr_arp_d_paging_btm_next_7&scope=reviewsAjax0,allStars,,B08FB2H6Y4,B08FB2H6Y4,B08FB2H6Y4,"{'price': None, 'listPrice': None}",https://www.amazon.in//JBL-Wireless-Portable-Bluetooth-Waterproof/dp/B08FB2H6Y4/ref=zg_bs_g_1389365031_d_sccl_2/260-9443465-0628262?psc=1,India,
Reviewed in India on 30 October 2024,amzn1.account.AFS7AXHPI34WPTUZVYESEPHSFDFQ,https://www.amazon.in/gp/profile/amzn1.account.AFS7AXHPI34WPTUZVYESEPHSFDFQ/ref=cm_cr_othr_d_gw_tr?ie=UTF8,5,Best,R3B0TG4NZXHNT6,https://www.amazon.in/gp/customer-reviews/R3B0TG4NZXHNT6/ref=cm_cr_othr_d_rvw_ttl?ie=UTF8&ASIN=B08FB2H6Y4,,JBL delivers what it promises. Best,True,False,[],2024-10-30,52,"Colour: Black, Size: Standard, Pattern Name: Speaker","[{'key': 'Colour', 'value': 'Black'}, {'key': 'Size', 'value': 'Standard'}, {'key': 'Pattern Name', 'value': 'Speaker'}]",,,https://www.amazon.in/product-reviews/B08FB2H6Y4?pageNumber=7&filterByStar=all_stars&sortBy=helpful&formatType=all_formats&asin=B08FB2H6Y4&reftag=cm_cr_arp_d_paging_btm_next_7&scope=reviewsAjax0,allStars,,B08FB2H6Y4,B08FB2H6Y4,B08FB2H6Y4,"{'price': None, 'listPrice': None}",https://www.amazon.in//JBL-Wireless-Portable-Bluetooth-Waterproof/dp/B08FB2H6Y4/ref=zg_bs_g_1389365031_d_sccl_2/260-9443465-0628262?psc=1,India,
Reviewed in India on 13 September 2024,amzn1.account.AEZL4UD22VXPCST6AHQP7ZKKL26Q,https://www.amazon.in/gp/profile/amzn1.account.AEZL4UD22VXPCST6AHQP7ZKKL26Q/ref=cm_cr_othr_d_gw_tr?ie=UTF8,5,Little beast,R1UP5E9KO6VBO3,https://www.amazon.in/gp/customer-reviews/R1UP5E9KO6VBO3/ref=cm_cr_othr_d_rvw_ttl?ie=UTF8&ASIN=B08FB2H6Y4,3 people found this helpful,"The media could not be loaded.
                
            
                
            
            
        
    
    








  
  
     Connectivity : goodBuild quality : excellentSound quality :excellent in this range.Works well while charging. For better life, avoid using while charging.Given the wattage, there were various other options less than half the price. I had initially ordered one of them, and fortunately it was defective. While reordering i went for JBL and trust me, i have no regrets.Just go for it.",True,False,[],2024-09-13,53,"Colour: Black, Size: Standard, Pattern Name: Speaker","[{'key': 'Colour', 'value': 'Black'}, {'key': 'Size', 'value': 'Standard'}, {'key': 'Pattern Name', 'value': 'Speaker'}]",,,https://www.amazon.in/product-reviews/B08FB2H6Y4?pageNumber=7&filterByStar=all_stars&sortBy=helpful&formatType=all_formats&asin=B08FB2H6Y4&reftag=cm_cr_arp_d_paging_btm_next_7&scope=reviewsAjax0,allStars,,B08FB2H6Y4,B08FB2H6Y4,B08FB2H6Y4,"{'price': None, 'listPrice': None}",https://www.amazon.in//JBL-Wireless-Portable-Bluetooth-Waterproof/dp/B08FB2H6Y4/ref=zg_bs_g_1389365031_d_sccl_2/260-9443465-0628262?psc=1,India,
Reviewed in India on 6 October 2024,amzn1.account.AHQL3FGPEIY4YUZT2LTXLM6XMT5Q,https://www.amazon.in/gp/profile/amzn1.account.AHQL3FGPEIY4YUZT2LTXLM6XMT5Q/ref=cm_cr_othr_d_gw_tr?ie=UTF8,5,Top notch quality,RAVM6NEVJ00BP,https://www.amazon.in/gp/customer-reviews/RAVM6NEVJ00BP/ref=cm_cr_othr_d_rvw_ttl?ie=UTF8&ASIN=B08FB2H6Y4,,"If you're looking for a good quality speaker for 2000, just go for it. Worth for the money and no regret for buying this speaker",True,False,[],2024-10-06,54,"Colour: Black, Size: Standard, Pattern Name: Speaker","[{'key': 'Colour', 'value': 'Black'}, {'key': 'Size', 'value': 'Standard'}, {'key': 'Pattern Name', 'value': 'Speaker'}]",,,https://www.amazon.in/product-reviews/B08FB2H6Y4?pageNumber=7&filterByStar=all_stars&sortBy=helpful&formatType=all_formats&asin=B08FB2H6Y4&reftag=cm_cr_arp_d_paging_btm_next_7&scope=reviewsAjax0,allStars,,B08FB2H6Y4,B08FB2H6Y4,B08FB2H6Y4,"{'price': None, 'listPrice': None}",https://www.amazon.in//JBL-Wireless-Portable-Bluetooth-Waterproof/dp/B08FB2H6Y4/ref=zg_bs_g_1389365031_d_sccl_2/260-9443465-0628262?psc=1,India,
Reviewed in India on 22 July 2024,amzn1.account.AG5IRVBTN2FBFS35UO5PR6NRKJCA,https://www.amazon.in/gp/profile/amzn1.account.AG5IRVBTN2FBFS35UO5PR6NRKJCA/ref=cm_cr_othr_d_gw_tr?ie=UTF8,4,Battery capacity is low,R2TUL2ML64IFAM,https://www.amazon.in/gp/customer-reviews/R2TUL2ML64IFAM/ref=cm_cr_othr_d_rvw_ttl?ie=UTF8&ASIN=B08FB2H6Y4,,Everything is good except battery life. It should be around 6-7 hours atleast. Even boat speakers with compact size give 10 hours backup.Also aux connectivity should have been there.,True,False,[],2024-07-22,55,"Colour: Black, Size: Standard, Pattern Name: Speaker","[{'key': 'Colour', 'value': 'Black'}, {'key': 'Size', 'value': 'Standard'}, {'key': 'Pattern Name', 'value': 'Speaker'}]",,,https://www.amazon.in/product-reviews/B08FB2H6Y4?pageNumber=7&filterByStar=all_stars&sortBy=helpful&formatType=all_formats&asin=B08FB2H6Y4&reftag=cm_cr_arp_d_paging_btm_next_7&scope=reviewsAjax0,allStars,,B08FB2H6Y4,B08FB2H6Y4,B08FB2H6Y4,"{'price': None, 'listPrice': None}",https://www.amazon.in//JBL-Wireless-Portable-Bluetooth-Waterproof/dp/B08FB2H6Y4/ref=zg_bs_g_1389365031_d_sccl_2/260-9443465-0628262?psc=1,India,
Reviewed in India on 19 October 2024,amzn1.account.AHWN2IHOCMA35ENU6PGON554GLDQ,https://www.amazon.in/gp/profile/amzn1.account.AHWN2IHOCMA35ENU6PGON554GLDQ/ref=cm_cr_othr_d_gw_tr?ie=UTF8,5,Portable speaker,R17NES3X0H52DG,https://www.amazon.in/gp/customer-reviews/R17NES3X0H52DG/ref=cm_cr_othr_d_rvw_ttl?ie=UTF8&ASIN=B08FB2H6Y4,,Good one for the music enthusiasts who prefer to hear it alone,True,False,['https://m.media-amazon.com/images/I/71l1RoOXahL._SY88.jpg'],2024-10-19,56,"Colour: Black, Size: Standard, Pattern Name: Speaker","[{'key': 'Colour', 'value': 'Black'}, {'key': 'Size', 'value': 'Standard'}, {'key': 'Pattern Name', 'value': 'Speaker'}]",,,https://www.amazon.in/product-reviews/B08FB2H6Y4?pageNumber=7&filterByStar=all_stars&sortBy=helpful&formatType=all_formats&asin=B08FB2H6Y4&reftag=cm_cr_arp_d_paging_btm_next_7&scope=reviewsAjax0,allStars,,B08FB2H6Y4,B08FB2H6Y4,B08FB2H6Y4,"{'price': None, 'listPrice': None}",https://www.amazon.in//JBL-Wireless-Portable-Bluetooth-Waterproof/dp/B08FB2H6Y4/ref=zg_bs_g_1389365031_d_sccl_2/260-9443465-0628262?psc=1,India,
Reviewed in India on 22 October 2024,amzn1.account.AGDAZYCASHTR5I25NYFWX53LSYRA,https://www.amazon.in/gp/profile/amzn1.account.AGDAZYCASHTR5I25NYFWX53LSYRA/ref=cm_cr_othr_d_gw_tr?ie=UTF8,5,Good 1,R11967WJL1FM8J,https://www.amazon.in/gp/customer-reviews/R11967WJL1FM8J/ref=cm_cr_othr_d_rvw_ttl?ie=UTF8&ASIN=B08FB2H6Y4,,Perfect for a small room. Sound quality is nice.,True,False,[],2024-10-22,57,"Colour: Black, Size: Standard, Pattern Name: Speaker","[{'key': 'Colour', 'value': 'Black'}, {'key': 'Size', 'value': 'Standard'}, {'key': 'Pattern Name', 'value': 'Speaker'}]",,,https://www.amazon.in/product-reviews/B08FB2H6Y4?pageNumber=8&filterByStar=all_stars&sortBy=helpful&formatType=all_formats&asin=B08FB2H6Y4&reftag=cm_cr_arp_d_paging_btm_next_8&scope=reviewsAjax0,allStars,,B08FB2H6Y4,B08FB2H6Y4,B08FB2H6Y4,"{'price': None, 'listPrice': None}",https://www.amazon.in//JBL-Wireless-Portable-Bluetooth-Waterproof/dp/B08FB2H6Y4/ref=zg_bs_g_1389365031_d_sccl_2/260-9443465-0628262?psc=1,India,
Reviewed in India on 24 October 2024,amzn1.account.AFGDLN3OJQWTU2LWE3ASJXEHVWTA,https://www.amazon.in/gp/profile/amzn1.account.AFGDLN3OJQWTU2LWE3ASJXEHVWTA/ref=cm_cr_othr_d_gw_tr?ie=UTF8,5,Excellent,R29J0HJ4PP7WGN,https://www.amazon.in/gp/customer-reviews/R29J0HJ4PP7WGN/ref=cm_cr_othr_d_rvw_ttl?ie=UTF8&ASIN=B08FB2H6Y4,,"Great product, highly recommended!👍",True,False,[],2024-10-24,58,"Colour: Black, Size: Standard, Pattern Name: Speaker","[{'key': 'Colour', 'value': 'Black'}, {'key': 'Size', 'value': 'Standard'}, {'key': 'Pattern Name', 'value': 'Speaker'}]",,,https://www.amazon.in/product-reviews/B08FB2H6Y4?pageNumber=8&filterByStar=all_stars&sortBy=helpful&formatType=all_formats&asin=B08FB2H6Y4&reftag=cm_cr_arp_d_paging_btm_next_8&scope=reviewsAjax0,allStars,,B08FB2H6Y4,B08FB2H6Y4,B08FB2H6Y4,"{'price': None, 'listPrice': None}",https://www.amazon.in//JBL-Wireless-Portable-Bluetooth-Waterproof/dp/B08FB2H6Y4/ref=zg_bs_g_1389365031_d_sccl_2/260-9443465-0628262?psc=1,India,
Reviewed in India on 10 October 2024,amzn1.account.AHYBNPK3FTPAUF36KDJSDZMFR7EQ,https://www.amazon.in/gp/profile/amzn1.account.AHYBNPK3FTPAUF36KDJSDZMFR7EQ/ref=cm_cr_othr_d_gw_tr?ie=UTF8,5,Very nice,R23KKH3IH2DFF3,https://www.amazon.in/gp/customer-reviews/R23KKH3IH2DFF3/ref=cm_cr_othr_d_rvw_ttl?ie=UTF8&ASIN=B08FB2H6Y4,,Nice audio quality quite happy with the product,True,False,[],2024-10-10,59,"Colour: Black, Size: Standard, Pattern Name: Speaker","[{'key': 'Colour', 'value': 'Black'}, {'key': 'Size', 'value': 'Standard'}, {'key': 'Pattern Name', 'value': 'Speaker'}]",,,https://www.amazon.in/product-reviews/B08FB2H6Y4?pageNumber=8&filterByStar=all_stars&sortBy=helpful&formatType=all_formats&asin=B08FB2H6Y4&reftag=cm_cr_arp_d_paging_btm_next_8&scope=reviewsAjax0,allStars,,B08FB2H6Y4,B08FB2H6Y4,B08FB2H6Y4,"{'price': None, 'listPrice': None}",https://www.amazon.in//JBL-Wireless-Portable-Bluetooth-Waterproof/dp/B08FB2H6Y4/ref=zg_bs_g_1389365031_d_sccl_2/260-9443465-0628262?psc=1,India,
Reviewed in India on 17 October 2024,amzn1.account.AHWRT2M3ZQZVJD5BQQAJPJWLJQIQ,https://www.amazon.in/gp/profile/amzn1.account.AHWRT2M3ZQZVJD5BQQAJPJWLJQIQ/ref=cm_cr_othr_d_gw_tr?ie=UTF8,5,Very nice sound quality,R1AZ7DNY63WQCA,https://www.amazon.in/gp/customer-reviews/R1AZ7DNY63WQCA/ref=cm_cr_othr_d_rvw_ttl?ie=UTF8&ASIN=B08FB2H6Y4,,Good sound qualityReally very good sound quality,True,False,['https://m.media-amazon.com/images/I/71mFmV6DKWL._SY88.jpg'],2024-10-17,60,"Colour: Black, Size: Standard, Pattern Name: Speaker","[{'key': 'Colour', 'value': 'Black'}, {'key': 'Size', 'value': 'Standard'}, {'key': 'Pattern Name', 'value': 'Speaker'}]",,,https://www.amazon.in/product-reviews/B08FB2H6Y4?pageNumber=8&filterByStar=all_stars&sortBy=helpful&formatType=all_formats&asin=B08FB2H6Y4&reftag=cm_cr_arp_d_paging_btm_next_8&scope=reviewsAjax0,allStars,,B08FB2H6Y4,B08FB2H6Y4,B08FB2H6Y4,"{'price': None, 'listPrice': None}",https://www.amazon.in//JBL-Wireless-Portable-Bluetooth-Waterproof/dp/B08FB2H6Y4/ref=zg_bs_g_1389365031_d_sccl_2/260-9443465-0628262?psc=1,India,
Reviewed in India on 22 October 2024,amzn1.account.AF3K2HN7Z5IVR2K2A2VGQZA6ZW5A,https://www.amazon.in/gp/profile/amzn1.account.AF3K2HN7Z5IVR2K2A2VGQZA6ZW5A/ref=cm_cr_othr_d_gw_tr?ie=UTF8,5,🥰❤velyu for monnnyyy,R278P0DUO51MPL,https://www.amazon.in/gp/customer-reviews/R278P0DUO51MPL/ref=cm_cr_othr_d_rvw_ttl?ie=UTF8&ASIN=B08FB2H6Y4,,❤❤🥰🥰🥰amezing produced,True,False,"['https://m.media-amazon.com/images/I/71OjPzI90wL._SY88.jpg', 'https://m.media-amazon.com/images/I/71VBIVe8jML._SY88.jpg', 'https://m.media-amazon.com/images/I/71iY3QXcrsL._SY88.jpg', 'https://m.media-amazon.com/images/I/71jXRgCxVqL._SY88.jpg', 'https://m.media-amazon.com/images/I/71rxzD88q6L._SY88.jpg', 'https://m.media-amazon.com/images/I/81YjfAMDJvL._SY88.jpg']",2024-10-22,61,"Colour: Black, Size: Standard, Pattern Name: Speaker","[{'key': 'Colour', 'value': 'Black'}, {'key': 'Size', 'value': 'Standard'}, {'key': 'Pattern Name', 'value': 'Speaker'}]",,,https://www.amazon.in/product-reviews/B08FB2H6Y4?pageNumber=8&filterByStar=all_stars&sortBy=helpful&formatType=all_formats&asin=B08FB2H6Y4&reftag=cm_cr_arp_d_paging_btm_next_8&scope=reviewsAjax0,allStars,,B08FB2H6Y4,B08FB2H6Y4,B08FB2H6Y4,"{'price': None, 'listPrice': None}",https://www.amazon.in//JBL-Wireless-Portable-Bluetooth-Waterproof/dp/B08FB2H6Y4/ref=zg_bs_g_1389365031_d_sccl_2/260-9443465-0628262?psc=1,India,
Reviewed in India on 18 October 2024,amzn1.account.AGCS6YNTN6TNGC7BTIIXEUMUUY3Q,https://www.amazon.in/gp/profile/amzn1.account.AGCS6YNTN6TNGC7BTIIXEUMUUY3Q/ref=cm_cr_othr_d_gw_tr?ie=UTF8,5,Wow sounds it's really great,R3AS6M29ZYGIU1,https://www.amazon.in/gp/customer-reviews/R3AS6M29ZYGIU1/ref=cm_cr_othr_d_rvw_ttl?ie=UTF8&ASIN=B08FB2H6Y4,,Wow sounds it's great 👍,True,False,[],2024-10-18,62,"Colour: Black, Size: Standard, Pattern Name: Speaker","[{'key': 'Colour', 'value': 'Black'}, {'key': 'Size', 'value': 'Standard'}, {'key': 'Pattern Name', 'value': 'Speaker'}]",,,https://www.amazon.in/product-reviews/B08FB2H6Y4?pageNumber=8&filterByStar=all_stars&sortBy=helpful&formatType=all_formats&asin=B08FB2H6Y4&reftag=cm_cr_arp_d_paging_btm_next_8&scope=reviewsAjax0,allStars,,B08FB2H6Y4,B08FB2H6Y4,B08FB2H6Y4,"{'price': None, 'listPrice': None}",https://www.amazon.in//JBL-Wireless-Portable-Bluetooth-Waterproof/dp/B08FB2H6Y4/ref=zg_bs_g_1389365031_d_sccl_2/260-9443465-0628262?psc=1,India,
Reviewed in India on 6 October 2024,amzn1.account.AGBLOCI2IQMAKCK4C7RSMT7CFF7A,https://www.amazon.in/gp/profile/amzn1.account.AGBLOCI2IQMAKCK4C7RSMT7CFF7A/ref=cm_cr_othr_d_gw_tr?ie=UTF8,5,Best speaker,RM786N73CRTP3,https://www.amazon.in/gp/customer-reviews/RM786N73CRTP3/ref=cm_cr_othr_d_rvw_ttl?ie=UTF8&ASIN=B08FB2H6Y4,,JBL name is enough..Base is super and vocals also so much good..,True,False,['https://m.media-amazon.com/images/I/71oYtobUXjL._SY88.jpg'],2024-10-06,63,"Colour: Black, Size: Standard, Pattern Name: Speaker","[{'key': 'Colour', 'value': 'Black'}, {'key': 'Size', 'value': 'Standard'}, {'key': 'Pattern Name', 'value': 'Speaker'}]",,,https://www.amazon.in/product-reviews/B08FB2H6Y4?pageNumber=8&filterByStar=all_stars&sortBy=helpful&formatType=all_formats&asin=B08FB2H6Y4&reftag=cm_cr_arp_d_paging_btm_next_8&scope=reviewsAjax0,allStars,,B08FB2H6Y4,B08FB2H6Y4,B08FB2H6Y4,"{'price': None, 'listPrice': None}",https://www.amazon.in//JBL-Wireless-Portable-Bluetooth-Waterproof/dp/B08FB2H6Y4/ref=zg_bs_g_1389365031_d_sccl_2/260-9443465-0628262?psc=1,India,
Reviewed in India on 16 October 2024,amzn1.account.AEU7A6FBLETDG6QFBJYYHNAZPIZA,https://www.amazon.in/gp/profile/amzn1.account.AEU7A6FBLETDG6QFBJYYHNAZPIZA/ref=cm_cr_othr_d_gw_tr?ie=UTF8,5,JBL,R3J1PNH1FX8AD,https://www.amazon.in/gp/customer-reviews/R3J1PNH1FX8AD/ref=cm_cr_othr_d_rvw_ttl?ie=UTF8&ASIN=B08FB2H6Y4,,"Very nice product, sound quality superb",True,False,[],2024-10-16,64,"Colour: Black, Size: Standard, Pattern Name: Speaker","[{'key': 'Colour', 'value': 'Black'}, {'key': 'Size', 'value': 'Standard'}, {'key': 'Pattern Name', 'value': 'Speaker'}]",,,https://www.amazon.in/product-reviews/B08FB2H6Y4?pageNumber=8&filterByStar=all_stars&sortBy=helpful&formatType=all_formats&asin=B08FB2H6Y4&reftag=cm_cr_arp_d_paging_btm_next_8&scope=reviewsAjax0,allStars,,B08FB2H6Y4,B08FB2H6Y4,B08FB2H6Y4,"{'price': None, 'listPrice': None}",https://www.amazon.in//JBL-Wireless-Portable-Bluetooth-Waterproof/dp/B08FB2H6Y4/ref=zg_bs_g_1389365031_d_sccl_2/260-9443465-0628262?psc=1,India,
Reviewed in India on 23 July 2024,amzn1.account.AFEVGL54DJKHBJYW5MAJQXXEQTZA,https://www.amazon.in/gp/profile/amzn1.account.AFEVGL54DJKHBJYW5MAJQXXEQTZA/ref=cm_cr_othr_d_gw_tr?ie=UTF8,4,Good Prodect,R24NG64N1I1T9E,https://www.amazon.in/gp/customer-reviews/R24NG64N1I1T9E/ref=cm_cr_othr_d_rvw_ttl?ie=UTF8&ASIN=B08FB2H6Y4,,Very Good Product but price little high,True,False,[],2024-07-23,65,"Colour: Black, Size: Standard, Pattern Name: Speaker","[{'key': 'Colour', 'value': 'Black'}, {'key': 'Size', 'value': 'Standard'}, {'key': 'Pattern Name', 'value': 'Speaker'}]",,,https://www.amazon.in/product-reviews/B08FB2H6Y4?pageNumber=9&filterByStar=all_stars&sortBy=helpful&formatType=all_formats&asin=B08FB2H6Y4&reftag=cm_cr_arp_d_paging_btm_next_9&scope=reviewsAjax0,allStars,,B08FB2H6Y4,B08FB2H6Y4,B08FB2H6Y4,"{'price': None, 'listPrice': None}",https://www.amazon.in//JBL-Wireless-Portable-Bluetooth-Waterproof/dp/B08FB2H6Y4/ref=zg_bs_g_1389365031_d_sccl_2/260-9443465-0628262?psc=1,India,
Reviewed in India on 18 October 2024,amzn1.account.AEV3KBYHVPPFOWJ6ERXJMFRLWBHA,https://www.amazon.in/gp/profile/amzn1.account.AEV3KBYHVPPFOWJ6ERXJMFRLWBHA/ref=cm_cr_othr_d_gw_tr?ie=UTF8,5,Best speaker in segment go for it if you are music lover,R1DHJNCX6HI7CW,https://www.amazon.in/gp/customer-reviews/R1DHJNCX6HI7CW/ref=cm_cr_othr_d_rvw_ttl?ie=UTF8&ASIN=B08FB2H6Y4,,Music has crystal clear sound,True,False,[],2024-10-18,66,"Colour: Black, Size: Standard, Pattern Name: Speaker","[{'key': 'Colour', 'value': 'Black'}, {'key': 'Size', 'value': 'Standard'}, {'key': 'Pattern Name', 'value': 'Speaker'}]",,,https://www.amazon.in/product-reviews/B08FB2H6Y4?pageNumber=9&filterByStar=all_stars&sortBy=helpful&formatType=all_formats&asin=B08FB2H6Y4&reftag=cm_cr_arp_d_paging_btm_next_9&scope=reviewsAjax0,allStars,,B08FB2H6Y4,B08FB2H6Y4,B08FB2H6Y4,"{'price': None, 'listPrice': None}",https://www.amazon.in//JBL-Wireless-Portable-Bluetooth-Waterproof/dp/B08FB2H6Y4/ref=zg_bs_g_1389365031_d_sccl_2/260-9443465-0628262?psc=1,India,
Reviewed in India on 15 October 2024,amzn1.account.AFFKNNJCFXAFO6WJ44K33NA3R5EA,https://www.amazon.in/gp/profile/amzn1.account.AFFKNNJCFXAFO6WJ44K33NA3R5EA/ref=cm_cr_othr_d_gw_tr?ie=UTF8,5,Best in the budget,R1AEZGO2RS5CIP,https://www.amazon.in/gp/customer-reviews/R1AEZGO2RS5CIP/ref=cm_cr_othr_d_rvw_ttl?ie=UTF8&ASIN=B08FB2H6Y4,,Best speaker in this range,True,False,[],2024-10-15,67,"Colour: Black, Size: Standard, Pattern Name: Speaker","[{'key': 'Colour', 'value': 'Black'}, {'key': 'Size', 'value': 'Standard'}, {'key': 'Pattern Name', 'value': 'Speaker'}]",,,https://www.amazon.in/product-reviews/B08FB2H6Y4?pageNumber=9&filterByStar=all_stars&sortBy=helpful&formatType=all_formats&asin=B08FB2H6Y4&reftag=cm_cr_arp_d_paging_btm_next_9&scope=reviewsAjax0,allStars,,B08FB2H6Y4,B08FB2H6Y4,B08FB2H6Y4,"{'price': None, 'listPrice': None}",https://www.amazon.in//JBL-Wireless-Portable-Bluetooth-Waterproof/dp/B08FB2H6Y4/ref=zg_bs_g_1389365031_d_sccl_2/260-9443465-0628262?psc=1,India,
Reviewed in India on 10 October 2024,amzn1.account.AHYE7M3DPPFJ3EQKC4D27AD2RLUQ,https://www.amazon.in/gp/profile/amzn1.account.AHYE7M3DPPFJ3EQKC4D27AD2RLUQ/ref=cm_cr_othr_d_gw_tr?ie=UTF8,5,Good quality,RL51QUA2JDF8T,https://www.amazon.in/gp/customer-reviews/RL51QUA2JDF8T/ref=cm_cr_othr_d_rvw_ttl?ie=UTF8&ASIN=B08FB2H6Y4,,Very cool,True,False,[],2024-10-10,68,"Colour: Black, Size: Standard, Pattern Name: Speaker","[{'key': 'Colour', 'value': 'Black'}, {'key': 'Size', 'value': 'Standard'}, {'key': 'Pattern Name', 'value': 'Speaker'}]",,,https://www.amazon.in/product-reviews/B08FB2H6Y4?pageNumber=9&filterByStar=all_stars&sortBy=helpful&formatType=all_formats&asin=B08FB2H6Y4&reftag=cm_cr_arp_d_paging_btm_next_9&scope=reviewsAjax0,allStars,,B08FB2H6Y4,B08FB2H6Y4,B08FB2H6Y4,"{'price': None, 'listPrice': None}",https://www.amazon.in//JBL-Wireless-Portable-Bluetooth-Waterproof/dp/B08FB2H6Y4/ref=zg_bs_g_1389365031_d_sccl_2/260-9443465-0628262?psc=1,India,
Reviewed in India on 30 September 2024,amzn1.account.AFJEH4IIACI556V6E3RCN7KZF3MA,https://www.amazon.in/gp/profile/amzn1.account.AFJEH4IIACI556V6E3RCN7KZF3MA/ref=cm_cr_othr_d_gw_tr?ie=UTF8,5,About JBL go 3 speaker,R11LX6I7ZFMN6A,https://www.amazon.in/gp/customer-reviews/R11LX6I7ZFMN6A/ref=cm_cr_othr_d_rvw_ttl?ie=UTF8&ASIN=B08FB2H6Y4,,JBL go 3 speaker is wonderful speaker .Nice bass and sound,True,False,[],2024-09-30,69,"Colour: Black, Size: Standard, Pattern Name: Speaker","[{'key': 'Colour', 'value': 'Black'}, {'key': 'Size', 'value': 'Standard'}, {'key': 'Pattern Name', 'value': 'Speaker'}]",,,https://www.amazon.in/product-reviews/B08FB2H6Y4?pageNumber=9&filterByStar=all_stars&sortBy=helpful&formatType=all_formats&asin=B08FB2H6Y4&reftag=cm_cr_arp_d_paging_btm_next_9&scope=reviewsAjax0,allStars,,B08FB2H6Y4,B08FB2H6Y4,B08FB2H6Y4,"{'price': None, 'listPrice': None}",https://www.amazon.in//JBL-Wireless-Portable-Bluetooth-Waterproof/dp/B08FB2H6Y4/ref=zg_bs_g_1389365031_d_sccl_2/260-9443465-0628262?psc=1,India,
Reviewed in India on 4 October 2024,amzn1.account.AGX3AFGZPR7QNJBNPB2EZXDM2BJA,https://www.amazon.in/gp/profile/amzn1.account.AGX3AFGZPR7QNJBNPB2EZXDM2BJA/ref=cm_cr_othr_d_gw_tr?ie=UTF8,5,Very good,R27ZZ2H115USDY,https://www.amazon.in/gp/customer-reviews/R27ZZ2H115USDY/ref=cm_cr_othr_d_rvw_ttl?ie=UTF8&ASIN=B08FB2H6Y4,,Must buy. Very good sound quality.,True,False,[],2024-10-04,70,"Colour: Black, Size: Standard, Pattern Name: Speaker","[{'key': 'Colour', 'value': 'Black'}, {'key': 'Size', 'value': 'Standard'}, {'key': 'Pattern Name', 'value': 'Speaker'}]",,,https://www.amazon.in/product-reviews/B08FB2H6Y4?pageNumber=9&filterByStar=all_stars&sortBy=helpful&formatType=all_formats&asin=B08FB2H6Y4&reftag=cm_cr_arp_d_paging_btm_next_9&scope=reviewsAjax0,allStars,,B08FB2H6Y4,B08FB2H6Y4,B08FB2H6Y4,"{'price': None, 'listPrice': None}",https://www.amazon.in//JBL-Wireless-Portable-Bluetooth-Waterproof/dp/B08FB2H6Y4/ref=zg_bs_g_1389365031_d_sccl_2/260-9443465-0628262?psc=1,India,
Reviewed in India on 21 September 2024,amzn1.account.AH32YCPST3ELYJPCJ3IU5MFB5T4Q,https://www.amazon.in/gp/profile/amzn1.account.AH32YCPST3ELYJPCJ3IU5MFB5T4Q/ref=cm_cr_othr_d_gw_tr?ie=UTF8,5,Awesome speaker,R23XR306CYRWD0,https://www.amazon.in/gp/customer-reviews/R23XR306CYRWD0/ref=cm_cr_othr_d_rvw_ttl?ie=UTF8&ASIN=B08FB2H6Y4,One person found this helpful,Clear sound quality and good bass. JBL always has great products. Worth the price.,True,False,[],2024-09-21,71,"Colour: Black, Size: Standard, Pattern Name: Speaker","[{'key': 'Colour', 'value': 'Black'}, {'key': 'Size', 'value': 'Standard'}, {'key': 'Pattern Name', 'value': 'Speaker'}]",,,https://www.amazon.in/product-reviews/B08FB2H6Y4?pageNumber=9&filterByStar=all_stars&sortBy=helpful&formatType=all_formats&asin=B08FB2H6Y4&reftag=cm_cr_arp_d_paging_btm_next_9&scope=reviewsAjax0,allStars,,B08FB2H6Y4,B08FB2H6Y4,B08FB2H6Y4,"{'price': None, 'listPrice': None}",https://www.amazon.in//JBL-Wireless-Portable-Bluetooth-Waterproof/dp/B08FB2H6Y4/ref=zg_bs_g_1389365031_d_sccl_2/260-9443465-0628262?psc=1,India,
Reviewed in India on 5 October 2024,amzn1.account.AEGMLDEY3AHT57QF7KR5ARCCE7LQ,https://www.amazon.in/gp/profile/amzn1.account.AEGMLDEY3AHT57QF7KR5ARCCE7LQ/ref=cm_cr_othr_d_gw_tr?ie=UTF8,5,Good sound quality,R2T0FA3KFLXIX6,https://www.amazon.in/gp/customer-reviews/R2T0FA3KFLXIX6/ref=cm_cr_othr_d_rvw_ttl?ie=UTF8&ASIN=B08FB2H6Y4,,Awesome 👍,True,False,['https://m.media-amazon.com/images/I/7160fKaHKNL._SY88.jpg'],2024-10-05,72,"Colour: Black, Size: Standard, Pattern Name: Speaker","[{'key': 'Colour', 'value': 'Black'}, {'key': 'Size', 'value': 'Standard'}, {'key': 'Pattern Name', 'value': 'Speaker'}]",,,https://www.amazon.in/product-reviews/B08FB2H6Y4?pageNumber=9&filterByStar=all_stars&sortBy=helpful&formatType=all_formats&asin=B08FB2H6Y4&reftag=cm_cr_arp_d_paging_btm_next_9&scope=reviewsAjax0,allStars,,B08FB2H6Y4,B08FB2H6Y4,B08FB2H6Y4,"{'price': None, 'listPrice': None}",https://www.amazon.in//JBL-Wireless-Portable-Bluetooth-Waterproof/dp/B08FB2H6Y4/ref=zg_bs_g_1389365031_d_sccl_2/260-9443465-0628262?psc=1,India,
Reviewed in India on 25 November 2024,amzn1.account.AGKMKG4S7NGHCCDN4TXJB4U7GCOA,https://www.amazon.in/gp/profile/amzn1.account.AGKMKG4S7NGHCCDN4TXJB4U7GCOA/ref=cm_cr_othr_d_gw_tr?ie=UTF8,4,Good,R3NKBE72P53JAK,https://www.amazon.in/gp/customer-reviews/R3NKBE72P53JAK/ref=cm_cr_othr_d_rvw_ttl?ie=UTF8&ASIN=B08FB2H6Y4,,Am Happy,True,False,[],2024-11-25,17,"Colour: Black, Size: Standard, Pattern Name: Speaker","[{'key': 'Colour', 'value': 'Black'}, {'key': 'Size', 'value': 'Standard'}, {'key': 'Pattern Name', 'value': 'Speaker'}]",,,https://www.amazon.in/product-reviews/B08FB2H6Y4?pageNumber=3&filterByStar=all_stars&sortBy=helpful&formatType=all_formats&asin=B08FB2H6Y4&reftag=cm_cr_arp_d_paging_btm_next_3&scope=reviewsAjax0,allStars,,B08FB2H6Y4,B08FB2H6Y4,B08FB2H6Y4,"{'price': None, 'listPrice': None}",https://www.amazon.in//JBL-Wireless-Portable-Bluetooth-Waterproof/dp/B08FB2H6Y4/ref=zg_bs_g_1389365031_d_sccl_2/260-9443465-0628262?psc=1,India,
Reviewed in India on 2 November 2024,amzn1.account.AHDNFHRU7JBOD3ZFVHISPQPIPCZA,https://www.amazon.in/gp/profile/amzn1.account.AHDNFHRU7JBOD3ZFVHISPQPIPCZA/ref=cm_cr_othr_d_gw_tr?ie=UTF8,4,Just go for it....,RWQ7FEPU4W8LD,https://www.amazon.in/gp/customer-reviews/RWQ7FEPU4W8LD/ref=cm_cr_othr_d_rvw_ttl?ie=UTF8&ASIN=B08FB2H6Y4,One person found this helpful,If u r 👀 for a very portable speaker with clear n crisp sound and decent bass just go for it....No distortion even at 100 % volume.....It's a pocket bomb 😁......,True,False,"['https://m.media-amazon.com/images/I/6132rKjWCTL._SY88.jpg', 'https://m.media-amazon.com/images/I/71X-9R8stML._SY88.jpg', 'https://m.media-amazon.com/images/I/71x4UZYE3cL._SY88.jpg', 'https://m.media-amazon.com/images/I/81EY3oqaa5L._SY88.jpg']",2024-11-02,18,"Colour: Black, Size: Standard, Pattern Name: Speaker","[{'key': 'Colour', 'value': 'Black'}, {'key': 'Size', 'value': 'Standard'}, {'key': 'Pattern Name', 'value': 'Speaker'}]",,,https://www.amazon.in/product-reviews/B08FB2H6Y4?pageNumber=3&filterByStar=all_stars&sortBy=helpful&formatType=all_formats&asin=B08FB2H6Y4&reftag=cm_cr_arp_d_paging_btm_next_3&scope=reviewsAjax0,allStars,,B08FB2H6Y4,B08FB2H6Y4,B08FB2H6Y4,"{'price': None, 'listPrice': None}",https://www.amazon.in//JBL-Wireless-Portable-Bluetooth-Waterproof/dp/B08FB2H6Y4/ref=zg_bs_g_1389365031_d_sccl_2/260-9443465-0628262?psc=1,India,
Reviewed in India on 6 November 2024,amzn1.account.AGIWJTMRCNFRRGKMBNN4CHUMUAUQ,https://www.amazon.in/gp/profile/amzn1.account.AGIWJTMRCNFRRGKMBNN4CHUMUAUQ/ref=cm_cr_othr_d_gw_tr?ie=UTF8,4,Works for me,R3SL9XOI9207IJ,https://www.amazon.in/gp/customer-reviews/R3SL9XOI9207IJ/ref=cm_cr_othr_d_rvw_ttl?ie=UTF8&ASIN=B08FB2H6Y4,,Loudness and bass is good.For a single room it's enough.,True,False,[],2024-11-06,19,"Colour: Black, Size: Standard, Pattern Name: Speaker","[{'key': 'Colour', 'value': 'Black'}, {'key': 'Size', 'value': 'Standard'}, {'key': 'Pattern Name', 'value': 'Speaker'}]",,,https://www.amazon.in/product-reviews/B08FB2H6Y4?pageNumber=3&filterByStar=all_stars&sortBy=helpful&formatType=all_formats&asin=B08FB2H6Y4&reftag=cm_cr_arp_d_paging_btm_next_3&scope=reviewsAjax0,allStars,,B08FB2H6Y4,B08FB2H6Y4,B08FB2H6Y4,"{'price': None, 'listPrice': None}",https://www.amazon.in//JBL-Wireless-Portable-Bluetooth-Waterproof/dp/B08FB2H6Y4/ref=zg_bs_g_1389365031_d_sccl_2/260-9443465-0628262?psc=1,India,
Reviewed in India on 21 December 2024,amzn1.account.AGQWAS2US66E6BJLZII2O7S4MHXQ,https://www.amazon.in/gp/profile/amzn1.account.AGQWAS2US66E6BJLZII2O7S4MHXQ/ref=cm_cr_othr_d_gw_tr?ie=UTF8,5,Clear sound,R3R8WGLJLZ66F,https://www.amazon.in/gp/customer-reviews/R3R8WGLJLZ66F/ref=cm_cr_othr_d_rvw_ttl?ie=UTF8&ASIN=B08FB2H6Y4,,,True,False,"['https://m.media-amazon.com/images/I/81-r-+I4R0L._SY88.jpg', 'https://m.media-amazon.com/images/I/81joUhl0FHL._SY88.jpg']",2024-12-21,20,"Colour: Black, Size: Standard, Pattern Name: Speaker","[{'key': 'Colour', 'value': 'Black'}, {'key': 'Size', 'value': 'Standard'}, {'key': 'Pattern Name', 'value': 'Speaker'}]",,,https://www.amazon.in/product-reviews/B08FB2H6Y4?pageNumber=3&filterByStar=all_stars&sortBy=helpful&formatType=all_formats&asin=B08FB2H6Y4&reftag=cm_cr_arp_d_paging_btm_next_3&scope=reviewsAjax0,allStars,,B08FB2H6Y4,B08FB2H6Y4,B08FB2H6Y4,"{'price': None, 'listPrice': None}",https://www.amazon.in//JBL-Wireless-Portable-Bluetooth-Waterproof/dp/B08FB2H6Y4/ref=zg_bs_g_1389365031_d_sccl_2/260-9443465-0628262?psc=1,India,
Reviewed in India on 13 December 2024,amzn1.account.AFJNEYKB75NZR65KXBWMIZE4NU4Q,https://www.amazon.in/gp/profile/amzn1.account.AFJNEYKB75NZR65KXBWMIZE4NU4Q/ref=cm_cr_othr_d_gw_tr?ie=UTF8,5,Quality good,R2HEUCH76QMK5W,https://www.amazon.in/gp/customer-reviews/R2HEUCH76QMK5W/ref=cm_cr_othr_d_rvw_ttl?ie=UTF8&ASIN=B08FB2H6Y4,,Sound & Quality 👍,True,False,[],2024-12-13,21,"Colour: Black, Size: Standard, Pattern Name: Speaker","[{'key': 'Colour', 'value': 'Black'}, {'key': 'Size', 'value': 'Standard'}, {'key': 'Pattern Name', 'value': 'Speaker'}]",,,https://www.amazon.in/product-reviews/B08FB2H6Y4?pageNumber=3&filterByStar=all_stars&sortBy=helpful&formatType=all_formats&asin=B08FB2H6Y4&reftag=cm_cr_arp_d_paging_btm_next_3&scope=reviewsAjax0,allStars,,B08FB2H6Y4,B08FB2H6Y4,B08FB2H6Y4,"{'price': None, 'listPrice': None}",https://www.amazon.in//JBL-Wireless-Portable-Bluetooth-Waterproof/dp/B08FB2H6Y4/ref=zg_bs_g_1389365031_d_sccl_2/260-9443465-0628262?psc=1,India,
Reviewed in India on 4 November 2024,amzn1.account.AGSJKMVWRRIXTRQNEIV5V3C4YLFQ,https://www.amazon.in/gp/profile/amzn1.account.AGSJKMVWRRIXTRQNEIV5V3C4YLFQ/ref=cm_cr_othr_d_gw_tr?ie=UTF8,4,Nice ❤️,R1MJWTRVZMKXHP,https://www.amazon.in/gp/customer-reviews/R1MJWTRVZMKXHP/ref=cm_cr_othr_d_rvw_ttl?ie=UTF8&ASIN=B08FB2H6Y4,2 people found this helpful,The media could not be loaded.,True,False,[],2024-11-04,22,"Colour: Black, Size: Standard, Pattern Name: Speaker","[{'key': 'Colour', 'value': 'Black'}, {'key': 'Size', 'value': 'Standard'}, {'key': 'Pattern Name', 'value': 'Speaker'}]",,,https://www.amazon.in/product-reviews/B08FB2H6Y4?pageNumber=3&filterByStar=all_stars&sortBy=helpful&formatType=all_formats&asin=B08FB2H6Y4&reftag=cm_cr_arp_d_paging_btm_next_3&scope=reviewsAjax0,allStars,,B08FB2H6Y4,B08FB2H6Y4,B08FB2H6Y4,"{'price': None, 'listPrice': None}",https://www.amazon.in//JBL-Wireless-Portable-Bluetooth-Waterproof/dp/B08FB2H6Y4/ref=zg_bs_g_1389365031_d_sccl_2/260-9443465-0628262?psc=1,India,
Reviewed in India on 19 October 2024,amzn1.account.AHGVTPO3VNTSRHNVTAO4CQQQAX4Q,https://www.amazon.in/gp/profile/amzn1.account.AHGVTPO3VNTSRHNVTAO4CQQQAX4Q/ref=cm_cr_othr_d_gw_tr?ie=UTF8,4,Sound is quite enough,R3L48D4M39H5NY,https://www.amazon.in/gp/customer-reviews/R3L48D4M39H5NY/ref=cm_cr_othr_d_rvw_ttl?ie=UTF8&ASIN=B08FB2H6Y4,,Good in connectivity and sound quality is okay,True,False,['https://m.media-amazon.com/images/I/71TXay5zi2L._SY88.jpg'],2024-10-19,23,"Colour: Black, Size: Standard, Pattern Name: Speaker","[{'key': 'Colour', 'value': 'Black'}, {'key': 'Size', 'value': 'Standard'}, {'key': 'Pattern Name', 'value': 'Speaker'}]",,,https://www.amazon.in/product-reviews/B08FB2H6Y4?pageNumber=3&filterByStar=all_stars&sortBy=helpful&formatType=all_formats&asin=B08FB2H6Y4&reftag=cm_cr_arp_d_paging_btm_next_3&scope=reviewsAjax0,allStars,,B08FB2H6Y4,B08FB2H6Y4,B08FB2H6Y4,"{'price': None, 'listPrice': None}",https://www.amazon.in//JBL-Wireless-Portable-Bluetooth-Waterproof/dp/B08FB2H6Y4/ref=zg_bs_g_1389365031_d_sccl_2/260-9443465-0628262?psc=1,India,
Reviewed in India on 2 October 2024,amzn1.account.AFALW37A4TKYORZEABXNLDPLFD3A,https://www.amazon.in/gp/profile/amzn1.account.AFALW37A4TKYORZEABXNLDPLFD3A/ref=cm_cr_othr_d_gw_tr?ie=UTF8,4,Ultimate 💓,R1BE7DX7VT2L6,https://www.amazon.in/gp/customer-reviews/R1BE7DX7VT2L6/ref=cm_cr_othr_d_rvw_ttl?ie=UTF8&ASIN=B08FB2H6Y4,,Sound is very nice 👌,True,False,['https://m.media-amazon.com/images/I/71dpsyTcU7L._SY88.jpg'],2024-10-02,24,"Colour: Black, Size: Standard, Pattern Name: Speaker","[{'key': 'Colour', 'value': 'Black'}, {'key': 'Size', 'value': 'Standard'}, {'key': 'Pattern Name', 'value': 'Speaker'}]",,,https://www.amazon.in/product-reviews/B08FB2H6Y4?pageNumber=3&filterByStar=all_stars&sortBy=helpful&formatType=all_formats&asin=B08FB2H6Y4&reftag=cm_cr_arp_d_paging_btm_next_3&scope=reviewsAjax0,allStars,,B08FB2H6Y4,B08FB2H6Y4,B08FB2H6Y4,"{'price': None, 'listPrice': None}",https://www.amazon.in//JBL-Wireless-Portable-Bluetooth-Waterproof/dp/B08FB2H6Y4/ref=zg_bs_g_1389365031_d_sccl_2/260-9443465-0628262?psc=1,India,
Reviewed in India on 21 January 2025,amzn1.account.AGBXL3H6L24ARTE4SEK7MUPROAQQ,https://www.amazon.in/gp/profile/amzn1.account.AGBXL3H6L24ARTE4SEK7MUPROAQQ/ref=cm_cr_othr_d_gw_tr?ie=UTF8,4,Quality is excellent,REGHYLTK6E2D2,https://www.amazon.in/gp/customer-reviews/REGHYLTK6E2D2/ref=cm_cr_othr_d_rvw_ttl?ie=UTF8&ASIN=B08FB2H6Y4,,"Build quality is too good, It looks premium but little expensive. It should be under ₹2,000. But overall product is good",True,False,['https://m.media-amazon.com/images/I/71o9YhbYxsL._SY88.jpg'],2025-01-21,9,"Colour: Black, Size: Standard, Pattern Name: Speaker","[{'key': 'Colour', 'value': 'Black'}, {'key': 'Size', 'value': 'Standard'}, {'key': 'Pattern Name', 'value': 'Speaker'}]",,,https://www.amazon.in/product-reviews/B08FB2H6Y4?pageNumber=2&filterByStar=all_stars&sortBy=helpful&formatType=all_formats&asin=B08FB2H6Y4&reftag=cm_cr_arp_d_paging_btm_next_2&scope=reviewsAjax0,allStars,,B08FB2H6Y4,B08FB2H6Y4,B08FB2H6Y4,"{'price': None, 'listPrice': None}",https://www.amazon.in//JBL-Wireless-Portable-Bluetooth-Waterproof/dp/B08FB2H6Y4/ref=zg_bs_g_1389365031_d_sccl_2/260-9443465-0628262?psc=1,India,
Reviewed in India on 18 December 2024,amzn1.account.AEV2EI6E5MFSACANFTA4VTAQULZA,https://www.amazon.in/gp/profile/amzn1.account.AEV2EI6E5MFSACANFTA4VTAQULZA/ref=cm_cr_othr_d_gw_tr?ie=UTF8,4,Super performance,R2BRB4AB4BFR37,https://www.amazon.in/gp/customer-reviews/R2BRB4AB4BFR37/ref=cm_cr_othr_d_rvw_ttl?ie=UTF8&ASIN=B08FB2H6Y4,,I liked this product as this is very handy and easy to connect and good sound quality 👍,True,False,[],2024-12-18,10,"Colour: Black, Size: Standard, Pattern Name: Speaker","[{'key': 'Colour', 'value': 'Black'}, {'key': 'Size', 'value': 'Standard'}, {'key': 'Pattern Name', 'value': 'Speaker'}]",,,https://www.amazon.in/product-reviews/B08FB2H6Y4?pageNumber=2&filterByStar=all_stars&sortBy=helpful&formatType=all_formats&asin=B08FB2H6Y4&reftag=cm_cr_arp_d_paging_btm_next_2&scope=reviewsAjax0,allStars,,B08FB2H6Y4,B08FB2H6Y4,B08FB2H6Y4,"{'price': None, 'listPrice': None}",https://www.amazon.in//JBL-Wireless-Portable-Bluetooth-Waterproof/dp/B08FB2H6Y4/ref=zg_bs_g_1389365031_d_sccl_2/260-9443465-0628262?psc=1,India,
Reviewed in India on 12 December 2024,amzn1.account.AFZJBGGZ4SUZI6DZDAGRU5W6WLRQ,https://www.amazon.in/gp/profile/amzn1.account.AFZJBGGZ4SUZI6DZDAGRU5W6WLRQ/ref=cm_cr_othr_d_gw_tr?ie=UTF8,4,Sound problem,R34VKBFNUKWMC4,https://www.amazon.in/gp/customer-reviews/R34VKBFNUKWMC4/ref=cm_cr_othr_d_rvw_ttl?ie=UTF8&ASIN=B08FB2H6Y4,,Sound damage,True,False,"['https://m.media-amazon.com/images/I/613pBMQAqML._SY88.jpg', 'https://m.media-amazon.com/images/I/617FXf88OyL._SY88.jpg']",2024-12-12,11,"Colour: Black, Size: Standard, Pattern Name: Speaker","[{'key': 'Colour', 'value': 'Black'}, {'key': 'Size', 'value': 'Standard'}, {'key': 'Pattern Name', 'value': 'Speaker'}]",,,https://www.amazon.in/product-reviews/B08FB2H6Y4?pageNumber=2&filterByStar=all_stars&sortBy=helpful&formatType=all_formats&asin=B08FB2H6Y4&reftag=cm_cr_arp_d_paging_btm_next_2&scope=reviewsAjax0,allStars,,B08FB2H6Y4,B08FB2H6Y4,B08FB2H6Y4,"{'price': None, 'listPrice': None}",https://www.amazon.in//JBL-Wireless-Portable-Bluetooth-Waterproof/dp/B08FB2H6Y4/ref=zg_bs_g_1389365031_d_sccl_2/260-9443465-0628262?psc=1,India,
Reviewed in India on 14 January 2025,amzn1.account.AHRSJDAN7SGJYWUJKFULMOBW357Q,https://www.amazon.in/gp/profile/amzn1.account.AHRSJDAN7SGJYWUJKFULMOBW357Q/ref=cm_cr_othr_d_gw_tr?ie=UTF8,5,No need to doubt,R3H2OD701QP4DX,https://www.amazon.in/gp/customer-reviews/R3H2OD701QP4DX/ref=cm_cr_othr_d_rvw_ttl?ie=UTF8&ASIN=B08FB2H6Y4,,I received it on 25 Nov 2024 so far no problem. Just for it.,True,False,['https://m.media-amazon.com/images/I/81GuUz+eszL._SY88.jpg'],2025-01-14,12,"Colour: Black, Size: Standard, Pattern Name: Speaker","[{'key': 'Colour', 'value': 'Black'}, {'key': 'Size', 'value': 'Standard'}, {'key': 'Pattern Name', 'value': 'Speaker'}]",,,https://www.amazon.in/product-reviews/B08FB2H6Y4?pageNumber=2&filterByStar=all_stars&sortBy=helpful&formatType=all_formats&asin=B08FB2H6Y4&reftag=cm_cr_arp_d_paging_btm_next_2&scope=reviewsAjax0,allStars,,B08FB2H6Y4,B08FB2H6Y4,B08FB2H6Y4,"{'price': None, 'listPrice': None}",https://www.amazon.in//JBL-Wireless-Portable-Bluetooth-Waterproof/dp/B08FB2H6Y4/ref=zg_bs_g_1389365031_d_sccl_2/260-9443465-0628262?psc=1,India,
Reviewed in India on 25 November 2024,amzn1.account.AG5RCY4IRWCR3SHXPDICDZRS5IUQ,https://www.amazon.in/gp/profile/amzn1.account.AG5RCY4IRWCR3SHXPDICDZRS5IUQ/ref=cm_cr_othr_d_gw_tr?ie=UTF8,4,"Sound clarity is Awesome 🔥, Bass is not good",R1N9DKTGUYX12X,https://www.amazon.in/gp/customer-reviews/R1N9DKTGUYX12X/ref=cm_cr_othr_d_rvw_ttl?ie=UTF8&ASIN=B08FB2H6Y4,,"If want to listen songs with sound clarity u can go , if u like bass more than go for other products",True,False,['https://m.media-amazon.com/images/I/61t8W-NtxeL._SY88.jpg'],2024-11-25,13,"Colour: Black, Size: Standard, Pattern Name: Speaker","[{'key': 'Colour', 'value': 'Black'}, {'key': 'Size', 'value': 'Standard'}, {'key': 'Pattern Name', 'value': 'Speaker'}]",,,https://www.amazon.in/product-reviews/B08FB2H6Y4?pageNumber=2&filterByStar=all_stars&sortBy=helpful&formatType=all_formats&asin=B08FB2H6Y4&reftag=cm_cr_arp_d_paging_btm_next_2&scope=reviewsAjax0,allStars,,B08FB2H6Y4,B08FB2H6Y4,B08FB2H6Y4,"{'price': None, 'listPrice': None}",https://www.amazon.in//JBL-Wireless-Portable-Bluetooth-Waterproof/dp/B08FB2H6Y4/ref=zg_bs_g_1389365031_d_sccl_2/260-9443465-0628262?psc=1,India,
Reviewed in India on 16 January 2025,amzn1.account.AFH7NYHJPVF6VXEOI4J63S3CZ65A,https://www.amazon.in/gp/profile/amzn1.account.AFH7NYHJPVF6VXEOI4J63S3CZ65A/ref=cm_cr_othr_d_gw_tr?ie=UTF8,5,Excellent,R1D8JSPWNV72WV,https://www.amazon.in/gp/customer-reviews/R1D8JSPWNV72WV/ref=cm_cr_othr_d_rvw_ttl?ie=UTF8&ASIN=B08FB2H6Y4,,Good,True,False,[],2025-01-16,14,"Colour: Black, Size: Standard, Pattern Name: Speaker","[{'key': 'Colour', 'value': 'Black'}, {'key': 'Size', 'value': 'Standard'}, {'key': 'Pattern Name', 'value': 'Speaker'}]",,,https://www.amazon.in/product-reviews/B08FB2H6Y4?pageNumber=2&filterByStar=all_stars&sortBy=helpful&formatType=all_formats&asin=B08FB2H6Y4&reftag=cm_cr_arp_d_paging_btm_next_2&scope=reviewsAjax0,allStars,,B08FB2H6Y4,B08FB2H6Y4,B08FB2H6Y4,"{'price': None, 'listPrice': None}",https://www.amazon.in//JBL-Wireless-Portable-Bluetooth-Waterproof/dp/B08FB2H6Y4/ref=zg_bs_g_1389365031_d_sccl_2/260-9443465-0628262?psc=1,India,
Reviewed in India on 5 December 2024,amzn1.account.AGUBJWOJ3VXGDFS7YGU3EASPLKAA,https://www.amazon.in/gp/profile/amzn1.account.AGUBJWOJ3VXGDFS7YGU3EASPLKAA/ref=cm_cr_othr_d_gw_tr?ie=UTF8,4,Sound quality is good,R37K6P0EME815I,https://www.amazon.in/gp/customer-reviews/R37K6P0EME815I/ref=cm_cr_othr_d_rvw_ttl?ie=UTF8&ASIN=B08FB2H6Y4,One person found this helpful,"The media could not be loaded.
                
            
                
            
            
        
    
    








  
  
     Sound quality is good but at this price point we expect more powerfull speaker. Also it does not have in built mic",True,False,[],2024-12-05,15,"Colour: Black, Size: Standard, Pattern Name: Speaker","[{'key': 'Colour', 'value': 'Black'}, {'key': 'Size', 'value': 'Standard'}, {'key': 'Pattern Name', 'value': 'Speaker'}]",,,https://www.amazon.in/product-reviews/B08FB2H6Y4?pageNumber=2&filterByStar=all_stars&sortBy=helpful&formatType=all_formats&asin=B08FB2H6Y4&reftag=cm_cr_arp_d_paging_btm_next_2&scope=reviewsAjax0,allStars,,B08FB2H6Y4,B08FB2H6Y4,B08FB2H6Y4,"{'price': None, 'listPrice': None}",https://www.amazon.in//JBL-Wireless-Portable-Bluetooth-Waterproof/dp/B08FB2H6Y4/ref=zg_bs_g_1389365031_d_sccl_2/260-9443465-0628262?psc=1,India,
Reviewed in India on 26 November 2024,amzn1.account.AHVUNZK54MIP6GTUHBMMMEEJEARQ,https://www.amazon.in/gp/profile/amzn1.account.AHVUNZK54MIP6GTUHBMMMEEJEARQ/ref=cm_cr_othr_d_gw_tr?ie=UTF8,4,Wawwww,R2NDJ3UTO65Y06,https://www.amazon.in/gp/customer-reviews/R2NDJ3UTO65Y06/ref=cm_cr_othr_d_rvw_ttl?ie=UTF8&ASIN=B08FB2H6Y4,,,True,False,"['https://m.media-amazon.com/images/I/714MZEg2peL._SY88.jpg', 'https://m.media-amazon.com/images/I/71eVTQOMAbL._SY88.jpg']",2024-11-26,16,"Colour: Black, Size: Standard, Pattern Name: Speaker","[{'key': 'Colour', 'value': 'Black'}, {'key': 'Size', 'value': 'Standard'}, {'key': 'Pattern Name', 'value': 'Speaker'}]",,,https://www.amazon.in/product-reviews/B08FB2H6Y4?pageNumber=2&filterByStar=all_stars&sortBy=helpful&formatType=all_formats&asin=B08FB2H6Y4&reftag=cm_cr_arp_d_paging_btm_next_2&scope=reviewsAjax0,allStars,,B08FB2H6Y4,B08FB2H6Y4,B08FB2H6Y4,"{'price': None, 'listPrice': None}",https://www.amazon.in//JBL-Wireless-Portable-Bluetooth-Waterproof/dp/B08FB2H6Y4/ref=zg_bs_g_1389365031_d_sccl_2/260-9443465-0628262?psc=1,India,
Reviewed in India on 27 September 2024,amzn1.account.AERT4NXF2OXDB345WOUUXXPIZU2Q,https://www.amazon.in/gp/profile/amzn1.account.AERT4NXF2OXDB345WOUUXXPIZU2Q/ref=cm_cr_othr_d_gw_tr?ie=UTF8,5,Very Beautiful Design & clear sound.,R36I5ZZ8GENMG5,https://www.amazon.in/gp/customer-reviews/R36I5ZZ8GENMG5/ref=cm_cr_othr_d_rvw_ttl?ie=UTF8&ASIN=B08FB2H6Y4,,"The media could not be loaded.
                
            
                
            
            
        
    
    








  
  
     Very nice & Useful product . Very nice voice .Beautiful Design . Songs listen to very clear.",True,False,[],2024-09-27,73,"Colour: Black, Size: Standard, Pattern Name: Speaker","[{'key': 'Colour', 'value': 'Black'}, {'key': 'Size', 'value': 'Standard'}, {'key': 'Pattern Name', 'value': 'Speaker'}]",,,https://www.amazon.in/product-reviews/B08FB2H6Y4?pageNumber=10&filterByStar=all_stars&sortBy=helpful&formatType=all_formats&asin=B08FB2H6Y4&reftag=cm_cr_arp_d_paging_btm_next_10&scope=reviewsAjax0,allStars,,B08FB2H6Y4,B08FB2H6Y4,B08FB2H6Y4,"{'price': None, 'listPrice': None}",https://www.amazon.in//JBL-Wireless-Portable-Bluetooth-Waterproof/dp/B08FB2H6Y4/ref=zg_bs_g_1389365031_d_sccl_2/260-9443465-0628262?psc=1,India,
Reviewed in India on 27 January 2024,amzn1.account.AEMXHZTKHY2Y3NTZ5LC5IVVR2CUA,https://www.amazon.in/gp/profile/amzn1.account.AEMXHZTKHY2Y3NTZ5LC5IVVR2CUA/ref=cm_cr_othr_d_gw_tr?ie=UTF8,4,Meets basic expectations of a portable speaker,R2SKJMX79YP0WI,https://www.amazon.in/gp/customer-reviews/R2SKJMX79YP0WI/ref=cm_cr_othr_d_rvw_ttl?ie=UTF8&ASIN=B08FB2H6Y4,2 people found this helpful,"The sound quality is good, but not extraordinary. I did not experience any good bass or relevant features while playing purely instrumental songs. It'll do the needful of a basic speaker, and is very light in weight so very easy to take with you anywhere. The battery also lasts for a considerable amount of time.If you are looking for a low-budget portable speaker with average-to-good sound features, you can go for it.",True,False,['https://m.media-amazon.com/images/I/5197lvI4FUL._SY88.jpg'],2024-01-27,74,"Colour: Black, Size: Standard, Pattern Name: Speaker","[{'key': 'Colour', 'value': 'Black'}, {'key': 'Size', 'value': 'Standard'}, {'key': 'Pattern Name', 'value': 'Speaker'}]",,,https://www.amazon.in/product-reviews/B08FB2H6Y4?pageNumber=10&filterByStar=all_stars&sortBy=helpful&formatType=all_formats&asin=B08FB2H6Y4&reftag=cm_cr_arp_d_paging_btm_next_10&scope=reviewsAjax0,allStars,,B08FB2H6Y4,B08FB2H6Y4,B08FB2H6Y4,"{'price': None, 'listPrice': None}",https://www.amazon.in//JBL-Wireless-Portable-Bluetooth-Waterproof/dp/B08FB2H6Y4/ref=zg_bs_g_1389365031_d_sccl_2/260-9443465-0628262?psc=1,India,
Reviewed in India on 27 September 2024,amzn1.account.AEKAQZSYRX62PBYIUDOXRX5ERFFA,https://www.amazon.in/gp/profile/amzn1.account.AEKAQZSYRX62PBYIUDOXRX5ERFFA/ref=cm_cr_othr_d_gw_tr?ie=UTF8,5,Amazing product,R11TS8X6R5232T,https://www.amazon.in/gp/customer-reviews/R11TS8X6R5232T/ref=cm_cr_othr_d_rvw_ttl?ie=UTF8&ASIN=B08FB2H6Y4,,Just go for it,True,False,['https://m.media-amazon.com/images/I/71mO0wXkX7L._SY88.jpg'],2024-09-27,75,"Colour: Black, Size: Standard, Pattern Name: Speaker","[{'key': 'Colour', 'value': 'Black'}, {'key': 'Size', 'value': 'Standard'}, {'key': 'Pattern Name', 'value': 'Speaker'}]",,,https://www.amazon.in/product-reviews/B08FB2H6Y4?pageNumber=10&filterByStar=all_stars&sortBy=helpful&formatType=all_formats&asin=B08FB2H6Y4&reftag=cm_cr_arp_d_paging_btm_next_10&scope=reviewsAjax0,allStars,,B08FB2H6Y4,B08FB2H6Y4,B08FB2H6Y4,"{'price': None, 'listPrice': None}",https://www.amazon.in//JBL-Wireless-Portable-Bluetooth-Waterproof/dp/B08FB2H6Y4/ref=zg_bs_g_1389365031_d_sccl_2/260-9443465-0628262?psc=1,India,
Reviewed in India on 30 September 2024,amzn1.account.AEJEGOP6OBLICR5F57KHCAXRLVNA,https://www.amazon.in/gp/profile/amzn1.account.AEJEGOP6OBLICR5F57KHCAXRLVNA/ref=cm_cr_othr_d_gw_tr?ie=UTF8,5,Good,R2AIHV09PORNKY,https://www.amazon.in/gp/customer-reviews/R2AIHV09PORNKY/ref=cm_cr_othr_d_rvw_ttl?ie=UTF8&ASIN=B08FB2H6Y4,,Excellent,True,False,['https://m.media-amazon.com/images/I/61J0PJzTdBL._SY88.jpg'],2024-09-30,76,"Colour: Black, Size: Standard, Pattern Name: Speaker","[{'key': 'Colour', 'value': 'Black'}, {'key': 'Size', 'value': 'Standard'}, {'key': 'Pattern Name', 'value': 'Speaker'}]",,,https://www.amazon.in/product-reviews/B08FB2H6Y4?pageNumber=10&filterByStar=all_stars&sortBy=helpful&formatType=all_formats&asin=B08FB2H6Y4&reftag=cm_cr_arp_d_paging_btm_next_10&scope=reviewsAjax0,allStars,,B08FB2H6Y4,B08FB2H6Y4,B08FB2H6Y4,"{'price': None, 'listPrice': None}",https://www.amazon.in//JBL-Wireless-Portable-Bluetooth-Waterproof/dp/B08FB2H6Y4/ref=zg_bs_g_1389365031_d_sccl_2/260-9443465-0628262?psc=1,India,
Reviewed in India on 11 May 2024,amzn1.account.AG4YG3YTCT6FMBE44DZT5EKG4WLA,https://www.amazon.in/gp/profile/amzn1.account.AG4YG3YTCT6FMBE44DZT5EKG4WLA/ref=cm_cr_othr_d_gw_tr?ie=UTF8,4,Good product,RMMC51P9SKRA6,https://www.amazon.in/gp/customer-reviews/RMMC51P9SKRA6/ref=cm_cr_othr_d_rvw_ttl?ie=UTF8&ASIN=B08FB2H6Y4,One person found this helpful,It is easy to useSize is smallerConnectivity is goodBattery capacity is lowerBase and loudness is not excellent and it is overpriced,True,False,[],2024-05-11,77,"Colour: Black, Size: Standard, Pattern Name: Speaker","[{'key': 'Colour', 'value': 'Black'}, {'key': 'Size', 'value': 'Standard'}, {'key': 'Pattern Name', 'value': 'Speaker'}]",,,https://www.amazon.in/product-reviews/B08FB2H6Y4?pageNumber=10&filterByStar=all_stars&sortBy=helpful&formatType=all_formats&asin=B08FB2H6Y4&reftag=cm_cr_arp_d_paging_btm_next_10&scope=reviewsAjax0,allStars,,B08FB2H6Y4,B08FB2H6Y4,B08FB2H6Y4,"{'price': None, 'listPrice': None}",https://www.amazon.in//JBL-Wireless-Portable-Bluetooth-Waterproof/dp/B08FB2H6Y4/ref=zg_bs_g_1389365031_d_sccl_2/260-9443465-0628262?psc=1,India,
Reviewed in India on 23 August 2024,amzn1.account.AGSWEQIAOO64R2HGIGWLLT3FVKGA,https://www.amazon.in/gp/profile/amzn1.account.AGSWEQIAOO64R2HGIGWLLT3FVKGA/ref=cm_cr_othr_d_gw_tr?ie=UTF8,5,love thi little cutie,R3GE1TBY1WKK9B,https://www.amazon.in/gp/customer-reviews/R3GE1TBY1WKK9B/ref=cm_cr_othr_d_rvw_ttl?ie=UTF8&ASIN=B08FB2H6Y4,,"Worth every penny.its small, goes everywhere with me ans sounds awesome fo its size. true JBL tech that we have come to expect.",True,False,[],2024-08-23,78,"Colour: Black, Size: Standard, Pattern Name: Speaker","[{'key': 'Colour', 'value': 'Black'}, {'key': 'Size', 'value': 'Standard'}, {'key': 'Pattern Name', 'value': 'Speaker'}]",,,https://www.amazon.in/product-reviews/B08FB2H6Y4?pageNumber=10&filterByStar=all_stars&sortBy=helpful&formatType=all_formats&asin=B08FB2H6Y4&reftag=cm_cr_arp_d_paging_btm_next_10&scope=reviewsAjax0,allStars,,B08FB2H6Y4,B08FB2H6Y4,B08FB2H6Y4,"{'price': None, 'listPrice': None}",https://www.amazon.in//JBL-Wireless-Portable-Bluetooth-Waterproof/dp/B08FB2H6Y4/ref=zg_bs_g_1389365031_d_sccl_2/260-9443465-0628262?psc=1,India,
Reviewed in India on 19 October 2024,amzn1.account.AERDK2UBVMEI4H7JIMJYO4ZBLMHA,https://www.amazon.in/gp/profile/amzn1.account.AERDK2UBVMEI4H7JIMJYO4ZBLMHA/ref=cm_cr_othr_d_gw_tr?ie=UTF8,5,Best for singal room,R2TIACAD1LTJT4,https://www.amazon.in/gp/customer-reviews/R2TIACAD1LTJT4/ref=cm_cr_othr_d_rvw_ttl?ie=UTF8&ASIN=B08FB2H6Y4,One person found this helpful,"The media could not be loaded.
                
            
                
            
            
        
    
    








  
  
     Best for single room",True,False,[],2024-10-19,79,"Colour: Black, Size: Standard, Pattern Name: Speaker","[{'key': 'Colour', 'value': 'Black'}, {'key': 'Size', 'value': 'Standard'}, {'key': 'Pattern Name', 'value': 'Speaker'}]",,,https://www.amazon.in/product-reviews/B08FB2H6Y4?pageNumber=10&filterByStar=all_stars&sortBy=helpful&formatType=all_formats&asin=B08FB2H6Y4&reftag=cm_cr_arp_d_paging_btm_next_10&scope=reviewsAjax0,allStars,,B08FB2H6Y4,B08FB2H6Y4,B08FB2H6Y4,"{'price': None, 'listPrice': None}",https://www.amazon.in//JBL-Wireless-Portable-Bluetooth-Waterproof/dp/B08FB2H6Y4/ref=zg_bs_g_1389365031_d_sccl_2/260-9443465-0628262?psc=1,India,
Reviewed in India on 21 August 2024,amzn1.account.AH2V37RAZC64QC4RZC55IQQYBLMA,https://www.amazon.in/gp/profile/amzn1.account.AH2V37RAZC64QC4RZC55IQQYBLMA/ref=cm_cr_othr_d_gw_tr?ie=UTF8,5,Excellent,R2ZSIGHJ9KQ9Q,https://www.amazon.in/gp/customer-reviews/R2ZSIGHJ9KQ9Q/ref=cm_cr_othr_d_rvw_ttl?ie=UTF8&ASIN=B08FB2H6Y4,One person found this helpful,"This speaker delivers outstanding sound quality, impressive durability, and seamless portability, making it a top choice for any audio enthusiast.",True,False,[],2024-08-21,80,"Colour: Black, Size: Standard, Pattern Name: Speaker","[{'key': 'Colour', 'value': 'Black'}, {'key': 'Size', 'value': 'Standard'}, {'key': 'Pattern Name', 'value': 'Speaker'}]",,,https://www.amazon.in/product-reviews/B08FB2H6Y4?pageNumber=10&filterByStar=all_stars&sortBy=helpful&formatType=all_formats&asin=B08FB2H6Y4&reftag=cm_cr_arp_d_paging_btm_next_10&scope=reviewsAjax0,allStars,,B08FB2H6Y4,B08FB2H6Y4,B08FB2H6Y4,"{'price': None, 'listPrice': None}",https://www.amazon.in//JBL-Wireless-Portable-Bluetooth-Waterproof/dp/B08FB2H6Y4/ref=zg_bs_g_1389365031_d_sccl_2/260-9443465-0628262?psc=1,India,
Reviewed in India on 14 November 2024,amzn1.account.AF5A7ITLP2HBACFSDYD34YIIQI5A,https://www.amazon.in/gp/profile/amzn1.account.AF5A7ITLP2HBACFSDYD34YIIQI5A/ref=cm_cr_othr_d_gw_tr?ie=UTF8,5,Wow,R19P1ES32FS6RA,https://www.amazon.in/gp/customer-reviews/R19P1ES32FS6RA/ref=cm_cr_othr_d_rvw_ttl?ie=UTF8&ASIN=B08FB2H6Y4,,Super quality and bass is osm go for it,True,False,[],2024-11-14,33,"Colour: Black, Size: Standard, Pattern Name: Speaker","[{'key': 'Colour', 'value': 'Black'}, {'key': 'Size', 'value': 'Standard'}, {'key': 'Pattern Name', 'value': 'Speaker'}]",,,https://www.amazon.in/product-reviews/B08FB2H6Y4?pageNumber=5&filterByStar=all_stars&sortBy=helpful&formatType=all_formats&asin=B08FB2H6Y4&reftag=cm_cr_arp_d_paging_btm_next_5&scope=reviewsAjax0,allStars,,B08FB2H6Y4,B08FB2H6Y4,B08FB2H6Y4,"{'price': None, 'listPrice': None}",https://www.amazon.in//JBL-Wireless-Portable-Bluetooth-Waterproof/dp/B08FB2H6Y4/ref=zg_bs_g_1389365031_d_sccl_2/260-9443465-0628262?psc=1,India,
Reviewed in India on 2 October 2024,amzn1.account.AEHOAMRCMUYBE42BADJ5REWZ6W2Q,https://www.amazon.in/gp/profile/amzn1.account.AEHOAMRCMUYBE42BADJ5REWZ6W2Q/ref=cm_cr_othr_d_gw_tr?ie=UTF8,3,Not impressive,R33YH7J1XTRDVY,https://www.amazon.in/gp/customer-reviews/R33YH7J1XTRDVY/ref=cm_cr_othr_d_rvw_ttl?ie=UTF8&ASIN=B08FB2H6Y4,One person found this helpful,"After using it for a few days , from what I have noticed that it's not much impressive as I thought it would be , i'll just rate the things based on my experience with the item.Sound quality - 3.5/5Volume Control - 3/5Bass - 4.5/5Loudness - 3/5Charging - 4/5From this you can pretty much tell that it's not good enough for its price range. I believe there's other brand that provide better options.Overall i'd rate it around - 3.8/5",True,False,['https://m.media-amazon.com/images/I/71VUhLkeEFL._SY88.jpg'],2024-10-02,34,"Colour: Black, Size: Standard, Pattern Name: Speaker","[{'key': 'Colour', 'value': 'Black'}, {'key': 'Size', 'value': 'Standard'}, {'key': 'Pattern Name', 'value': 'Speaker'}]",,,https://www.amazon.in/product-reviews/B08FB2H6Y4?pageNumber=5&filterByStar=all_stars&sortBy=helpful&formatType=all_formats&asin=B08FB2H6Y4&reftag=cm_cr_arp_d_paging_btm_next_5&scope=reviewsAjax0,allStars,,B08FB2H6Y4,B08FB2H6Y4,B08FB2H6Y4,"{'price': None, 'listPrice': None}",https://www.amazon.in//JBL-Wireless-Portable-Bluetooth-Waterproof/dp/B08FB2H6Y4/ref=zg_bs_g_1389365031_d_sccl_2/260-9443465-0628262?psc=1,India,
Reviewed in India on 17 November 2024,amzn1.account.AGZB5YPMPRJBYHXW57VOVVYQGXSQ,https://www.amazon.in/gp/profile/amzn1.account.AGZB5YPMPRJBYHXW57VOVVYQGXSQ/ref=cm_cr_othr_d_gw_tr?ie=UTF8,5,Ok,RT9YQEDKKX0G2,https://www.amazon.in/gp/customer-reviews/RT9YQEDKKX0G2/ref=cm_cr_othr_d_rvw_ttl?ie=UTF8&ASIN=B08FB2H6Y4,,Ok,True,False,[],2024-11-17,35,"Colour: Black, Size: Standard, Pattern Name: Speaker","[{'key': 'Colour', 'value': 'Black'}, {'key': 'Size', 'value': 'Standard'}, {'key': 'Pattern Name', 'value': 'Speaker'}]",,,https://www.amazon.in/product-reviews/B08FB2H6Y4?pageNumber=5&filterByStar=all_stars&sortBy=helpful&formatType=all_formats&asin=B08FB2H6Y4&reftag=cm_cr_arp_d_paging_btm_next_5&scope=reviewsAjax0,allStars,,B08FB2H6Y4,B08FB2H6Y4,B08FB2H6Y4,"{'price': None, 'listPrice': None}",https://www.amazon.in//JBL-Wireless-Portable-Bluetooth-Waterproof/dp/B08FB2H6Y4/ref=zg_bs_g_1389365031_d_sccl_2/260-9443465-0628262?psc=1,India,
Reviewed in India on 26 August 2024,amzn1.account.AFFNYH7VE5B2RKBUG4UBVE4WTPZA,https://www.amazon.in/gp/profile/amzn1.account.AFFNYH7VE5B2RKBUG4UBVE4WTPZA/ref=cm_cr_othr_d_gw_tr?ie=UTF8,5,Good quality sound with good bass,R1ALUU0U4SGO8X,https://www.amazon.in/gp/customer-reviews/R1ALUU0U4SGO8X/ref=cm_cr_othr_d_rvw_ttl?ie=UTF8&ASIN=B08FB2H6Y4,,"The speakers are really good in this price segment. The sound quality is crystal clear and it did surprise me how much bass this small speaker can produce, love listening to songs on this.The build quality is very good. The rugged look of the speakers with the JBL logo looks very good. Also, it is waterproof, not tried it but have seen many youtube videos seeing the speaker producing sound even submerged under water.In the small speaker range, this is unquestionably recommended. 10/10",True,False,[],2024-08-26,36,"Colour: Black, Size: Standard, Pattern Name: Speaker","[{'key': 'Colour', 'value': 'Black'}, {'key': 'Size', 'value': 'Standard'}, {'key': 'Pattern Name', 'value': 'Speaker'}]",,,https://www.amazon.in/product-reviews/B08FB2H6Y4?pageNumber=5&filterByStar=all_stars&sortBy=helpful&formatType=all_formats&asin=B08FB2H6Y4&reftag=cm_cr_arp_d_paging_btm_next_5&scope=reviewsAjax0,allStars,,B08FB2H6Y4,B08FB2H6Y4,B08FB2H6Y4,"{'price': None, 'listPrice': None}",https://www.amazon.in//JBL-Wireless-Portable-Bluetooth-Waterproof/dp/B08FB2H6Y4/ref=zg_bs_g_1389365031_d_sccl_2/260-9443465-0628262?psc=1,India,
Reviewed in India on 20 August 2024,amzn1.account.AF637YWUDNHPDUVTV4UCWSIHFKVA,https://www.amazon.in/gp/profile/amzn1.account.AF637YWUDNHPDUVTV4UCWSIHFKVA/ref=cm_cr_othr_d_gw_tr?ie=UTF8,4,Battery life,RT6MDV4K48ECU,https://www.amazon.in/gp/customer-reviews/RT6MDV4K48ECU/ref=cm_cr_othr_d_rvw_ttl?ie=UTF8&ASIN=B08FB2H6Y4,,Battery life only 5 to 6 hours after full charge you can't see battery percentage.,True,False,[],2024-08-20,37,"Colour: Black, Size: Standard, Pattern Name: Speaker","[{'key': 'Colour', 'value': 'Black'}, {'key': 'Size', 'value': 'Standard'}, {'key': 'Pattern Name', 'value': 'Speaker'}]",,,https://www.amazon.in/product-reviews/B08FB2H6Y4?pageNumber=5&filterByStar=all_stars&sortBy=helpful&formatType=all_formats&asin=B08FB2H6Y4&reftag=cm_cr_arp_d_paging_btm_next_5&scope=reviewsAjax0,allStars,,B08FB2H6Y4,B08FB2H6Y4,B08FB2H6Y4,"{'price': None, 'listPrice': None}",https://www.amazon.in//JBL-Wireless-Portable-Bluetooth-Waterproof/dp/B08FB2H6Y4/ref=zg_bs_g_1389365031_d_sccl_2/260-9443465-0628262?psc=1,India,
Reviewed in India on 10 November 2024,amzn1.account.AEUM6LB4HGWCZCN4AMDTGTZQB6AQ,https://www.amazon.in/gp/profile/amzn1.account.AEUM6LB4HGWCZCN4AMDTGTZQB6AQ/ref=cm_cr_othr_d_gw_tr?ie=UTF8,5,Great base and sound,R2WQRYSFVBXSV0,https://www.amazon.in/gp/customer-reviews/R2WQRYSFVBXSV0/ref=cm_cr_othr_d_rvw_ttl?ie=UTF8&ASIN=B08FB2H6Y4,,Its tiny but packs a punch. Battery life is satisfactory.,True,False,[],2024-11-10,38,"Colour: Black, Size: Standard, Pattern Name: Speaker","[{'key': 'Colour', 'value': 'Black'}, {'key': 'Size', 'value': 'Standard'}, {'key': 'Pattern Name', 'value': 'Speaker'}]",,,https://www.amazon.in/product-reviews/B08FB2H6Y4?pageNumber=5&filterByStar=all_stars&sortBy=helpful&formatType=all_formats&asin=B08FB2H6Y4&reftag=cm_cr_arp_d_paging_btm_next_5&scope=reviewsAjax0,allStars,,B08FB2H6Y4,B08FB2H6Y4,B08FB2H6Y4,"{'price': None, 'listPrice': None}",https://www.amazon.in//JBL-Wireless-Portable-Bluetooth-Waterproof/dp/B08FB2H6Y4/ref=zg_bs_g_1389365031_d_sccl_2/260-9443465-0628262?psc=1,India,
Reviewed in India on 1 September 2024,amzn1.account.AFM6ZXVBBU6SR62PGH2JXWJZB5OA,https://www.amazon.in/gp/profile/amzn1.account.AFM6ZXVBBU6SR62PGH2JXWJZB5OA/ref=cm_cr_othr_d_gw_tr?ie=UTF8,4,A good speaker.,R3J7QTWHTNWYG1,https://www.amazon.in/gp/customer-reviews/R3J7QTWHTNWYG1/ref=cm_cr_othr_d_rvw_ttl?ie=UTF8&ASIN=B08FB2H6Y4,,Liking it since i bought it.,True,False,[],2024-09-01,39,"Colour: Black, Size: Standard, Pattern Name: Speaker","[{'key': 'Colour', 'value': 'Black'}, {'key': 'Size', 'value': 'Standard'}, {'key': 'Pattern Name', 'value': 'Speaker'}]",,,https://www.amazon.in/product-reviews/B08FB2H6Y4?pageNumber=5&filterByStar=all_stars&sortBy=helpful&formatType=all_formats&asin=B08FB2H6Y4&reftag=cm_cr_arp_d_paging_btm_next_5&scope=reviewsAjax0,allStars,,B08FB2H6Y4,B08FB2H6Y4,B08FB2H6Y4,"{'price': None, 'listPrice': None}",https://www.amazon.in//JBL-Wireless-Portable-Bluetooth-Waterproof/dp/B08FB2H6Y4/ref=zg_bs_g_1389365031_d_sccl_2/260-9443465-0628262?psc=1,India,
Reviewed in India on 29 November 2024,amzn1.account.AFV7PWMT7IY446GKCIF5EMQHT43A,https://www.amazon.in/gp/profile/amzn1.account.AFV7PWMT7IY446GKCIF5EMQHT43A/ref=cm_cr_othr_d_gw_tr?ie=UTF8,5,Worth it,R2O9HSYEKCOLAA,https://www.amazon.in/gp/customer-reviews/R2O9HSYEKCOLAA/ref=cm_cr_othr_d_rvw_ttl?ie=UTF8&ASIN=B08FB2H6Y4,One person found this helpful,"The media could not be loaded.
                
            
                
            
            
        
    
    








  
  
     Good quality. recommend it",True,False,['https://m.media-amazon.com/images/I/71dvrM3FsgL._SY88.jpg'],2024-11-29,40,"Colour: Black, Size: Standard, Pattern Name: Speaker","[{'key': 'Colour', 'value': 'Black'}, {'key': 'Size', 'value': 'Standard'}, {'key': 'Pattern Name', 'value': 'Speaker'}]",,,https://www.amazon.in/product-reviews/B08FB2H6Y4?pageNumber=5&filterByStar=all_stars&sortBy=helpful&formatType=all_formats&asin=B08FB2H6Y4&reftag=cm_cr_arp_d_paging_btm_next_5&scope=reviewsAjax0,allStars,,B08FB2H6Y4,B08FB2H6Y4,B08FB2H6Y4,"{'price': None, 'listPrice': None}",https://www.amazon.in//JBL-Wireless-Portable-Bluetooth-Waterproof/dp/B08FB2H6Y4/ref=zg_bs_g_1389365031_d_sccl_2/260-9443465-0628262?psc=1,India,
Reviewed in India on 27 October 2024,amzn1.account.AGQXUM2ZDSIQO3IN5RUYTXFXVVMA,https://www.amazon.in/gp/profile/amzn1.account.AGQXUM2ZDSIQO3IN5RUYTXFXVVMA/ref=cm_cr_othr_d_gw_tr?ie=UTF8,5,Great so far!,R3MEGTUW9IDP8Q,https://www.amazon.in/gp/customer-reviews/R3MEGTUW9IDP8Q/ref=cm_cr_othr_d_rvw_ttl?ie=UTF8&ASIN=B08FB2H6Y4,,"Been using for a few months, no complaint at all. Sound quality is quite crisp and loud as well, with good bass. Connectivity is also good.",True,False,[],2024-10-27,41,"Colour: Black, Size: Standard, Pattern Name: Speaker","[{'key': 'Colour', 'value': 'Black'}, {'key': 'Size', 'value': 'Standard'}, {'key': 'Pattern Name', 'value': 'Speaker'}]",,,https://www.amazon.in/product-reviews/B08FB2H6Y4?pageNumber=6&filterByStar=all_stars&sortBy=helpful&formatType=all_formats&asin=B08FB2H6Y4&reftag=cm_cr_arp_d_paging_btm_next_6&scope=reviewsAjax0,allStars,,B08FB2H6Y4,B08FB2H6Y4,B08FB2H6Y4,"{'price': None, 'listPrice': None}",https://www.amazon.in//JBL-Wireless-Portable-Bluetooth-Waterproof/dp/B08FB2H6Y4/ref=zg_bs_g_1389365031_d_sccl_2/260-9443465-0628262?psc=1,India,
Reviewed in India on 14 October 2024,amzn1.account.AGNDPF6MRROPX3WFJHW45NQXLXYQ,https://www.amazon.in/gp/profile/amzn1.account.AGNDPF6MRROPX3WFJHW45NQXLXYQ/ref=cm_cr_othr_d_gw_tr?ie=UTF8,3,Not value for money,R1KDHSVS0NCCH7,https://www.amazon.in/gp/customer-reviews/R1KDHSVS0NCCH7/ref=cm_cr_othr_d_rvw_ttl?ie=UTF8&ASIN=B08FB2H6Y4,,I have used JBL GO2 .  The volume of GO3 is less than GO2.  The volume is supressed may be because of protection mesh  coating.,True,False,[],2024-10-14,42,"Colour: Black, Size: Standard, Pattern Name: Speaker","[{'key': 'Colour', 'value': 'Black'}, {'key': 'Size', 'value': 'Standard'}, {'key': 'Pattern Name', 'value': 'Speaker'}]",,,https://www.amazon.in/product-reviews/B08FB2H6Y4?pageNumber=6&filterByStar=all_stars&sortBy=helpful&formatType=all_formats&asin=B08FB2H6Y4&reftag=cm_cr_arp_d_paging_btm_next_6&scope=reviewsAjax0,allStars,,B08FB2H6Y4,B08FB2H6Y4,B08FB2H6Y4,"{'price': None, 'listPrice': None}",https://www.amazon.in//JBL-Wireless-Portable-Bluetooth-Waterproof/dp/B08FB2H6Y4/ref=zg_bs_g_1389365031_d_sccl_2/260-9443465-0628262?psc=1,India,
Reviewed in India on 20 August 2024,amzn1.account.AE6TWRYCEUJG3GADRSVTKA52Q7MQ,https://www.amazon.in/gp/profile/amzn1.account.AE6TWRYCEUJG3GADRSVTKA52Q7MQ/ref=cm_cr_othr_d_gw_tr?ie=UTF8,5,No regrets!!!,R2SSQCUS69MOK1,https://www.amazon.in/gp/customer-reviews/R2SSQCUS69MOK1/ref=cm_cr_othr_d_rvw_ttl?ie=UTF8&ASIN=B08FB2H6Y4,3 people found this helpful,"Sound quality no explanation ,it's the beastBass need a equaliser (sound effects) or without it is also opAux not required  it's 2024One thing to be noticed 2 or more go 3s can't be connected to each otherBut it's okay it's a speaker with a op sound that's enoughNo distortion at any moment not even in low battery 100% volume or full battery 100% volumeNo chance of low quality soundJust GO for it !!!!!!!!",True,False,['https://m.media-amazon.com/images/I/71P6gdXKeuL._SY88.jpg'],2024-08-20,43,"Colour: Black, Size: Standard, Pattern Name: Speaker","[{'key': 'Colour', 'value': 'Black'}, {'key': 'Size', 'value': 'Standard'}, {'key': 'Pattern Name', 'value': 'Speaker'}]",,,https://www.amazon.in/product-reviews/B08FB2H6Y4?pageNumber=6&filterByStar=all_stars&sortBy=helpful&formatType=all_formats&asin=B08FB2H6Y4&reftag=cm_cr_arp_d_paging_btm_next_6&scope=reviewsAjax0,allStars,,B08FB2H6Y4,B08FB2H6Y4,B08FB2H6Y4,"{'price': None, 'listPrice': None}",https://www.amazon.in//JBL-Wireless-Portable-Bluetooth-Waterproof/dp/B08FB2H6Y4/ref=zg_bs_g_1389365031_d_sccl_2/260-9443465-0628262?psc=1,India,
Reviewed in India on 31 October 2024,amzn1.account.AHHB3TRXOC6WPJXEC3YNC3WNX4BA,https://www.amazon.in/gp/profile/amzn1.account.AHHB3TRXOC6WPJXEC3YNC3WNX4BA/ref=cm_cr_othr_d_gw_tr?ie=UTF8,5,Quality,R8ICJ4VYNI711,https://www.amazon.in/gp/customer-reviews/R8ICJ4VYNI711/ref=cm_cr_othr_d_rvw_ttl?ie=UTF8&ASIN=B08FB2H6Y4,,The sound and build quality is good in the given price.,True,False,[],2024-10-31,44,"Colour: Black, Size: Standard, Pattern Name: Speaker","[{'key': 'Colour', 'value': 'Black'}, {'key': 'Size', 'value': 'Standard'}, {'key': 'Pattern Name', 'value': 'Speaker'}]",,,https://www.amazon.in/product-reviews/B08FB2H6Y4?pageNumber=6&filterByStar=all_stars&sortBy=helpful&formatType=all_formats&asin=B08FB2H6Y4&reftag=cm_cr_arp_d_paging_btm_next_6&scope=reviewsAjax0,allStars,,B08FB2H6Y4,B08FB2H6Y4,B08FB2H6Y4,"{'price': None, 'listPrice': None}",https://www.amazon.in//JBL-Wireless-Portable-Bluetooth-Waterproof/dp/B08FB2H6Y4/ref=zg_bs_g_1389365031_d_sccl_2/260-9443465-0628262?psc=1,India,
Reviewed in India on 13 July 2024,amzn1.account.AEUCNAM4KLZUXT4KE7MOHQS6JM6Q,https://www.amazon.in/gp/profile/amzn1.account.AEUCNAM4KLZUXT4KE7MOHQS6JM6Q/ref=cm_cr_othr_d_gw_tr?ie=UTF8,4,"Excellent for YouTube, podcasts and movies.",R1XEPKR6LSIJOX,https://www.amazon.in/gp/customer-reviews/R1XEPKR6LSIJOX/ref=cm_cr_othr_d_rvw_ttl?ie=UTF8&ASIN=B08FB2H6Y4,4 people found this helpful,"Very convenient form factor, good sound quality. Best suited for watching YouTube or movies or podcasts, since JBLs are known for good vocals, trebles and mid ranges.Wouldn't recommend it for listening to music, afterall it's a low end small speaker.",True,False,"['https://m.media-amazon.com/images/I/71ojaxQxxeL._SY88.jpg', 'https://m.media-amazon.com/images/I/71xluCOyKuL._SY88.jpg', 'https://m.media-amazon.com/images/I/81CTKpwbK7L._SY88.jpg']",2024-07-13,45,"Colour: Black, Size: Standard, Pattern Name: Speaker","[{'key': 'Colour', 'value': 'Black'}, {'key': 'Size', 'value': 'Standard'}, {'key': 'Pattern Name', 'value': 'Speaker'}]",,,https://www.amazon.in/product-reviews/B08FB2H6Y4?pageNumber=6&filterByStar=all_stars&sortBy=helpful&formatType=all_formats&asin=B08FB2H6Y4&reftag=cm_cr_arp_d_paging_btm_next_6&scope=reviewsAjax0,allStars,,B08FB2H6Y4,B08FB2H6Y4,B08FB2H6Y4,"{'price': None, 'listPrice': None}",https://www.amazon.in//JBL-Wireless-Portable-Bluetooth-Waterproof/dp/B08FB2H6Y4/ref=zg_bs_g_1389365031_d_sccl_2/260-9443465-0628262?psc=1,India,
Reviewed in India on 16 October 2024,amzn1.account.AG4DLCG3CYVWFWOVEH5HL7U4LWUQ,https://www.amazon.in/gp/profile/amzn1.account.AG4DLCG3CYVWFWOVEH5HL7U4LWUQ/ref=cm_cr_othr_d_gw_tr?ie=UTF8,5,Best sound quality with this price,RF39LLJHE932M,https://www.amazon.in/gp/customer-reviews/RF39LLJHE932M/ref=cm_cr_othr_d_rvw_ttl?ie=UTF8&ASIN=B08FB2H6Y4,,Best sound quality with this priceWe can easily carry. Battery life is really good. It charges fast.Bass sound is good.,True,False,[],2024-10-16,46,"Colour: Black, Size: Standard, Pattern Name: Speaker","[{'key': 'Colour', 'value': 'Black'}, {'key': 'Size', 'value': 'Standard'}, {'key': 'Pattern Name', 'value': 'Speaker'}]",,,https://www.amazon.in/product-reviews/B08FB2H6Y4?pageNumber=6&filterByStar=all_stars&sortBy=helpful&formatType=all_formats&asin=B08FB2H6Y4&reftag=cm_cr_arp_d_paging_btm_next_6&scope=reviewsAjax0,allStars,,B08FB2H6Y4,B08FB2H6Y4,B08FB2H6Y4,"{'price': None, 'listPrice': None}",https://www.amazon.in//JBL-Wireless-Portable-Bluetooth-Waterproof/dp/B08FB2H6Y4/ref=zg_bs_g_1389365031_d_sccl_2/260-9443465-0628262?psc=1,India,
Reviewed in India on 15 August 2024,amzn1.account.AFMKXJ2YH2RU2JOMOZTGSKU2ITCQ,https://www.amazon.in/gp/profile/amzn1.account.AFMKXJ2YH2RU2JOMOZTGSKU2ITCQ/ref=cm_cr_othr_d_gw_tr?ie=UTF8,4,Awsome product,RBCY9DTO7NTK7,https://www.amazon.in/gp/customer-reviews/RBCY9DTO7NTK7/ref=cm_cr_othr_d_rvw_ttl?ie=UTF8&ASIN=B08FB2H6Y4,5 people found this helpful,"The media could not be loaded.
                
            
                
            
            
        
    
    








  
  
     Its an amzing product with superb sound quality.. worth for money...",True,False,['https://m.media-amazon.com/images/I/71wvHp3BDJL._SY88.jpg'],2024-08-15,47,"Colour: Black, Size: Standard, Pattern Name: Speaker","[{'key': 'Colour', 'value': 'Black'}, {'key': 'Size', 'value': 'Standard'}, {'key': 'Pattern Name', 'value': 'Speaker'}]",,,https://www.amazon.in/product-reviews/B08FB2H6Y4?pageNumber=6&filterByStar=all_stars&sortBy=helpful&formatType=all_formats&asin=B08FB2H6Y4&reftag=cm_cr_arp_d_paging_btm_next_6&scope=reviewsAjax0,allStars,,B08FB2H6Y4,B08FB2H6Y4,B08FB2H6Y4,"{'price': None, 'listPrice': None}",https://www.amazon.in//JBL-Wireless-Portable-Bluetooth-Waterproof/dp/B08FB2H6Y4/ref=zg_bs_g_1389365031_d_sccl_2/260-9443465-0628262?psc=1,India,
Reviewed in India on 4 November 2024,amzn1.account.AGZJBVWRDXDYZZQ7UNPOX5YCXX2Q,https://www.amazon.in/gp/profile/amzn1.account.AGZJBVWRDXDYZZQ7UNPOX5YCXX2Q/ref=cm_cr_othr_d_gw_tr?ie=UTF8,5,Amazing,R32RVGO2PR5TXM,https://www.amazon.in/gp/customer-reviews/R32RVGO2PR5TXM/ref=cm_cr_othr_d_rvw_ttl?ie=UTF8&ASIN=B08FB2H6Y4,,Fabulous 😍 I am happy with it,True,False,[],2024-11-04,48,"Colour: Black, Size: Standard, Pattern Name: Speaker","[{'key': 'Colour', 'value': 'Black'}, {'key': 'Size', 'value': 'Standard'}, {'key': 'Pattern Name', 'value': 'Speaker'}]",,,https://www.amazon.in/product-reviews/B08FB2H6Y4?pageNumber=6&filterByStar=all_stars&sortBy=helpful&formatType=all_formats&asin=B08FB2H6Y4&reftag=cm_cr_arp_d_paging_btm_next_6&scope=reviewsAjax0,allStars,,B08FB2H6Y4,B08FB2H6Y4,B08FB2H6Y4,"{'price': None, 'listPrice': None}",https://www.amazon.in//JBL-Wireless-Portable-Bluetooth-Waterproof/dp/B08FB2H6Y4/ref=zg_bs_g_1389365031_d_sccl_2/260-9443465-0628262?psc=1,India,
