reviewedIn,userId,userProfileLink,ratingScore,reviewTitle,reviewId,reviewUrl,reviewReaction,reviewDescription,isVerified,isAmazonVine,reviewImages,date,position,variant,variantAttributes,totalCategoryRatings,totalCategoryReviews,reviewCategoryUrl,filterByRating,filterByKeyword,productAsin,productOriginalAsin,variantAsin,product,input,country,countryCode
Reviewed in India on 10 January 2025,amzn1.account.AE6QMUU6QNJIZMCAJK7MR5IWJQ5A,https://www.amazon.in/gp/profile/amzn1.account.AE6QMUU6QNJIZMCAJK7MR5IWJQ5A/ref=cm_cr_othr_d_gw_tr?ie=UTF8,1,Dont tust on Boat don't purchase its product.,RZF32JX0DJYV6,https://www.amazon.in/gp/customer-reviews/RZF32JX0DJYV6/ref=cm_cr_othr_d_rvw_ttl?ie=UTF8&ASIN=B0DHDDF2LK,15 people found this helpful,"Boat is a scam. After 2 months only I'm facing the issue in the woofer of sound bar. After claiming the warranty technician called and talking rudely, cut the phone. I don't have any clue when will they visit. As if I have not purchased the product but they given me in Charity. Boat is pathetic. Pathetic product, Pathetic sound, Pathetic Service.I made a mistake by purchasing boat product. Please don't proceed with them otherwise you'll cry.",True,False,['https://m.media-amazon.com/images/I/61VGOb4wlHL._SY88.jpg'],2025-01-10,1,,[],,,https://www.amazon.in/product-reviews/B0DHDDF2LK?pageNumber=1&filterByStar=all_stars&sortBy=helpful&formatType=all_formats&asin=B0DHDDF2LK&reftag=cm_cr_arp_d_paging_btm_next_1&scope=reviewsAjax0,allStars,,B0DHDDF2LK,B0DHDDF2LK,B0DHDDF2LK,"{'price': None, 'listPrice': None}",https://www.amazon.in//boAt-Aavante-Bar-Azure-Pro/dp/B0DHDDF2LK/ref=zg_bs_g_1389365031_d_sccl_16/260-9443465-0628262?psc=1,India,
Reviewed in India on 11 October 2024,amzn1.account.AHWPFC4I5HHUR6S3Y4NFD7XD3FGA,https://www.amazon.in/gp/profile/amzn1.account.AHWPFC4I5HHUR6S3Y4NFD7XD3FGA/ref=cm_cr_othr_d_gw_tr?ie=UTF8,5,One of the best Mid-Range Sound Bar,R31KIQU1TC46B8,https://www.amazon.in/gp/customer-reviews/R31KIQU1TC46B8/ref=cm_cr_othr_d_rvw_ttl?ie=UTF8&ASIN=B0DHDDF2LK,4 people found this helpful,"Overall a well balanced soundbar with full range surround speakers. The wirelesss connectivity of the rear satellite speakers works like a charm. The rear satellite speakers are powered by a 24V adapter (Adapter to be plugged into one speaker and the second speaker is connected through a very long aux cable). The rear satellite speakers works like a full range front speakers with crystal clear audio. The bass is on the higher side (Levels can be adjusted as required). It has an immersive bass, which will not hamper your listening experience by unnecessarily thumping...It has a very good build quality, no cheap plastics and no visible panel gaps - Looks premium. The panels are made of glossy plastic which might get scratched.Update: If the satellite speakers are placed in direct line facing the soundbar, there will be a static noise. But when the satellite speakers are turned away from the sound bar, this static noise can be nullified.",True,False,[],2024-10-11,2,,[],,,https://www.amazon.in/product-reviews/B0DHDDF2LK?pageNumber=1&filterByStar=all_stars&sortBy=helpful&formatType=all_formats&asin=B0DHDDF2LK&reftag=cm_cr_arp_d_paging_btm_next_1&scope=reviewsAjax0,allStars,,B0DHDDF2LK,B0DHDDF2LK,B0DHDDF2LK,"{'price': None, 'listPrice': None}",https://www.amazon.in//boAt-Aavante-Bar-Azure-Pro/dp/B0DHDDF2LK/ref=zg_bs_g_1389365031_d_sccl_16/260-9443465-0628262?psc=1,India,
Reviewed in India on 16 October 2024,amzn1.account.AE7WBJ24N4ZUH7CFFKXQGGFULVLQ,https://www.amazon.in/gp/profile/amzn1.account.AE7WBJ24N4ZUH7CFFKXQGGFULVLQ/ref=cm_cr_othr_d_gw_tr?ie=UTF8,4,Nice Soundbar,R1KWCNB3AQZEW4,https://www.amazon.in/gp/customer-reviews/R1KWCNB3AQZEW4/ref=cm_cr_othr_d_rvw_ttl?ie=UTF8&ASIN=B0DHDDF2LK,10 people found this helpful,"Sound Quality is very good, Surround sound is very good, No voice Breaking, its wireless satellite speakers works very well in long range too, but the bass and loudness is little bit low according to 550watt, On paper it shows 550watt but it doesn't feel like that powerful, bass and loudness is balanced not overpowered, I will not recommend this product for bass lovers and party music lovers, but it is very good for watching movies and content because of its clear dialogue supply and very clear sound quality, (And one more thing in image it shows display and control panel is in woofer but it is in soundbar but that is not a problem it works very well). Overall nice soundbar 👍. I like it.",True,False,"['https://m.media-amazon.com/images/I/61H542tpsLL._SY88.jpg', 'https://m.media-amazon.com/images/I/61p4wkNIUoL._SY88.jpg']",2024-10-16,3,,[],,,https://www.amazon.in/product-reviews/B0DHDDF2LK?pageNumber=1&filterByStar=all_stars&sortBy=helpful&formatType=all_formats&asin=B0DHDDF2LK&reftag=cm_cr_arp_d_paging_btm_next_1&scope=reviewsAjax0,allStars,,B0DHDDF2LK,B0DHDDF2LK,B0DHDDF2LK,"{'price': None, 'listPrice': None}",https://www.amazon.in//boAt-Aavante-Bar-Azure-Pro/dp/B0DHDDF2LK/ref=zg_bs_g_1389365031_d_sccl_16/260-9443465-0628262?psc=1,India,
Reviewed in India on 7 October 2024,amzn1.account.AENXKV7OENOPJNZHHPGWDUXEDADQ,https://www.amazon.in/gp/profile/amzn1.account.AENXKV7OENOPJNZHHPGWDUXEDADQ/ref=cm_cr_othr_d_gw_tr?ie=UTF8,2,Poor Quality and Frustrating Experience,R3FPE3DP5YYJ1J,https://www.amazon.in/gp/customer-reviews/R3FPE3DP5YYJ1J/ref=cm_cr_othr_d_rvw_ttl?ie=UTF8&ASIN=B0DHDDF2LK,24 people found this helpful,"The media could not be loaded.
                
            
                
            
        
    
    








  
  
     After spending time setting up the boAt Aavante Bar Azure Pro, I immediately noticed the satellite speakers had a crackling sound, and the voice kept breaking. Extremely disappointing for a product at this price point.Now, I’m stuck having to pack everything up for a replacement, which means more wasted time. Nad still, not sure if the product would be good enough.For the quality I received, it’s not worth the effort. Definitely expected better from boAt and hope next replacement item would be worth it.",True,False,[],2024-10-07,4,,[],,,https://www.amazon.in/product-reviews/B0DHDDF2LK?pageNumber=1&filterByStar=all_stars&sortBy=helpful&formatType=all_formats&asin=B0DHDDF2LK&reftag=cm_cr_arp_d_paging_btm_next_1&scope=reviewsAjax0,allStars,,B0DHDDF2LK,B0DHDDF2LK,B0DHDDF2LK,"{'price': None, 'listPrice': None}",https://www.amazon.in//boAt-Aavante-Bar-Azure-Pro/dp/B0DHDDF2LK/ref=zg_bs_g_1389365031_d_sccl_16/260-9443465-0628262?psc=1,India,
Reviewed in India on 19 January 2025,amzn1.account.AFIPEQXP5HZNTIRJVWA2UE6JTE2Q,https://www.amazon.in/gp/profile/amzn1.account.AFIPEQXP5HZNTIRJVWA2UE6JTE2Q/ref=cm_cr_othr_d_gw_tr?ie=UTF8,1,With in 10 days not working,R811G424081Z3,https://www.amazon.in/gp/customer-reviews/R811G424081Z3/ref=cm_cr_othr_d_rvw_ttl?ie=UTF8&ASIN=B0DHDDF2LK,,"The media could not be loaded.
                
            
                
            
        
    
    








  
  
     Within 10 days not working this productI registered for claim after 2days technician visit my home what's the problem I askHe says sound bar is  board was sorted we want board replace in warranty very poor quality I was expected very nice productBut this is not nice product I am in depression this product",True,False,"['https://m.media-amazon.com/images/I/71l6zEbHOyL._SY88.jpg', 'https://m.media-amazon.com/images/I/817i3nka5oL._SY88.jpg']",2025-01-19,5,,[],,,https://www.amazon.in/product-reviews/B0DHDDF2LK?pageNumber=1&filterByStar=all_stars&sortBy=helpful&formatType=all_formats&asin=B0DHDDF2LK&reftag=cm_cr_arp_d_paging_btm_next_1&scope=reviewsAjax0,allStars,,B0DHDDF2LK,B0DHDDF2LK,B0DHDDF2LK,"{'price': None, 'listPrice': None}",https://www.amazon.in//boAt-Aavante-Bar-Azure-Pro/dp/B0DHDDF2LK/ref=zg_bs_g_1389365031_d_sccl_16/260-9443465-0628262?psc=1,India,
Reviewed in India on 5 January 2025,amzn1.account.AGLA6ADCWNNMQ77PJVZC7LV56VEA,https://www.amazon.in/gp/profile/amzn1.account.AGLA6ADCWNNMQ77PJVZC7LV56VEA/ref=cm_cr_othr_d_gw_tr?ie=UTF8,5,One Of The Best Home Theatre I've Used Till Now,R25DCAW9KLG9PA,https://www.amazon.in/gp/customer-reviews/R25DCAW9KLG9PA/ref=cm_cr_othr_d_rvw_ttl?ie=UTF8&ASIN=B0DHDDF2LK,One person found this helpful,"The Quality Of Sound, The Bass, The Trible Everything Is Uptodate. This Home Theatre Is THE BEST AS COMPARED TO OTHER ONCE, I must say You should Keep This in your List While Comparing with others.The Build Quality is mind blowing,The Design is OutstandingThe bluetooth connectivity range is just wow, no Buffer from more than 30-40fts also.MUST USETOTALLY VALUE FOR MONEY",True,False,[],2025-01-05,6,,[],,,https://www.amazon.in/product-reviews/B0DHDDF2LK?pageNumber=1&filterByStar=all_stars&sortBy=helpful&formatType=all_formats&asin=B0DHDDF2LK&reftag=cm_cr_arp_d_paging_btm_next_1&scope=reviewsAjax0,allStars,,B0DHDDF2LK,B0DHDDF2LK,B0DHDDF2LK,"{'price': None, 'listPrice': None}",https://www.amazon.in//boAt-Aavante-Bar-Azure-Pro/dp/B0DHDDF2LK/ref=zg_bs_g_1389365031_d_sccl_16/260-9443465-0628262?psc=1,India,
Reviewed in India on 14 October 2024,amzn1.account.AGJVUKFYDA6L3JVAUW3XP7DILJJA,https://www.amazon.in/gp/profile/amzn1.account.AGJVUKFYDA6L3JVAUW3XP7DILJJA/ref=cm_cr_othr_d_gw_tr?ie=UTF8,3,Rear Satellite Speakers cranking noise,R1GBFIDC38RDUY,https://www.amazon.in/gp/customer-reviews/R1GBFIDC38RDUY/ref=cm_cr_othr_d_rvw_ttl?ie=UTF8&ASIN=B0DHDDF2LK,,"Rear Satellite Speakers getting noisy even in 3 meter range,very disappointed and i won't think boat brand like this...",True,False,[],2024-10-14,7,,[],,,https://www.amazon.in/product-reviews/B0DHDDF2LK?pageNumber=1&filterByStar=all_stars&sortBy=helpful&formatType=all_formats&asin=B0DHDDF2LK&reftag=cm_cr_arp_d_paging_btm_next_1&scope=reviewsAjax0,allStars,,B0DHDDF2LK,B0DHDDF2LK,B0DHDDF2LK,"{'price': None, 'listPrice': None}",https://www.amazon.in//boAt-Aavante-Bar-Azure-Pro/dp/B0DHDDF2LK/ref=zg_bs_g_1389365031_d_sccl_16/260-9443465-0628262?psc=1,India,
Reviewed in India on 29 January 2025,amzn1.account.AEMOFI6D5ZAHIBSLWG7JDREXX67A,https://www.amazon.in/gp/profile/amzn1.account.AEMOFI6D5ZAHIBSLWG7JDREXX67A/ref=cm_cr_othr_d_gw_tr?ie=UTF8,4,nice,RURE048H5A66S,https://www.amazon.in/gp/customer-reviews/RURE048H5A66S/ref=cm_cr_othr_d_rvw_ttl?ie=UTF8&ASIN=B0DHDDF2LK,,Good audio quality.,True,False,[],2025-01-29,8,,[],,,https://www.amazon.in/product-reviews/B0DHDDF2LK?pageNumber=1&filterByStar=all_stars&sortBy=helpful&formatType=all_formats&asin=B0DHDDF2LK&reftag=cm_cr_arp_d_paging_btm_next_1&scope=reviewsAjax0,allStars,,B0DHDDF2LK,B0DHDDF2LK,B0DHDDF2LK,"{'price': None, 'listPrice': None}",https://www.amazon.in//boAt-Aavante-Bar-Azure-Pro/dp/B0DHDDF2LK/ref=zg_bs_g_1389365031_d_sccl_16/260-9443465-0628262?psc=1,India,
Reviewed in India on 27 October 2024,amzn1.account.AEGSY6ORRCWKSZTJO3SVKMZXAKEQ,https://www.amazon.in/gp/profile/amzn1.account.AEGSY6ORRCWKSZTJO3SVKMZXAKEQ/ref=cm_cr_othr_d_gw_tr?ie=UTF8,1,Sound issue,R3MTWGDBZX95SU,https://www.amazon.in/gp/customer-reviews/R3MTWGDBZX95SU/ref=cm_cr_othr_d_rvw_ttl?ie=UTF8&ASIN=B0DHDDF2LK,One person found this helpful,Connect problem to tv,True,False,[],2024-10-27,57,,[],,,https://www.amazon.in/product-reviews/B0DHDDF2LK?pageNumber=8&filterByStar=all_stars&sortBy=helpful&formatType=all_formats&asin=B0DHDDF2LK&reftag=cm_cr_arp_d_paging_btm_next_8&scope=reviewsAjax0,allStars,,B0DHDDF2LK,B0DHDDF2LK,B0DHDDF2LK,"{'price': None, 'listPrice': None}",https://www.amazon.in//boAt-Aavante-Bar-Azure-Pro/dp/B0DHDDF2LK/ref=zg_bs_g_1389365031_d_sccl_16/260-9443465-0628262?psc=1,India,
Reviewed in India on 22 October 2024,amzn1.account.AFFNARPXZHRMNU7JRA4OQSUTTP7Q,https://www.amazon.in/gp/profile/amzn1.account.AFFNARPXZHRMNU7JRA4OQSUTTP7Q/ref=cm_cr_othr_d_gw_tr?ie=UTF8,1,Speaker have cut sounds,R1HJ04FPNC2D80,https://www.amazon.in/gp/customer-reviews/R1HJ04FPNC2D80/ref=cm_cr_othr_d_rvw_ttl?ie=UTF8&ASIN=B0DHDDF2LK,3 people found this helpful,Low quality,True,False,[],2024-10-22,58,,[],,,https://www.amazon.in/product-reviews/B0DHDDF2LK?pageNumber=8&filterByStar=all_stars&sortBy=helpful&formatType=all_formats&asin=B0DHDDF2LK&reftag=cm_cr_arp_d_paging_btm_next_8&scope=reviewsAjax0,allStars,,B0DHDDF2LK,B0DHDDF2LK,B0DHDDF2LK,"{'price': None, 'listPrice': None}",https://www.amazon.in//boAt-Aavante-Bar-Azure-Pro/dp/B0DHDDF2LK/ref=zg_bs_g_1389365031_d_sccl_16/260-9443465-0628262?psc=1,India,
Reviewed in India on 25 January 2025,amzn1.account.AETSNUN5PALJ2ADDDUFLONJHN2KQ,https://www.amazon.in/gp/profile/amzn1.account.AETSNUN5PALJ2ADDDUFLONJHN2KQ/ref=cm_cr_othr_d_gw_tr?ie=UTF8,1,Received defective product.,R3R6U3TWA33M4C,https://www.amazon.in/gp/customer-reviews/R3R6U3TWA33M4C/ref=cm_cr_othr_d_rvw_ttl?ie=UTF8&ASIN=B0DHDDF2LK,,Do not buy this product. From packaging to built quality all you can expect is utter disappointment.Regardless of the actual reason I am writing this is that I recieved a defective product. Seemed like they just repacked the defected item and sent it to me.,False,False,[],2025-01-25,59,,[],,,https://www.amazon.in/product-reviews/B0DHDDF2LK?pageNumber=8&filterByStar=all_stars&sortBy=helpful&formatType=all_formats&asin=B0DHDDF2LK&reftag=cm_cr_arp_d_paging_btm_next_8&scope=reviewsAjax0,allStars,,B0DHDDF2LK,B0DHDDF2LK,B0DHDDF2LK,"{'price': None, 'listPrice': None}",https://www.amazon.in//boAt-Aavante-Bar-Azure-Pro/dp/B0DHDDF2LK/ref=zg_bs_g_1389365031_d_sccl_16/260-9443465-0628262?psc=1,India,
Reviewed in India on 28 January 2025,amzn1.account.AGQNSPGV4FHC6WJQ4CWCY5522NQQ,https://www.amazon.in/gp/profile/amzn1.account.AGQNSPGV4FHC6WJQ4CWCY5522NQQ/ref=cm_cr_othr_d_gw_tr?ie=UTF8,1,Pls don't buy boat any product,R3AWVD7WMOZI5S,https://www.amazon.in/gp/customer-reviews/R3AWVD7WMOZI5S/ref=cm_cr_othr_d_rvw_ttl?ie=UTF8&ASIN=B0DHDDF2LK,,"Pls don't buy boat prodect once warranty finish,you didnot get payed service,in market there is no spare parts for boat.once warrent finish this product garbage.",False,False,['https://m.media-amazon.com/images/I/61lqs-rxNaL._SY88.jpg'],2025-01-28,60,,[],,,https://www.amazon.in/product-reviews/B0DHDDF2LK?pageNumber=8&filterByStar=all_stars&sortBy=helpful&formatType=all_formats&asin=B0DHDDF2LK&reftag=cm_cr_arp_d_paging_btm_next_8&scope=reviewsAjax0,allStars,,B0DHDDF2LK,B0DHDDF2LK,B0DHDDF2LK,"{'price': None, 'listPrice': None}",https://www.amazon.in//boAt-Aavante-Bar-Azure-Pro/dp/B0DHDDF2LK/ref=zg_bs_g_1389365031_d_sccl_16/260-9443465-0628262?psc=1,India,
Reviewed in India on 16 October 2024,amzn1.account.AHXZBQH2PKAY6QN2NYJCIC6RXGNQ,https://www.amazon.in/gp/profile/amzn1.account.AHXZBQH2PKAY6QN2NYJCIC6RXGNQ/ref=cm_cr_othr_d_gw_tr?ie=UTF8,5,Very good product.  Very heavy sound,R1QFKUDUX7IQP6,https://www.amazon.in/gp/customer-reviews/R1QFKUDUX7IQP6/ref=cm_cr_othr_d_rvw_ttl?ie=UTF8&ASIN=B0DHDDF2LK,,Loved the experience.  Very high bass. Very convenient to set up.  Satellite speakers made watching movie fun. Would recommend to everyone,False,False,[],2024-10-16,61,,[],,,https://www.amazon.in/product-reviews/B0DHDDF2LK?pageNumber=8&filterByStar=all_stars&sortBy=helpful&formatType=all_formats&asin=B0DHDDF2LK&reftag=cm_cr_arp_d_paging_btm_next_8&scope=reviewsAjax0,allStars,,B0DHDDF2LK,B0DHDDF2LK,B0DHDDF2LK,"{'price': None, 'listPrice': None}",https://www.amazon.in//boAt-Aavante-Bar-Azure-Pro/dp/B0DHDDF2LK/ref=zg_bs_g_1389365031_d_sccl_16/260-9443465-0628262?psc=1,India,
Reviewed in India on 14 October 2024,amzn1.account.AGHT5VNDXGAOI35DTP7ETO2M5PBA,https://www.amazon.in/gp/profile/amzn1.account.AGHT5VNDXGAOI35DTP7ETO2M5PBA/ref=cm_cr_othr_d_gw_tr?ie=UTF8,5,Great sound and Bass,R1ECQWTNLWAYJK,https://www.amazon.in/gp/customer-reviews/R1ECQWTNLWAYJK/ref=cm_cr_othr_d_rvw_ttl?ie=UTF8&ASIN=B0DHDDF2LK,,"Happy customer for Boat. Really like the sound quality, bass and Rich, clear audio across various music genres. Recommend this product.",False,False,[],2024-10-14,62,,[],,,https://www.amazon.in/product-reviews/B0DHDDF2LK?pageNumber=8&filterByStar=all_stars&sortBy=helpful&formatType=all_formats&asin=B0DHDDF2LK&reftag=cm_cr_arp_d_paging_btm_next_8&scope=reviewsAjax0,allStars,,B0DHDDF2LK,B0DHDDF2LK,B0DHDDF2LK,"{'price': None, 'listPrice': None}",https://www.amazon.in//boAt-Aavante-Bar-Azure-Pro/dp/B0DHDDF2LK/ref=zg_bs_g_1389365031_d_sccl_16/260-9443465-0628262?psc=1,India,
Reviewed in India on 2 October 2024,amzn1.account.AHPZNKRYRKOJMMUMNSFR7IHJYSVQ,https://www.amazon.in/gp/profile/amzn1.account.AHPZNKRYRKOJMMUMNSFR7IHJYSVQ/ref=cm_cr_othr_d_gw_tr?ie=UTF8,5,This product is very nice,R3QIX0I87CRF0E,https://www.amazon.in/gp/customer-reviews/R3QIX0I87CRF0E/ref=cm_cr_othr_d_rvw_ttl?ie=UTF8&ASIN=B0DHDDF2LK,47 people found this helpful,This product is very nice nice base nice trable nice voice nice nice nice kya bolu abb bas doulbi nahi hai,False,False,[],2024-10-02,63,,[],,,https://www.amazon.in/product-reviews/B0DHDDF2LK?pageNumber=8&filterByStar=all_stars&sortBy=helpful&formatType=all_formats&asin=B0DHDDF2LK&reftag=cm_cr_arp_d_paging_btm_next_8&scope=reviewsAjax0,allStars,,B0DHDDF2LK,B0DHDDF2LK,B0DHDDF2LK,"{'price': None, 'listPrice': None}",https://www.amazon.in//boAt-Aavante-Bar-Azure-Pro/dp/B0DHDDF2LK/ref=zg_bs_g_1389365031_d_sccl_16/260-9443465-0628262?psc=1,India,
Reviewed in India on 26 October 2024,amzn1.account.AFPAEPKQ6DPHOSMPDBUF3FGDYHMQ,https://www.amazon.in/gp/profile/amzn1.account.AFPAEPKQ6DPHOSMPDBUF3FGDYHMQ/ref=cm_cr_othr_d_gw_tr?ie=UTF8,5,Best product boat,R9Y2CA7S5FF4U,https://www.amazon.in/gp/customer-reviews/R9Y2CA7S5FF4U/ref=cm_cr_othr_d_rvw_ttl?ie=UTF8&ASIN=B0DHDDF2LK,,Nice product of  boat india vijender tanwar  m/garh,True,False,"['https://m.media-amazon.com/images/I/61U7y01esKL._SY88.jpg', 'https://m.media-amazon.com/images/I/71EQLu9LBZL._SY88.jpg']",2024-10-26,41,,[],,,https://www.amazon.in/product-reviews/B0DHDDF2LK?pageNumber=6&filterByStar=all_stars&sortBy=helpful&formatType=all_formats&asin=B0DHDDF2LK&reftag=cm_cr_arp_d_paging_btm_next_6&scope=reviewsAjax0,allStars,,B0DHDDF2LK,B0DHDDF2LK,B0DHDDF2LK,"{'price': None, 'listPrice': None}",https://www.amazon.in//boAt-Aavante-Bar-Azure-Pro/dp/B0DHDDF2LK/ref=zg_bs_g_1389365031_d_sccl_16/260-9443465-0628262?psc=1,India,
Reviewed in India on 3 January 2025,amzn1.account.AGTFERL5TQTM4U4AMJSD4Z34ZSGQ,https://www.amazon.in/gp/profile/amzn1.account.AGTFERL5TQTM4U4AMJSD4Z34ZSGQ/ref=cm_cr_othr_d_gw_tr?ie=UTF8,1,Waste,R2EIIFP58FAG7Y,https://www.amazon.in/gp/customer-reviews/R2EIIFP58FAG7Y/ref=cm_cr_othr_d_rvw_ttl?ie=UTF8&ASIN=B0DHDDF2LK,2 people found this helpful,Wast of money,True,False,['https://m.media-amazon.com/images/I/6105NoC3OTL._SY88.jpg'],2025-01-03,42,,[],,,https://www.amazon.in/product-reviews/B0DHDDF2LK?pageNumber=6&filterByStar=all_stars&sortBy=helpful&formatType=all_formats&asin=B0DHDDF2LK&reftag=cm_cr_arp_d_paging_btm_next_6&scope=reviewsAjax0,allStars,,B0DHDDF2LK,B0DHDDF2LK,B0DHDDF2LK,"{'price': None, 'listPrice': None}",https://www.amazon.in//boAt-Aavante-Bar-Azure-Pro/dp/B0DHDDF2LK/ref=zg_bs_g_1389365031_d_sccl_16/260-9443465-0628262?psc=1,India,
Reviewed in India on 10 October 2024,amzn1.account.AEUJ7GGIQT5JOIJLKLYRXUAEWRQA,https://www.amazon.in/gp/profile/amzn1.account.AEUJ7GGIQT5JOIJLKLYRXUAEWRQA/ref=cm_cr_othr_d_gw_tr?ie=UTF8,5,Nice product,R2GIJQR66YDBEI,https://www.amazon.in/gp/customer-reviews/R2GIJQR66YDBEI/ref=cm_cr_othr_d_rvw_ttl?ie=UTF8&ASIN=B0DHDDF2LK,,The sound-bar is very nice bass nd other are very nice nd satellite speaker is very good,True,False,[],2024-10-10,43,,[],,,https://www.amazon.in/product-reviews/B0DHDDF2LK?pageNumber=6&filterByStar=all_stars&sortBy=helpful&formatType=all_formats&asin=B0DHDDF2LK&reftag=cm_cr_arp_d_paging_btm_next_6&scope=reviewsAjax0,allStars,,B0DHDDF2LK,B0DHDDF2LK,B0DHDDF2LK,"{'price': None, 'listPrice': None}",https://www.amazon.in//boAt-Aavante-Bar-Azure-Pro/dp/B0DHDDF2LK/ref=zg_bs_g_1389365031_d_sccl_16/260-9443465-0628262?psc=1,India,
Reviewed in India on 10 October 2024,amzn1.account.AEXPU5PG66RHVA2DLCYH7XVAUC6Q,https://www.amazon.in/gp/profile/amzn1.account.AEXPU5PG66RHVA2DLCYH7XVAUC6Q/ref=cm_cr_othr_d_gw_tr?ie=UTF8,5,Awesome 👌🏻👌🏻👌🏻,R1N5UJHIQOS2FR,https://www.amazon.in/gp/customer-reviews/R1N5UJHIQOS2FR/ref=cm_cr_othr_d_rvw_ttl?ie=UTF8&ASIN=B0DHDDF2LK,,Very nice soundClean and clearFull baseHome DJSwaad hi aa gya👌🏻👌🏻,True,False,[],2024-10-10,44,,[],,,https://www.amazon.in/product-reviews/B0DHDDF2LK?pageNumber=6&filterByStar=all_stars&sortBy=helpful&formatType=all_formats&asin=B0DHDDF2LK&reftag=cm_cr_arp_d_paging_btm_next_6&scope=reviewsAjax0,allStars,,B0DHDDF2LK,B0DHDDF2LK,B0DHDDF2LK,"{'price': None, 'listPrice': None}",https://www.amazon.in//boAt-Aavante-Bar-Azure-Pro/dp/B0DHDDF2LK/ref=zg_bs_g_1389365031_d_sccl_16/260-9443465-0628262?psc=1,India,
Reviewed in India on 27 December 2024,amzn1.account.AGUOJU2IAEYV2EODVGH3JJLSPOYA,https://www.amazon.in/gp/profile/amzn1.account.AGUOJU2IAEYV2EODVGH3JJLSPOYA/ref=cm_cr_othr_d_gw_tr?ie=UTF8,1,Customer support is very poor,R2I2ZBMNKWKBYD,https://www.amazon.in/gp/customer-reviews/R2I2ZBMNKWKBYD/ref=cm_cr_othr_d_rvw_ttl?ie=UTF8&ASIN=B0DHDDF2LK,2 people found this helpful,Remote not working,True,False,[],2024-12-27,45,,[],,,https://www.amazon.in/product-reviews/B0DHDDF2LK?pageNumber=6&filterByStar=all_stars&sortBy=helpful&formatType=all_formats&asin=B0DHDDF2LK&reftag=cm_cr_arp_d_paging_btm_next_6&scope=reviewsAjax0,allStars,,B0DHDDF2LK,B0DHDDF2LK,B0DHDDF2LK,"{'price': None, 'listPrice': None}",https://www.amazon.in//boAt-Aavante-Bar-Azure-Pro/dp/B0DHDDF2LK/ref=zg_bs_g_1389365031_d_sccl_16/260-9443465-0628262?psc=1,India,
Reviewed in India on 28 October 2024,amzn1.account.AHCC7ZCZLTBMGRIWRDNAJY47BT7A,https://www.amazon.in/gp/profile/amzn1.account.AHCC7ZCZLTBMGRIWRDNAJY47BT7A/ref=cm_cr_othr_d_gw_tr?ie=UTF8,1,Wireless voice Issue and sound,R10AUZT2ADPR1,https://www.amazon.in/gp/customer-reviews/R10AUZT2ADPR1/ref=cm_cr_othr_d_rvw_ttl?ie=UTF8&ASIN=B0DHDDF2LK,4 people found this helpful,Wireless speakers are not working voice is breaks up during play the songs.Bass quality is also not good as mentioned 500W power.,True,False,[],2024-10-28,46,,[],,,https://www.amazon.in/product-reviews/B0DHDDF2LK?pageNumber=6&filterByStar=all_stars&sortBy=helpful&formatType=all_formats&asin=B0DHDDF2LK&reftag=cm_cr_arp_d_paging_btm_next_6&scope=reviewsAjax0,allStars,,B0DHDDF2LK,B0DHDDF2LK,B0DHDDF2LK,"{'price': None, 'listPrice': None}",https://www.amazon.in//boAt-Aavante-Bar-Azure-Pro/dp/B0DHDDF2LK/ref=zg_bs_g_1389365031_d_sccl_16/260-9443465-0628262?psc=1,India,
Reviewed in India on 13 October 2024,amzn1.account.AEUD7JN2I4OFVT3GNK5T5J4WBJIQ,https://www.amazon.in/gp/profile/amzn1.account.AEUD7JN2I4OFVT3GNK5T5J4WBJIQ/ref=cm_cr_othr_d_gw_tr?ie=UTF8,5,The sound quality of this home theater is terrible,R1EWBUKDOXP2V0,https://www.amazon.in/gp/customer-reviews/R1EWBUKDOXP2V0/ref=cm_cr_othr_d_rvw_ttl?ie=UTF8&ASIN=B0DHDDF2LK,3 people found this helpful,"The media could not be loaded.
                
            
                
            
            
        
    
    








  
  
     I didn't like this home theater at all",True,False,['https://m.media-amazon.com/images/I/7151dXpCNHL._SY88.jpg'],2024-10-13,47,,[],,,https://www.amazon.in/product-reviews/B0DHDDF2LK?pageNumber=6&filterByStar=all_stars&sortBy=helpful&formatType=all_formats&asin=B0DHDDF2LK&reftag=cm_cr_arp_d_paging_btm_next_6&scope=reviewsAjax0,allStars,,B0DHDDF2LK,B0DHDDF2LK,B0DHDDF2LK,"{'price': None, 'listPrice': None}",https://www.amazon.in//boAt-Aavante-Bar-Azure-Pro/dp/B0DHDDF2LK/ref=zg_bs_g_1389365031_d_sccl_16/260-9443465-0628262?psc=1,India,
Reviewed in India on 11 October 2024,amzn1.account.AGPZKHP5S53FVYYD3KD4IYG2U5EA,https://www.amazon.in/gp/profile/amzn1.account.AGPZKHP5S53FVYYD3KD4IYG2U5EA/ref=cm_cr_othr_d_gw_tr?ie=UTF8,5,Good sound,R1CPMMZQWUXENK,https://www.amazon.in/gp/customer-reviews/R1CPMMZQWUXENK/ref=cm_cr_othr_d_rvw_ttl?ie=UTF8&ASIN=B0DHDDF2LK,,"The media could not be loaded.
                
            
                
            
        
    
    








  
  
     Very nice",True,False,[],2024-10-11,48,,[],,,https://www.amazon.in/product-reviews/B0DHDDF2LK?pageNumber=6&filterByStar=all_stars&sortBy=helpful&formatType=all_formats&asin=B0DHDDF2LK&reftag=cm_cr_arp_d_paging_btm_next_6&scope=reviewsAjax0,allStars,,B0DHDDF2LK,B0DHDDF2LK,B0DHDDF2LK,"{'price': None, 'listPrice': None}",https://www.amazon.in//boAt-Aavante-Bar-Azure-Pro/dp/B0DHDDF2LK/ref=zg_bs_g_1389365031_d_sccl_16/260-9443465-0628262?psc=1,India,
Reviewed in India on 31 December 2024,amzn1.account.AFDI7TUN7EV5TF6723APG3IDYACQ,https://www.amazon.in/gp/profile/amzn1.account.AFDI7TUN7EV5TF6723APG3IDYACQ/ref=cm_cr_othr_d_gw_tr?ie=UTF8,3,Don’t buy . Low sound as quality,R2YYA7NSB4CJD4,https://www.amazon.in/gp/customer-reviews/R2YYA7NSB4CJD4/ref=cm_cr_othr_d_rvw_ttl?ie=UTF8&ASIN=B0DHDDF2LK,3 people found this helpful,"The media could not be loaded.
                
            
                
            
            
        
    
    








  
  
     Not value for money . Equal sound of 110w of JBL . This item have 550w sound but not produce as mentioned.if you are spending 10k then go with JBL/ infinity .",True,False,[],2024-12-31,9,,[],,,https://www.amazon.in/product-reviews/B0DHDDF2LK?pageNumber=2&filterByStar=all_stars&sortBy=helpful&formatType=all_formats&asin=B0DHDDF2LK&reftag=cm_cr_arp_d_paging_btm_next_2&scope=reviewsAjax0,allStars,,B0DHDDF2LK,B0DHDDF2LK,B0DHDDF2LK,"{'price': None, 'listPrice': None}",https://www.amazon.in//boAt-Aavante-Bar-Azure-Pro/dp/B0DHDDF2LK/ref=zg_bs_g_1389365031_d_sccl_16/260-9443465-0628262?psc=1,India,
Reviewed in India on 17 October 2024,amzn1.account.AGCZRGIZPN2QQ63NVCXUDVWJTIOA,https://www.amazon.in/gp/profile/amzn1.account.AGCZRGIZPN2QQ63NVCXUDVWJTIOA/ref=cm_cr_othr_d_gw_tr?ie=UTF8,3,Not up to the expectations- Disappointed with Boat,R303O5M5POG1GQ,https://www.amazon.in/gp/customer-reviews/R303O5M5POG1GQ/ref=cm_cr_othr_d_rvw_ttl?ie=UTF8&ASIN=B0DHDDF2LK,One person found this helpful,"I faced the satellite speaker cracking sound issue when I received the product first time so asked for technical help with Amazon but they said either I can return the product or ask for replacement, so I opted for replacement. I even try to get the help from Boat official app/portal but the product is not available in their list for technical support. However I am still facing the same issue of speaker cracking sound in the replaced product as well, so I am returning the product back.",True,False,[],2024-10-17,10,,[],,,https://www.amazon.in/product-reviews/B0DHDDF2LK?pageNumber=2&filterByStar=all_stars&sortBy=helpful&formatType=all_formats&asin=B0DHDDF2LK&reftag=cm_cr_arp_d_paging_btm_next_2&scope=reviewsAjax0,allStars,,B0DHDDF2LK,B0DHDDF2LK,B0DHDDF2LK,"{'price': None, 'listPrice': None}",https://www.amazon.in//boAt-Aavante-Bar-Azure-Pro/dp/B0DHDDF2LK/ref=zg_bs_g_1389365031_d_sccl_16/260-9443465-0628262?psc=1,India,
Reviewed in India on 17 January 2025,amzn1.account.AFPYFEW7A3PBNECSTV37FKFWKV2Q,https://www.amazon.in/gp/profile/amzn1.account.AFPYFEW7A3PBNECSTV37FKFWKV2Q/ref=cm_cr_othr_d_gw_tr?ie=UTF8,2,Product not better,R1OFWBKB7H0TVP,https://www.amazon.in/gp/customer-reviews/R1OFWBKB7H0TVP/ref=cm_cr_othr_d_rvw_ttl?ie=UTF8&ASIN=B0DHDDF2LK,,Bass not better due to songNot understand to me please returns my product,True,False,"['https://m.media-amazon.com/images/I/619SYsYFUNL._SY88.jpg', 'https://m.media-amazon.com/images/I/71PjHgoAk2L._SY88.jpg']",2025-01-17,11,,[],,,https://www.amazon.in/product-reviews/B0DHDDF2LK?pageNumber=2&filterByStar=all_stars&sortBy=helpful&formatType=all_formats&asin=B0DHDDF2LK&reftag=cm_cr_arp_d_paging_btm_next_2&scope=reviewsAjax0,allStars,,B0DHDDF2LK,B0DHDDF2LK,B0DHDDF2LK,"{'price': None, 'listPrice': None}",https://www.amazon.in//boAt-Aavante-Bar-Azure-Pro/dp/B0DHDDF2LK/ref=zg_bs_g_1389365031_d_sccl_16/260-9443465-0628262?psc=1,India,
Reviewed in India on 11 January 2025,amzn1.account.AGFE7IV7PRP2JV2XRAW7CXNBVE2Q,https://www.amazon.in/gp/profile/amzn1.account.AGFE7IV7PRP2JV2XRAW7CXNBVE2Q/ref=cm_cr_othr_d_gw_tr?ie=UTF8,1,Very disappointed by amazon,R16CB3V75JHP3W,https://www.amazon.in/gp/customer-reviews/R16CB3V75JHP3W/ref=cm_cr_othr_d_rvw_ttl?ie=UTF8&ASIN=B0DHDDF2LK,2 people found this helpful,This product is not producing sound 0f 560 watt.. its around 250 watt max ..i trusted amazon and ordered this product..but when i want to return the item amazon is not cooperating they said I have to go to the service center of boat and do rest of the work.. there is no service centre near me and I have to go so far for service center..they are also not cooperating well ... very disappointed by amazon ..I am the genuine customer of amazon since very long time...amazon don't value for their customers...we should go for another platform..ill quit all the relationship with amazon and will never purchase anything again from this website..,True,False,[],2025-01-11,12,,[],,,https://www.amazon.in/product-reviews/B0DHDDF2LK?pageNumber=2&filterByStar=all_stars&sortBy=helpful&formatType=all_formats&asin=B0DHDDF2LK&reftag=cm_cr_arp_d_paging_btm_next_2&scope=reviewsAjax0,allStars,,B0DHDDF2LK,B0DHDDF2LK,B0DHDDF2LK,"{'price': None, 'listPrice': None}",https://www.amazon.in//boAt-Aavante-Bar-Azure-Pro/dp/B0DHDDF2LK/ref=zg_bs_g_1389365031_d_sccl_16/260-9443465-0628262?psc=1,India,
Reviewed in India on 9 October 2024,amzn1.account.AFWICYSMFEMVEOBDNSAQFLAKVIXA,https://www.amazon.in/gp/profile/amzn1.account.AFWICYSMFEMVEOBDNSAQFLAKVIXA/ref=cm_cr_othr_d_gw_tr?ie=UTF8,3,Average....,R1J27EC3ZYXVFX,https://www.amazon.in/gp/customer-reviews/R1J27EC3ZYXVFX/ref=cm_cr_othr_d_rvw_ttl?ie=UTF8&ASIN=B0DHDDF2LK,One person found this helpful,Average product,True,False,[],2024-10-09,13,,[],,,https://www.amazon.in/product-reviews/B0DHDDF2LK?pageNumber=2&filterByStar=all_stars&sortBy=helpful&formatType=all_formats&asin=B0DHDDF2LK&reftag=cm_cr_arp_d_paging_btm_next_2&scope=reviewsAjax0,allStars,,B0DHDDF2LK,B0DHDDF2LK,B0DHDDF2LK,"{'price': None, 'listPrice': None}",https://www.amazon.in//boAt-Aavante-Bar-Azure-Pro/dp/B0DHDDF2LK/ref=zg_bs_g_1389365031_d_sccl_16/260-9443465-0628262?psc=1,India,
Reviewed in India on 30 November 2024,amzn1.account.AETD7NW76Z4HFCMADI7REXLNGGMA,https://www.amazon.in/gp/profile/amzn1.account.AETD7NW76Z4HFCMADI7REXLNGGMA/ref=cm_cr_othr_d_gw_tr?ie=UTF8,2,Not good,R33427PL58TNA7,https://www.amazon.in/gp/customer-reviews/R33427PL58TNA7/ref=cm_cr_othr_d_rvw_ttl?ie=UTF8&ASIN=B0DHDDF2LK,,Base and sound low quality,True,False,[],2024-11-30,14,,[],,,https://www.amazon.in/product-reviews/B0DHDDF2LK?pageNumber=2&filterByStar=all_stars&sortBy=helpful&formatType=all_formats&asin=B0DHDDF2LK&reftag=cm_cr_arp_d_paging_btm_next_2&scope=reviewsAjax0,allStars,,B0DHDDF2LK,B0DHDDF2LK,B0DHDDF2LK,"{'price': None, 'listPrice': None}",https://www.amazon.in//boAt-Aavante-Bar-Azure-Pro/dp/B0DHDDF2LK/ref=zg_bs_g_1389365031_d_sccl_16/260-9443465-0628262?psc=1,India,
Reviewed in India on 13 November 2024,amzn1.account.AFWGUDVOVHCDZE4W2PRS5Z6CJAMQ,https://www.amazon.in/gp/profile/amzn1.account.AFWGUDVOVHCDZE4W2PRS5Z6CJAMQ/ref=cm_cr_othr_d_gw_tr?ie=UTF8,4,Get more sound and hd performance when connected to tv,R3909I7OWQVYX0,https://www.amazon.in/gp/customer-reviews/R3909I7OWQVYX0/ref=cm_cr_othr_d_rvw_ttl?ie=UTF8&ASIN=B0DHDDF2LK,3 people found this helpful,The media could not be loaded.,True,False,[],2024-11-13,15,,[],,,https://www.amazon.in/product-reviews/B0DHDDF2LK?pageNumber=2&filterByStar=all_stars&sortBy=helpful&formatType=all_formats&asin=B0DHDDF2LK&reftag=cm_cr_arp_d_paging_btm_next_2&scope=reviewsAjax0,allStars,,B0DHDDF2LK,B0DHDDF2LK,B0DHDDF2LK,"{'price': None, 'listPrice': None}",https://www.amazon.in//boAt-Aavante-Bar-Azure-Pro/dp/B0DHDDF2LK/ref=zg_bs_g_1389365031_d_sccl_16/260-9443465-0628262?psc=1,India,
Reviewed in India on 15 October 2024,amzn1.account.AGNRIJEYWKMN7VIQO7DJGCZW6LAA,https://www.amazon.in/gp/profile/amzn1.account.AGNRIJEYWKMN7VIQO7DJGCZW6LAA/ref=cm_cr_othr_d_gw_tr?ie=UTF8,4,Very Good,R2ARJN2ND5CJNL,https://www.amazon.in/gp/customer-reviews/R2ARJN2ND5CJNL/ref=cm_cr_othr_d_rvw_ttl?ie=UTF8&ASIN=B0DHDDF2LK,,Soundbar : 4/5Subwoofer: 4/5Satellite Speakers: 4/5Very good product in the said price range for those who want 5.1 channel home theater in low price range.,True,False,[],2024-10-15,16,,[],,,https://www.amazon.in/product-reviews/B0DHDDF2LK?pageNumber=2&filterByStar=all_stars&sortBy=helpful&formatType=all_formats&asin=B0DHDDF2LK&reftag=cm_cr_arp_d_paging_btm_next_2&scope=reviewsAjax0,allStars,,B0DHDDF2LK,B0DHDDF2LK,B0DHDDF2LK,"{'price': None, 'listPrice': None}",https://www.amazon.in//boAt-Aavante-Bar-Azure-Pro/dp/B0DHDDF2LK/ref=zg_bs_g_1389365031_d_sccl_16/260-9443465-0628262?psc=1,India,
Reviewed in India on 16 October 2024,amzn1.account.AHJNVSM3XRDRMTYDERYF2ELCVU2Q,https://www.amazon.in/gp/profile/amzn1.account.AHJNVSM3XRDRMTYDERYF2ELCVU2Q/ref=cm_cr_othr_d_gw_tr?ie=UTF8,1,Don't buy this product,R2BRMMSVYL9YPN,https://www.amazon.in/gp/customer-reviews/R2BRMMSVYL9YPN/ref=cm_cr_othr_d_rvw_ttl?ie=UTF8&ASIN=B0DHDDF2LK,4 people found this helpful,"Automatic sync not happening with Tv and Speakers. Satellite speakers had a crackling sound, and the voice kept breaking most of the times",True,False,[],2024-10-16,49,,[],,,https://www.amazon.in/product-reviews/B0DHDDF2LK?pageNumber=7&filterByStar=all_stars&sortBy=helpful&formatType=all_formats&asin=B0DHDDF2LK&reftag=cm_cr_arp_d_paging_btm_next_7&scope=reviewsAjax0,allStars,,B0DHDDF2LK,B0DHDDF2LK,B0DHDDF2LK,"{'price': None, 'listPrice': None}",https://www.amazon.in//boAt-Aavante-Bar-Azure-Pro/dp/B0DHDDF2LK/ref=zg_bs_g_1389365031_d_sccl_16/260-9443465-0628262?psc=1,India,
Reviewed in India on 12 October 2024,amzn1.account.AHWBDAHP2C67E74BTP567XVTLZYA,https://www.amazon.in/gp/profile/amzn1.account.AHWBDAHP2C67E74BTP567XVTLZYA/ref=cm_cr_othr_d_gw_tr?ie=UTF8,1,Nit good in sound quality and bass,R2Z1R9RU69SBHN,https://www.amazon.in/gp/customer-reviews/R2Z1R9RU69SBHN/ref=cm_cr_othr_d_rvw_ttl?ie=UTF8&ASIN=B0DHDDF2LK,3 people found this helpful,As mentioned 550w it should give good bass and good sound quality but this product is waste. Will not suggest to buy anyone,True,False,[],2024-10-12,50,,[],,,https://www.amazon.in/product-reviews/B0DHDDF2LK?pageNumber=7&filterByStar=all_stars&sortBy=helpful&formatType=all_formats&asin=B0DHDDF2LK&reftag=cm_cr_arp_d_paging_btm_next_7&scope=reviewsAjax0,allStars,,B0DHDDF2LK,B0DHDDF2LK,B0DHDDF2LK,"{'price': None, 'listPrice': None}",https://www.amazon.in//boAt-Aavante-Bar-Azure-Pro/dp/B0DHDDF2LK/ref=zg_bs_g_1389365031_d_sccl_16/260-9443465-0628262?psc=1,India,
Reviewed in India on 10 October 2024,amzn1.account.AHHTN2VYQTKBH7KFBZOZ6HH75F4Q,https://www.amazon.in/gp/profile/amzn1.account.AHHTN2VYQTKBH7KFBZOZ6HH75F4Q/ref=cm_cr_othr_d_gw_tr?ie=UTF8,1,"Doesn't work remote respectively with sound bar,,,",R2UUT7ZILZNNXS,https://www.amazon.in/gp/customer-reviews/R2UUT7ZILZNNXS/ref=cm_cr_othr_d_rvw_ttl?ie=UTF8&ASIN=B0DHDDF2LK,2 people found this helpful,"I'm very disappointed this time,,,i think I was received wrong product,,,it not look like order images,,,Waste of time with replacement 😰",True,False,[],2024-10-10,51,,[],,,https://www.amazon.in/product-reviews/B0DHDDF2LK?pageNumber=7&filterByStar=all_stars&sortBy=helpful&formatType=all_formats&asin=B0DHDDF2LK&reftag=cm_cr_arp_d_paging_btm_next_7&scope=reviewsAjax0,allStars,,B0DHDDF2LK,B0DHDDF2LK,B0DHDDF2LK,"{'price': None, 'listPrice': None}",https://www.amazon.in//boAt-Aavante-Bar-Azure-Pro/dp/B0DHDDF2LK/ref=zg_bs_g_1389365031_d_sccl_16/260-9443465-0628262?psc=1,India,
Reviewed in India on 5 November 2024,amzn1.account.AGDKQDTIOMZBJOQCLAJLCE6ATELA,https://www.amazon.in/gp/profile/amzn1.account.AGDKQDTIOMZBJOQCLAJLCE6ATELA/ref=cm_cr_othr_d_gw_tr?ie=UTF8,1,Disgusting,R3IEKYJ0MWRP1T,https://www.amazon.in/gp/customer-reviews/R3IEKYJ0MWRP1T/ref=cm_cr_othr_d_rvw_ttl?ie=UTF8&ASIN=B0DHDDF2LK,One person found this helpful,Low quality product and remote not working at all.,True,False,[],2024-11-05,52,,[],,,https://www.amazon.in/product-reviews/B0DHDDF2LK?pageNumber=7&filterByStar=all_stars&sortBy=helpful&formatType=all_formats&asin=B0DHDDF2LK&reftag=cm_cr_arp_d_paging_btm_next_7&scope=reviewsAjax0,allStars,,B0DHDDF2LK,B0DHDDF2LK,B0DHDDF2LK,"{'price': None, 'listPrice': None}",https://www.amazon.in//boAt-Aavante-Bar-Azure-Pro/dp/B0DHDDF2LK/ref=zg_bs_g_1389365031_d_sccl_16/260-9443465-0628262?psc=1,India,
Reviewed in India on 17 October 2024,amzn1.account.AEKYZUABKOQ4JFOM5HS5P7JEWQ3Q,https://www.amazon.in/gp/profile/amzn1.account.AEKYZUABKOQ4JFOM5HS5P7JEWQ3Q/ref=cm_cr_othr_d_gw_tr?ie=UTF8,1,"Dont buy this model, it has rear speaker range issue.",R27J4YZ52SD82O,https://www.amazon.in/gp/customer-reviews/R27J4YZ52SD82O/ref=cm_cr_othr_d_rvw_ttl?ie=UTF8&ASIN=B0DHDDF2LK,4 people found this helpful,"The media could not be loaded.
                
            
                
            
            
        
    
    








  
  
     Rear wireless speaker cracks sound, even when kept very near. Didn't think that boat's QC is so poor. Returning.",True,False,[],2024-10-17,53,,[],,,https://www.amazon.in/product-reviews/B0DHDDF2LK?pageNumber=7&filterByStar=all_stars&sortBy=helpful&formatType=all_formats&asin=B0DHDDF2LK&reftag=cm_cr_arp_d_paging_btm_next_7&scope=reviewsAjax0,allStars,,B0DHDDF2LK,B0DHDDF2LK,B0DHDDF2LK,"{'price': None, 'listPrice': None}",https://www.amazon.in//boAt-Aavante-Bar-Azure-Pro/dp/B0DHDDF2LK/ref=zg_bs_g_1389365031_d_sccl_16/260-9443465-0628262?psc=1,India,
Reviewed in India on 18 November 2024,amzn1.account.AHKKBDXDUV5LMDLQYW4SUJKDINTA,https://www.amazon.in/gp/profile/amzn1.account.AHKKBDXDUV5LMDLQYW4SUJKDINTA/ref=cm_cr_othr_d_gw_tr?ie=UTF8,1,Bass no conetting,R1E9A7EJRRW2GR,https://www.amazon.in/gp/customer-reviews/R1E9A7EJRRW2GR/ref=cm_cr_othr_d_rvw_ttl?ie=UTF8&ASIN=B0DHDDF2LK,2 people found this helpful,"The media could not be loaded.
                
            
                
            
        
    
    








  
     బాస్ conetting కావడం లేదు సౌండ్ రావడం లేదు",True,False,['https://m.media-amazon.com/images/I/71me21dqvPL._SY88.jpg'],2024-11-18,54,,[],,,https://www.amazon.in/product-reviews/B0DHDDF2LK?pageNumber=7&filterByStar=all_stars&sortBy=helpful&formatType=all_formats&asin=B0DHDDF2LK&reftag=cm_cr_arp_d_paging_btm_next_7&scope=reviewsAjax0,allStars,,B0DHDDF2LK,B0DHDDF2LK,B0DHDDF2LK,"{'price': None, 'listPrice': None}",https://www.amazon.in//boAt-Aavante-Bar-Azure-Pro/dp/B0DHDDF2LK/ref=zg_bs_g_1389365031_d_sccl_16/260-9443465-0628262?psc=1,India,
Reviewed in India on 12 October 2024,amzn1.account.AFUGRFQXAV4MD66NI4MHYA7MVIOA,https://www.amazon.in/gp/profile/amzn1.account.AFUGRFQXAV4MD66NI4MHYA7MVIOA/ref=cm_cr_othr_d_gw_tr?ie=UTF8,1,Poor quality,R12V2L7I8G6NM6,https://www.amazon.in/gp/customer-reviews/R12V2L7I8G6NM6/ref=cm_cr_othr_d_rvw_ttl?ie=UTF8&ASIN=B0DHDDF2LK,4 people found this helpful,Sound distortion not even 1 meter range super poor,True,False,['https://m.media-amazon.com/images/I/71Q2EeSoRhL._SY88.jpg'],2024-10-12,55,,[],,,https://www.amazon.in/product-reviews/B0DHDDF2LK?pageNumber=7&filterByStar=all_stars&sortBy=helpful&formatType=all_formats&asin=B0DHDDF2LK&reftag=cm_cr_arp_d_paging_btm_next_7&scope=reviewsAjax0,allStars,,B0DHDDF2LK,B0DHDDF2LK,B0DHDDF2LK,"{'price': None, 'listPrice': None}",https://www.amazon.in//boAt-Aavante-Bar-Azure-Pro/dp/B0DHDDF2LK/ref=zg_bs_g_1389365031_d_sccl_16/260-9443465-0628262?psc=1,India,
Reviewed in India on 24 October 2024,amzn1.account.AHVY7GYAP6B3YNNQQJPKYI2NV4AA,https://www.amazon.in/gp/profile/amzn1.account.AHVY7GYAP6B3YNNQQJPKYI2NV4AA/ref=cm_cr_othr_d_gw_tr?ie=UTF8,1,Woofet not interesting thirdclass quality,R3H2GU9MBMHBK5,https://www.amazon.in/gp/customer-reviews/R3H2GU9MBMHBK5/ref=cm_cr_othr_d_rvw_ttl?ie=UTF8&ASIN=B0DHDDF2LK,One person found this helpful,Boat Thirdclass Sound quality,True,False,"['https://m.media-amazon.com/images/I/71VnpAqxSIL._SY88.jpg', 'https://m.media-amazon.com/images/I/71kohEGBWiL._SY88.jpg']",2024-10-24,56,,[],,,https://www.amazon.in/product-reviews/B0DHDDF2LK?pageNumber=7&filterByStar=all_stars&sortBy=helpful&formatType=all_formats&asin=B0DHDDF2LK&reftag=cm_cr_arp_d_paging_btm_next_7&scope=reviewsAjax0,allStars,,B0DHDDF2LK,B0DHDDF2LK,B0DHDDF2LK,"{'price': None, 'listPrice': None}",https://www.amazon.in//boAt-Aavante-Bar-Azure-Pro/dp/B0DHDDF2LK/ref=zg_bs_g_1389365031_d_sccl_16/260-9443465-0628262?psc=1,India,
Reviewed in India on 21 October 2024,amzn1.account.AF7AI66COMOQRL7WEEKOC2BU66QQ,https://www.amazon.in/gp/profile/amzn1.account.AF7AI66COMOQRL7WEEKOC2BU66QQ/ref=cm_cr_othr_d_gw_tr?ie=UTF8,2,Important tips,R3AER99OP34CMV,https://www.amazon.in/gp/customer-reviews/R3AER99OP34CMV/ref=cm_cr_othr_d_rvw_ttl?ie=UTF8&ASIN=B0DHDDF2LK,One person found this helpful,Sound quality not bad ? Bass isuu clarity not. Good,True,False,[],2024-10-21,25,,[],,,https://www.amazon.in/product-reviews/B0DHDDF2LK?pageNumber=4&filterByStar=all_stars&sortBy=helpful&formatType=all_formats&asin=B0DHDDF2LK&reftag=cm_cr_arp_d_paging_btm_next_4&scope=reviewsAjax0,allStars,,B0DHDDF2LK,B0DHDDF2LK,B0DHDDF2LK,"{'price': None, 'listPrice': None}",https://www.amazon.in//boAt-Aavante-Bar-Azure-Pro/dp/B0DHDDF2LK/ref=zg_bs_g_1389365031_d_sccl_16/260-9443465-0628262?psc=1,India,
Reviewed in India on 24 October 2024,amzn1.account.AEJGIZSV34ZGX3KN26OBYEZSDWJQ,https://www.amazon.in/gp/profile/amzn1.account.AEJGIZSV34ZGX3KN26OBYEZSDWJQ/ref=cm_cr_othr_d_gw_tr?ie=UTF8,5,Worth buying,R1XEIDDN4WD0Q7,https://www.amazon.in/gp/customer-reviews/R1XEIDDN4WD0Q7/ref=cm_cr_othr_d_rvw_ttl?ie=UTF8&ASIN=B0DHDDF2LK,3 people found this helpful,"Sound quality is very good. Have great bass. Have multiple modes. Treble,bass are ajustable. Rare speaker have volume control and volume is very good. Wire connecting two rare speaker is also very long may be around 20 to 25 feet so you can adjust them as you want.I have used blaupunkt 600 rms soundbar and compare to that volume is not as high as 550rms but is more than enough for household use.Initially heard cracking sound from rare speakers but it disappers soon.Overall experience is very very good. Value for money product. Worth it.",True,False,['https://m.media-amazon.com/images/I/71gEQqSj6QL._SY88.jpg'],2024-10-24,26,,[],,,https://www.amazon.in/product-reviews/B0DHDDF2LK?pageNumber=4&filterByStar=all_stars&sortBy=helpful&formatType=all_formats&asin=B0DHDDF2LK&reftag=cm_cr_arp_d_paging_btm_next_4&scope=reviewsAjax0,allStars,,B0DHDDF2LK,B0DHDDF2LK,B0DHDDF2LK,"{'price': None, 'listPrice': None}",https://www.amazon.in//boAt-Aavante-Bar-Azure-Pro/dp/B0DHDDF2LK/ref=zg_bs_g_1389365031_d_sccl_16/260-9443465-0628262?psc=1,India,
Reviewed in India on 12 October 2024,amzn1.account.AHWYXO3RFHD4WSX2MEICDCCZERJA,https://www.amazon.in/gp/profile/amzn1.account.AHWYXO3RFHD4WSX2MEICDCCZERJA/ref=cm_cr_othr_d_gw_tr?ie=UTF8,4,Good sounds,R2AT7U4MBGWRTM,https://www.amazon.in/gp/customer-reviews/R2AT7U4MBGWRTM/ref=cm_cr_othr_d_rvw_ttl?ie=UTF8&ASIN=B0DHDDF2LK,5 people found this helpful,"The media could not be loaded.
                
            
                
            
            
        
    
    








  
  
     Nice product I love it 🔥🔥🔥",True,False,['https://m.media-amazon.com/images/I/616x-58LbGL._SY88.jpg'],2024-10-12,27,,[],,,https://www.amazon.in/product-reviews/B0DHDDF2LK?pageNumber=4&filterByStar=all_stars&sortBy=helpful&formatType=all_formats&asin=B0DHDDF2LK&reftag=cm_cr_arp_d_paging_btm_next_4&scope=reviewsAjax0,allStars,,B0DHDDF2LK,B0DHDDF2LK,B0DHDDF2LK,"{'price': None, 'listPrice': None}",https://www.amazon.in//boAt-Aavante-Bar-Azure-Pro/dp/B0DHDDF2LK/ref=zg_bs_g_1389365031_d_sccl_16/260-9443465-0628262?psc=1,India,
Reviewed in India on 12 October 2024,amzn1.account.AHZMFAK53HF5UNKEMM7RJGXYUNNQ,https://www.amazon.in/gp/profile/amzn1.account.AHZMFAK53HF5UNKEMM7RJGXYUNNQ/ref=cm_cr_othr_d_gw_tr?ie=UTF8,2,Not worth of money,RJ8HQ4O5F8WJG,https://www.amazon.in/gp/customer-reviews/RJ8HQ4O5F8WJG/ref=cm_cr_othr_d_rvw_ttl?ie=UTF8&ASIN=B0DHDDF2LK,One person found this helpful,Its satellite speaker’s voice cracking very much,True,False,[],2024-10-12,28,,[],,,https://www.amazon.in/product-reviews/B0DHDDF2LK?pageNumber=4&filterByStar=all_stars&sortBy=helpful&formatType=all_formats&asin=B0DHDDF2LK&reftag=cm_cr_arp_d_paging_btm_next_4&scope=reviewsAjax0,allStars,,B0DHDDF2LK,B0DHDDF2LK,B0DHDDF2LK,"{'price': None, 'listPrice': None}",https://www.amazon.in//boAt-Aavante-Bar-Azure-Pro/dp/B0DHDDF2LK/ref=zg_bs_g_1389365031_d_sccl_16/260-9443465-0628262?psc=1,India,
Reviewed in India on 10 October 2024,amzn1.account.AE2RW2D2XOLMVNGILCPNTAEQOXQQ,https://www.amazon.in/gp/profile/amzn1.account.AE2RW2D2XOLMVNGILCPNTAEQOXQQ/ref=cm_cr_othr_d_gw_tr?ie=UTF8,2,Disappointed 😞,R23DKMIQ3TOCAF,https://www.amazon.in/gp/customer-reviews/R23DKMIQ3TOCAF/ref=cm_cr_othr_d_rvw_ttl?ie=UTF8&ASIN=B0DHDDF2LK,One person found this helpful,Sound was good but Heavy voice Breaking,True,False,[],2024-10-10,29,,[],,,https://www.amazon.in/product-reviews/B0DHDDF2LK?pageNumber=4&filterByStar=all_stars&sortBy=helpful&formatType=all_formats&asin=B0DHDDF2LK&reftag=cm_cr_arp_d_paging_btm_next_4&scope=reviewsAjax0,allStars,,B0DHDDF2LK,B0DHDDF2LK,B0DHDDF2LK,"{'price': None, 'listPrice': None}",https://www.amazon.in//boAt-Aavante-Bar-Azure-Pro/dp/B0DHDDF2LK/ref=zg_bs_g_1389365031_d_sccl_16/260-9443465-0628262?psc=1,India,
Reviewed in India on 12 December 2024,amzn1.account.AEE2QB7HL7WUQO5PGIH2ZAESWRDQ,https://www.amazon.in/gp/profile/amzn1.account.AEE2QB7HL7WUQO5PGIH2ZAESWRDQ/ref=cm_cr_othr_d_gw_tr?ie=UTF8,1,0 out of 5 Rated product,R39CBFA05SSXRV,https://www.amazon.in/gp/customer-reviews/R39CBFA05SSXRV/ref=cm_cr_othr_d_rvw_ttl?ie=UTF8&ASIN=B0DHDDF2LK,5 people found this helpful,"Im giving this feedback After using 3 months, its totally Not worthy for value of moneyIt Sounds like local made home theatresBase is not good enough , too low sound from satellite speakers even it is in full volume, while watching the movies vocals are not clear at all and Base is also not clear ,it feels like too bad NoisePlease dont buy it dont waste your money",True,False,[],2024-12-12,30,,[],,,https://www.amazon.in/product-reviews/B0DHDDF2LK?pageNumber=4&filterByStar=all_stars&sortBy=helpful&formatType=all_formats&asin=B0DHDDF2LK&reftag=cm_cr_arp_d_paging_btm_next_4&scope=reviewsAjax0,allStars,,B0DHDDF2LK,B0DHDDF2LK,B0DHDDF2LK,"{'price': None, 'listPrice': None}",https://www.amazon.in//boAt-Aavante-Bar-Azure-Pro/dp/B0DHDDF2LK/ref=zg_bs_g_1389365031_d_sccl_16/260-9443465-0628262?psc=1,India,
Reviewed in India on 12 October 2024,amzn1.account.AHI7IHSUR7AQ2ZRHLHK6EWADTMSQ,https://www.amazon.in/gp/profile/amzn1.account.AHI7IHSUR7AQ2ZRHLHK6EWADTMSQ/ref=cm_cr_othr_d_gw_tr?ie=UTF8,5,Decent product but don't go on numbers. Boat claims it for 550W but its not like 550W,R3W25B4B0M0M3T,https://www.amazon.in/gp/customer-reviews/R3W25B4B0M0M3T/ref=cm_cr_othr_d_rvw_ttl?ie=UTF8&ASIN=B0DHDDF2LK,12 people found this helpful,"The media could not be loaded.
                
            
                
            
        
    
    








  
  
     The product I received is a used product, but still I open the box and check the product and its working.Sound is good enough but seriously its not price worthy. And the number 550W is just on papers only. Best part is the rear satellite speakers are wireless.But if you are using it in a small Room like 10X10 or 10X12 go for it.Bass is good, sound is loud enough.I'm returning this product because its a used product and the sound loudness is not very loud.",True,False,"['https://m.media-amazon.com/images/I/61AKCZnYycL._SY88.jpg', 'https://m.media-amazon.com/images/I/71AuuB4vPDL._SY88.jpg', 'https://m.media-amazon.com/images/I/71XDPFPtcpL._SY88.jpg', 'https://m.media-amazon.com/images/I/71chcNvnJ1L._SY88.jpg', 'https://m.media-amazon.com/images/I/71wdOjR2XRL._SY88.jpg', 'https://m.media-amazon.com/images/I/71wdOjR2XRL._SY88.jpg']",2024-10-12,31,,[],,,https://www.amazon.in/product-reviews/B0DHDDF2LK?pageNumber=4&filterByStar=all_stars&sortBy=helpful&formatType=all_formats&asin=B0DHDDF2LK&reftag=cm_cr_arp_d_paging_btm_next_4&scope=reviewsAjax0,allStars,,B0DHDDF2LK,B0DHDDF2LK,B0DHDDF2LK,"{'price': None, 'listPrice': None}",https://www.amazon.in//boAt-Aavante-Bar-Azure-Pro/dp/B0DHDDF2LK/ref=zg_bs_g_1389365031_d_sccl_16/260-9443465-0628262?psc=1,India,
Reviewed in India on 7 January 2025,amzn1.account.AGFBY7TFRDJWHT22ZOY2Z5EQAHTA,https://www.amazon.in/gp/profile/amzn1.account.AGFBY7TFRDJWHT22ZOY2Z5EQAHTA/ref=cm_cr_othr_d_gw_tr?ie=UTF8,1,Speaker not working,R3OYAUOGSNTP27,https://www.amazon.in/gp/customer-reviews/R3OYAUOGSNTP27/ref=cm_cr_othr_d_rvw_ttl?ie=UTF8&ASIN=B0DHDDF2LK,One person found this helpful,We tried Amazon and Boat customer care there is no response from both its worst even 7 days return policy is applicable this product not able return,True,False,[],2025-01-07,32,,[],,,https://www.amazon.in/product-reviews/B0DHDDF2LK?pageNumber=4&filterByStar=all_stars&sortBy=helpful&formatType=all_formats&asin=B0DHDDF2LK&reftag=cm_cr_arp_d_paging_btm_next_4&scope=reviewsAjax0,allStars,,B0DHDDF2LK,B0DHDDF2LK,B0DHDDF2LK,"{'price': None, 'listPrice': None}",https://www.amazon.in//boAt-Aavante-Bar-Azure-Pro/dp/B0DHDDF2LK/ref=zg_bs_g_1389365031_d_sccl_16/260-9443465-0628262?psc=1,India,
Reviewed in India on 22 October 2024,amzn1.account.AEOFA3DSQASPBLXFGQRYEDJXJXTA,https://www.amazon.in/gp/profile/amzn1.account.AEOFA3DSQASPBLXFGQRYEDJXJXTA/ref=cm_cr_othr_d_gw_tr?ie=UTF8,2,Not worth for money at 9k,RL00IJHXFNT2Y,https://www.amazon.in/gp/customer-reviews/RL00IJHXFNT2Y/ref=cm_cr_othr_d_rvw_ttl?ie=UTF8&ASIN=B0DHDDF2LK,One person found this helpful,Not worth for moneySignal problem in satilight speakerLow sound qualityThe output sound is not equal to 550wattsIt's like just 180 watt output sound,True,False,[],2024-10-22,17,,[],,,https://www.amazon.in/product-reviews/B0DHDDF2LK?pageNumber=3&filterByStar=all_stars&sortBy=helpful&formatType=all_formats&asin=B0DHDDF2LK&reftag=cm_cr_arp_d_paging_btm_next_3&scope=reviewsAjax0,allStars,,B0DHDDF2LK,B0DHDDF2LK,B0DHDDF2LK,"{'price': None, 'listPrice': None}",https://www.amazon.in//boAt-Aavante-Bar-Azure-Pro/dp/B0DHDDF2LK/ref=zg_bs_g_1389365031_d_sccl_16/260-9443465-0628262?psc=1,India,
Reviewed in India on 28 October 2024,amzn1.account.AF4QCT57PM3HDQG6ZGHAVJUZ6E5A,https://www.amazon.in/gp/profile/amzn1.account.AF4QCT57PM3HDQG6ZGHAVJUZ6E5A/ref=cm_cr_othr_d_gw_tr?ie=UTF8,4,Nice products,R2WRY98ZEJO630,https://www.amazon.in/gp/customer-reviews/R2WRY98ZEJO630/ref=cm_cr_othr_d_rvw_ttl?ie=UTF8&ASIN=B0DHDDF2LK,,Good,True,False,[],2024-10-28,18,,[],,,https://www.amazon.in/product-reviews/B0DHDDF2LK?pageNumber=3&filterByStar=all_stars&sortBy=helpful&formatType=all_formats&asin=B0DHDDF2LK&reftag=cm_cr_arp_d_paging_btm_next_3&scope=reviewsAjax0,allStars,,B0DHDDF2LK,B0DHDDF2LK,B0DHDDF2LK,"{'price': None, 'listPrice': None}",https://www.amazon.in//boAt-Aavante-Bar-Azure-Pro/dp/B0DHDDF2LK/ref=zg_bs_g_1389365031_d_sccl_16/260-9443465-0628262?psc=1,India,
Reviewed in India on 26 October 2024,amzn1.account.AH6CO3ED4357UDH7MDQUNK243QUA,https://www.amazon.in/gp/profile/amzn1.account.AH6CO3ED4357UDH7MDQUNK243QUA/ref=cm_cr_othr_d_gw_tr?ie=UTF8,4,Nice,RP3A98TN1MA61,https://www.amazon.in/gp/customer-reviews/RP3A98TN1MA61/ref=cm_cr_othr_d_rvw_ttl?ie=UTF8&ASIN=B0DHDDF2LK,,"Nice, working well",True,False,[],2024-10-26,19,,[],,,https://www.amazon.in/product-reviews/B0DHDDF2LK?pageNumber=3&filterByStar=all_stars&sortBy=helpful&formatType=all_formats&asin=B0DHDDF2LK&reftag=cm_cr_arp_d_paging_btm_next_3&scope=reviewsAjax0,allStars,,B0DHDDF2LK,B0DHDDF2LK,B0DHDDF2LK,"{'price': None, 'listPrice': None}",https://www.amazon.in//boAt-Aavante-Bar-Azure-Pro/dp/B0DHDDF2LK/ref=zg_bs_g_1389365031_d_sccl_16/260-9443465-0628262?psc=1,India,
Reviewed in India on 26 October 2024,amzn1.account.AFV4HQD2VPVNIFBJZ426WHEHGOBA,https://www.amazon.in/gp/profile/amzn1.account.AFV4HQD2VPVNIFBJZ426WHEHGOBA/ref=cm_cr_othr_d_gw_tr?ie=UTF8,4,good,R2CD5IERIMGNOZ,https://www.amazon.in/gp/customer-reviews/R2CD5IERIMGNOZ/ref=cm_cr_othr_d_rvw_ttl?ie=UTF8&ASIN=B0DHDDF2LK,,good,True,False,[],2024-10-26,20,,[],,,https://www.amazon.in/product-reviews/B0DHDDF2LK?pageNumber=3&filterByStar=all_stars&sortBy=helpful&formatType=all_formats&asin=B0DHDDF2LK&reftag=cm_cr_arp_d_paging_btm_next_3&scope=reviewsAjax0,allStars,,B0DHDDF2LK,B0DHDDF2LK,B0DHDDF2LK,"{'price': None, 'listPrice': None}",https://www.amazon.in//boAt-Aavante-Bar-Azure-Pro/dp/B0DHDDF2LK/ref=zg_bs_g_1389365031_d_sccl_16/260-9443465-0628262?psc=1,India,
Reviewed in India on 23 October 2024,amzn1.account.AGQFHW5UYMSMHOHAVVISWSCLPE7Q,https://www.amazon.in/gp/profile/amzn1.account.AGQFHW5UYMSMHOHAVVISWSCLPE7Q/ref=cm_cr_othr_d_gw_tr?ie=UTF8,4,Good,R2RNKTZVN137UZ,https://www.amazon.in/gp/customer-reviews/R2RNKTZVN137UZ/ref=cm_cr_othr_d_rvw_ttl?ie=UTF8&ASIN=B0DHDDF2LK,,Good,True,False,[],2024-10-23,21,,[],,,https://www.amazon.in/product-reviews/B0DHDDF2LK?pageNumber=3&filterByStar=all_stars&sortBy=helpful&formatType=all_formats&asin=B0DHDDF2LK&reftag=cm_cr_arp_d_paging_btm_next_3&scope=reviewsAjax0,allStars,,B0DHDDF2LK,B0DHDDF2LK,B0DHDDF2LK,"{'price': None, 'listPrice': None}",https://www.amazon.in//boAt-Aavante-Bar-Azure-Pro/dp/B0DHDDF2LK/ref=zg_bs_g_1389365031_d_sccl_16/260-9443465-0628262?psc=1,India,
Reviewed in India on 31 October 2024,amzn1.account.AHCMMECVX7JQ3YJ53DS3UZHBJNQQ,https://www.amazon.in/gp/profile/amzn1.account.AHCMMECVX7JQ3YJ53DS3UZHBJNQQ/ref=cm_cr_othr_d_gw_tr?ie=UTF8,2,Quality is very poor.,R3IDS47TI202R8,https://www.amazon.in/gp/customer-reviews/R3IDS47TI202R8/ref=cm_cr_othr_d_rvw_ttl?ie=UTF8&ASIN=B0DHDDF2LK,One person found this helpful,Wrost product in this price range. As mark on description.,True,False,[],2024-10-31,22,,[],,,https://www.amazon.in/product-reviews/B0DHDDF2LK?pageNumber=3&filterByStar=all_stars&sortBy=helpful&formatType=all_formats&asin=B0DHDDF2LK&reftag=cm_cr_arp_d_paging_btm_next_3&scope=reviewsAjax0,allStars,,B0DHDDF2LK,B0DHDDF2LK,B0DHDDF2LK,"{'price': None, 'listPrice': None}",https://www.amazon.in//boAt-Aavante-Bar-Azure-Pro/dp/B0DHDDF2LK/ref=zg_bs_g_1389365031_d_sccl_16/260-9443465-0628262?psc=1,India,
Reviewed in India on 11 October 2024,amzn1.account.AF74IXZYYN3KMXWP7FT5J3PVGL3A,https://www.amazon.in/gp/profile/amzn1.account.AF74IXZYYN3KMXWP7FT5J3PVGL3A/ref=cm_cr_othr_d_gw_tr?ie=UTF8,2,No disply in woofer as demanded,R20UKGHTZHOMK6,https://www.amazon.in/gp/customer-reviews/R20UKGHTZHOMK6/ref=cm_cr_othr_d_rvw_ttl?ie=UTF8&ASIN=B0DHDDF2LK,2 people found this helpful,Dislike due to item not despatch again of correct specification.  Your reply in this regard is  not correct as the item replaced,True,False,"['https://m.media-amazon.com/images/I/61eZ7RhLPhL._SY88.jpg', 'https://m.media-amazon.com/images/I/713cBP+SSkL._SY88.jpg']",2024-10-11,23,,[],,,https://www.amazon.in/product-reviews/B0DHDDF2LK?pageNumber=3&filterByStar=all_stars&sortBy=helpful&formatType=all_formats&asin=B0DHDDF2LK&reftag=cm_cr_arp_d_paging_btm_next_3&scope=reviewsAjax0,allStars,,B0DHDDF2LK,B0DHDDF2LK,B0DHDDF2LK,"{'price': None, 'listPrice': None}",https://www.amazon.in//boAt-Aavante-Bar-Azure-Pro/dp/B0DHDDF2LK/ref=zg_bs_g_1389365031_d_sccl_16/260-9443465-0628262?psc=1,India,
Reviewed in India on 29 October 2024,amzn1.account.AHROYBOFAZR76AA4EUAGULK7C2MQ,https://www.amazon.in/gp/profile/amzn1.account.AHROYBOFAZR76AA4EUAGULK7C2MQ/ref=cm_cr_othr_d_gw_tr?ie=UTF8,2,Rear speakers range issue,R1YFE3XOCG8SKD,https://www.amazon.in/gp/customer-reviews/R1YFE3XOCG8SKD/ref=cm_cr_othr_d_rvw_ttl?ie=UTF8&ASIN=B0DHDDF2LK,,Ok ok type...rear speakers range issu waste,True,False,[],2024-10-29,24,,[],,,https://www.amazon.in/product-reviews/B0DHDDF2LK?pageNumber=3&filterByStar=all_stars&sortBy=helpful&formatType=all_formats&asin=B0DHDDF2LK&reftag=cm_cr_arp_d_paging_btm_next_3&scope=reviewsAjax0,allStars,,B0DHDDF2LK,B0DHDDF2LK,B0DHDDF2LK,"{'price': None, 'listPrice': None}",https://www.amazon.in//boAt-Aavante-Bar-Azure-Pro/dp/B0DHDDF2LK/ref=zg_bs_g_1389365031_d_sccl_16/260-9443465-0628262?psc=1,India,
Reviewed in India on 2 January 2025,amzn1.account.AGSKRMJLKVJ5MUYHTAX2ZGX6AYUA,https://www.amazon.in/gp/profile/amzn1.account.AGSKRMJLKVJ5MUYHTAX2ZGX6AYUA/ref=cm_cr_othr_d_gw_tr?ie=UTF8,1,After 2 days remote not working,RBSGX9FJMFSOO,https://www.amazon.in/gp/customer-reviews/RBSGX9FJMFSOO/ref=cm_cr_othr_d_rvw_ttl?ie=UTF8&ASIN=B0DHDDF2LK,One person found this helpful,Customer care per complaint karne ke bad bhi service engineer Nahin aaya hai 13 Din Ho chuke hain,True,False,['https://m.media-amazon.com/images/I/71eU8u3W9DL._SY88.jpg'],2025-01-02,33,,[],,,https://www.amazon.in/product-reviews/B0DHDDF2LK?pageNumber=5&filterByStar=all_stars&sortBy=helpful&formatType=all_formats&asin=B0DHDDF2LK&reftag=cm_cr_arp_d_paging_btm_next_5&scope=reviewsAjax0,allStars,,B0DHDDF2LK,B0DHDDF2LK,B0DHDDF2LK,"{'price': None, 'listPrice': None}",https://www.amazon.in//boAt-Aavante-Bar-Azure-Pro/dp/B0DHDDF2LK/ref=zg_bs_g_1389365031_d_sccl_16/260-9443465-0628262?psc=1,India,
Reviewed in India on 19 November 2024,amzn1.account.AHEOUKT46H5T45BNY56E6RRXKYGQ,https://www.amazon.in/gp/profile/amzn1.account.AHEOUKT46H5T45BNY56E6RRXKYGQ/ref=cm_cr_othr_d_gw_tr?ie=UTF8,5,Excellent product,R13H4Q6TWW75W8,https://www.amazon.in/gp/customer-reviews/R13H4Q6TWW75W8/ref=cm_cr_othr_d_rvw_ttl?ie=UTF8&ASIN=B0DHDDF2LK,,"It’s very osume product in such amount, sound is good specially the Base punch is great and feels like my bed is vibrating with base.Value for money product.",True,False,[],2024-11-19,34,,[],,,https://www.amazon.in/product-reviews/B0DHDDF2LK?pageNumber=5&filterByStar=all_stars&sortBy=helpful&formatType=all_formats&asin=B0DHDDF2LK&reftag=cm_cr_arp_d_paging_btm_next_5&scope=reviewsAjax0,allStars,,B0DHDDF2LK,B0DHDDF2LK,B0DHDDF2LK,"{'price': None, 'listPrice': None}",https://www.amazon.in//boAt-Aavante-Bar-Azure-Pro/dp/B0DHDDF2LK/ref=zg_bs_g_1389365031_d_sccl_16/260-9443465-0628262?psc=1,India,
Reviewed in India on 27 November 2024,amzn1.account.AFAPTLI7UMYJJ3UYYM4JQ5QGUJUA,https://www.amazon.in/gp/profile/amzn1.account.AFAPTLI7UMYJJ3UYYM4JQ5QGUJUA/ref=cm_cr_othr_d_gw_tr?ie=UTF8,1,Not recommended - Poor performance after one month,R29G3EKJADR0XV,https://www.amazon.in/gp/customer-reviews/R29G3EKJADR0XV/ref=cm_cr_othr_d_rvw_ttl?ie=UTF8&ASIN=B0DHDDF2LK,6 people found this helpful,Initially the first month it worked awesome. I loved it but after 40 days it is bass is not working and sounds like a 500 rs speaker. Worst thing I can't even replace it now as replacement tenure is over 😭,True,False,['https://m.media-amazon.com/images/I/71wfRwx7PLL._SY88.jpg'],2024-11-27,35,,[],,,https://www.amazon.in/product-reviews/B0DHDDF2LK?pageNumber=5&filterByStar=all_stars&sortBy=helpful&formatType=all_formats&asin=B0DHDDF2LK&reftag=cm_cr_arp_d_paging_btm_next_5&scope=reviewsAjax0,allStars,,B0DHDDF2LK,B0DHDDF2LK,B0DHDDF2LK,"{'price': None, 'listPrice': None}",https://www.amazon.in//boAt-Aavante-Bar-Azure-Pro/dp/B0DHDDF2LK/ref=zg_bs_g_1389365031_d_sccl_16/260-9443465-0628262?psc=1,India,
Reviewed in India on 13 January 2025,amzn1.account.AEXM276KHVFGT6W7ML4PRCZLFVFA,https://www.amazon.in/gp/profile/amzn1.account.AEXM276KHVFGT6W7ML4PRCZLFVFA/ref=cm_cr_othr_d_gw_tr?ie=UTF8,1,Not good,RLXP1HWMQI5QU,https://www.amazon.in/gp/customer-reviews/RLXP1HWMQI5QU/ref=cm_cr_othr_d_rvw_ttl?ie=UTF8&ASIN=B0DHDDF2LK,,Sound not good  bad product,True,False,[],2025-01-13,36,,[],,,https://www.amazon.in/product-reviews/B0DHDDF2LK?pageNumber=5&filterByStar=all_stars&sortBy=helpful&formatType=all_formats&asin=B0DHDDF2LK&reftag=cm_cr_arp_d_paging_btm_next_5&scope=reviewsAjax0,allStars,,B0DHDDF2LK,B0DHDDF2LK,B0DHDDF2LK,"{'price': None, 'listPrice': None}",https://www.amazon.in//boAt-Aavante-Bar-Azure-Pro/dp/B0DHDDF2LK/ref=zg_bs_g_1389365031_d_sccl_16/260-9443465-0628262?psc=1,India,
Reviewed in India on 13 November 2024,amzn1.account.AGDBN34N5VYQTOWD6ME3RKNTNBPA,https://www.amazon.in/gp/profile/amzn1.account.AGDBN34N5VYQTOWD6ME3RKNTNBPA/ref=cm_cr_othr_d_gw_tr?ie=UTF8,1,It doesn't sound like 550w.,R2D6R27K8H1GE2,https://www.amazon.in/gp/customer-reviews/R2D6R27K8H1GE2/ref=cm_cr_othr_d_rvw_ttl?ie=UTF8&ASIN=B0DHDDF2LK,One person found this helpful,"The sound bar it's not worth, 200w soundbar his Better than this sound bar, the worst purchase ever.. boat is loosing his name and quality 😞😞.Sorry to say this 😔",True,False,[],2024-11-13,37,,[],,,https://www.amazon.in/product-reviews/B0DHDDF2LK?pageNumber=5&filterByStar=all_stars&sortBy=helpful&formatType=all_formats&asin=B0DHDDF2LK&reftag=cm_cr_arp_d_paging_btm_next_5&scope=reviewsAjax0,allStars,,B0DHDDF2LK,B0DHDDF2LK,B0DHDDF2LK,"{'price': None, 'listPrice': None}",https://www.amazon.in//boAt-Aavante-Bar-Azure-Pro/dp/B0DHDDF2LK/ref=zg_bs_g_1389365031_d_sccl_16/260-9443465-0628262?psc=1,India,
Reviewed in India on 18 November 2024,amzn1.account.AHGNLELF35XJCBPBUBNDTGWHIBXA,https://www.amazon.in/gp/profile/amzn1.account.AHGNLELF35XJCBPBUBNDTGWHIBXA/ref=cm_cr_othr_d_gw_tr?ie=UTF8,5,Great sound system,R2G0ZFVYLWOE05,https://www.amazon.in/gp/customer-reviews/R2G0ZFVYLWOE05/ref=cm_cr_othr_d_rvw_ttl?ie=UTF8&ASIN=B0DHDDF2LK,,Value for money good quality,True,False,[],2024-11-18,38,,[],,,https://www.amazon.in/product-reviews/B0DHDDF2LK?pageNumber=5&filterByStar=all_stars&sortBy=helpful&formatType=all_formats&asin=B0DHDDF2LK&reftag=cm_cr_arp_d_paging_btm_next_5&scope=reviewsAjax0,allStars,,B0DHDDF2LK,B0DHDDF2LK,B0DHDDF2LK,"{'price': None, 'listPrice': None}",https://www.amazon.in//boAt-Aavante-Bar-Azure-Pro/dp/B0DHDDF2LK/ref=zg_bs_g_1389365031_d_sccl_16/260-9443465-0628262?psc=1,India,
Reviewed in India on 13 October 2024,amzn1.account.AG52MZEOI47CYPVTSAXGNPUMGZ2A,https://www.amazon.in/gp/profile/amzn1.account.AG52MZEOI47CYPVTSAXGNPUMGZ2A/ref=cm_cr_othr_d_gw_tr?ie=UTF8,1,Not worth this price range,R2QUI3CRFFTH3P,https://www.amazon.in/gp/customer-reviews/R2QUI3CRFFTH3P/ref=cm_cr_othr_d_rvw_ttl?ie=UTF8&ASIN=B0DHDDF2LK,5 people found this helpful,The output of the product is not good As per 550 watts. Boat claim 550w but  I don't think so. Any normal company 200 watt home theater output is better than this. I am very disappointed Boat is a brand company So I had expected more,True,False,[],2024-10-13,39,,[],,,https://www.amazon.in/product-reviews/B0DHDDF2LK?pageNumber=5&filterByStar=all_stars&sortBy=helpful&formatType=all_formats&asin=B0DHDDF2LK&reftag=cm_cr_arp_d_paging_btm_next_5&scope=reviewsAjax0,allStars,,B0DHDDF2LK,B0DHDDF2LK,B0DHDDF2LK,"{'price': None, 'listPrice': None}",https://www.amazon.in//boAt-Aavante-Bar-Azure-Pro/dp/B0DHDDF2LK/ref=zg_bs_g_1389365031_d_sccl_16/260-9443465-0628262?psc=1,India,
Reviewed in India on 6 November 2024,amzn1.account.AEZY3TAZVBQ45CXVY64BT6BB6DEA,https://www.amazon.in/gp/profile/amzn1.account.AEZY3TAZVBQ45CXVY64BT6BB6DEA/ref=cm_cr_othr_d_gw_tr?ie=UTF8,5,Best product,RT306EUOGGFL9,https://www.amazon.in/gp/customer-reviews/RT306EUOGGFL9/ref=cm_cr_othr_d_rvw_ttl?ie=UTF8&ASIN=B0DHDDF2LK,One person found this helpful,Installation engineer not coming,True,False,[],2024-11-06,40,,[],,,https://www.amazon.in/product-reviews/B0DHDDF2LK?pageNumber=5&filterByStar=all_stars&sortBy=helpful&formatType=all_formats&asin=B0DHDDF2LK&reftag=cm_cr_arp_d_paging_btm_next_5&scope=reviewsAjax0,allStars,,B0DHDDF2LK,B0DHDDF2LK,B0DHDDF2LK,"{'price': None, 'listPrice': None}",https://www.amazon.in//boAt-Aavante-Bar-Azure-Pro/dp/B0DHDDF2LK/ref=zg_bs_g_1389365031_d_sccl_16/260-9443465-0628262?psc=1,India,
