reviewedIn,userId,userProfileLink,ratingScore,reviewTitle,reviewId,reviewUrl,reviewReaction,reviewDescription,isVerified,isAmazonVine,reviewImages,date,position,variant,variantAttributes,totalCategoryRatings,totalCategoryReviews,reviewCategoryUrl,filterByRating,filterByKeyword,productAsin,productOriginalAsin,variantAsin,product,input,country,countryCode
Reviewed in India on 7 May 2024,amzn1.account.AGAON35QCPFPHUFN2ZGCR5GVTHWA,https://www.amazon.in/gp/profile/amzn1.account.AGAON35QCPFPHUFN2ZGCR5GVTHWA/ref=cm_cr_othr_d_gw_tr?ie=UTF8,5,Unleashing the Power of Portable Sound – Zeb-Pixie Speaker,RQ2LYOF8304CM,https://www.amazon.in/gp/customer-reviews/RQ2LYOF8304CM/ref=cm_cr_othr_d_rvw_ttl?ie=UTF8&ASIN=B0CXTK7845,8 people found this helpful,"I recently had the pleasure of experiencing the Zeb-Pixie Wireless Speaker from Zebronics, and I must say, it has completely exceeded my expectations! The sleek black finish not only adds an elegant touch to my desk but also fits seamlessly into any decor, whether at home or as I move about. Its lightweight design, coupled with a handy carry loop, makes it a breeze to take everywhere.What truly sets this speaker apart is the incredible sound quality it delivers. Despite its compact size, the 5W RMS output fills any room with clear, resonant sound that's rich in quality and free from distortion. Coupled with the latest Bluetooth v5.3 technology, it ensures a stable, seamless connection that consistently enriches my audio experiences, whether I'm listening to music, podcasts, or taking calls.The True Wireless Stereo (TWS) functionality is a game changer, allowing me to pair two Zeb-Pixie speakers for an immersive stereo sound that's perfect for enhancing the ambiance at gatherings or for a richer personal listening session. The battery life is impressive as well, with up to 7 hours of playback time, minimizing the need for frequent recharges and keeping the tunes flowing all day or night.The speaker's versatility extends with features like mSD card support for up to 32GB, intuitive media and volume controls, and a practical call function. These features make it not just a speaker, but a multifunctional tool for everyday use. Whether I'm streaming my favorite playlists or catching up on audiobooks, the MP3 format support ensures I have all my audio needs covered.In conclusion, the Zeb-Pixie Wireless Speaker in black is a standout product that combines great sound, portability, and thoughtful features at an incredibly affordable price. For anyone in search of a reliable, high-quality portable speaker that won’t break the bank, this is definitely a fantastic choice. Highly recommended!",True,False,[],2024-05-07,1,Style Name: Zeb Pixie - Black,"[{'key': 'Style Name', 'value': 'Zeb Pixie - Black'}]",,,https://www.amazon.in/product-reviews/B0CXTK7845?pageNumber=1&filterByStar=all_stars&sortBy=helpful&formatType=all_formats&asin=B0CXTK7845&reftag=cm_cr_arp_d_paging_btm_next_1&scope=reviewsAjax0,allStars,,B0CXTK7845,B0CXTK7845,B0CXTK7845,"{'price': None, 'listPrice': None}",https://www.amazon.in//ZEBRONICS-Portable-Supports-Bluetooth-Function/dp/B0CXTK7845/ref=zg_bs_g_1389365031_d_sccl_18/260-9443465-0628262?psc=1,India,
Reviewed in India on 28 January 2021,amzn1.account.AELY7Y53XRPOYA2EUY2KPGLXEQUQ,https://www.amazon.in/gp/profile/amzn1.account.AELY7Y53XRPOYA2EUY2KPGLXEQUQ/ref=cm_cr_othr_d_gw_tr?ie=UTF8,4,"Good product for those who emphasis on ""Branded products""",R2NDQJWBQFG9MG,https://www.amazon.in/gp/customer-reviews/R2NDQJWBQFG9MG/ref=cm_cr_othr_d_rvw_ttl?ie=UTF8&ASIN=B0CXTK7845,156 people found this helpful,"The media could not be loaded.
                
            
                
            
            
        
    
    








  
  
     I am writing this review after using two kind of Karaoke Mic.If you having fond of singing, then you must have one handy karaoke BT mic.There are several types of BT karaoke mic available in the market like WS 858 type, Q7 type, Q9 type, VRJTEC design 2 etc. Mostly all are available as imported from China.I was owning Kay-joy mic which is equally similar as VRJTEC design 2, and then ordered this Zebrinics zeb fun for gifting purpose.I am writing this review comparing Zebronics Zeb fun with my Kay-Joy BT mic. (Also watch video).We can use it for karaoke singing as well as BT Speaker for entertainment.Pros:Build quality of Zeb fun is very nice, easy to handle and sing.Silicone body cover grip is given to reduce perspirations during hand held use.The speaker size looks smaller, but is louder and having more crispy clear sound than Kay-joy design mic.Speaker sound output is really better in sense of sound quality and sound depth.Good sound levels for usage up to 15X10 size rooms in calm environment.Warranty of 1 year.Cons:You are not getting FM radio and voice change feature like other BT mics.Using as karaoke singing, the microphone needs to keep very close (we can say touch to lower lips) for good result, otherwise it doesn't catch voice.Sliding switches are seems loose slides and feels like they will malfunction in future after long time usage.Product manual is not enough informative for first time users.Price is quite high.If you are buying this for small kids, who tends to accidental drop and mishandling mic like other toys, then should go for other low price variants. And those who believes in Warranties and branded items, they should buy this. Unless other type mics are easily available at lower rates than 1k price and they also serves same or more features in my opinion.",True,False,[],2021-01-28,2,Style Name: Zeb Fun - Blue,"[{'key': 'Style Name', 'value': 'Zeb Fun - Blue'}]",,,https://www.amazon.in/product-reviews/B0CXTK7845?pageNumber=1&filterByStar=all_stars&sortBy=helpful&formatType=all_formats&asin=B0CXTK7845&reftag=cm_cr_arp_d_paging_btm_next_1&scope=reviewsAjax0,allStars,,B0CXTK7845,B0CXTK7845,B0CXTK7845,"{'price': None, 'listPrice': None}",https://www.amazon.in//ZEBRONICS-Portable-Supports-Bluetooth-Function/dp/B0CXTK7845/ref=zg_bs_g_1389365031_d_sccl_18/260-9443465-0628262?psc=1,India,
Reviewed in India on 2 January 2025,amzn1.account.AFBQZDUOC2OSQYBQSZFP6JS3R6DQ,https://www.amazon.in/gp/profile/amzn1.account.AFBQZDUOC2OSQYBQSZFP6JS3R6DQ/ref=cm_cr_othr_d_gw_tr?ie=UTF8,1,Negative remarks,RVOWNNOT9AUUN,https://www.amazon.in/gp/customer-reviews/RVOWNNOT9AUUN/ref=cm_cr_othr_d_rvw_ttl?ie=UTF8&ASIN=B0CXTK7845,2 people found this helpful,"Product is not getting charged, and making continues sound till it discharged, not in use now. Please do not buy cheep product like this .Amazon asking for rate , i am not willing to give a single star , but cant proceed without.",True,False,['https://m.media-amazon.com/images/I/61U219Vo2LL._SY88.jpg'],2025-01-02,3,Style Name: Zeb Pixie - Black,"[{'key': 'Style Name', 'value': 'Zeb Pixie - Black'}]",,,https://www.amazon.in/product-reviews/B0CXTK7845?pageNumber=1&filterByStar=all_stars&sortBy=helpful&formatType=all_formats&asin=B0CXTK7845&reftag=cm_cr_arp_d_paging_btm_next_1&scope=reviewsAjax0,allStars,,B0CXTK7845,B0CXTK7845,B0CXTK7845,"{'price': None, 'listPrice': None}",https://www.amazon.in//ZEBRONICS-Portable-Supports-Bluetooth-Function/dp/B0CXTK7845/ref=zg_bs_g_1389365031_d_sccl_18/260-9443465-0628262?psc=1,India,
Reviewed in India on 13 December 2024,amzn1.account.AFJRPT6YJ4DWHJGJFPQKT5PB3A6Q,https://www.amazon.in/gp/profile/amzn1.account.AFJRPT6YJ4DWHJGJFPQKT5PB3A6Q/ref=cm_cr_othr_d_gw_tr?ie=UTF8,5,The sound quality and the look,R29ZDMZ8JCNM2T,https://www.amazon.in/gp/customer-reviews/R29ZDMZ8JCNM2T/ref=cm_cr_othr_d_rvw_ttl?ie=UTF8&ASIN=B0CXTK7845,,The sound quality and the lookIt's really nice product.Thanks to all Team members 🙏,True,False,[],2024-12-13,4,Style Name: Zeb Pixie - Dark Blue,"[{'key': 'Style Name', 'value': 'Zeb Pixie - Dark Blue'}]",,,https://www.amazon.in/product-reviews/B0CXTK7845?pageNumber=1&filterByStar=all_stars&sortBy=helpful&formatType=all_formats&asin=B0CXTK7845&reftag=cm_cr_arp_d_paging_btm_next_1&scope=reviewsAjax0,allStars,,B0CXTK7845,B0CXTK7845,B0CXTK7845,"{'price': None, 'listPrice': None}",https://www.amazon.in//ZEBRONICS-Portable-Supports-Bluetooth-Function/dp/B0CXTK7845/ref=zg_bs_g_1389365031_d_sccl_18/260-9443465-0628262?psc=1,India,
Reviewed in India on 24 November 2024,amzn1.account.AFO47BDAV2SWZZ3D2KXFAEH53GDA,https://www.amazon.in/gp/profile/amzn1.account.AFO47BDAV2SWZZ3D2KXFAEH53GDA/ref=cm_cr_othr_d_gw_tr?ie=UTF8,3,Value for Money,R2EXUNKSNMBMN3,https://www.amazon.in/gp/customer-reviews/R2EXUNKSNMBMN3/ref=cm_cr_othr_d_rvw_ttl?ie=UTF8&ASIN=B0CXTK7845,,Speaker sound is sufficient but mic is poor quality,True,False,[],2024-11-24,5,Style Name: Zeb Pixie - Black,"[{'key': 'Style Name', 'value': 'Zeb Pixie - Black'}]",,,https://www.amazon.in/product-reviews/B0CXTK7845?pageNumber=1&filterByStar=all_stars&sortBy=helpful&formatType=all_formats&asin=B0CXTK7845&reftag=cm_cr_arp_d_paging_btm_next_1&scope=reviewsAjax0,allStars,,B0CXTK7845,B0CXTK7845,B0CXTK7845,"{'price': None, 'listPrice': None}",https://www.amazon.in//ZEBRONICS-Portable-Supports-Bluetooth-Function/dp/B0CXTK7845/ref=zg_bs_g_1389365031_d_sccl_18/260-9443465-0628262?psc=1,India,
Reviewed in India on 24 June 2023,amzn1.account.AFCFNSKM4H3U3DPYQNWKWXYDDLVQ,https://www.amazon.in/gp/profile/amzn1.account.AFCFNSKM4H3U3DPYQNWKWXYDDLVQ/ref=cm_cr_othr_d_gw_tr?ie=UTF8,5,Great product,R1DX2S86QYK204,https://www.amazon.in/gp/customer-reviews/R1DX2S86QYK204/ref=cm_cr_othr_d_rvw_ttl?ie=UTF8&ASIN=B0CXTK7845,2 people found this helpful,"Superb product. Have been trying cheap chinese products which do not last long and are mostly of poor quality.This is costlier but built is very sturdy. Feels good to hold it and speak or sing. Grip is good. Design is good though the speaker at bottom appears to be the mouthpiece as one would find in normal mikes.Sound quality with echo is quite rich and volume is decent.Bluetooth is quick to connect with other options of inputs like aux in, sd card etc provided.Overall very impressed with the product which i got at around 1.6k.",True,False,[],2023-06-24,6,Style Name: Zeb Fun - Blue,"[{'key': 'Style Name', 'value': 'Zeb Fun - Blue'}]",,,https://www.amazon.in/product-reviews/B0CXTK7845?pageNumber=1&filterByStar=all_stars&sortBy=helpful&formatType=all_formats&asin=B0CXTK7845&reftag=cm_cr_arp_d_paging_btm_next_1&scope=reviewsAjax0,allStars,,B0CXTK7845,B0CXTK7845,B0CXTK7845,"{'price': None, 'listPrice': None}",https://www.amazon.in//ZEBRONICS-Portable-Supports-Bluetooth-Function/dp/B0CXTK7845/ref=zg_bs_g_1389365031_d_sccl_18/260-9443465-0628262?psc=1,India,
Reviewed in India on 24 November 2024,amzn1.account.AGCJJ2ZK5NEKC7U3XAP34GQKKGVA,https://www.amazon.in/gp/profile/amzn1.account.AGCJJ2ZK5NEKC7U3XAP34GQKKGVA/ref=cm_cr_othr_d_gw_tr?ie=UTF8,4,Good but price is little high,R133435BRXV38,https://www.amazon.in/gp/customer-reviews/R133435BRXV38/ref=cm_cr_othr_d_rvw_ttl?ie=UTF8&ASIN=B0CXTK7845,,Nice sound quality and a pocket friendly speaker,True,False,[],2024-11-24,7,Style Name: Zeb Pixie - Black,"[{'key': 'Style Name', 'value': 'Zeb Pixie - Black'}]",,,https://www.amazon.in/product-reviews/B0CXTK7845?pageNumber=1&filterByStar=all_stars&sortBy=helpful&formatType=all_formats&asin=B0CXTK7845&reftag=cm_cr_arp_d_paging_btm_next_1&scope=reviewsAjax0,allStars,,B0CXTK7845,B0CXTK7845,B0CXTK7845,"{'price': None, 'listPrice': None}",https://www.amazon.in//ZEBRONICS-Portable-Supports-Bluetooth-Function/dp/B0CXTK7845/ref=zg_bs_g_1389365031_d_sccl_18/260-9443465-0628262?psc=1,India,
Reviewed in India on 23 November 2024,amzn1.account.AG5LWIZFVY5JAFXDBFFFNF6XYMSQ,https://www.amazon.in/gp/profile/amzn1.account.AG5LWIZFVY5JAFXDBFFFNF6XYMSQ/ref=cm_cr_othr_d_gw_tr?ie=UTF8,1,Small BT speaker.,R1OPDDPI9VITF8,https://www.amazon.in/gp/customer-reviews/R1OPDDPI9VITF8/ref=cm_cr_othr_d_rvw_ttl?ie=UTF8&ASIN=B0CXTK7845,One person found this helpful,Audio is not upto 5w in my opinion. Charging is not upto the level as prescribed. Unable to switch on after 1st charging. Company has to provide proper charger. Idea is good. Product is to reviewed by designers once again or guide the buyer properly.,True,False,[],2024-11-23,8,Style Name: Zeb Pixie - Black,"[{'key': 'Style Name', 'value': 'Zeb Pixie - Black'}]",,,https://www.amazon.in/product-reviews/B0CXTK7845?pageNumber=1&filterByStar=all_stars&sortBy=helpful&formatType=all_formats&asin=B0CXTK7845&reftag=cm_cr_arp_d_paging_btm_next_1&scope=reviewsAjax0,allStars,,B0CXTK7845,B0CXTK7845,B0CXTK7845,"{'price': None, 'listPrice': None}",https://www.amazon.in//ZEBRONICS-Portable-Supports-Bluetooth-Function/dp/B0CXTK7845/ref=zg_bs_g_1389365031_d_sccl_18/260-9443465-0628262?psc=1,India,
Reviewed in India on 5 October 2024,amzn1.account.AETZ4PKDJJVW2LKVNZCOLYZGEVAA,https://www.amazon.in/gp/profile/amzn1.account.AETZ4PKDJJVW2LKVNZCOLYZGEVAA/ref=cm_cr_othr_d_gw_tr?ie=UTF8,4,Value for money 👌🏻,R11Y5NQ1MVXPCZ,https://www.amazon.in/gp/customer-reviews/R11Y5NQ1MVXPCZ/ref=cm_cr_othr_d_rvw_ttl?ie=UTF8&ASIN=B0CXTK7845,One person found this helpful,"The media could not be loaded.
                
            
                
            
            
        
    
    








  
  
     Smooth design,antislip stand good volume",True,False,"['https://m.media-amazon.com/images/I/61RHB8msyhL._SY88.jpg', 'https://m.media-amazon.com/images/I/61d+ooLFL3L._SY88.jpg', 'https://m.media-amazon.com/images/I/71Lt4sSkivL._SY88.jpg']",2024-10-05,25,Style Name: Zeb Pixie - Black,"[{'key': 'Style Name', 'value': 'Zeb Pixie - Black'}]",,,https://www.amazon.in/product-reviews/B0CXTK7845?pageNumber=4&filterByStar=all_stars&sortBy=helpful&formatType=all_formats&asin=B0CXTK7845&reftag=cm_cr_arp_d_paging_btm_next_4&scope=reviewsAjax0,allStars,,B0CXTK7845,B0CXTK7845,B0CXTK7845,"{'price': None, 'listPrice': None}",https://www.amazon.in//ZEBRONICS-Portable-Supports-Bluetooth-Function/dp/B0CXTK7845/ref=zg_bs_g_1389365031_d_sccl_18/260-9443465-0628262?psc=1,India,
Reviewed in India on 12 January 2025,amzn1.account.AGSTXVZKFLMVVUHNQD3MAFE4REUQ,https://www.amazon.in/gp/profile/amzn1.account.AGSTXVZKFLMVVUHNQD3MAFE4REUQ/ref=cm_cr_othr_d_gw_tr?ie=UTF8,5,Very good compact travel product,R1815MU4IUV5G8,https://www.amazon.in/gp/customer-reviews/R1815MU4IUV5G8/ref=cm_cr_othr_d_rvw_ttl?ie=UTF8&ASIN=B0CXTK7845,,Very good compact travel product,True,False,[],2025-01-12,26,Style Name: Zeb Pixie - Dark Blue,"[{'key': 'Style Name', 'value': 'Zeb Pixie - Dark Blue'}]",,,https://www.amazon.in/product-reviews/B0CXTK7845?pageNumber=4&filterByStar=all_stars&sortBy=helpful&formatType=all_formats&asin=B0CXTK7845&reftag=cm_cr_arp_d_paging_btm_next_4&scope=reviewsAjax0,allStars,,B0CXTK7845,B0CXTK7845,B0CXTK7845,"{'price': None, 'listPrice': None}",https://www.amazon.in//ZEBRONICS-Portable-Supports-Bluetooth-Function/dp/B0CXTK7845/ref=zg_bs_g_1389365031_d_sccl_18/260-9443465-0628262?psc=1,India,
Reviewed in India on 20 September 2024,amzn1.account.AHA53JNX2D2LLT4I64E64DC74QFQ,https://www.amazon.in/gp/profile/amzn1.account.AHA53JNX2D2LLT4I64E64DC74QFQ/ref=cm_cr_othr_d_gw_tr?ie=UTF8,3,Sound quality,R3EDXG0WUXV7TU,https://www.amazon.in/gp/customer-reviews/R3EDXG0WUXV7TU/ref=cm_cr_othr_d_rvw_ttl?ie=UTF8&ASIN=B0CXTK7845,,"The sound quality is poor, only the music play louder .It is good for kids",True,False,['https://m.media-amazon.com/images/I/810pziz6BWL._SY88.jpg'],2024-09-20,27,Style Name: Zeb Fun - Blue,"[{'key': 'Style Name', 'value': 'Zeb Fun - Blue'}]",,,https://www.amazon.in/product-reviews/B0CXTK7845?pageNumber=4&filterByStar=all_stars&sortBy=helpful&formatType=all_formats&asin=B0CXTK7845&reftag=cm_cr_arp_d_paging_btm_next_4&scope=reviewsAjax0,allStars,,B0CXTK7845,B0CXTK7845,B0CXTK7845,"{'price': None, 'listPrice': None}",https://www.amazon.in//ZEBRONICS-Portable-Supports-Bluetooth-Function/dp/B0CXTK7845/ref=zg_bs_g_1389365031_d_sccl_18/260-9443465-0628262?psc=1,India,
Reviewed in India on 23 September 2024,amzn1.account.AFKUKQCUNHQI3Q2A76QHTSNEVUBA,https://www.amazon.in/gp/profile/amzn1.account.AFKUKQCUNHQI3Q2A76QHTSNEVUBA/ref=cm_cr_othr_d_gw_tr?ie=UTF8,4,Don't  work  Aux,R2EIHP9EP38LL5,https://www.amazon.in/gp/customer-reviews/R2EIHP9EP38LL5/ref=cm_cr_othr_d_rvw_ttl?ie=UTF8&ASIN=B0CXTK7845,,Don't work Aux,True,False,[],2024-09-23,28,Style Name: Zeb Fun - Blue,"[{'key': 'Style Name', 'value': 'Zeb Fun - Blue'}]",,,https://www.amazon.in/product-reviews/B0CXTK7845?pageNumber=4&filterByStar=all_stars&sortBy=helpful&formatType=all_formats&asin=B0CXTK7845&reftag=cm_cr_arp_d_paging_btm_next_4&scope=reviewsAjax0,allStars,,B0CXTK7845,B0CXTK7845,B0CXTK7845,"{'price': None, 'listPrice': None}",https://www.amazon.in//ZEBRONICS-Portable-Supports-Bluetooth-Function/dp/B0CXTK7845/ref=zg_bs_g_1389365031_d_sccl_18/260-9443465-0628262?psc=1,India,
Reviewed in India on 23 June 2024,amzn1.account.AGBDS2TTHN6S7NDAC43MVAX5GQGA,https://www.amazon.in/gp/profile/amzn1.account.AGBDS2TTHN6S7NDAC43MVAX5GQGA/ref=cm_cr_othr_d_gw_tr?ie=UTF8,4,Zeb speaker,R2H1WN370448YT,https://www.amazon.in/gp/customer-reviews/R2H1WN370448YT/ref=cm_cr_othr_d_rvw_ttl?ie=UTF8&ASIN=B0CXTK7845,One person found this helpful,"Good one from Zebronics at this budget. The full volume will irritate you little bit, but upto 70% of volume range will be good. Battery back up is ok, maximum time it is not charged upto 100%, stuck in 90% only. You can use only inside your room because of the sound quality. Overall, the product is good at this budget.",True,False,[],2024-06-23,29,Style Name: Zeb Pixie - Dark Blue,"[{'key': 'Style Name', 'value': 'Zeb Pixie - Dark Blue'}]",,,https://www.amazon.in/product-reviews/B0CXTK7845?pageNumber=4&filterByStar=all_stars&sortBy=helpful&formatType=all_formats&asin=B0CXTK7845&reftag=cm_cr_arp_d_paging_btm_next_4&scope=reviewsAjax0,allStars,,B0CXTK7845,B0CXTK7845,B0CXTK7845,"{'price': None, 'listPrice': None}",https://www.amazon.in//ZEBRONICS-Portable-Supports-Bluetooth-Function/dp/B0CXTK7845/ref=zg_bs_g_1389365031_d_sccl_18/260-9443465-0628262?psc=1,India,
Reviewed in India on 29 November 2024,amzn1.account.AGEWMWXAXQUOJFNZ42YY43TL4B3A,https://www.amazon.in/gp/profile/amzn1.account.AGEWMWXAXQUOJFNZ42YY43TL4B3A/ref=cm_cr_othr_d_gw_tr?ie=UTF8,2,प्राइस रेंज के हिसाब से यह प्रोडक्ट बेकार है,R23JG7V44PHFF5,https://www.amazon.in/gp/customer-reviews/R23JG7V44PHFF5/ref=cm_cr_othr_d_rvw_ttl?ie=UTF8&ASIN=B0CXTK7845,,आवाज कम है यह मुझे पसंद नहीं आया और बैटरी भी बहुत कम चलती है चार-पांच गाने सुनते हैं डाउन हो जाती है,True,False,[],2024-11-29,30,Style Name: Zeb Pixie - Dark Blue,"[{'key': 'Style Name', 'value': 'Zeb Pixie - Dark Blue'}]",,,https://www.amazon.in/product-reviews/B0CXTK7845?pageNumber=4&filterByStar=all_stars&sortBy=helpful&formatType=all_formats&asin=B0CXTK7845&reftag=cm_cr_arp_d_paging_btm_next_4&scope=reviewsAjax0,allStars,,B0CXTK7845,B0CXTK7845,B0CXTK7845,"{'price': None, 'listPrice': None}",https://www.amazon.in//ZEBRONICS-Portable-Supports-Bluetooth-Function/dp/B0CXTK7845/ref=zg_bs_g_1389365031_d_sccl_18/260-9443465-0628262?psc=1,India,
Reviewed in India on 6 September 2024,amzn1.account.AHRCJ7BLZBAUVVMHMNEP6XCJ423A,https://www.amazon.in/gp/profile/amzn1.account.AHRCJ7BLZBAUVVMHMNEP6XCJ423A/ref=cm_cr_othr_d_gw_tr?ie=UTF8,3,எனக்கு இது வேண்டாம் மிகவும் சிறியதாக உள்ளது,RBBY8VJQVENL4,https://www.amazon.in/gp/customer-reviews/RBBY8VJQVENL4/ref=cm_cr_othr_d_rvw_ttl?ie=UTF8&ASIN=B0CXTK7845,,இது மிகவும் சிறியதாக உள்ளது ஆகையால் வேண்டாம்,True,False,[],2024-09-06,31,Style Name: Zeb Pixie - Dark Blue,"[{'key': 'Style Name', 'value': 'Zeb Pixie - Dark Blue'}]",,,https://www.amazon.in/product-reviews/B0CXTK7845?pageNumber=4&filterByStar=all_stars&sortBy=helpful&formatType=all_formats&asin=B0CXTK7845&reftag=cm_cr_arp_d_paging_btm_next_4&scope=reviewsAjax0,allStars,,B0CXTK7845,B0CXTK7845,B0CXTK7845,"{'price': None, 'listPrice': None}",https://www.amazon.in//ZEBRONICS-Portable-Supports-Bluetooth-Function/dp/B0CXTK7845/ref=zg_bs_g_1389365031_d_sccl_18/260-9443465-0628262?psc=1,India,
Reviewed in India on 21 August 2024,amzn1.account.AHLFNV3DFGMJKAOW7JG2VQW3SF4Q,https://www.amazon.in/gp/profile/amzn1.account.AHLFNV3DFGMJKAOW7JG2VQW3SF4Q/ref=cm_cr_othr_d_gw_tr?ie=UTF8,4,Sound quality is very good,R1ML80XXD2Y5WL,https://www.amazon.in/gp/customer-reviews/R1ML80XXD2Y5WL/ref=cm_cr_othr_d_rvw_ttl?ie=UTF8&ASIN=B0CXTK7845,,Excellent Product and good performance,True,False,[],2024-08-21,32,Style Name: Zeb Fun - Blue,"[{'key': 'Style Name', 'value': 'Zeb Fun - Blue'}]",,,https://www.amazon.in/product-reviews/B0CXTK7845?pageNumber=4&filterByStar=all_stars&sortBy=helpful&formatType=all_formats&asin=B0CXTK7845&reftag=cm_cr_arp_d_paging_btm_next_4&scope=reviewsAjax0,allStars,,B0CXTK7845,B0CXTK7845,B0CXTK7845,"{'price': None, 'listPrice': None}",https://www.amazon.in//ZEBRONICS-Portable-Supports-Bluetooth-Function/dp/B0CXTK7845/ref=zg_bs_g_1389365031_d_sccl_18/260-9443465-0628262?psc=1,India,
Reviewed in India on 19 January 2025,amzn1.account.AE2KTMYXWXGGS7SKDV6HHJD3ZNZA,https://www.amazon.in/gp/profile/amzn1.account.AE2KTMYXWXGGS7SKDV6HHJD3ZNZA/ref=cm_cr_othr_d_gw_tr?ie=UTF8,1,Disappointed by Zebronics,R3CDBEFPUKHJ7F,https://www.amazon.in/gp/customer-reviews/R3CDBEFPUKHJ7F/ref=cm_cr_othr_d_rvw_ttl?ie=UTF8&ASIN=B0CXTK7845,One person found this helpful,Not working ....Only 2 time worked after that ...😟😟,True,False,['https://m.media-amazon.com/images/I/71iEXnQFYWL._SY88.jpg'],2025-01-19,65,Style Name: Zeb Pixie - Dark Blue,"[{'key': 'Style Name', 'value': 'Zeb Pixie - Dark Blue'}]",,,https://www.amazon.in/product-reviews/B0CXTK7845?pageNumber=9&filterByStar=all_stars&sortBy=helpful&formatType=all_formats&asin=B0CXTK7845&reftag=cm_cr_arp_d_paging_btm_next_9&scope=reviewsAjax0,allStars,,B0CXTK7845,B0CXTK7845,B0CXTK7845,"{'price': None, 'listPrice': None}",https://www.amazon.in//ZEBRONICS-Portable-Supports-Bluetooth-Function/dp/B0CXTK7845/ref=zg_bs_g_1389365031_d_sccl_18/260-9443465-0628262?psc=1,India,
Reviewed in India on 14 November 2024,amzn1.account.AGBQ4HKIN6Y2WSDM5DJAEPBNA4ZA,https://www.amazon.in/gp/profile/amzn1.account.AGBQ4HKIN6Y2WSDM5DJAEPBNA4ZA/ref=cm_cr_othr_d_gw_tr?ie=UTF8,5,Good,R1WKD7YLQSXQ8J,https://www.amazon.in/gp/customer-reviews/R1WKD7YLQSXQ8J/ref=cm_cr_othr_d_rvw_ttl?ie=UTF8&ASIN=B0CXTK7845,,Good,True,False,[],2024-11-14,66,Style Name: Zeb Pixie - Dark Blue,"[{'key': 'Style Name', 'value': 'Zeb Pixie - Dark Blue'}]",,,https://www.amazon.in/product-reviews/B0CXTK7845?pageNumber=9&filterByStar=all_stars&sortBy=helpful&formatType=all_formats&asin=B0CXTK7845&reftag=cm_cr_arp_d_paging_btm_next_9&scope=reviewsAjax0,allStars,,B0CXTK7845,B0CXTK7845,B0CXTK7845,"{'price': None, 'listPrice': None}",https://www.amazon.in//ZEBRONICS-Portable-Supports-Bluetooth-Function/dp/B0CXTK7845/ref=zg_bs_g_1389365031_d_sccl_18/260-9443465-0628262?psc=1,India,
Reviewed in India on 22 October 2024,amzn1.account.AGXUGDD4ETO3NTVS7FT3JQVKFDDQ,https://www.amazon.in/gp/profile/amzn1.account.AGXUGDD4ETO3NTVS7FT3JQVKFDDQ/ref=cm_cr_othr_d_gw_tr?ie=UTF8,5,Good Speaker,R1IVYI6JXRMS5I,https://www.amazon.in/gp/customer-reviews/R1IVYI6JXRMS5I/ref=cm_cr_othr_d_rvw_ttl?ie=UTF8&ASIN=B0CXTK7845,,"It's very good speaker for mobile Karaoke singing.  Kids also like it, it could be good gift.",True,False,[],2024-10-22,67,Style Name: Zeb Fun - Green,"[{'key': 'Style Name', 'value': 'Zeb Fun - Green'}]",,,https://www.amazon.in/product-reviews/B0CXTK7845?pageNumber=9&filterByStar=all_stars&sortBy=helpful&formatType=all_formats&asin=B0CXTK7845&reftag=cm_cr_arp_d_paging_btm_next_9&scope=reviewsAjax0,allStars,,B0CXTK7845,B0CXTK7845,B0CXTK7845,"{'price': None, 'listPrice': None}",https://www.amazon.in//ZEBRONICS-Portable-Supports-Bluetooth-Function/dp/B0CXTK7845/ref=zg_bs_g_1389365031_d_sccl_18/260-9443465-0628262?psc=1,India,
Reviewed in India on 4 September 2024,amzn1.account.AGV5MKCV2I6C7KRVVBLCNV2G7NWA,https://www.amazon.in/gp/profile/amzn1.account.AGV5MKCV2I6C7KRVVBLCNV2G7NWA/ref=cm_cr_othr_d_gw_tr?ie=UTF8,5,Small Item Big Explosion!,R260A5ICIH5IGA,https://www.amazon.in/gp/customer-reviews/R260A5ICIH5IGA/ref=cm_cr_othr_d_rvw_ttl?ie=UTF8&ASIN=B0CXTK7845,,One of the most economical compact BT speaker with considerable volume output and salient features. Recommended for travel/leisure/music. It can also fulfill the needs that any normal smartphone speaker does. Go Ahead and have one in your kitty...you will never regret it!,True,False,[],2024-09-04,68,Style Name: Zeb Pixie - Black,"[{'key': 'Style Name', 'value': 'Zeb Pixie - Black'}]",,,https://www.amazon.in/product-reviews/B0CXTK7845?pageNumber=9&filterByStar=all_stars&sortBy=helpful&formatType=all_formats&asin=B0CXTK7845&reftag=cm_cr_arp_d_paging_btm_next_9&scope=reviewsAjax0,allStars,,B0CXTK7845,B0CXTK7845,B0CXTK7845,"{'price': None, 'listPrice': None}",https://www.amazon.in//ZEBRONICS-Portable-Supports-Bluetooth-Function/dp/B0CXTK7845/ref=zg_bs_g_1389365031_d_sccl_18/260-9443465-0628262?psc=1,India,
Reviewed in India on 16 July 2024,amzn1.account.AF5M4MUJZDA3IMDYE3XDP242QCAA,https://www.amazon.in/gp/profile/amzn1.account.AF5M4MUJZDA3IMDYE3XDP242QCAA/ref=cm_cr_othr_d_gw_tr?ie=UTF8,2,Poor quality,R27K5JDLUQCR8J,https://www.amazon.in/gp/customer-reviews/R27K5JDLUQCR8J/ref=cm_cr_othr_d_rvw_ttl?ie=UTF8&ASIN=B0CXTK7845,,"This mini speaker is compact in design and audio quality is also okay. But within a short time, it went out of order. For this price, if this speaker is going to be problematic in a short duration, then I can't recommend this product at all.",True,False,[],2024-07-16,69,Style Name: Zeb Pixie - Black,"[{'key': 'Style Name', 'value': 'Zeb Pixie - Black'}]",,,https://www.amazon.in/product-reviews/B0CXTK7845?pageNumber=9&filterByStar=all_stars&sortBy=helpful&formatType=all_formats&asin=B0CXTK7845&reftag=cm_cr_arp_d_paging_btm_next_9&scope=reviewsAjax0,allStars,,B0CXTK7845,B0CXTK7845,B0CXTK7845,"{'price': None, 'listPrice': None}",https://www.amazon.in//ZEBRONICS-Portable-Supports-Bluetooth-Function/dp/B0CXTK7845/ref=zg_bs_g_1389365031_d_sccl_18/260-9443465-0628262?psc=1,India,
Reviewed in India on 24 April 2024,amzn1.account.AGWG2JZLAY3PNOJPXEGXEZYDUEEA,https://www.amazon.in/gp/profile/amzn1.account.AGWG2JZLAY3PNOJPXEGXEZYDUEEA/ref=cm_cr_othr_d_gw_tr?ie=UTF8,3,Nice product,R2LVRTWNE2KUIO,https://www.amazon.in/gp/customer-reviews/R2LVRTWNE2KUIO/ref=cm_cr_othr_d_rvw_ttl?ie=UTF8&ASIN=B0CXTK7845,,It’s very nice and easy to use,True,False,[],2024-04-24,70,Style Name: Zeb Fun - Green,"[{'key': 'Style Name', 'value': 'Zeb Fun - Green'}]",,,https://www.amazon.in/product-reviews/B0CXTK7845?pageNumber=9&filterByStar=all_stars&sortBy=helpful&formatType=all_formats&asin=B0CXTK7845&reftag=cm_cr_arp_d_paging_btm_next_9&scope=reviewsAjax0,allStars,,B0CXTK7845,B0CXTK7845,B0CXTK7845,"{'price': None, 'listPrice': None}",https://www.amazon.in//ZEBRONICS-Portable-Supports-Bluetooth-Function/dp/B0CXTK7845/ref=zg_bs_g_1389365031_d_sccl_18/260-9443465-0628262?psc=1,India,
Reviewed in India on 22 April 2024,amzn1.account.AHAVR4TT63VUJQEMGWOXEL4272WQ,https://www.amazon.in/gp/profile/amzn1.account.AHAVR4TT63VUJQEMGWOXEL4272WQ/ref=cm_cr_othr_d_gw_tr?ie=UTF8,4,Smart size,R3SHSXENXRWQCL,https://www.amazon.in/gp/customer-reviews/R3SHSXENXRWQCL/ref=cm_cr_othr_d_rvw_ttl?ie=UTF8&ASIN=B0CXTK7845,,Good quality,True,False,[],2024-04-22,71,Style Name: Zeb Pixie - Black,"[{'key': 'Style Name', 'value': 'Zeb Pixie - Black'}]",,,https://www.amazon.in/product-reviews/B0CXTK7845?pageNumber=9&filterByStar=all_stars&sortBy=helpful&formatType=all_formats&asin=B0CXTK7845&reftag=cm_cr_arp_d_paging_btm_next_9&scope=reviewsAjax0,allStars,,B0CXTK7845,B0CXTK7845,B0CXTK7845,"{'price': None, 'listPrice': None}",https://www.amazon.in//ZEBRONICS-Portable-Supports-Bluetooth-Function/dp/B0CXTK7845/ref=zg_bs_g_1389365031_d_sccl_18/260-9443465-0628262?psc=1,India,
Reviewed in India on 23 September 2024,amzn1.account.AFGC5HZRATVSNQUHXXA3Q4V2IJYQ,https://www.amazon.in/gp/profile/amzn1.account.AFGC5HZRATVSNQUHXXA3Q4V2IJYQ/ref=cm_cr_othr_d_gw_tr?ie=UTF8,2,Connectivity,R1J94EICIKX4IM,https://www.amazon.in/gp/customer-reviews/R1J94EICIKX4IM/ref=cm_cr_othr_d_rvw_ttl?ie=UTF8&ASIN=B0CXTK7845,,"Blootooth connectivity, battery life",True,False,[],2024-09-23,72,Style Name: Zeb Pixie - Black,"[{'key': 'Style Name', 'value': 'Zeb Pixie - Black'}]",,,https://www.amazon.in/product-reviews/B0CXTK7845?pageNumber=9&filterByStar=all_stars&sortBy=helpful&formatType=all_formats&asin=B0CXTK7845&reftag=cm_cr_arp_d_paging_btm_next_9&scope=reviewsAjax0,allStars,,B0CXTK7845,B0CXTK7845,B0CXTK7845,"{'price': None, 'listPrice': None}",https://www.amazon.in//ZEBRONICS-Portable-Supports-Bluetooth-Function/dp/B0CXTK7845/ref=zg_bs_g_1389365031_d_sccl_18/260-9443465-0628262?psc=1,India,
Reviewed in India on 18 November 2024,amzn1.account.AFIANTV4MVAMW3VUWNY4RIPLDPOA,https://www.amazon.in/gp/profile/amzn1.account.AFIANTV4MVAMW3VUWNY4RIPLDPOA/ref=cm_cr_othr_d_gw_tr?ie=UTF8,5,Okay,R53CYCMV71PC9,https://www.amazon.in/gp/customer-reviews/R53CYCMV71PC9/ref=cm_cr_othr_d_rvw_ttl?ie=UTF8&ASIN=B0CXTK7845,,Good at 499 not more,True,False,[],2024-11-18,49,Style Name: Zeb Pixie - Dark Blue,"[{'key': 'Style Name', 'value': 'Zeb Pixie - Dark Blue'}]",,,https://www.amazon.in/product-reviews/B0CXTK7845?pageNumber=7&filterByStar=all_stars&sortBy=helpful&formatType=all_formats&asin=B0CXTK7845&reftag=cm_cr_arp_d_paging_btm_next_7&scope=reviewsAjax0,allStars,,B0CXTK7845,B0CXTK7845,B0CXTK7845,"{'price': None, 'listPrice': None}",https://www.amazon.in//ZEBRONICS-Portable-Supports-Bluetooth-Function/dp/B0CXTK7845/ref=zg_bs_g_1389365031_d_sccl_18/260-9443465-0628262?psc=1,India,
Reviewed in India on 23 November 2024,amzn1.account.AEPJWC5AHHLP7LPCGEFRGHHAUJTA,https://www.amazon.in/gp/profile/amzn1.account.AEPJWC5AHHLP7LPCGEFRGHHAUJTA/ref=cm_cr_othr_d_gw_tr?ie=UTF8,5,Zebronic  pixie  not working hence return request raised,R18EO89190A9SE,https://www.amazon.in/gp/customer-reviews/R18EO89190A9SE/ref=cm_cr_othr_d_rvw_ttl?ie=UTF8&ASIN=B0CXTK7845,One person found this helpful,"The media could not be loaded.
                
            
                
            
            
        
    
    








  
  
     Product looks are great but surprisingly it's not working. I have put up the video. Hence return request raised",True,False,[],2024-11-23,50,Style Name: Zeb Pixie - Black,"[{'key': 'Style Name', 'value': 'Zeb Pixie - Black'}]",,,https://www.amazon.in/product-reviews/B0CXTK7845?pageNumber=7&filterByStar=all_stars&sortBy=helpful&formatType=all_formats&asin=B0CXTK7845&reftag=cm_cr_arp_d_paging_btm_next_7&scope=reviewsAjax0,allStars,,B0CXTK7845,B0CXTK7845,B0CXTK7845,"{'price': None, 'listPrice': None}",https://www.amazon.in//ZEBRONICS-Portable-Supports-Bluetooth-Function/dp/B0CXTK7845/ref=zg_bs_g_1389365031_d_sccl_18/260-9443465-0628262?psc=1,India,
Reviewed in India on 4 June 2024,amzn1.account.AFWZSJHBZDFY53W7FHS7UHBM5I7A,https://www.amazon.in/gp/profile/amzn1.account.AFWZSJHBZDFY53W7FHS7UHBM5I7A/ref=cm_cr_othr_d_gw_tr?ie=UTF8,3,Not value for money,RREONM8WB1SZL,https://www.amazon.in/gp/customer-reviews/RREONM8WB1SZL/ref=cm_cr_othr_d_rvw_ttl?ie=UTF8&ASIN=B0CXTK7845,One person found this helpful,Not working as desired.Sometimes working sometimes not.,True,False,[],2024-06-04,51,Style Name: Zeb Pixie - Dark Blue,"[{'key': 'Style Name', 'value': 'Zeb Pixie - Dark Blue'}]",,,https://www.amazon.in/product-reviews/B0CXTK7845?pageNumber=7&filterByStar=all_stars&sortBy=helpful&formatType=all_formats&asin=B0CXTK7845&reftag=cm_cr_arp_d_paging_btm_next_7&scope=reviewsAjax0,allStars,,B0CXTK7845,B0CXTK7845,B0CXTK7845,"{'price': None, 'listPrice': None}",https://www.amazon.in//ZEBRONICS-Portable-Supports-Bluetooth-Function/dp/B0CXTK7845/ref=zg_bs_g_1389365031_d_sccl_18/260-9443465-0628262?psc=1,India,
Reviewed in India on 18 October 2024,amzn1.account.AFBO7RH4NDOOR6NTCEDCAH7TIRIQ,https://www.amazon.in/gp/profile/amzn1.account.AFBO7RH4NDOOR6NTCEDCAH7TIRIQ/ref=cm_cr_othr_d_gw_tr?ie=UTF8,5,"better 5w mini speaker, with type c port👍",RUG19BTEN7D3W,https://www.amazon.in/gp/customer-reviews/RUG19BTEN7D3W/ref=cm_cr_othr_d_rvw_ttl?ie=UTF8&ASIN=B0CXTK7845,,"nice pocket Portable Bluetooth speaker... battery backup is good, Bluetooth connectivity is good, charging speed is decent,volume 80 percent above, getting distortions...tws function is available,type c charging port with sd card slot... overall value for money speaker👍",True,False,"['https://m.media-amazon.com/images/I/71fHeVybTaL._SY88.jpg', 'https://m.media-amazon.com/images/I/81AN67-i3tL._SY88.jpg']",2024-10-18,52,Style Name: Zeb Pixie - Black,"[{'key': 'Style Name', 'value': 'Zeb Pixie - Black'}]",,,https://www.amazon.in/product-reviews/B0CXTK7845?pageNumber=7&filterByStar=all_stars&sortBy=helpful&formatType=all_formats&asin=B0CXTK7845&reftag=cm_cr_arp_d_paging_btm_next_7&scope=reviewsAjax0,allStars,,B0CXTK7845,B0CXTK7845,B0CXTK7845,"{'price': None, 'listPrice': None}",https://www.amazon.in//ZEBRONICS-Portable-Supports-Bluetooth-Function/dp/B0CXTK7845/ref=zg_bs_g_1389365031_d_sccl_18/260-9443465-0628262?psc=1,India,
Reviewed in India on 16 August 2024,amzn1.account.AFSX7DOD7KFK6ZZPI323SSDBN5RQ,https://www.amazon.in/gp/profile/amzn1.account.AFSX7DOD7KFK6ZZPI323SSDBN5RQ/ref=cm_cr_othr_d_gw_tr?ie=UTF8,2,Worst Product ever,R2ZUB94HXEMI7O,https://www.amazon.in/gp/customer-reviews/R2ZUB94HXEMI7O/ref=cm_cr_othr_d_rvw_ttl?ie=UTF8&ASIN=B0CXTK7845,One person found this helpful,"This product is defective ! Only lasted 6 days and then gave up. It started  saying ""incoming call"" about a billion times and also after charging ,its useless man ! But surface quality is good although it is defective.",True,False,[],2024-08-16,53,Style Name: Zeb Pixie - Black,"[{'key': 'Style Name', 'value': 'Zeb Pixie - Black'}]",,,https://www.amazon.in/product-reviews/B0CXTK7845?pageNumber=7&filterByStar=all_stars&sortBy=helpful&formatType=all_formats&asin=B0CXTK7845&reftag=cm_cr_arp_d_paging_btm_next_7&scope=reviewsAjax0,allStars,,B0CXTK7845,B0CXTK7845,B0CXTK7845,"{'price': None, 'listPrice': None}",https://www.amazon.in//ZEBRONICS-Portable-Supports-Bluetooth-Function/dp/B0CXTK7845/ref=zg_bs_g_1389365031_d_sccl_18/260-9443465-0628262?psc=1,India,
Reviewed in India on 19 December 2024,amzn1.account.AH5G3CM4M35WVK44FJTRRU76DGIQ,https://www.amazon.in/gp/profile/amzn1.account.AH5G3CM4M35WVK44FJTRRU76DGIQ/ref=cm_cr_othr_d_gw_tr?ie=UTF8,2,Best quality,RXUZGXLWEIDM7,https://www.amazon.in/gp/customer-reviews/RXUZGXLWEIDM7/ref=cm_cr_othr_d_rvw_ttl?ie=UTF8&ASIN=B0CXTK7845,,The media could not be loaded.,True,False,"['https://m.media-amazon.com/images/I/61C6RT2gvyL._SY88.jpg', 'https://m.media-amazon.com/images/I/81IDi1JpgKL._SY88.jpg']",2024-12-19,54,Style Name: Zeb Pixie - Black,"[{'key': 'Style Name', 'value': 'Zeb Pixie - Black'}]",,,https://www.amazon.in/product-reviews/B0CXTK7845?pageNumber=7&filterByStar=all_stars&sortBy=helpful&formatType=all_formats&asin=B0CXTK7845&reftag=cm_cr_arp_d_paging_btm_next_7&scope=reviewsAjax0,allStars,,B0CXTK7845,B0CXTK7845,B0CXTK7845,"{'price': None, 'listPrice': None}",https://www.amazon.in//ZEBRONICS-Portable-Supports-Bluetooth-Function/dp/B0CXTK7845/ref=zg_bs_g_1389365031_d_sccl_18/260-9443465-0628262?psc=1,India,
Reviewed in India on 5 January 2025,amzn1.account.AGH64HUB2ADSUATW2NGQYS42JIIA,https://www.amazon.in/gp/profile/amzn1.account.AGH64HUB2ADSUATW2NGQYS42JIIA/ref=cm_cr_othr_d_gw_tr?ie=UTF8,1,They are are cheater,RJCQJCDUCJ4KN,https://www.amazon.in/gp/customer-reviews/RJCQJCDUCJ4KN/ref=cm_cr_othr_d_rvw_ttl?ie=UTF8&ASIN=B0CXTK7845,,"The speaker is not turning on or making any sound. It is charging, but it neither turns on nor off. Please arrange for a replacement.",True,False,[],2025-01-05,55,Style Name: Zeb Pixie - Black,"[{'key': 'Style Name', 'value': 'Zeb Pixie - Black'}]",,,https://www.amazon.in/product-reviews/B0CXTK7845?pageNumber=7&filterByStar=all_stars&sortBy=helpful&formatType=all_formats&asin=B0CXTK7845&reftag=cm_cr_arp_d_paging_btm_next_7&scope=reviewsAjax0,allStars,,B0CXTK7845,B0CXTK7845,B0CXTK7845,"{'price': None, 'listPrice': None}",https://www.amazon.in//ZEBRONICS-Portable-Supports-Bluetooth-Function/dp/B0CXTK7845/ref=zg_bs_g_1389365031_d_sccl_18/260-9443465-0628262?psc=1,India,
Reviewed in India on 30 September 2024,amzn1.account.AFICHHLHOWQSSV7LKNDXILJIH6IQ,https://www.amazon.in/gp/profile/amzn1.account.AFICHHLHOWQSSV7LKNDXILJIH6IQ/ref=cm_cr_othr_d_gw_tr?ie=UTF8,2,Not good,R2S9BOAHFONZMT,https://www.amazon.in/gp/customer-reviews/R2S9BOAHFONZMT/ref=cm_cr_othr_d_rvw_ttl?ie=UTF8&ASIN=B0CXTK7845,,The built quality is good. But the sound quality is very bad. Even worse than my tab speaker.,True,False,[],2024-09-30,56,Style Name: Zeb Pixie - Black,"[{'key': 'Style Name', 'value': 'Zeb Pixie - Black'}]",,,https://www.amazon.in/product-reviews/B0CXTK7845?pageNumber=7&filterByStar=all_stars&sortBy=helpful&formatType=all_formats&asin=B0CXTK7845&reftag=cm_cr_arp_d_paging_btm_next_7&scope=reviewsAjax0,allStars,,B0CXTK7845,B0CXTK7845,B0CXTK7845,"{'price': None, 'listPrice': None}",https://www.amazon.in//ZEBRONICS-Portable-Supports-Bluetooth-Function/dp/B0CXTK7845/ref=zg_bs_g_1389365031_d_sccl_18/260-9443465-0628262?psc=1,India,
Reviewed in India on 2 November 2024,amzn1.account.AFIX63PIF3OFO3ZZSBT2VAWCQCYQ,https://www.amazon.in/gp/profile/amzn1.account.AFIX63PIF3OFO3ZZSBT2VAWCQCYQ/ref=cm_cr_othr_d_gw_tr?ie=UTF8,2,i want return this item,R2RFATWNN9MG0,https://www.amazon.in/gp/customer-reviews/R2RFATWNN9MG0/ref=cm_cr_othr_d_rvw_ttl?ie=UTF8&ASIN=B0CXTK7845,,i dont want this ill buy another product this is damage product,True,False,[],2024-11-02,41,Style Name: Zeb Pixie - Black,"[{'key': 'Style Name', 'value': 'Zeb Pixie - Black'}]",,,https://www.amazon.in/product-reviews/B0CXTK7845?pageNumber=6&filterByStar=all_stars&sortBy=helpful&formatType=all_formats&asin=B0CXTK7845&reftag=cm_cr_arp_d_paging_btm_next_6&scope=reviewsAjax0,allStars,,B0CXTK7845,B0CXTK7845,B0CXTK7845,"{'price': None, 'listPrice': None}",https://www.amazon.in//ZEBRONICS-Portable-Supports-Bluetooth-Function/dp/B0CXTK7845/ref=zg_bs_g_1389365031_d_sccl_18/260-9443465-0628262?psc=1,India,
Reviewed in India on 14 November 2024,amzn1.account.AFKUPN3Z2XM6Z2GMKIG5IZ5KQCWQ,https://www.amazon.in/gp/profile/amzn1.account.AFKUPN3Z2XM6Z2GMKIG5IZ5KQCWQ/ref=cm_cr_othr_d_gw_tr?ie=UTF8,1,Amazon and Zebronics need to pull up their socks.,R3IWSD2592UC5X,https://www.amazon.in/gp/customer-reviews/R3IWSD2592UC5X/ref=cm_cr_othr_d_rvw_ttl?ie=UTF8&ASIN=B0CXTK7845,One person found this helpful,I am a regular buyer from Amazon. For the first time I am forced to give a negative view.My speaker is still on charging mode as I write this review even after 36 hours have bygone since I put it on charge and I have been unable to use it even once.The product is non-returnable and I am unable to connect through the customer care number of Zebronics that is 044-4000004. The only other option is to carry this cute thing to service center which is impossible because of my hectic lifestyle. So much for trusting Amazon and the video reviews on this product!,True,False,[],2024-11-14,42,Style Name: Zeb Pixie - Black,"[{'key': 'Style Name', 'value': 'Zeb Pixie - Black'}]",,,https://www.amazon.in/product-reviews/B0CXTK7845?pageNumber=6&filterByStar=all_stars&sortBy=helpful&formatType=all_formats&asin=B0CXTK7845&reftag=cm_cr_arp_d_paging_btm_next_6&scope=reviewsAjax0,allStars,,B0CXTK7845,B0CXTK7845,B0CXTK7845,"{'price': None, 'listPrice': None}",https://www.amazon.in//ZEBRONICS-Portable-Supports-Bluetooth-Function/dp/B0CXTK7845/ref=zg_bs_g_1389365031_d_sccl_18/260-9443465-0628262?psc=1,India,
Reviewed in India on 1 October 2024,amzn1.account.AGHMLIBSRRFKRALN3TRHDZ2AURAA,https://www.amazon.in/gp/profile/amzn1.account.AGHMLIBSRRFKRALN3TRHDZ2AURAA/ref=cm_cr_othr_d_gw_tr?ie=UTF8,2,Very poor sound quality.,R31DS5E60N8PRG,https://www.amazon.in/gp/customer-reviews/R31DS5E60N8PRG/ref=cm_cr_othr_d_rvw_ttl?ie=UTF8&ASIN=B0CXTK7845,,Not recommended if you want a decent sound quality. There is no sound below 60% volume and after that it's pretty loud but too much distorted. Overall not worth it even at this price.,True,False,[],2024-10-01,43,Style Name: Zeb Pixie - Black,"[{'key': 'Style Name', 'value': 'Zeb Pixie - Black'}]",,,https://www.amazon.in/product-reviews/B0CXTK7845?pageNumber=6&filterByStar=all_stars&sortBy=helpful&formatType=all_formats&asin=B0CXTK7845&reftag=cm_cr_arp_d_paging_btm_next_6&scope=reviewsAjax0,allStars,,B0CXTK7845,B0CXTK7845,B0CXTK7845,"{'price': None, 'listPrice': None}",https://www.amazon.in//ZEBRONICS-Portable-Supports-Bluetooth-Function/dp/B0CXTK7845/ref=zg_bs_g_1389365031_d_sccl_18/260-9443465-0628262?psc=1,India,
Reviewed in India on 1 December 2024,amzn1.account.AGWCZDSCUJ4MRIMFBBYCYV4DSPNA,https://www.amazon.in/gp/profile/amzn1.account.AGWCZDSCUJ4MRIMFBBYCYV4DSPNA/ref=cm_cr_othr_d_gw_tr?ie=UTF8,5,Very good product,R1LST0SY0SIBYQ,https://www.amazon.in/gp/customer-reviews/R1LST0SY0SIBYQ/ref=cm_cr_othr_d_rvw_ttl?ie=UTF8&ASIN=B0CXTK7845,,Worth it,True,False,[],2024-12-01,44,Style Name: Zeb Pixie - Dark Blue,"[{'key': 'Style Name', 'value': 'Zeb Pixie - Dark Blue'}]",,,https://www.amazon.in/product-reviews/B0CXTK7845?pageNumber=6&filterByStar=all_stars&sortBy=helpful&formatType=all_formats&asin=B0CXTK7845&reftag=cm_cr_arp_d_paging_btm_next_6&scope=reviewsAjax0,allStars,,B0CXTK7845,B0CXTK7845,B0CXTK7845,"{'price': None, 'listPrice': None}",https://www.amazon.in//ZEBRONICS-Portable-Supports-Bluetooth-Function/dp/B0CXTK7845/ref=zg_bs_g_1389365031_d_sccl_18/260-9443465-0628262?psc=1,India,
Reviewed in India on 1 December 2024,amzn1.account.AFUSZTCP3WGAOOSDRBQV6QQSZBQQ,https://www.amazon.in/gp/profile/amzn1.account.AFUSZTCP3WGAOOSDRBQV6QQSZBQQ/ref=cm_cr_othr_d_gw_tr?ie=UTF8,5,Nice 👍,R26VB8B576QJ6C,https://www.amazon.in/gp/customer-reviews/R26VB8B576QJ6C/ref=cm_cr_othr_d_rvw_ttl?ie=UTF8&ASIN=B0CXTK7845,,Good performance,True,False,[],2024-12-01,45,Style Name: Zeb Pixie - Dark Blue,"[{'key': 'Style Name', 'value': 'Zeb Pixie - Dark Blue'}]",,,https://www.amazon.in/product-reviews/B0CXTK7845?pageNumber=6&filterByStar=all_stars&sortBy=helpful&formatType=all_formats&asin=B0CXTK7845&reftag=cm_cr_arp_d_paging_btm_next_6&scope=reviewsAjax0,allStars,,B0CXTK7845,B0CXTK7845,B0CXTK7845,"{'price': None, 'listPrice': None}",https://www.amazon.in//ZEBRONICS-Portable-Supports-Bluetooth-Function/dp/B0CXTK7845/ref=zg_bs_g_1389365031_d_sccl_18/260-9443465-0628262?psc=1,India,
Reviewed in India on 18 October 2024,amzn1.account.AGURI4L6DWIVCMVAPNDDR3WVA72Q,https://www.amazon.in/gp/profile/amzn1.account.AGURI4L6DWIVCMVAPNDDR3WVA72Q/ref=cm_cr_othr_d_gw_tr?ie=UTF8,2,Volume control  issue,R3J54Q5VDJ55HF,https://www.amazon.in/gp/customer-reviews/R3J54Q5VDJ55HF/ref=cm_cr_othr_d_rvw_ttl?ie=UTF8&ASIN=B0CXTK7845,,Volume control issues. Not able to increaseOr  decrease when using SD card.works only when using Bluetooth,True,False,[],2024-10-18,46,Style Name: Zeb Pixie - Dark Blue,"[{'key': 'Style Name', 'value': 'Zeb Pixie - Dark Blue'}]",,,https://www.amazon.in/product-reviews/B0CXTK7845?pageNumber=6&filterByStar=all_stars&sortBy=helpful&formatType=all_formats&asin=B0CXTK7845&reftag=cm_cr_arp_d_paging_btm_next_6&scope=reviewsAjax0,allStars,,B0CXTK7845,B0CXTK7845,B0CXTK7845,"{'price': None, 'listPrice': None}",https://www.amazon.in//ZEBRONICS-Portable-Supports-Bluetooth-Function/dp/B0CXTK7845/ref=zg_bs_g_1389365031_d_sccl_18/260-9443465-0628262?psc=1,India,
Reviewed in India on 2 November 2024,amzn1.account.AEFTPJNQ6TIZBKQKOTV3B2AATZ3A,https://www.amazon.in/gp/profile/amzn1.account.AEFTPJNQ6TIZBKQKOTV3B2AATZ3A/ref=cm_cr_othr_d_gw_tr?ie=UTF8,2,Sound can be much better,R3HU07TRTVMV0M,https://www.amazon.in/gp/customer-reviews/R3HU07TRTVMV0M/ref=cm_cr_othr_d_rvw_ttl?ie=UTF8&ASIN=B0CXTK7845,,Battery life below average. Sound quality is bad.,True,False,[],2024-11-02,47,Style Name: Zeb Pixie - Black,"[{'key': 'Style Name', 'value': 'Zeb Pixie - Black'}]",,,https://www.amazon.in/product-reviews/B0CXTK7845?pageNumber=6&filterByStar=all_stars&sortBy=helpful&formatType=all_formats&asin=B0CXTK7845&reftag=cm_cr_arp_d_paging_btm_next_6&scope=reviewsAjax0,allStars,,B0CXTK7845,B0CXTK7845,B0CXTK7845,"{'price': None, 'listPrice': None}",https://www.amazon.in//ZEBRONICS-Portable-Supports-Bluetooth-Function/dp/B0CXTK7845/ref=zg_bs_g_1389365031_d_sccl_18/260-9443465-0628262?psc=1,India,
Reviewed in India on 18 October 2024,amzn1.account.AGNSLKQRNWC6SOPVWMD76FNMOKDQ,https://www.amazon.in/gp/profile/amzn1.account.AGNSLKQRNWC6SOPVWMD76FNMOKDQ/ref=cm_cr_othr_d_gw_tr?ie=UTF8,2,Volume buttons not working after 1 day of use,R1IOAB52EMTVQ6,https://www.amazon.in/gp/customer-reviews/R1IOAB52EMTVQ6/ref=cm_cr_othr_d_rvw_ttl?ie=UTF8&ASIN=B0CXTK7845,One person found this helpful,"Volume buttons not working after 1 day of use. Sound, audio is good.",True,False,[],2024-10-18,48,Style Name: Zeb Pixie - Dark Blue,"[{'key': 'Style Name', 'value': 'Zeb Pixie - Dark Blue'}]",,,https://www.amazon.in/product-reviews/B0CXTK7845?pageNumber=6&filterByStar=all_stars&sortBy=helpful&formatType=all_formats&asin=B0CXTK7845&reftag=cm_cr_arp_d_paging_btm_next_6&scope=reviewsAjax0,allStars,,B0CXTK7845,B0CXTK7845,B0CXTK7845,"{'price': None, 'listPrice': None}",https://www.amazon.in//ZEBRONICS-Portable-Supports-Bluetooth-Function/dp/B0CXTK7845/ref=zg_bs_g_1389365031_d_sccl_18/260-9443465-0628262?psc=1,India,
Reviewed in India on 25 November 2024,amzn1.account.AGDBVE6TYK325YSGAM7IGV3RWGWA,https://www.amazon.in/gp/profile/amzn1.account.AGDBVE6TYK325YSGAM7IGV3RWGWA/ref=cm_cr_othr_d_gw_tr?ie=UTF8,4,Good,R3P9ZHRM0JF7VG,https://www.amazon.in/gp/customer-reviews/R3P9ZHRM0JF7VG/ref=cm_cr_othr_d_rvw_ttl?ie=UTF8&ASIN=B0CXTK7845,,Sound,True,False,[],2024-11-25,17,Style Name: Zeb Pixie - Dark Blue,"[{'key': 'Style Name', 'value': 'Zeb Pixie - Dark Blue'}]",,,https://www.amazon.in/product-reviews/B0CXTK7845?pageNumber=3&filterByStar=all_stars&sortBy=helpful&formatType=all_formats&asin=B0CXTK7845&reftag=cm_cr_arp_d_paging_btm_next_3&scope=reviewsAjax0,allStars,,B0CXTK7845,B0CXTK7845,B0CXTK7845,"{'price': None, 'listPrice': None}",https://www.amazon.in//ZEBRONICS-Portable-Supports-Bluetooth-Function/dp/B0CXTK7845/ref=zg_bs_g_1389365031_d_sccl_18/260-9443465-0628262?psc=1,India,
Reviewed in India on 27 November 2024,amzn1.account.AGTNQ34IJKP5XKMYAB2PCV4EBFXA,https://www.amazon.in/gp/profile/amzn1.account.AGTNQ34IJKP5XKMYAB2PCV4EBFXA/ref=cm_cr_othr_d_gw_tr?ie=UTF8,4,Good product,R222PSC2NTH12M,https://www.amazon.in/gp/customer-reviews/R222PSC2NTH12M/ref=cm_cr_othr_d_rvw_ttl?ie=UTF8&ASIN=B0CXTK7845,,Reasonably good product,True,False,[],2024-11-27,18,Style Name: Zeb Fun - Green,"[{'key': 'Style Name', 'value': 'Zeb Fun - Green'}]",,,https://www.amazon.in/product-reviews/B0CXTK7845?pageNumber=3&filterByStar=all_stars&sortBy=helpful&formatType=all_formats&asin=B0CXTK7845&reftag=cm_cr_arp_d_paging_btm_next_3&scope=reviewsAjax0,allStars,,B0CXTK7845,B0CXTK7845,B0CXTK7845,"{'price': None, 'listPrice': None}",https://www.amazon.in//ZEBRONICS-Portable-Supports-Bluetooth-Function/dp/B0CXTK7845/ref=zg_bs_g_1389365031_d_sccl_18/260-9443465-0628262?psc=1,India,
Reviewed in India on 23 September 2024,amzn1.account.AETURYMGQ5WPVTAIWATNSLL2G6QQ,https://www.amazon.in/gp/profile/amzn1.account.AETURYMGQ5WPVTAIWATNSLL2G6QQ/ref=cm_cr_othr_d_gw_tr?ie=UTF8,4,Great external speaker & mic for the price,RP0ALKXTTTZ3N,https://www.amazon.in/gp/customer-reviews/RP0ALKXTTTZ3N/ref=cm_cr_othr_d_rvw_ttl?ie=UTF8&ASIN=B0CXTK7845,3 people found this helpful,Size is minuscule and provides quite a loud output for its portable dimensions. Fills a medium sized room with its loud sound and mic is great as well. I'm using it for conference calls and very happy with its performance as it lasts nearly 4 hours with 75% volume. Connectivity is stable and there is no disturbance with nearby devices. I would not recommend it for music but nothing beats it for online meetings at this price range.Sound starts to crackle at higher volume and the verbal announcements for switching on/off incld. pairing is a nuisance during daily use. I don't want to broadcast to the entire floor that I'm turning on/off my external speaker. Simple beeps would have sufficed.,True,False,[],2024-09-23,19,Style Name: Zeb Pixie - Black,"[{'key': 'Style Name', 'value': 'Zeb Pixie - Black'}]",,,https://www.amazon.in/product-reviews/B0CXTK7845?pageNumber=3&filterByStar=all_stars&sortBy=helpful&formatType=all_formats&asin=B0CXTK7845&reftag=cm_cr_arp_d_paging_btm_next_3&scope=reviewsAjax0,allStars,,B0CXTK7845,B0CXTK7845,B0CXTK7845,"{'price': None, 'listPrice': None}",https://www.amazon.in//ZEBRONICS-Portable-Supports-Bluetooth-Function/dp/B0CXTK7845/ref=zg_bs_g_1389365031_d_sccl_18/260-9443465-0628262?psc=1,India,
Reviewed in India on 17 November 2024,amzn1.account.AE6TSX7ZGZVLWAPAEKXLVEPZWTWQ,https://www.amazon.in/gp/profile/amzn1.account.AE6TSX7ZGZVLWAPAEKXLVEPZWTWQ/ref=cm_cr_othr_d_gw_tr?ie=UTF8,3,Bluetooth connectivity issue,R2S2SRIIN6CQMZ,https://www.amazon.in/gp/customer-reviews/R2S2SRIIN6CQMZ/ref=cm_cr_othr_d_rvw_ttl?ie=UTF8&ASIN=B0CXTK7845,,Frequently bluetooth disconnect issue and work in very short range,True,False,[],2024-11-17,20,Style Name: Zeb Pixie - Black,"[{'key': 'Style Name', 'value': 'Zeb Pixie - Black'}]",,,https://www.amazon.in/product-reviews/B0CXTK7845?pageNumber=3&filterByStar=all_stars&sortBy=helpful&formatType=all_formats&asin=B0CXTK7845&reftag=cm_cr_arp_d_paging_btm_next_3&scope=reviewsAjax0,allStars,,B0CXTK7845,B0CXTK7845,B0CXTK7845,"{'price': None, 'listPrice': None}",https://www.amazon.in//ZEBRONICS-Portable-Supports-Bluetooth-Function/dp/B0CXTK7845/ref=zg_bs_g_1389365031_d_sccl_18/260-9443465-0628262?psc=1,India,
Reviewed in India on 4 November 2024,amzn1.account.AEVHJCTSUXEB2GBVGCUXMQRXWMIQ,https://www.amazon.in/gp/profile/amzn1.account.AEVHJCTSUXEB2GBVGCUXMQRXWMIQ/ref=cm_cr_othr_d_gw_tr?ie=UTF8,4,Compact and good sound quality,R30Z3IAAVKC0E9,https://www.amazon.in/gp/customer-reviews/R30Z3IAAVKC0E9/ref=cm_cr_othr_d_rvw_ttl?ie=UTF8&ASIN=B0CXTK7845,,Compact and good sound quality,True,False,[],2024-11-04,21,Style Name: Zeb Pixie - Black,"[{'key': 'Style Name', 'value': 'Zeb Pixie - Black'}]",,,https://www.amazon.in/product-reviews/B0CXTK7845?pageNumber=3&filterByStar=all_stars&sortBy=helpful&formatType=all_formats&asin=B0CXTK7845&reftag=cm_cr_arp_d_paging_btm_next_3&scope=reviewsAjax0,allStars,,B0CXTK7845,B0CXTK7845,B0CXTK7845,"{'price': None, 'listPrice': None}",https://www.amazon.in//ZEBRONICS-Portable-Supports-Bluetooth-Function/dp/B0CXTK7845/ref=zg_bs_g_1389365031_d_sccl_18/260-9443465-0628262?psc=1,India,
Reviewed in India on 22 October 2024,amzn1.account.AESOA2GTHLCMMCPBNSVMETDMZMSA,https://www.amazon.in/gp/profile/amzn1.account.AESOA2GTHLCMMCPBNSVMETDMZMSA/ref=cm_cr_othr_d_gw_tr?ie=UTF8,4,Base is concerned but the music quality is good,R2UX1KTE7CCERE,https://www.amazon.in/gp/customer-reviews/R2UX1KTE7CCERE/ref=cm_cr_othr_d_rvw_ttl?ie=UTF8&ASIN=B0CXTK7845,5 people found this helpful,"The media could not be loaded.
                
            
                
            
            
        
    
    








  
  
     Base is my only concern otherwise good for movies and normal music and best for this proce under 490",True,False,['https://m.media-amazon.com/images/I/71gjr+sldOL._SY88.jpg'],2024-10-22,22,Style Name: Zeb Pixie - Dark Blue,"[{'key': 'Style Name', 'value': 'Zeb Pixie - Dark Blue'}]",,,https://www.amazon.in/product-reviews/B0CXTK7845?pageNumber=3&filterByStar=all_stars&sortBy=helpful&formatType=all_formats&asin=B0CXTK7845&reftag=cm_cr_arp_d_paging_btm_next_3&scope=reviewsAjax0,allStars,,B0CXTK7845,B0CXTK7845,B0CXTK7845,"{'price': None, 'listPrice': None}",https://www.amazon.in//ZEBRONICS-Portable-Supports-Bluetooth-Function/dp/B0CXTK7845/ref=zg_bs_g_1389365031_d_sccl_18/260-9443465-0628262?psc=1,India,
Reviewed in India on 29 October 2024,amzn1.account.AEAPPGXXD5FZM6UXUIAPZZVINAFA,https://www.amazon.in/gp/profile/amzn1.account.AEAPPGXXD5FZM6UXUIAPZZVINAFA/ref=cm_cr_othr_d_gw_tr?ie=UTF8,3,Sound is very low,R21X4SG3TBDQ4R,https://www.amazon.in/gp/customer-reviews/R21X4SG3TBDQ4R/ref=cm_cr_othr_d_rvw_ttl?ie=UTF8&ASIN=B0CXTK7845,,Sound is very low,True,False,[],2024-10-29,23,Style Name: Zeb Fun - Blue,"[{'key': 'Style Name', 'value': 'Zeb Fun - Blue'}]",,,https://www.amazon.in/product-reviews/B0CXTK7845?pageNumber=3&filterByStar=all_stars&sortBy=helpful&formatType=all_formats&asin=B0CXTK7845&reftag=cm_cr_arp_d_paging_btm_next_3&scope=reviewsAjax0,allStars,,B0CXTK7845,B0CXTK7845,B0CXTK7845,"{'price': None, 'listPrice': None}",https://www.amazon.in//ZEBRONICS-Portable-Supports-Bluetooth-Function/dp/B0CXTK7845/ref=zg_bs_g_1389365031_d_sccl_18/260-9443465-0628262?psc=1,India,
Reviewed in India on 18 October 2024,amzn1.account.AEEUYES6ITDE3MA5RUVMORMCTXRQ,https://www.amazon.in/gp/profile/amzn1.account.AEEUYES6ITDE3MA5RUVMORMCTXRQ/ref=cm_cr_othr_d_gw_tr?ie=UTF8,3,Product shutdown before one year complicated 😥,R1O51HKZFSW6E8,https://www.amazon.in/gp/customer-reviews/R1O51HKZFSW6E8/ref=cm_cr_othr_d_rvw_ttl?ie=UTF8&ASIN=B0CXTK7845,One person found this helpful,Not working properly... Need exchange or repair in same company,True,False,[],2024-10-18,24,Style Name: Zeb Fun - Green,"[{'key': 'Style Name', 'value': 'Zeb Fun - Green'}]",,,https://www.amazon.in/product-reviews/B0CXTK7845?pageNumber=3&filterByStar=all_stars&sortBy=helpful&formatType=all_formats&asin=B0CXTK7845&reftag=cm_cr_arp_d_paging_btm_next_3&scope=reviewsAjax0,allStars,,B0CXTK7845,B0CXTK7845,B0CXTK7845,"{'price': None, 'listPrice': None}",https://www.amazon.in//ZEBRONICS-Portable-Supports-Bluetooth-Function/dp/B0CXTK7845/ref=zg_bs_g_1389365031_d_sccl_18/260-9443465-0628262?psc=1,India,
Reviewed in India on 12 May 2024,amzn1.account.AFUJ26QMEPO4FKTN7ENLQGQLQDXA,https://www.amazon.in/gp/profile/amzn1.account.AFUJ26QMEPO4FKTN7ENLQGQLQDXA/ref=cm_cr_othr_d_gw_tr?ie=UTF8,4,Ok,R37ZS6KUT358UG,https://www.amazon.in/gp/customer-reviews/R37ZS6KUT358UG/ref=cm_cr_othr_d_rvw_ttl?ie=UTF8&ASIN=B0CXTK7845,,Everything is good except the resound and cranky noises,True,False,[],2024-05-12,57,Style Name: Zeb Fun - Blue,"[{'key': 'Style Name', 'value': 'Zeb Fun - Blue'}]",,,https://www.amazon.in/product-reviews/B0CXTK7845?pageNumber=8&filterByStar=all_stars&sortBy=helpful&formatType=all_formats&asin=B0CXTK7845&reftag=cm_cr_arp_d_paging_btm_next_8&scope=reviewsAjax0,allStars,,B0CXTK7845,B0CXTK7845,B0CXTK7845,"{'price': None, 'listPrice': None}",https://www.amazon.in//ZEBRONICS-Portable-Supports-Bluetooth-Function/dp/B0CXTK7845/ref=zg_bs_g_1389365031_d_sccl_18/260-9443465-0628262?psc=1,India,
Reviewed in India on 14 November 2024,amzn1.account.AGOGLORG5O3W52ULKTNYJT3OVQZA,https://www.amazon.in/gp/profile/amzn1.account.AGOGLORG5O3W52ULKTNYJT3OVQZA/ref=cm_cr_othr_d_gw_tr?ie=UTF8,5,Speaker,R11R4T8NPGQ4X,https://www.amazon.in/gp/customer-reviews/R11R4T8NPGQ4X/ref=cm_cr_othr_d_rvw_ttl?ie=UTF8&ASIN=B0CXTK7845,,Nice product.......👌👌👌👌👌👌,True,False,[],2024-11-14,58,Style Name: Zeb Pixie - Black,"[{'key': 'Style Name', 'value': 'Zeb Pixie - Black'}]",,,https://www.amazon.in/product-reviews/B0CXTK7845?pageNumber=8&filterByStar=all_stars&sortBy=helpful&formatType=all_formats&asin=B0CXTK7845&reftag=cm_cr_arp_d_paging_btm_next_8&scope=reviewsAjax0,allStars,,B0CXTK7845,B0CXTK7845,B0CXTK7845,"{'price': None, 'listPrice': None}",https://www.amazon.in//ZEBRONICS-Portable-Supports-Bluetooth-Function/dp/B0CXTK7845/ref=zg_bs_g_1389365031_d_sccl_18/260-9443465-0628262?psc=1,India,
Reviewed in India on 25 May 2024,amzn1.account.AF3ZOOIWDTOB3W5ZTYYBW2PXARFA,https://www.amazon.in/gp/profile/amzn1.account.AF3ZOOIWDTOB3W5ZTYYBW2PXARFA/ref=cm_cr_othr_d_gw_tr?ie=UTF8,4,Good,RCX32B735YL01,https://www.amazon.in/gp/customer-reviews/RCX32B735YL01/ref=cm_cr_othr_d_rvw_ttl?ie=UTF8&ASIN=B0CXTK7845,,Good,True,False,[],2024-05-25,59,Style Name: Zeb Fun - Green,"[{'key': 'Style Name', 'value': 'Zeb Fun - Green'}]",,,https://www.amazon.in/product-reviews/B0CXTK7845?pageNumber=8&filterByStar=all_stars&sortBy=helpful&formatType=all_formats&asin=B0CXTK7845&reftag=cm_cr_arp_d_paging_btm_next_8&scope=reviewsAjax0,allStars,,B0CXTK7845,B0CXTK7845,B0CXTK7845,"{'price': None, 'listPrice': None}",https://www.amazon.in//ZEBRONICS-Portable-Supports-Bluetooth-Function/dp/B0CXTK7845/ref=zg_bs_g_1389365031_d_sccl_18/260-9443465-0628262?psc=1,India,
Reviewed in India on 24 November 2020,amzn1.account.AHLJCQTQAK2AQWBI67ZOXHK5WG6Q,https://www.amazon.in/gp/profile/amzn1.account.AHLJCQTQAK2AQWBI67ZOXHK5WG6Q/ref=cm_cr_othr_d_gw_tr?ie=UTF8,4,Speaker is loud enuf and gud enuf for the price.,R32YEVRYRMWHX9,https://www.amazon.in/gp/customer-reviews/R32YEVRYRMWHX9/ref=cm_cr_othr_d_rvw_ttl?ie=UTF8&ASIN=B0CXTK7845,40 people found this helpful,"What I liked about the product: Its build quality. The materials used. The button quality. The echo and Volume button slides for different levels of output. Another review said its fixed,its not. The Speaker quality is gud enuf for the price but its less than wat I expected.But still it doesnt miss the high pitch or loud voice like in cheaper karoke Mics. its better then the cube shape speaker mic for sure. The mic is easy to use and looks good in person.What I dont like: Could have been cheaper.Even after fully charged, The unit I got kept disconnecting itself in Bluetooth mode and reconnecting itself back. This is pretty annoying as the music goes away only voice and echo is heard. And lastly I think at this price the speaker shud be above average.I personally think if u r getting 1 yr warranty from such a product compared to 0 day warranty of a Chinese product. This product is gud enuf. Untill it has disconnecting issues. Ill test other mics and take replacement of this same mic for warranty.",True,False,"['https://images-na.ssl-images-amazon.com/images/I/512uMTZXqGL._SY88.jpg', 'https://images-na.ssl-images-amazon.com/images/I/613TEReHJOL._SY88.jpg', 'https://images-na.ssl-images-amazon.com/images/I/61V3i+hdnTL._SY88.jpg', 'https://images-na.ssl-images-amazon.com/images/I/61ZDSbZcoiL._SY88.jpg', 'https://images-na.ssl-images-amazon.com/images/I/61dU5rdk1kL._SY88.jpg', 'https://images-na.ssl-images-amazon.com/images/I/61dxXgC3mNL._SY88.jpg']",2020-11-24,60,Style Name: Zeb Fun - Blue,"[{'key': 'Style Name', 'value': 'Zeb Fun - Blue'}]",,,https://www.amazon.in/product-reviews/B0CXTK7845?pageNumber=8&filterByStar=all_stars&sortBy=helpful&formatType=all_formats&asin=B0CXTK7845&reftag=cm_cr_arp_d_paging_btm_next_8&scope=reviewsAjax0,allStars,,B0CXTK7845,B0CXTK7845,B0CXTK7845,"{'price': None, 'listPrice': None}",https://www.amazon.in//ZEBRONICS-Portable-Supports-Bluetooth-Function/dp/B0CXTK7845/ref=zg_bs_g_1389365031_d_sccl_18/260-9443465-0628262?psc=1,India,
Reviewed in India on 13 November 2024,amzn1.account.AFPZVKF6ZRRRMRIHQ5F32KWMNTWQ,https://www.amazon.in/gp/profile/amzn1.account.AFPZVKF6ZRRRMRIHQ5F32KWMNTWQ/ref=cm_cr_othr_d_gw_tr?ie=UTF8,5,Small and best quality,R33P79MX8YPISM,https://www.amazon.in/gp/customer-reviews/R33P79MX8YPISM/ref=cm_cr_othr_d_rvw_ttl?ie=UTF8&ASIN=B0CXTK7845,,Best Bluetooth speaker,True,False,[],2024-11-13,61,Style Name: Zeb Pixie - Dark Blue,"[{'key': 'Style Name', 'value': 'Zeb Pixie - Dark Blue'}]",,,https://www.amazon.in/product-reviews/B0CXTK7845?pageNumber=8&filterByStar=all_stars&sortBy=helpful&formatType=all_formats&asin=B0CXTK7845&reftag=cm_cr_arp_d_paging_btm_next_8&scope=reviewsAjax0,allStars,,B0CXTK7845,B0CXTK7845,B0CXTK7845,"{'price': None, 'listPrice': None}",https://www.amazon.in//ZEBRONICS-Portable-Supports-Bluetooth-Function/dp/B0CXTK7845/ref=zg_bs_g_1389365031_d_sccl_18/260-9443465-0628262?psc=1,India,
Reviewed in India on 1 June 2024,amzn1.account.AHLR2Q26OCNNN2DZF5IN4GGZZNMA,https://www.amazon.in/gp/profile/amzn1.account.AHLR2Q26OCNNN2DZF5IN4GGZZNMA/ref=cm_cr_othr_d_gw_tr?ie=UTF8,4,Good,R1W5KMH3F67TFV,https://www.amazon.in/gp/customer-reviews/R1W5KMH3F67TFV/ref=cm_cr_othr_d_rvw_ttl?ie=UTF8&ASIN=B0CXTK7845,,Good quality,True,False,[],2024-06-01,62,Style Name: Zeb Pixie - Black,"[{'key': 'Style Name', 'value': 'Zeb Pixie - Black'}]",,,https://www.amazon.in/product-reviews/B0CXTK7845?pageNumber=8&filterByStar=all_stars&sortBy=helpful&formatType=all_formats&asin=B0CXTK7845&reftag=cm_cr_arp_d_paging_btm_next_8&scope=reviewsAjax0,allStars,,B0CXTK7845,B0CXTK7845,B0CXTK7845,"{'price': None, 'listPrice': None}",https://www.amazon.in//ZEBRONICS-Portable-Supports-Bluetooth-Function/dp/B0CXTK7845/ref=zg_bs_g_1389365031_d_sccl_18/260-9443465-0628262?psc=1,India,
Reviewed in India on 12 November 2024,amzn1.account.AEUXEZEMYID2JB4P64VFMZHKYNSA,https://www.amazon.in/gp/profile/amzn1.account.AEUXEZEMYID2JB4P64VFMZHKYNSA/ref=cm_cr_othr_d_gw_tr?ie=UTF8,5,Brand is good,RUUVBWL8OH4ST,https://www.amazon.in/gp/customer-reviews/RUUVBWL8OH4ST/ref=cm_cr_othr_d_rvw_ttl?ie=UTF8&ASIN=B0CXTK7845,,Good prodect😊😊,True,False,[],2024-11-12,63,Style Name: Zeb Pixie - Black,"[{'key': 'Style Name', 'value': 'Zeb Pixie - Black'}]",,,https://www.amazon.in/product-reviews/B0CXTK7845?pageNumber=8&filterByStar=all_stars&sortBy=helpful&formatType=all_formats&asin=B0CXTK7845&reftag=cm_cr_arp_d_paging_btm_next_8&scope=reviewsAjax0,allStars,,B0CXTK7845,B0CXTK7845,B0CXTK7845,"{'price': None, 'listPrice': None}",https://www.amazon.in//ZEBRONICS-Portable-Supports-Bluetooth-Function/dp/B0CXTK7845/ref=zg_bs_g_1389365031_d_sccl_18/260-9443465-0628262?psc=1,India,
Reviewed in India on 4 December 2024,amzn1.account.AGQK55JDXTC2CU4SB3JTVZ5U2AZA,https://www.amazon.in/gp/profile/amzn1.account.AGQK55JDXTC2CU4SB3JTVZ5U2AZA/ref=cm_cr_othr_d_gw_tr?ie=UTF8,1,Total inactive item has sent,R2Q8ZGM4CRBC23,https://www.amazon.in/gp/customer-reviews/R2Q8ZGM4CRBC23/ref=cm_cr_othr_d_rvw_ttl?ie=UTF8&ASIN=B0CXTK7845,,Item reacived is totally inactive. No charging possible. On off functioning is inactive. Doesn't starts. Return or replace request denied and suggested to go service center. This is unfair. We trust on Amazon not on seller. Pl do needful.,True,False,[],2024-12-04,64,Style Name: Zeb Pixie - Black,"[{'key': 'Style Name', 'value': 'Zeb Pixie - Black'}]",,,https://www.amazon.in/product-reviews/B0CXTK7845?pageNumber=8&filterByStar=all_stars&sortBy=helpful&formatType=all_formats&asin=B0CXTK7845&reftag=cm_cr_arp_d_paging_btm_next_8&scope=reviewsAjax0,allStars,,B0CXTK7845,B0CXTK7845,B0CXTK7845,"{'price': None, 'listPrice': None}",https://www.amazon.in//ZEBRONICS-Portable-Supports-Bluetooth-Function/dp/B0CXTK7845/ref=zg_bs_g_1389365031_d_sccl_18/260-9443465-0628262?psc=1,India,
Reviewed in India on 26 January 2025,amzn1.account.AG4P5PABRRHYLZKEXGAITMIW35ZA,https://www.amazon.in/gp/profile/amzn1.account.AG4P5PABRRHYLZKEXGAITMIW35ZA/ref=cm_cr_othr_d_gw_tr?ie=UTF8,1,Need to go to Zebronics to replace it !,RQY9T1THXWY3B,https://www.amazon.in/gp/customer-reviews/RQY9T1THXWY3B/ref=cm_cr_othr_d_rvw_ttl?ie=UTF8&ASIN=B0CXTK7845,,Product is not connecting via Bluetooth. And its service centre is 20km away. My auto will charge me as much as the speaker costs.  The Amazon policy does not make sense. Rather buy a reputed product or from local store.,True,False,[],2025-01-26,33,Style Name: Zeb Pixie - Black,"[{'key': 'Style Name', 'value': 'Zeb Pixie - Black'}]",,,https://www.amazon.in/product-reviews/B0CXTK7845?pageNumber=5&filterByStar=all_stars&sortBy=helpful&formatType=all_formats&asin=B0CXTK7845&reftag=cm_cr_arp_d_paging_btm_next_5&scope=reviewsAjax0,allStars,,B0CXTK7845,B0CXTK7845,B0CXTK7845,"{'price': None, 'listPrice': None}",https://www.amazon.in//ZEBRONICS-Portable-Supports-Bluetooth-Function/dp/B0CXTK7845/ref=zg_bs_g_1389365031_d_sccl_18/260-9443465-0628262?psc=1,India,
Reviewed in India on 15 July 2024,amzn1.account.AEBRI52BDPOL5IV3WWBLAWMQETVA,https://www.amazon.in/gp/profile/amzn1.account.AEBRI52BDPOL5IV3WWBLAWMQETVA/ref=cm_cr_othr_d_gw_tr?ie=UTF8,4,Not so bad for money,RMBYLH2SOL2FN,https://www.amazon.in/gp/customer-reviews/RMBYLH2SOL2FN/ref=cm_cr_othr_d_rvw_ttl?ie=UTF8&ASIN=B0CXTK7845,,Compact size is ok for money. But volume etc. are not to the mark.,True,False,[],2024-07-15,34,Style Name: Zeb Pixie - Black,"[{'key': 'Style Name', 'value': 'Zeb Pixie - Black'}]",,,https://www.amazon.in/product-reviews/B0CXTK7845?pageNumber=5&filterByStar=all_stars&sortBy=helpful&formatType=all_formats&asin=B0CXTK7845&reftag=cm_cr_arp_d_paging_btm_next_5&scope=reviewsAjax0,allStars,,B0CXTK7845,B0CXTK7845,B0CXTK7845,"{'price': None, 'listPrice': None}",https://www.amazon.in//ZEBRONICS-Portable-Supports-Bluetooth-Function/dp/B0CXTK7845/ref=zg_bs_g_1389365031_d_sccl_18/260-9443465-0628262?psc=1,India,
Reviewed in India on 14 April 2024,amzn1.account.AHIPQ4ZJCML2NFR3TIW4EK5HHHJQ,https://www.amazon.in/gp/profile/amzn1.account.AHIPQ4ZJCML2NFR3TIW4EK5HHHJQ/ref=cm_cr_othr_d_gw_tr?ie=UTF8,4,"Small size, good sound, battery life is 'ok'",R39XUXBJBI2F4A,https://www.amazon.in/gp/customer-reviews/R39XUXBJBI2F4A/ref=cm_cr_othr_d_rvw_ttl?ie=UTF8&ASIN=B0CXTK7845,18 people found this helpful,"The media could not be loaded.
                
            
                
            
            
        
    
    








  
  
     Overall build quality is very good, sound output is loud for its small size, sound quality is also nice, bass is above average, battery life is ok ok, i think you can watch 1 movies at full volume. I got it for 599₹ and for this price i think it's not bad or if you want good small speaker this is the only one.",True,False,"['https://m.media-amazon.com/images/I/717k+cIBy-L._SY88.jpg', 'https://m.media-amazon.com/images/I/71U7VHc2fmL._SY88.jpg', 'https://m.media-amazon.com/images/I/71Xlylbmd5L._SY88.jpg', 'https://m.media-amazon.com/images/I/71h1-T1zELL._SY88.jpg', 'https://m.media-amazon.com/images/I/71nDqzwxzCL._SY88.jpg']",2024-04-14,35,Style Name: Zeb Pixie - Black,"[{'key': 'Style Name', 'value': 'Zeb Pixie - Black'}]",,,https://www.amazon.in/product-reviews/B0CXTK7845?pageNumber=5&filterByStar=all_stars&sortBy=helpful&formatType=all_formats&asin=B0CXTK7845&reftag=cm_cr_arp_d_paging_btm_next_5&scope=reviewsAjax0,allStars,,B0CXTK7845,B0CXTK7845,B0CXTK7845,"{'price': None, 'listPrice': None}",https://www.amazon.in//ZEBRONICS-Portable-Supports-Bluetooth-Function/dp/B0CXTK7845/ref=zg_bs_g_1389365031_d_sccl_18/260-9443465-0628262?psc=1,India,
Reviewed in India on 6 January 2025,amzn1.account.AHAB4ITU7HHZCJKUHLTCC3IEVCMA,https://www.amazon.in/gp/profile/amzn1.account.AHAB4ITU7HHZCJKUHLTCC3IEVCMA/ref=cm_cr_othr_d_gw_tr?ie=UTF8,1,Service is bad,RHVI55NL14P6H,https://www.amazon.in/gp/customer-reviews/RHVI55NL14P6H/ref=cm_cr_othr_d_rvw_ttl?ie=UTF8&ASIN=B0CXTK7845,One person found this helpful,Volume button is not working. And there is no service centre near. Cost of the device would be needed to go to service centre. Make sure there is a service centre near to your home before buying. Amazon only replaces after verification from Zebronics.,True,False,[],2025-01-06,36,Style Name: Zeb Pixie - Dark Blue,"[{'key': 'Style Name', 'value': 'Zeb Pixie - Dark Blue'}]",,,https://www.amazon.in/product-reviews/B0CXTK7845?pageNumber=5&filterByStar=all_stars&sortBy=helpful&formatType=all_formats&asin=B0CXTK7845&reftag=cm_cr_arp_d_paging_btm_next_5&scope=reviewsAjax0,allStars,,B0CXTK7845,B0CXTK7845,B0CXTK7845,"{'price': None, 'listPrice': None}",https://www.amazon.in//ZEBRONICS-Portable-Supports-Bluetooth-Function/dp/B0CXTK7845/ref=zg_bs_g_1389365031_d_sccl_18/260-9443465-0628262?psc=1,India,
Reviewed in India on 2 December 2024,amzn1.account.AH6C5FJA3JL6NBCUUGH6RCMZUSRA,https://www.amazon.in/gp/profile/amzn1.account.AH6C5FJA3JL6NBCUUGH6RCMZUSRA/ref=cm_cr_othr_d_gw_tr?ie=UTF8,5,It is Dhamaka in chhota pocket. Worth to money product.,RKEWLZHIN8A7O,https://www.amazon.in/gp/customer-reviews/RKEWLZHIN8A7O/ref=cm_cr_othr_d_rvw_ttl?ie=UTF8&ASIN=B0CXTK7845,,It is Dhamaka in chhota pocket. Worth to money product.,True,False,[],2024-12-02,37,Style Name: Zeb Pixie - Dark Blue,"[{'key': 'Style Name', 'value': 'Zeb Pixie - Dark Blue'}]",,,https://www.amazon.in/product-reviews/B0CXTK7845?pageNumber=5&filterByStar=all_stars&sortBy=helpful&formatType=all_formats&asin=B0CXTK7845&reftag=cm_cr_arp_d_paging_btm_next_5&scope=reviewsAjax0,allStars,,B0CXTK7845,B0CXTK7845,B0CXTK7845,"{'price': None, 'listPrice': None}",https://www.amazon.in//ZEBRONICS-Portable-Supports-Bluetooth-Function/dp/B0CXTK7845/ref=zg_bs_g_1389365031_d_sccl_18/260-9443465-0628262?psc=1,India,
Reviewed in India on 5 December 2024,amzn1.account.AE5FJFFIISUTWS2NLHVDH6Y6IQRQ,https://www.amazon.in/gp/profile/amzn1.account.AE5FJFFIISUTWS2NLHVDH6Y6IQRQ/ref=cm_cr_othr_d_gw_tr?ie=UTF8,5,BEST PRODUCT  GOOD,R307VJ44TH5FR3,https://www.amazon.in/gp/customer-reviews/R307VJ44TH5FR3/ref=cm_cr_othr_d_rvw_ttl?ie=UTF8&ASIN=B0CXTK7845,,BEST PRODUCT  GOOD,True,False,[],2024-12-05,38,Style Name: Zeb Pixie - Black,"[{'key': 'Style Name', 'value': 'Zeb Pixie - Black'}]",,,https://www.amazon.in/product-reviews/B0CXTK7845?pageNumber=5&filterByStar=all_stars&sortBy=helpful&formatType=all_formats&asin=B0CXTK7845&reftag=cm_cr_arp_d_paging_btm_next_5&scope=reviewsAjax0,allStars,,B0CXTK7845,B0CXTK7845,B0CXTK7845,"{'price': None, 'listPrice': None}",https://www.amazon.in//ZEBRONICS-Portable-Supports-Bluetooth-Function/dp/B0CXTK7845/ref=zg_bs_g_1389365031_d_sccl_18/260-9443465-0628262?psc=1,India,
Reviewed in India on 6 December 2024,amzn1.account.AFGKYRGSTNYANALXBLMX6J2QASPA,https://www.amazon.in/gp/profile/amzn1.account.AFGKYRGSTNYANALXBLMX6J2QASPA/ref=cm_cr_othr_d_gw_tr?ie=UTF8,5,Product loudly sound on/ of time,R1APHCBIKGPQUN,https://www.amazon.in/gp/customer-reviews/R1APHCBIKGPQUN/ref=cm_cr_othr_d_rvw_ttl?ie=UTF8&ASIN=B0CXTK7845,,Nice Quality,True,False,[],2024-12-06,39,Style Name: Zeb Pixie - Dark Blue,"[{'key': 'Style Name', 'value': 'Zeb Pixie - Dark Blue'}]",,,https://www.amazon.in/product-reviews/B0CXTK7845?pageNumber=5&filterByStar=all_stars&sortBy=helpful&formatType=all_formats&asin=B0CXTK7845&reftag=cm_cr_arp_d_paging_btm_next_5&scope=reviewsAjax0,allStars,,B0CXTK7845,B0CXTK7845,B0CXTK7845,"{'price': None, 'listPrice': None}",https://www.amazon.in//ZEBRONICS-Portable-Supports-Bluetooth-Function/dp/B0CXTK7845/ref=zg_bs_g_1389365031_d_sccl_18/260-9443465-0628262?psc=1,India,
Reviewed in India on 8 December 2024,amzn1.account.AGI6UEOXQWTELZMFYT47LXYOZ63A,https://www.amazon.in/gp/profile/amzn1.account.AGI6UEOXQWTELZMFYT47LXYOZ63A/ref=cm_cr_othr_d_gw_tr?ie=UTF8,5,Nice,R32G4OQA92NGFA,https://www.amazon.in/gp/customer-reviews/R32G4OQA92NGFA/ref=cm_cr_othr_d_rvw_ttl?ie=UTF8&ASIN=B0CXTK7845,,Very nice,True,False,[],2024-12-08,40,Style Name: Zeb Fun - Blue,"[{'key': 'Style Name', 'value': 'Zeb Fun - Blue'}]",,,https://www.amazon.in/product-reviews/B0CXTK7845?pageNumber=5&filterByStar=all_stars&sortBy=helpful&formatType=all_formats&asin=B0CXTK7845&reftag=cm_cr_arp_d_paging_btm_next_5&scope=reviewsAjax0,allStars,,B0CXTK7845,B0CXTK7845,B0CXTK7845,"{'price': None, 'listPrice': None}",https://www.amazon.in//ZEBRONICS-Portable-Supports-Bluetooth-Function/dp/B0CXTK7845/ref=zg_bs_g_1389365031_d_sccl_18/260-9443465-0628262?psc=1,India,
Reviewed in India on 21 January 2025,amzn1.account.AG3WOAC347NHNNNRQQCK2S3XHVIQ,https://www.amazon.in/gp/profile/amzn1.account.AG3WOAC347NHNNNRQQCK2S3XHVIQ/ref=cm_cr_othr_d_gw_tr?ie=UTF8,4,Best,R3E8WE98A9DEW4,https://www.amazon.in/gp/customer-reviews/R3E8WE98A9DEW4/ref=cm_cr_othr_d_rvw_ttl?ie=UTF8&ASIN=B0CXTK7845,,Qualities and sound.,True,False,[],2025-01-21,9,Style Name: Zeb Pixie - Black,"[{'key': 'Style Name', 'value': 'Zeb Pixie - Black'}]",,,https://www.amazon.in/product-reviews/B0CXTK7845?pageNumber=2&filterByStar=all_stars&sortBy=helpful&formatType=all_formats&asin=B0CXTK7845&reftag=cm_cr_arp_d_paging_btm_next_2&scope=reviewsAjax0,allStars,,B0CXTK7845,B0CXTK7845,B0CXTK7845,"{'price': None, 'listPrice': None}",https://www.amazon.in//ZEBRONICS-Portable-Supports-Bluetooth-Function/dp/B0CXTK7845/ref=zg_bs_g_1389365031_d_sccl_18/260-9443465-0628262?psc=1,India,
Reviewed in India on 18 December 2024,amzn1.account.AE5Q5FY2YZHQRMNKGFTIRG4ZUFQQ,https://www.amazon.in/gp/profile/amzn1.account.AE5Q5FY2YZHQRMNKGFTIRG4ZUFQQ/ref=cm_cr_othr_d_gw_tr?ie=UTF8,4,Value for money,RUJCQ7DJLB3KV,https://www.amazon.in/gp/customer-reviews/RUJCQ7DJLB3KV/ref=cm_cr_othr_d_rvw_ttl?ie=UTF8&ASIN=B0CXTK7845,,"For internal events, it is good with standard speaker, the echo is very good with very handy battery life as well. But the bluetooth will not work while AUX cable has been attached.",True,False,[],2024-12-18,10,Style Name: Zeb Fun - Blue,"[{'key': 'Style Name', 'value': 'Zeb Fun - Blue'}]",,,https://www.amazon.in/product-reviews/B0CXTK7845?pageNumber=2&filterByStar=all_stars&sortBy=helpful&formatType=all_formats&asin=B0CXTK7845&reftag=cm_cr_arp_d_paging_btm_next_2&scope=reviewsAjax0,allStars,,B0CXTK7845,B0CXTK7845,B0CXTK7845,"{'price': None, 'listPrice': None}",https://www.amazon.in//ZEBRONICS-Portable-Supports-Bluetooth-Function/dp/B0CXTK7845/ref=zg_bs_g_1389365031_d_sccl_18/260-9443465-0628262?psc=1,India,
Reviewed in India on 30 December 2024,amzn1.account.AF32LKOQQ3WSCGBKMHUQN3MLPIUQ,https://www.amazon.in/gp/profile/amzn1.account.AF32LKOQQ3WSCGBKMHUQN3MLPIUQ/ref=cm_cr_othr_d_gw_tr?ie=UTF8,4,Fantastic product,R3J51YLD0OMZWI,https://www.amazon.in/gp/customer-reviews/R3J51YLD0OMZWI/ref=cm_cr_othr_d_rvw_ttl?ie=UTF8&ASIN=B0CXTK7845,,Very good functions and supporting all types and good quality sound.,True,False,[],2024-12-30,11,Style Name: Zeb Fun - Blue,"[{'key': 'Style Name', 'value': 'Zeb Fun - Blue'}]",,,https://www.amazon.in/product-reviews/B0CXTK7845?pageNumber=2&filterByStar=all_stars&sortBy=helpful&formatType=all_formats&asin=B0CXTK7845&reftag=cm_cr_arp_d_paging_btm_next_2&scope=reviewsAjax0,allStars,,B0CXTK7845,B0CXTK7845,B0CXTK7845,"{'price': None, 'listPrice': None}",https://www.amazon.in//ZEBRONICS-Portable-Supports-Bluetooth-Function/dp/B0CXTK7845/ref=zg_bs_g_1389365031_d_sccl_18/260-9443465-0628262?psc=1,India,
Reviewed in India on 15 November 2024,amzn1.account.AGIND4NNPMSBEECTJSBBKBHSB7KQ,https://www.amazon.in/gp/profile/amzn1.account.AGIND4NNPMSBEECTJSBBKBHSB7KQ/ref=cm_cr_othr_d_gw_tr?ie=UTF8,3,Micro SD card issue,R3R3XE1T7WRRWD,https://www.amazon.in/gp/customer-reviews/R3R3XE1T7WRRWD/ref=cm_cr_othr_d_rvw_ttl?ie=UTF8&ASIN=B0CXTK7845,,"At the time I purchased this product the product page mentioned support upto 32 GB.So I ordered two of these and had to face a consistent problem where whenever I inserted my Sand Disk 32 GB micro SD card, the speaker will start an endless loop of switching between micro SD mode and Bluetooth mode.After testing my new micro SD card multiple times and finding no issue, I by chance tried using a new 16 GB memory card and now it works fine.Overall the speaker is good for the price, however their misleading statement on product page is not appreciated.Because of this issue I had to spend quite some time testing and even had to return one of the two speakers.",True,False,[],2024-11-15,12,Style Name: Zeb Pixie - Black,"[{'key': 'Style Name', 'value': 'Zeb Pixie - Black'}]",,,https://www.amazon.in/product-reviews/B0CXTK7845?pageNumber=2&filterByStar=all_stars&sortBy=helpful&formatType=all_formats&asin=B0CXTK7845&reftag=cm_cr_arp_d_paging_btm_next_2&scope=reviewsAjax0,allStars,,B0CXTK7845,B0CXTK7845,B0CXTK7845,"{'price': None, 'listPrice': None}",https://www.amazon.in//ZEBRONICS-Portable-Supports-Bluetooth-Function/dp/B0CXTK7845/ref=zg_bs_g_1389365031_d_sccl_18/260-9443465-0628262?psc=1,India,
Reviewed in India on 17 December 2024,amzn1.account.AG2O4IBVPL7NX4QVWFKMWE7QBYNQ,https://www.amazon.in/gp/profile/amzn1.account.AG2O4IBVPL7NX4QVWFKMWE7QBYNQ/ref=cm_cr_othr_d_gw_tr?ie=UTF8,4,Good,RG4VKN2DMCAHL,https://www.amazon.in/gp/customer-reviews/RG4VKN2DMCAHL/ref=cm_cr_othr_d_rvw_ttl?ie=UTF8&ASIN=B0CXTK7845,,It is good for beginners and under the price range,True,False,[],2024-12-17,13,Style Name: Zeb Fun - Blue,"[{'key': 'Style Name', 'value': 'Zeb Fun - Blue'}]",,,https://www.amazon.in/product-reviews/B0CXTK7845?pageNumber=2&filterByStar=all_stars&sortBy=helpful&formatType=all_formats&asin=B0CXTK7845&reftag=cm_cr_arp_d_paging_btm_next_2&scope=reviewsAjax0,allStars,,B0CXTK7845,B0CXTK7845,B0CXTK7845,"{'price': None, 'listPrice': None}",https://www.amazon.in//ZEBRONICS-Portable-Supports-Bluetooth-Function/dp/B0CXTK7845/ref=zg_bs_g_1389365031_d_sccl_18/260-9443465-0628262?psc=1,India,
Reviewed in India on 16 December 2024,amzn1.account.AG4MCHXMVB7MEA5VBJ25QLKVZW4A,https://www.amazon.in/gp/profile/amzn1.account.AG4MCHXMVB7MEA5VBJ25QLKVZW4A/ref=cm_cr_othr_d_gw_tr?ie=UTF8,4,It is good,R2TB02CEGO4B0R,https://www.amazon.in/gp/customer-reviews/R2TB02CEGO4B0R/ref=cm_cr_othr_d_rvw_ttl?ie=UTF8&ASIN=B0CXTK7845,,"Good Bluetooth, good battery life,",True,False,[],2024-12-16,14,Style Name: Zeb Pixie - Dark Blue,"[{'key': 'Style Name', 'value': 'Zeb Pixie - Dark Blue'}]",,,https://www.amazon.in/product-reviews/B0CXTK7845?pageNumber=2&filterByStar=all_stars&sortBy=helpful&formatType=all_formats&asin=B0CXTK7845&reftag=cm_cr_arp_d_paging_btm_next_2&scope=reviewsAjax0,allStars,,B0CXTK7845,B0CXTK7845,B0CXTK7845,"{'price': None, 'listPrice': None}",https://www.amazon.in//ZEBRONICS-Portable-Supports-Bluetooth-Function/dp/B0CXTK7845/ref=zg_bs_g_1389365031_d_sccl_18/260-9443465-0628262?psc=1,India,
Reviewed in India on 2 January 2025,amzn1.account.AHIBNOMD6TUL7CYIRKRHR3ARNA2Q,https://www.amazon.in/gp/profile/amzn1.account.AHIBNOMD6TUL7CYIRKRHR3ARNA2Q/ref=cm_cr_othr_d_gw_tr?ie=UTF8,3,Mini speaker,R36ZOEL71DF9YD,https://www.amazon.in/gp/customer-reviews/R36ZOEL71DF9YD/ref=cm_cr_othr_d_rvw_ttl?ie=UTF8&ASIN=B0CXTK7845,,"Audio is also mini , but suitable for small devices",True,False,"['https://m.media-amazon.com/images/I/619S9Ehc1AL._SY88.jpg', 'https://m.media-amazon.com/images/I/61xYLtRsZWL._SY88.jpg', 'https://m.media-amazon.com/images/I/71Tp6Lks5IL._SY88.jpg']",2025-01-02,15,Style Name: Zeb Pixie - Black,"[{'key': 'Style Name', 'value': 'Zeb Pixie - Black'}]",,,https://www.amazon.in/product-reviews/B0CXTK7845?pageNumber=2&filterByStar=all_stars&sortBy=helpful&formatType=all_formats&asin=B0CXTK7845&reftag=cm_cr_arp_d_paging_btm_next_2&scope=reviewsAjax0,allStars,,B0CXTK7845,B0CXTK7845,B0CXTK7845,"{'price': None, 'listPrice': None}",https://www.amazon.in//ZEBRONICS-Portable-Supports-Bluetooth-Function/dp/B0CXTK7845/ref=zg_bs_g_1389365031_d_sccl_18/260-9443465-0628262?psc=1,India,
Reviewed in India on 2 December 2024,amzn1.account.AEZWLGDUVGFXMC3F4M76E52BWC4Q,https://www.amazon.in/gp/profile/amzn1.account.AEZWLGDUVGFXMC3F4M76E52BWC4Q/ref=cm_cr_othr_d_gw_tr?ie=UTF8,4,Hello,R2NY5PHV5V68FB,https://www.amazon.in/gp/customer-reviews/R2NY5PHV5V68FB/ref=cm_cr_othr_d_rvw_ttl?ie=UTF8&ASIN=B0CXTK7845,,Good product,True,False,['https://m.media-amazon.com/images/I/61ckGRL+PyL._SY88.jpg'],2024-12-02,16,Style Name: Zeb Pixie - Dark Blue,"[{'key': 'Style Name', 'value': 'Zeb Pixie - Dark Blue'}]",,,https://www.amazon.in/product-reviews/B0CXTK7845?pageNumber=2&filterByStar=all_stars&sortBy=helpful&formatType=all_formats&asin=B0CXTK7845&reftag=cm_cr_arp_d_paging_btm_next_2&scope=reviewsAjax0,allStars,,B0CXTK7845,B0CXTK7845,B0CXTK7845,"{'price': None, 'listPrice': None}",https://www.amazon.in//ZEBRONICS-Portable-Supports-Bluetooth-Function/dp/B0CXTK7845/ref=zg_bs_g_1389365031_d_sccl_18/260-9443465-0628262?psc=1,India,
Reviewed in India on 27 November 2024,amzn1.account.AHTX35XHCT7DS65KWXEIU6KXXO4Q,https://www.amazon.in/gp/profile/amzn1.account.AHTX35XHCT7DS65KWXEIU6KXXO4Q/ref=cm_cr_othr_d_gw_tr?ie=UTF8,1,Pls Register for warranty immediately after received,R18R3URF5I8V56,https://www.amazon.in/gp/customer-reviews/R18R3URF5I8V56/ref=cm_cr_othr_d_rvw_ttl?ie=UTF8&ASIN=B0CXTK7845,,"I got delivered on Nov 7,2024. Now it is not working. I forgot to register warranty as well. Now only came to know warranty should be registered online immediately after received. I suggest everyone to register for warranty immediately.",True,False,[],2024-11-27,73,Style Name: Zeb Pixie - Dark Blue,"[{'key': 'Style Name', 'value': 'Zeb Pixie - Dark Blue'}]",,,https://www.amazon.in/product-reviews/B0CXTK7845?pageNumber=10&filterByStar=all_stars&sortBy=helpful&formatType=all_formats&asin=B0CXTK7845&reftag=cm_cr_arp_d_paging_btm_next_10&scope=reviewsAjax0,allStars,,B0CXTK7845,B0CXTK7845,B0CXTK7845,"{'price': None, 'listPrice': None}",https://www.amazon.in//ZEBRONICS-Portable-Supports-Bluetooth-Function/dp/B0CXTK7845/ref=zg_bs_g_1389365031_d_sccl_18/260-9443465-0628262?psc=1,India,
Reviewed in India on 1 October 2024,amzn1.account.AFTBCFYA7FWGIQYCYKRT7IVVYGTA,https://www.amazon.in/gp/profile/amzn1.account.AFTBCFYA7FWGIQYCYKRT7IVVYGTA/ref=cm_cr_othr_d_gw_tr?ie=UTF8,5,Please deliver right product,R3ICHL68LRNN5O,https://www.amazon.in/gp/customer-reviews/R3ICHL68LRNN5O/ref=cm_cr_othr_d_rvw_ttl?ie=UTF8&ASIN=B0CXTK7845,,Product is good but when the parcle delivered I open mic colour is different... But quality is very good... Nd that is I liked,True,False,[],2024-10-01,74,Style Name: Zeb Fun - Blue,"[{'key': 'Style Name', 'value': 'Zeb Fun - Blue'}]",,,https://www.amazon.in/product-reviews/B0CXTK7845?pageNumber=10&filterByStar=all_stars&sortBy=helpful&formatType=all_formats&asin=B0CXTK7845&reftag=cm_cr_arp_d_paging_btm_next_10&scope=reviewsAjax0,allStars,,B0CXTK7845,B0CXTK7845,B0CXTK7845,"{'price': None, 'listPrice': None}",https://www.amazon.in//ZEBRONICS-Portable-Supports-Bluetooth-Function/dp/B0CXTK7845/ref=zg_bs_g_1389365031_d_sccl_18/260-9443465-0628262?psc=1,India,
Reviewed in India on 20 December 2024,amzn1.account.AH3BGWFXXU6K7R52ZYRKSP75GZ6A,https://www.amazon.in/gp/profile/amzn1.account.AH3BGWFXXU6K7R52ZYRKSP75GZ6A/ref=cm_cr_othr_d_gw_tr?ie=UTF8,1,Not good product.,R1M5MFFKJVCRGP,https://www.amazon.in/gp/customer-reviews/R1M5MFFKJVCRGP/ref=cm_cr_othr_d_rvw_ttl?ie=UTF8&ASIN=B0CXTK7845,,"It is not good product, it has stopped after one week only now I have to go to service center.",True,False,[],2024-12-20,75,Style Name: Zeb Pixie - Black,"[{'key': 'Style Name', 'value': 'Zeb Pixie - Black'}]",,,https://www.amazon.in/product-reviews/B0CXTK7845?pageNumber=10&filterByStar=all_stars&sortBy=helpful&formatType=all_formats&asin=B0CXTK7845&reftag=cm_cr_arp_d_paging_btm_next_10&scope=reviewsAjax0,allStars,,B0CXTK7845,B0CXTK7845,B0CXTK7845,"{'price': None, 'listPrice': None}",https://www.amazon.in//ZEBRONICS-Portable-Supports-Bluetooth-Function/dp/B0CXTK7845/ref=zg_bs_g_1389365031_d_sccl_18/260-9443465-0628262?psc=1,India,
Reviewed in India on 28 January 2025,amzn1.account.AFPHCHYODOR5X7MXDOMJMPNSMODQ,https://www.amazon.in/gp/profile/amzn1.account.AFPHCHYODOR5X7MXDOMJMPNSMODQ/ref=cm_cr_othr_d_gw_tr?ie=UTF8,1,Environmental plastic waste,R29VZAJ3KR9V7T,https://www.amazon.in/gp/customer-reviews/R29VZAJ3KR9V7T/ref=cm_cr_othr_d_rvw_ttl?ie=UTF8&ASIN=B0CXTK7845,,Don't waste money.,True,False,[],2025-01-28,76,Style Name: Zeb Pixie - Dark Blue,"[{'key': 'Style Name', 'value': 'Zeb Pixie - Dark Blue'}]",,,https://www.amazon.in/product-reviews/B0CXTK7845?pageNumber=10&filterByStar=all_stars&sortBy=helpful&formatType=all_formats&asin=B0CXTK7845&reftag=cm_cr_arp_d_paging_btm_next_10&scope=reviewsAjax0,allStars,,B0CXTK7845,B0CXTK7845,B0CXTK7845,"{'price': None, 'listPrice': None}",https://www.amazon.in//ZEBRONICS-Portable-Supports-Bluetooth-Function/dp/B0CXTK7845/ref=zg_bs_g_1389365031_d_sccl_18/260-9443465-0628262?psc=1,India,
Reviewed in India on 24 October 2024,amzn1.account.AFVQUX4HTWKAANGC73CYDWU6FUHQ,https://www.amazon.in/gp/profile/amzn1.account.AFVQUX4HTWKAANGC73CYDWU6FUHQ/ref=cm_cr_othr_d_gw_tr?ie=UTF8,5,Amazing,RXLHG3UUQ1OCK,https://www.amazon.in/gp/customer-reviews/RXLHG3UUQ1OCK/ref=cm_cr_othr_d_rvw_ttl?ie=UTF8&ASIN=B0CXTK7845,,It’s really fantastic and good music speaker,True,False,[],2024-10-24,77,Style Name: Zeb Pixie - Dark Blue,"[{'key': 'Style Name', 'value': 'Zeb Pixie - Dark Blue'}]",,,https://www.amazon.in/product-reviews/B0CXTK7845?pageNumber=10&filterByStar=all_stars&sortBy=helpful&formatType=all_formats&asin=B0CXTK7845&reftag=cm_cr_arp_d_paging_btm_next_10&scope=reviewsAjax0,allStars,,B0CXTK7845,B0CXTK7845,B0CXTK7845,"{'price': None, 'listPrice': None}",https://www.amazon.in//ZEBRONICS-Portable-Supports-Bluetooth-Function/dp/B0CXTK7845/ref=zg_bs_g_1389365031_d_sccl_18/260-9443465-0628262?psc=1,India,
Reviewed in India on 7 October 2024,amzn1.account.AF7FRDVGY4RLRBSXK4HZVVG5ETNQ,https://www.amazon.in/gp/profile/amzn1.account.AF7FRDVGY4RLRBSXK4HZVVG5ETNQ/ref=cm_cr_othr_d_gw_tr?ie=UTF8,5,Good as better,R20ERUDZCF8TRS,https://www.amazon.in/gp/customer-reviews/R20ERUDZCF8TRS/ref=cm_cr_othr_d_rvw_ttl?ie=UTF8&ASIN=B0CXTK7845,,I like everything on it. It is the best microphone speaker u can get online.,True,False,[],2024-10-07,78,Style Name: Zeb Fun - Blue,"[{'key': 'Style Name', 'value': 'Zeb Fun - Blue'}]",,,https://www.amazon.in/product-reviews/B0CXTK7845?pageNumber=10&filterByStar=all_stars&sortBy=helpful&formatType=all_formats&asin=B0CXTK7845&reftag=cm_cr_arp_d_paging_btm_next_10&scope=reviewsAjax0,allStars,,B0CXTK7845,B0CXTK7845,B0CXTK7845,"{'price': None, 'listPrice': None}",https://www.amazon.in//ZEBRONICS-Portable-Supports-Bluetooth-Function/dp/B0CXTK7845/ref=zg_bs_g_1389365031_d_sccl_18/260-9443465-0628262?psc=1,India,
Reviewed in India on 8 September 2024,amzn1.account.AGBSSFGQ4WBHPITHW6MSARIIK3PQ,https://www.amazon.in/gp/profile/amzn1.account.AGBSSFGQ4WBHPITHW6MSARIIK3PQ/ref=cm_cr_othr_d_gw_tr?ie=UTF8,5,5 Star!,R3R98WP7CHG9ZT,https://www.amazon.in/gp/customer-reviews/R3R98WP7CHG9ZT/ref=cm_cr_othr_d_rvw_ttl?ie=UTF8&ASIN=B0CXTK7845,,Wow! Deserves a 5 star.  Such a compact BT speaker with good bass. Battery capacity is 7 hours. Loved it. Thank you.,True,False,['https://m.media-amazon.com/images/I/81f7afayqAL._SY88.jpg'],2024-09-08,79,Style Name: Zeb Pixie - Dark Blue,"[{'key': 'Style Name', 'value': 'Zeb Pixie - Dark Blue'}]",,,https://www.amazon.in/product-reviews/B0CXTK7845?pageNumber=10&filterByStar=all_stars&sortBy=helpful&formatType=all_formats&asin=B0CXTK7845&reftag=cm_cr_arp_d_paging_btm_next_10&scope=reviewsAjax0,allStars,,B0CXTK7845,B0CXTK7845,B0CXTK7845,"{'price': None, 'listPrice': None}",https://www.amazon.in//ZEBRONICS-Portable-Supports-Bluetooth-Function/dp/B0CXTK7845/ref=zg_bs_g_1389365031_d_sccl_18/260-9443465-0628262?psc=1,India,
Reviewed in India on 12 September 2024,amzn1.account.AHU7TQRYGWUB2FHLXJ4OY76ZIK6Q,https://www.amazon.in/gp/profile/amzn1.account.AHU7TQRYGWUB2FHLXJ4OY76ZIK6Q/ref=cm_cr_othr_d_gw_tr?ie=UTF8,5,Small yet powerful,R39CQWU653WDDF,https://www.amazon.in/gp/customer-reviews/R39CQWU653WDDF/ref=cm_cr_othr_d_rvw_ttl?ie=UTF8&ASIN=B0CXTK7845,,Excellent bluetooth portable speaker. Best for Trekking lovers. Battery back is good and Sound quality is superb at this price. Zebronics has done great work.,True,False,[],2024-09-12,80,Style Name: Zeb Pixie - Dark Blue,"[{'key': 'Style Name', 'value': 'Zeb Pixie - Dark Blue'}]",,,https://www.amazon.in/product-reviews/B0CXTK7845?pageNumber=10&filterByStar=all_stars&sortBy=helpful&formatType=all_formats&asin=B0CXTK7845&reftag=cm_cr_arp_d_paging_btm_next_10&scope=reviewsAjax0,allStars,,B0CXTK7845,B0CXTK7845,B0CXTK7845,"{'price': None, 'listPrice': None}",https://www.amazon.in//ZEBRONICS-Portable-Supports-Bluetooth-Function/dp/B0CXTK7845/ref=zg_bs_g_1389365031_d_sccl_18/260-9443465-0628262?psc=1,India,
