reviewedIn,userId,userProfileLink,ratingScore,reviewTitle,reviewId,reviewUrl,reviewReaction,reviewDescription,isVerified,isAmazonVine,reviewImages,date,position,variant,variantAttributes,totalCategoryRatings,totalCategoryReviews,reviewCategoryUrl,filterByRating,filterByKeyword,productAsin,productOriginalAsin,variantAsin,product,input,country,countryCode
Reviewed in India on 16 January 2025,amzn1.account.AEZ4NFPC4O4MLYPBZQ6XEGI4Y3PQ,https://www.amazon.in/gp/profile/amzn1.account.AEZ4NFPC4O4MLYPBZQ6XEGI4Y3PQ/ref=cm_cr_othr_d_gw_tr?ie=UTF8,5,Amazing Sound and Battery Life,R19092X9DXYDEM,https://www.amazon.in/gp/customer-reviews/R19092X9DXYDEM/ref=cm_cr_othr_d_rvw_ttl?ie=UTF8&ASIN=B09V2W1PRB,,"This is just fantastic! Clear sound with deep bass, long-lasting battery, and easy pairing. Compact, stylish, and perfect for on-the-go or home use. Totally worth it!",True,False,[],2025-01-16,1,"Colour: Blue, Size: 20W, Pattern Name: Speaker","[{'key': 'Colour', 'value': 'Blue'}, {'key': 'Size', 'value': '20W'}, {'key': 'Pattern Name', 'value': 'Speaker'}]",,,https://www.amazon.in/product-reviews/B09V2W1PRB?pageNumber=1&filterByStar=all_stars&sortBy=helpful&formatType=all_formats&asin=B09V2W1PRB&reftag=cm_cr_arp_d_paging_btm_next_1&scope=reviewsAjax0,allStars,,B09V2W1PRB,B09V2W1PRB,B09V2W1PRB,"{'price': None, 'listPrice': None}",https://www.amazon.in//Portronics-SoundDrum-Portable-Bluetooth-Handsfree/dp/B09V2W1PRB/ref=zg_bs_g_1389365031_d_sccl_12/258-6337177-1273930?psc=1,India,
Reviewed in India on 10 September 2024,amzn1.account.AEYEWINRJ5RWXQYEVG4JE33JLILA,https://www.amazon.in/gp/profile/amzn1.account.AEYEWINRJ5RWXQYEVG4JE33JLILA/ref=cm_cr_othr_d_gw_tr?ie=UTF8,4,Surely choose this one...,R2WFZYEMKJXHRE,https://www.amazon.in/gp/customer-reviews/R2WFZYEMKJXHRE/ref=cm_cr_othr_d_rvw_ttl?ie=UTF8&ASIN=B09V2W1PRB,20 people found this helpful,"Writing this review after using it for 4 months.I ordered multiple bluetooth speakers including some Boat bluetooth speakers but was never satisfied with the quality of music until I ordered this one.Important:If you are looking for a bluetooth speaker to take calls, don't buy this, instead you can go for Boat speakers. They offer very good call quality but not upto date music quality.This speaker is great for music listening but bad for calls.Battery quality is absolutely chinese. Reduction in Battery backup starts soon. After 4 months I'm getting 1 hour of music listening on full volume. If you reduce colume to 60-70% you get 3 - 4 hours.It's comes at very reasonable price compared to the quality it offers...",True,False,['https://m.media-amazon.com/images/I/61tyTi0fh6L._SY88.jpg'],2024-09-10,2,"Colour: Blue, Size: 20W, Pattern Name: Speaker","[{'key': 'Colour', 'value': 'Blue'}, {'key': 'Size', 'value': '20W'}, {'key': 'Pattern Name', 'value': 'Speaker'}]",,,https://www.amazon.in/product-reviews/B09V2W1PRB?pageNumber=1&filterByStar=all_stars&sortBy=helpful&formatType=all_formats&asin=B09V2W1PRB&reftag=cm_cr_arp_d_paging_btm_next_1&scope=reviewsAjax0,allStars,,B09V2W1PRB,B09V2W1PRB,B09V2W1PRB,"{'price': None, 'listPrice': None}",https://www.amazon.in//Portronics-SoundDrum-Portable-Bluetooth-Handsfree/dp/B09V2W1PRB/ref=zg_bs_g_1389365031_d_sccl_12/258-6337177-1273930?psc=1,India,
Reviewed in India on 16 January 2025,amzn1.account.AEFTFNN7FR5WCDX7R3Y3IXVKLIIQ,https://www.amazon.in/gp/profile/amzn1.account.AEFTFNN7FR5WCDX7R3Y3IXVKLIIQ/ref=cm_cr_othr_d_gw_tr?ie=UTF8,5,Value for money.,R7AFWPFMRIFZK,https://www.amazon.in/gp/customer-reviews/R7AFWPFMRIFZK/ref=cm_cr_othr_d_rvw_ttl?ie=UTF8&ASIN=B09V2W1PRB,One person found this helpful,"The Portronics SoundDrum impresses with USB-C charging, great sound quality, and solid build. It delivers clear highs, deep bass, and a premium feel. A fantastic portable speaker with reliable performance—highly recommended!",True,False,[],2025-01-16,3,"Colour: Blue, Size: 20W, Pattern Name: Speaker","[{'key': 'Colour', 'value': 'Blue'}, {'key': 'Size', 'value': '20W'}, {'key': 'Pattern Name', 'value': 'Speaker'}]",,,https://www.amazon.in/product-reviews/B09V2W1PRB?pageNumber=1&filterByStar=all_stars&sortBy=helpful&formatType=all_formats&asin=B09V2W1PRB&reftag=cm_cr_arp_d_paging_btm_next_1&scope=reviewsAjax0,allStars,,B09V2W1PRB,B09V2W1PRB,B09V2W1PRB,"{'price': None, 'listPrice': None}",https://www.amazon.in//Portronics-SoundDrum-Portable-Bluetooth-Handsfree/dp/B09V2W1PRB/ref=zg_bs_g_1389365031_d_sccl_12/258-6337177-1273930?psc=1,India,
Reviewed in India on 27 December 2024,amzn1.account.AH3LDE2EMYTJ7FXUZJ3L6DALLD6A,https://www.amazon.in/gp/profile/amzn1.account.AH3LDE2EMYTJ7FXUZJ3L6DALLD6A/ref=cm_cr_othr_d_gw_tr?ie=UTF8,5,Very Nice. Just Go for it.,RGRDHH9Z3SFJC,https://www.amazon.in/gp/customer-reviews/RGRDHH9Z3SFJC/ref=cm_cr_othr_d_rvw_ttl?ie=UTF8&ASIN=B09V2W1PRB,One person found this helpful,"Very good built and sound quality .Just Go for it.Battery life is also good if use it on 50% volume, lasts for 7-10 hours",True,False,[],2024-12-27,4,"Colour: Blue, Size: 20W, Pattern Name: Speaker","[{'key': 'Colour', 'value': 'Blue'}, {'key': 'Size', 'value': '20W'}, {'key': 'Pattern Name', 'value': 'Speaker'}]",,,https://www.amazon.in/product-reviews/B09V2W1PRB?pageNumber=1&filterByStar=all_stars&sortBy=helpful&formatType=all_formats&asin=B09V2W1PRB&reftag=cm_cr_arp_d_paging_btm_next_1&scope=reviewsAjax0,allStars,,B09V2W1PRB,B09V2W1PRB,B09V2W1PRB,"{'price': None, 'listPrice': None}",https://www.amazon.in//Portronics-SoundDrum-Portable-Bluetooth-Handsfree/dp/B09V2W1PRB/ref=zg_bs_g_1389365031_d_sccl_12/258-6337177-1273930?psc=1,India,
Reviewed in India on 20 January 2025,amzn1.account.AEHCASYVLP2UMWS2SRFKXQWWXZNA,https://www.amazon.in/gp/profile/amzn1.account.AEHCASYVLP2UMWS2SRFKXQWWXZNA/ref=cm_cr_othr_d_gw_tr?ie=UTF8,5,Good product,R14KHJHYKIA6LM,https://www.amazon.in/gp/customer-reviews/R14KHJHYKIA6LM/ref=cm_cr_othr_d_rvw_ttl?ie=UTF8&ASIN=B09V2W1PRB,,"Reliable product. Good sound quality, you can trust on.",True,False,[],2025-01-20,5,"Colour: Blue, Size: 20W, Pattern Name: Speaker","[{'key': 'Colour', 'value': 'Blue'}, {'key': 'Size', 'value': '20W'}, {'key': 'Pattern Name', 'value': 'Speaker'}]",,,https://www.amazon.in/product-reviews/B09V2W1PRB?pageNumber=1&filterByStar=all_stars&sortBy=helpful&formatType=all_formats&asin=B09V2W1PRB&reftag=cm_cr_arp_d_paging_btm_next_1&scope=reviewsAjax0,allStars,,B09V2W1PRB,B09V2W1PRB,B09V2W1PRB,"{'price': None, 'listPrice': None}",https://www.amazon.in//Portronics-SoundDrum-Portable-Bluetooth-Handsfree/dp/B09V2W1PRB/ref=zg_bs_g_1389365031_d_sccl_12/258-6337177-1273930?psc=1,India,
Reviewed in India on 29 January 2025,amzn1.account.AHZPT7LX65JMA3XP4LNF2L4VK2DA,https://www.amazon.in/gp/profile/amzn1.account.AHZPT7LX65JMA3XP4LNF2L4VK2DA/ref=cm_cr_othr_d_gw_tr?ie=UTF8,4,sjvdlj,R2T34IZ7EA8XEG,https://www.amazon.in/gp/customer-reviews/R2T34IZ7EA8XEG/ref=cm_cr_othr_d_rvw_ttl?ie=UTF8&ASIN=B09V2W1PRB,,"The Portronics SoundDrum impresses with USB-C charging, great sound quality, and solid build. It delivers clear highs, deep bass, and a premium feel. A fantastic portable speaker with reliable performance—highly recommended!",True,False,[],2025-01-29,6,"Colour: Blue, Size: 20W, Pattern Name: Speaker","[{'key': 'Colour', 'value': 'Blue'}, {'key': 'Size', 'value': '20W'}, {'key': 'Pattern Name', 'value': 'Speaker'}]",,,https://www.amazon.in/product-reviews/B09V2W1PRB?pageNumber=1&filterByStar=all_stars&sortBy=helpful&formatType=all_formats&asin=B09V2W1PRB&reftag=cm_cr_arp_d_paging_btm_next_1&scope=reviewsAjax0,allStars,,B09V2W1PRB,B09V2W1PRB,B09V2W1PRB,"{'price': None, 'listPrice': None}",https://www.amazon.in//Portronics-SoundDrum-Portable-Bluetooth-Handsfree/dp/B09V2W1PRB/ref=zg_bs_g_1389365031_d_sccl_12/258-6337177-1273930?psc=1,India,
Reviewed in India on 9 December 2024,amzn1.account.AE6VJO7JCSSSZGCEW6GNNGV4ZPHQ,https://www.amazon.in/gp/profile/amzn1.account.AE6VJO7JCSSSZGCEW6GNNGV4ZPHQ/ref=cm_cr_othr_d_gw_tr?ie=UTF8,3,Average Product,R2PT834P0U3CPY,https://www.amazon.in/gp/customer-reviews/R2PT834P0U3CPY/ref=cm_cr_othr_d_rvw_ttl?ie=UTF8&ASIN=B09V2W1PRB,One person found this helpful,"Looks good, Loudness Good, build Quality Good,Battery backup Ok, Bass Not good as You tubers say.",True,False,['https://m.media-amazon.com/images/I/71vsgziY45L._SY88.jpg'],2024-12-09,7,"Colour: Blue, Size: 20W, Pattern Name: Speaker","[{'key': 'Colour', 'value': 'Blue'}, {'key': 'Size', 'value': '20W'}, {'key': 'Pattern Name', 'value': 'Speaker'}]",,,https://www.amazon.in/product-reviews/B09V2W1PRB?pageNumber=1&filterByStar=all_stars&sortBy=helpful&formatType=all_formats&asin=B09V2W1PRB&reftag=cm_cr_arp_d_paging_btm_next_1&scope=reviewsAjax0,allStars,,B09V2W1PRB,B09V2W1PRB,B09V2W1PRB,"{'price': None, 'listPrice': None}",https://www.amazon.in//Portronics-SoundDrum-Portable-Bluetooth-Handsfree/dp/B09V2W1PRB/ref=zg_bs_g_1389365031_d_sccl_12/258-6337177-1273930?psc=1,India,
Reviewed in India on 17 January 2025,amzn1.account.AGTYUDL23BENO7SFLJSRNNFKYJSQ,https://www.amazon.in/gp/profile/amzn1.account.AGTYUDL23BENO7SFLJSRNNFKYJSQ/ref=cm_cr_othr_d_gw_tr?ie=UTF8,5,Brilliant output,R1SMY12DC04VW6,https://www.amazon.in/gp/customer-reviews/R1SMY12DC04VW6/ref=cm_cr_othr_d_rvw_ttl?ie=UTF8&ASIN=B09V2W1PRB,,The output is loud & brassy enough. I replaced the older JBL & this one didn’t disappoint. Having fun listening favourite songs.,True,False,[],2025-01-17,8,"Colour: Blue, Size: 20W, Pattern Name: Speaker","[{'key': 'Colour', 'value': 'Blue'}, {'key': 'Size', 'value': '20W'}, {'key': 'Pattern Name', 'value': 'Speaker'}]",,,https://www.amazon.in/product-reviews/B09V2W1PRB?pageNumber=1&filterByStar=all_stars&sortBy=helpful&formatType=all_formats&asin=B09V2W1PRB&reftag=cm_cr_arp_d_paging_btm_next_1&scope=reviewsAjax0,allStars,,B09V2W1PRB,B09V2W1PRB,B09V2W1PRB,"{'price': None, 'listPrice': None}",https://www.amazon.in//Portronics-SoundDrum-Portable-Bluetooth-Handsfree/dp/B09V2W1PRB/ref=zg_bs_g_1389365031_d_sccl_12/258-6337177-1273930?psc=1,India,
Reviewed in India on 24 January 2025,amzn1.account.AGLHN6D46J3EX5CU47XJDJBXS6AA,https://www.amazon.in/gp/profile/amzn1.account.AGLHN6D46J3EX5CU47XJDJBXS6AA/ref=cm_cr_othr_d_gw_tr?ie=UTF8,5,Solid built & sound,R3AZDL6AOPQIAD,https://www.amazon.in/gp/customer-reviews/R3AZDL6AOPQIAD/ref=cm_cr_othr_d_rvw_ttl?ie=UTF8&ASIN=B09V2W1PRB,,A trust worthy item with room filling sound,True,False,[],2025-01-24,25,"Colour: Blue, Size: 20W, Pattern Name: Speaker","[{'key': 'Colour', 'value': 'Blue'}, {'key': 'Size', 'value': '20W'}, {'key': 'Pattern Name', 'value': 'Speaker'}]",,,https://www.amazon.in/product-reviews/B09V2W1PRB?pageNumber=4&filterByStar=all_stars&sortBy=helpful&formatType=all_formats&asin=B09V2W1PRB&reftag=cm_cr_arp_d_paging_btm_next_4&scope=reviewsAjax0,allStars,,B09V2W1PRB,B09V2W1PRB,B09V2W1PRB,"{'price': None, 'listPrice': None}",https://www.amazon.in//Portronics-SoundDrum-Portable-Bluetooth-Handsfree/dp/B09V2W1PRB/ref=zg_bs_g_1389365031_d_sccl_12/258-6337177-1273930?psc=1,India,
Reviewed in India on 21 January 2025,amzn1.account.AHCPZ2JUND6LURSOGS5C5OVLALRA,https://www.amazon.in/gp/profile/amzn1.account.AHCPZ2JUND6LURSOGS5C5OVLALRA/ref=cm_cr_othr_d_gw_tr?ie=UTF8,5,i ordered black but got blue but its ok.  sound is nyc ...no vibration in full volume,R42BLREH37DOP,https://www.amazon.in/gp/customer-reviews/R42BLREH37DOP/ref=cm_cr_othr_d_rvw_ttl?ie=UTF8&ASIN=B09V2W1PRB,,no dislike,True,False,['https://m.media-amazon.com/images/I/7172cSORH9L._SY88.jpg'],2025-01-21,26,"Colour: Blue, Size: 20W, Pattern Name: Speaker","[{'key': 'Colour', 'value': 'Blue'}, {'key': 'Size', 'value': '20W'}, {'key': 'Pattern Name', 'value': 'Speaker'}]",,,https://www.amazon.in/product-reviews/B09V2W1PRB?pageNumber=4&filterByStar=all_stars&sortBy=helpful&formatType=all_formats&asin=B09V2W1PRB&reftag=cm_cr_arp_d_paging_btm_next_4&scope=reviewsAjax0,allStars,,B09V2W1PRB,B09V2W1PRB,B09V2W1PRB,"{'price': None, 'listPrice': None}",https://www.amazon.in//Portronics-SoundDrum-Portable-Bluetooth-Handsfree/dp/B09V2W1PRB/ref=zg_bs_g_1389365031_d_sccl_12/258-6337177-1273930?psc=1,India,
Reviewed in India on 23 November 2024,amzn1.account.AECFQ7OVARJFSC5HPGRGQFHNO6MA,https://www.amazon.in/gp/profile/amzn1.account.AECFQ7OVARJFSC5HPGRGQFHNO6MA/ref=cm_cr_othr_d_gw_tr?ie=UTF8,4,Awesome,RPITE4XH0SEMZ,https://www.amazon.in/gp/customer-reviews/RPITE4XH0SEMZ/ref=cm_cr_othr_d_rvw_ttl?ie=UTF8&ASIN=B09V2W1PRB,,Slightly like the product get tempered in production packaging. But other all things better. Nice sound quality,True,False,[],2024-11-23,27,"Colour: Blue, Size: 20W, Pattern Name: Speaker","[{'key': 'Colour', 'value': 'Blue'}, {'key': 'Size', 'value': '20W'}, {'key': 'Pattern Name', 'value': 'Speaker'}]",,,https://www.amazon.in/product-reviews/B09V2W1PRB?pageNumber=4&filterByStar=all_stars&sortBy=helpful&formatType=all_formats&asin=B09V2W1PRB&reftag=cm_cr_arp_d_paging_btm_next_4&scope=reviewsAjax0,allStars,,B09V2W1PRB,B09V2W1PRB,B09V2W1PRB,"{'price': None, 'listPrice': None}",https://www.amazon.in//Portronics-SoundDrum-Portable-Bluetooth-Handsfree/dp/B09V2W1PRB/ref=zg_bs_g_1389365031_d_sccl_12/258-6337177-1273930?psc=1,India,
Reviewed in India on 16 January 2025,amzn1.account.AHLP2AXLQ47RELLNGJ63DO7ICOHQ,https://www.amazon.in/gp/profile/amzn1.account.AHLP2AXLQ47RELLNGJ63DO7ICOHQ/ref=cm_cr_othr_d_gw_tr?ie=UTF8,5,Good product,R1YA249KMVDAQB,https://www.amazon.in/gp/customer-reviews/R1YA249KMVDAQB/ref=cm_cr_othr_d_rvw_ttl?ie=UTF8&ASIN=B09V2W1PRB,,Working good,True,False,[],2025-01-16,28,"Colour: Blue, Size: 20W, Pattern Name: Speaker","[{'key': 'Colour', 'value': 'Blue'}, {'key': 'Size', 'value': '20W'}, {'key': 'Pattern Name', 'value': 'Speaker'}]",,,https://www.amazon.in/product-reviews/B09V2W1PRB?pageNumber=4&filterByStar=all_stars&sortBy=helpful&formatType=all_formats&asin=B09V2W1PRB&reftag=cm_cr_arp_d_paging_btm_next_4&scope=reviewsAjax0,allStars,,B09V2W1PRB,B09V2W1PRB,B09V2W1PRB,"{'price': None, 'listPrice': None}",https://www.amazon.in//Portronics-SoundDrum-Portable-Bluetooth-Handsfree/dp/B09V2W1PRB/ref=zg_bs_g_1389365031_d_sccl_12/258-6337177-1273930?psc=1,India,
Reviewed in India on 14 January 2025,amzn1.account.AEL576F5SEWAJZW3JXYE4ITCFFXA,https://www.amazon.in/gp/profile/amzn1.account.AEL576F5SEWAJZW3JXYE4ITCFFXA/ref=cm_cr_othr_d_gw_tr?ie=UTF8,5,Similar like Alexa.,R2R8GF8W9WBN8F,https://www.amazon.in/gp/customer-reviews/R2R8GF8W9WBN8F/ref=cm_cr_othr_d_rvw_ttl?ie=UTF8&ASIN=B09V2W1PRB,,Too good sound quality... just bought and satisfied,True,False,[],2025-01-14,29,"Colour: Blue, Size: 20W, Pattern Name: Speaker","[{'key': 'Colour', 'value': 'Blue'}, {'key': 'Size', 'value': '20W'}, {'key': 'Pattern Name', 'value': 'Speaker'}]",,,https://www.amazon.in/product-reviews/B09V2W1PRB?pageNumber=4&filterByStar=all_stars&sortBy=helpful&formatType=all_formats&asin=B09V2W1PRB&reftag=cm_cr_arp_d_paging_btm_next_4&scope=reviewsAjax0,allStars,,B09V2W1PRB,B09V2W1PRB,B09V2W1PRB,"{'price': None, 'listPrice': None}",https://www.amazon.in//Portronics-SoundDrum-Portable-Bluetooth-Handsfree/dp/B09V2W1PRB/ref=zg_bs_g_1389365031_d_sccl_12/258-6337177-1273930?psc=1,India,
Reviewed in India on 23 November 2024,amzn1.account.AGUUOWG6YFYPLISBKZRMJKFPGXMQ,https://www.amazon.in/gp/profile/amzn1.account.AGUUOWG6YFYPLISBKZRMJKFPGXMQ/ref=cm_cr_othr_d_gw_tr?ie=UTF8,4,Nice product,R3NW9E0EV2L8KM,https://www.amazon.in/gp/customer-reviews/R3NW9E0EV2L8KM/ref=cm_cr_othr_d_rvw_ttl?ie=UTF8&ASIN=B09V2W1PRB,,Sound quality is amazing 👍,True,False,[],2024-11-23,30,"Colour: Blue, Size: 20W, Pattern Name: Speaker","[{'key': 'Colour', 'value': 'Blue'}, {'key': 'Size', 'value': '20W'}, {'key': 'Pattern Name', 'value': 'Speaker'}]",,,https://www.amazon.in/product-reviews/B09V2W1PRB?pageNumber=4&filterByStar=all_stars&sortBy=helpful&formatType=all_formats&asin=B09V2W1PRB&reftag=cm_cr_arp_d_paging_btm_next_4&scope=reviewsAjax0,allStars,,B09V2W1PRB,B09V2W1PRB,B09V2W1PRB,"{'price': None, 'listPrice': None}",https://www.amazon.in//Portronics-SoundDrum-Portable-Bluetooth-Handsfree/dp/B09V2W1PRB/ref=zg_bs_g_1389365031_d_sccl_12/258-6337177-1273930?psc=1,India,
Reviewed in India on 4 November 2024,amzn1.account.AH4JLWH2QLJ5KOLHWTQZHK7OO5PA,https://www.amazon.in/gp/profile/amzn1.account.AH4JLWH2QLJ5KOLHWTQZHK7OO5PA/ref=cm_cr_othr_d_gw_tr?ie=UTF8,4,Bass is little low only otherwise good sound,R123IP7JRWHRH,https://www.amazon.in/gp/customer-reviews/R123IP7JRWHRH/ref=cm_cr_othr_d_rvw_ttl?ie=UTF8&ASIN=B09V2W1PRB,,It's good product according to my exp it's sound is100% loud Ani 80 to 90 %clear depends on song but it's bass is think 60 % or 70% but it's build quality is good. That's why 4 points,True,False,[],2024-11-04,31,"Colour: Blue, Size: 20W, Pattern Name: Speaker","[{'key': 'Colour', 'value': 'Blue'}, {'key': 'Size', 'value': '20W'}, {'key': 'Pattern Name', 'value': 'Speaker'}]",,,https://www.amazon.in/product-reviews/B09V2W1PRB?pageNumber=4&filterByStar=all_stars&sortBy=helpful&formatType=all_formats&asin=B09V2W1PRB&reftag=cm_cr_arp_d_paging_btm_next_4&scope=reviewsAjax0,allStars,,B09V2W1PRB,B09V2W1PRB,B09V2W1PRB,"{'price': None, 'listPrice': None}",https://www.amazon.in//Portronics-SoundDrum-Portable-Bluetooth-Handsfree/dp/B09V2W1PRB/ref=zg_bs_g_1389365031_d_sccl_12/258-6337177-1273930?psc=1,India,
Reviewed in India on 12 November 2024,amzn1.account.AFJYQ6DPS544KVAVMFT2JJYME4MA,https://www.amazon.in/gp/profile/amzn1.account.AFJYQ6DPS544KVAVMFT2JJYME4MA/ref=cm_cr_othr_d_gw_tr?ie=UTF8,4,Average Product,R29YNWXPZN90EU,https://www.amazon.in/gp/customer-reviews/R29YNWXPZN90EU/ref=cm_cr_othr_d_rvw_ttl?ie=UTF8&ASIN=B09V2W1PRB,,"The build quality and loudness is good.But the bass is just average as per my opinion, it could be improved.",True,False,[],2024-11-12,32,"Colour: Blue, Size: 20W, Pattern Name: Speaker","[{'key': 'Colour', 'value': 'Blue'}, {'key': 'Size', 'value': '20W'}, {'key': 'Pattern Name', 'value': 'Speaker'}]",,,https://www.amazon.in/product-reviews/B09V2W1PRB?pageNumber=4&filterByStar=all_stars&sortBy=helpful&formatType=all_formats&asin=B09V2W1PRB&reftag=cm_cr_arp_d_paging_btm_next_4&scope=reviewsAjax0,allStars,,B09V2W1PRB,B09V2W1PRB,B09V2W1PRB,"{'price': None, 'listPrice': None}",https://www.amazon.in//Portronics-SoundDrum-Portable-Bluetooth-Handsfree/dp/B09V2W1PRB/ref=zg_bs_g_1389365031_d_sccl_12/258-6337177-1273930?psc=1,India,
Reviewed in India on 3 November 2024,amzn1.account.AFZVRN52MU6M6EU3V5XKW76X2HKA,https://www.amazon.in/gp/profile/amzn1.account.AFZVRN52MU6M6EU3V5XKW76X2HKA/ref=cm_cr_othr_d_gw_tr?ie=UTF8,4,You get what you paid for,R1RFMZ6JONGBUE,https://www.amazon.in/gp/customer-reviews/R1RFMZ6JONGBUE/ref=cm_cr_othr_d_rvw_ttl?ie=UTF8&ASIN=B09V2W1PRB,,Good sound quality and good bass as per its small size.,True,False,[],2024-11-03,41,"Colour: Blue, Size: 20W, Pattern Name: Speaker","[{'key': 'Colour', 'value': 'Blue'}, {'key': 'Size', 'value': '20W'}, {'key': 'Pattern Name', 'value': 'Speaker'}]",,,https://www.amazon.in/product-reviews/B09V2W1PRB?pageNumber=6&filterByStar=all_stars&sortBy=helpful&formatType=all_formats&asin=B09V2W1PRB&reftag=cm_cr_arp_d_paging_btm_next_6&scope=reviewsAjax0,allStars,,B09V2W1PRB,B09V2W1PRB,B09V2W1PRB,"{'price': None, 'listPrice': None}",https://www.amazon.in//Portronics-SoundDrum-Portable-Bluetooth-Handsfree/dp/B09V2W1PRB/ref=zg_bs_g_1389365031_d_sccl_12/258-6337177-1273930?psc=1,India,
Reviewed in India on 4 January 2025,amzn1.account.AEL3Z4N6N63LAJX54OPOCJLH4HEQ,https://www.amazon.in/gp/profile/amzn1.account.AEL3Z4N6N63LAJX54OPOCJLH4HEQ/ref=cm_cr_othr_d_gw_tr?ie=UTF8,5,Very Good Quality sound,RDKV88LK8JCPJ,https://www.amazon.in/gp/customer-reviews/RDKV88LK8JCPJ/ref=cm_cr_othr_d_rvw_ttl?ie=UTF8&ASIN=B09V2W1PRB,,Very Good product... Amazing sound quality... Thanks,True,False,[],2025-01-04,42,"Colour: Blue, Size: 20W, Pattern Name: Speaker","[{'key': 'Colour', 'value': 'Blue'}, {'key': 'Size', 'value': '20W'}, {'key': 'Pattern Name', 'value': 'Speaker'}]",,,https://www.amazon.in/product-reviews/B09V2W1PRB?pageNumber=6&filterByStar=all_stars&sortBy=helpful&formatType=all_formats&asin=B09V2W1PRB&reftag=cm_cr_arp_d_paging_btm_next_6&scope=reviewsAjax0,allStars,,B09V2W1PRB,B09V2W1PRB,B09V2W1PRB,"{'price': None, 'listPrice': None}",https://www.amazon.in//Portronics-SoundDrum-Portable-Bluetooth-Handsfree/dp/B09V2W1PRB/ref=zg_bs_g_1389365031_d_sccl_12/258-6337177-1273930?psc=1,India,
Reviewed in India on 28 December 2024,amzn1.account.AEBMPRG5CDG65XEPBYG4PSDZZX5A,https://www.amazon.in/gp/profile/amzn1.account.AEBMPRG5CDG65XEPBYG4PSDZZX5A/ref=cm_cr_othr_d_gw_tr?ie=UTF8,3,Got defective product. Play button not functioning,R1STJP5M0VLBIY,https://www.amazon.in/gp/customer-reviews/R1STJP5M0VLBIY/ref=cm_cr_othr_d_rvw_ttl?ie=UTF8&ASIN=B09V2W1PRB,,Received defective product. No quick replacement through Amazon. User has to send product to manufacturer for replacing product.,True,False,['https://m.media-amazon.com/images/I/71yCoSl5M4L._SY88.jpg'],2024-12-28,43,"Colour: Blue, Size: 20W, Pattern Name: Speaker","[{'key': 'Colour', 'value': 'Blue'}, {'key': 'Size', 'value': '20W'}, {'key': 'Pattern Name', 'value': 'Speaker'}]",,,https://www.amazon.in/product-reviews/B09V2W1PRB?pageNumber=6&filterByStar=all_stars&sortBy=helpful&formatType=all_formats&asin=B09V2W1PRB&reftag=cm_cr_arp_d_paging_btm_next_6&scope=reviewsAjax0,allStars,,B09V2W1PRB,B09V2W1PRB,B09V2W1PRB,"{'price': None, 'listPrice': None}",https://www.amazon.in//Portronics-SoundDrum-Portable-Bluetooth-Handsfree/dp/B09V2W1PRB/ref=zg_bs_g_1389365031_d_sccl_12/258-6337177-1273930?psc=1,India,
Reviewed in India on 15 December 2024,amzn1.account.AHD3NT5X7P7DKNWWKYFIGOVAUBHQ,https://www.amazon.in/gp/profile/amzn1.account.AHD3NT5X7P7DKNWWKYFIGOVAUBHQ/ref=cm_cr_othr_d_gw_tr?ie=UTF8,5,Very good,R3LU7K4HSGVLEZ,https://www.amazon.in/gp/customer-reviews/R3LU7K4HSGVLEZ/ref=cm_cr_othr_d_rvw_ttl?ie=UTF8&ASIN=B09V2W1PRB,,"Good sound quality, good loudness, 5.3 blutooth version ,Bass ka BAAP hai as compared to size , battery backup is so good",True,False,"['https://m.media-amazon.com/images/I/61j4T2uNcpL._SY88.jpg', 'https://m.media-amazon.com/images/I/61nLTaqWoVL._SY88.jpg']",2024-12-15,44,"Colour: Blue, Size: 20W, Pattern Name: Speaker","[{'key': 'Colour', 'value': 'Blue'}, {'key': 'Size', 'value': '20W'}, {'key': 'Pattern Name', 'value': 'Speaker'}]",,,https://www.amazon.in/product-reviews/B09V2W1PRB?pageNumber=6&filterByStar=all_stars&sortBy=helpful&formatType=all_formats&asin=B09V2W1PRB&reftag=cm_cr_arp_d_paging_btm_next_6&scope=reviewsAjax0,allStars,,B09V2W1PRB,B09V2W1PRB,B09V2W1PRB,"{'price': None, 'listPrice': None}",https://www.amazon.in//Portronics-SoundDrum-Portable-Bluetooth-Handsfree/dp/B09V2W1PRB/ref=zg_bs_g_1389365031_d_sccl_12/258-6337177-1273930?psc=1,India,
Reviewed in India on 3 October 2024,amzn1.account.AHFVEPYXE5XZ54J2JEIGPMFXX5PA,https://www.amazon.in/gp/profile/amzn1.account.AHFVEPYXE5XZ54J2JEIGPMFXX5PA/ref=cm_cr_othr_d_gw_tr?ie=UTF8,4,Sounds good,R2KGH0YVHGF3AD,https://www.amazon.in/gp/customer-reviews/R2KGH0YVHGF3AD/ref=cm_cr_othr_d_rvw_ttl?ie=UTF8&ASIN=B09V2W1PRB,2 people found this helpful,"The media could not be loaded.
                
            
                
            
            
        
    
    








  
  
     In sound quality  i will give 4 star in 5.  And in loudness i will give  5/5 . It is a good stereo speaker also. Durability is i think good not the bast but good like 4/5Good buy in 2k",True,False,"['https://m.media-amazon.com/images/I/71LzuYCKTeL._SY88.jpg', 'https://m.media-amazon.com/images/I/71svewSuN7L._SY88.jpg', 'https://m.media-amazon.com/images/I/71xTNWItwgL._SY88.jpg']",2024-10-03,45,"Colour: Blue, Size: 20W, Pattern Name: Speaker","[{'key': 'Colour', 'value': 'Blue'}, {'key': 'Size', 'value': '20W'}, {'key': 'Pattern Name', 'value': 'Speaker'}]",,,https://www.amazon.in/product-reviews/B09V2W1PRB?pageNumber=6&filterByStar=all_stars&sortBy=helpful&formatType=all_formats&asin=B09V2W1PRB&reftag=cm_cr_arp_d_paging_btm_next_6&scope=reviewsAjax0,allStars,,B09V2W1PRB,B09V2W1PRB,B09V2W1PRB,"{'price': None, 'listPrice': None}",https://www.amazon.in//Portronics-SoundDrum-Portable-Bluetooth-Handsfree/dp/B09V2W1PRB/ref=zg_bs_g_1389365031_d_sccl_12/258-6337177-1273930?psc=1,India,
Reviewed in India on 17 September 2024,amzn1.account.AFG7KZ3DQN6OKOZXA5DF7SZHIVSA,https://www.amazon.in/gp/profile/amzn1.account.AFG7KZ3DQN6OKOZXA5DF7SZHIVSA/ref=cm_cr_othr_d_gw_tr?ie=UTF8,4,This is good for loud music but not for balance listeners,RIMG3JB4MCVE,https://www.amazon.in/gp/customer-reviews/RIMG3JB4MCVE/ref=cm_cr_othr_d_rvw_ttl?ie=UTF8&ASIN=B09V2W1PRB,One person found this helpful,The sound from this one is too loud I appreciate it but there is lot of distortion for listening silent music so I prefer another one of potronics rather than this its 16w and it's enough for ears and one roomThis one is good but not best for music lovers and who are searching for vocal clarity,True,False,[],2024-09-17,46,"Colour: Blue, Size: 20W, Pattern Name: Speaker","[{'key': 'Colour', 'value': 'Blue'}, {'key': 'Size', 'value': '20W'}, {'key': 'Pattern Name', 'value': 'Speaker'}]",,,https://www.amazon.in/product-reviews/B09V2W1PRB?pageNumber=6&filterByStar=all_stars&sortBy=helpful&formatType=all_formats&asin=B09V2W1PRB&reftag=cm_cr_arp_d_paging_btm_next_6&scope=reviewsAjax0,allStars,,B09V2W1PRB,B09V2W1PRB,B09V2W1PRB,"{'price': None, 'listPrice': None}",https://www.amazon.in//Portronics-SoundDrum-Portable-Bluetooth-Handsfree/dp/B09V2W1PRB/ref=zg_bs_g_1389365031_d_sccl_12/258-6337177-1273930?psc=1,India,
Reviewed in India on 19 December 2024,amzn1.account.AG5M2FU63PPYM3HIYHGUWBDFMCEQ,https://www.amazon.in/gp/profile/amzn1.account.AG5M2FU63PPYM3HIYHGUWBDFMCEQ/ref=cm_cr_othr_d_gw_tr?ie=UTF8,5,Good soundrum,R1B45ZTPWGG5LS,https://www.amazon.in/gp/customer-reviews/R1B45ZTPWGG5LS/ref=cm_cr_othr_d_rvw_ttl?ie=UTF8&ASIN=B09V2W1PRB,,"Go for it,you will never regret....",True,False,[],2024-12-19,47,"Colour: Blue, Size: 20W, Pattern Name: Speaker","[{'key': 'Colour', 'value': 'Blue'}, {'key': 'Size', 'value': '20W'}, {'key': 'Pattern Name', 'value': 'Speaker'}]",,,https://www.amazon.in/product-reviews/B09V2W1PRB?pageNumber=6&filterByStar=all_stars&sortBy=helpful&formatType=all_formats&asin=B09V2W1PRB&reftag=cm_cr_arp_d_paging_btm_next_6&scope=reviewsAjax0,allStars,,B09V2W1PRB,B09V2W1PRB,B09V2W1PRB,"{'price': None, 'listPrice': None}",https://www.amazon.in//Portronics-SoundDrum-Portable-Bluetooth-Handsfree/dp/B09V2W1PRB/ref=zg_bs_g_1389365031_d_sccl_12/258-6337177-1273930?psc=1,India,
Reviewed in India on 20 October 2024,amzn1.account.AEPKGPBIVU3LWHDRDVCIOW5IVM2Q,https://www.amazon.in/gp/profile/amzn1.account.AEPKGPBIVU3LWHDRDVCIOW5IVM2Q/ref=cm_cr_othr_d_gw_tr?ie=UTF8,4,Good quality sound,R1607V75INO2LP,https://www.amazon.in/gp/customer-reviews/R1607V75INO2LP/ref=cm_cr_othr_d_rvw_ttl?ie=UTF8&ASIN=B09V2W1PRB,,Received good product with Great sound quality.,True,False,[],2024-10-20,48,"Colour: Blue, Size: 20W, Pattern Name: Speaker","[{'key': 'Colour', 'value': 'Blue'}, {'key': 'Size', 'value': '20W'}, {'key': 'Pattern Name', 'value': 'Speaker'}]",,,https://www.amazon.in/product-reviews/B09V2W1PRB?pageNumber=6&filterByStar=all_stars&sortBy=helpful&formatType=all_formats&asin=B09V2W1PRB&reftag=cm_cr_arp_d_paging_btm_next_6&scope=reviewsAjax0,allStars,,B09V2W1PRB,B09V2W1PRB,B09V2W1PRB,"{'price': None, 'listPrice': None}",https://www.amazon.in//Portronics-SoundDrum-Portable-Bluetooth-Handsfree/dp/B09V2W1PRB/ref=zg_bs_g_1389365031_d_sccl_12/258-6337177-1273930?psc=1,India,
Reviewed in India on 29 January 2025,amzn1.account.AEJIVXTMLXHUZQBP6QRZEBGDVOSQ,https://www.amazon.in/gp/profile/amzn1.account.AEJIVXTMLXHUZQBP6QRZEBGDVOSQ/ref=cm_cr_othr_d_gw_tr?ie=UTF8,5,Worth Product . Basssssss,R2QI7Q4BW79X5X,https://www.amazon.in/gp/customer-reviews/R2QI7Q4BW79X5X/ref=cm_cr_othr_d_rvw_ttl?ie=UTF8&ASIN=B09V2W1PRB,,Worth . Best for House party,True,False,[],2025-01-29,17,"Colour: Blue, Size: 20W, Pattern Name: Speaker","[{'key': 'Colour', 'value': 'Blue'}, {'key': 'Size', 'value': '20W'}, {'key': 'Pattern Name', 'value': 'Speaker'}]",,,https://www.amazon.in/product-reviews/B09V2W1PRB?pageNumber=3&filterByStar=all_stars&sortBy=helpful&formatType=all_formats&asin=B09V2W1PRB&reftag=cm_cr_arp_d_paging_btm_next_3&scope=reviewsAjax0,allStars,,B09V2W1PRB,B09V2W1PRB,B09V2W1PRB,"{'price': None, 'listPrice': None}",https://www.amazon.in//Portronics-SoundDrum-Portable-Bluetooth-Handsfree/dp/B09V2W1PRB/ref=zg_bs_g_1389365031_d_sccl_12/258-6337177-1273930?psc=1,India,
Reviewed in India on 29 January 2025,amzn1.account.AEG5QAETQ3SBW3UIVUZ6I3I3BFTQ,https://www.amazon.in/gp/profile/amzn1.account.AEG5QAETQ3SBW3UIVUZ6I3I3BFTQ/ref=cm_cr_othr_d_gw_tr?ie=UTF8,5,basss,R2QD3AW2CREPJ1,https://www.amazon.in/gp/customer-reviews/R2QD3AW2CREPJ1/ref=cm_cr_othr_d_rvw_ttl?ie=UTF8&ASIN=B09V2W1PRB,,Best Sound Quality,True,False,[],2025-01-29,18,"Colour: Blue, Size: 20W, Pattern Name: Speaker","[{'key': 'Colour', 'value': 'Blue'}, {'key': 'Size', 'value': '20W'}, {'key': 'Pattern Name', 'value': 'Speaker'}]",,,https://www.amazon.in/product-reviews/B09V2W1PRB?pageNumber=3&filterByStar=all_stars&sortBy=helpful&formatType=all_formats&asin=B09V2W1PRB&reftag=cm_cr_arp_d_paging_btm_next_3&scope=reviewsAjax0,allStars,,B09V2W1PRB,B09V2W1PRB,B09V2W1PRB,"{'price': None, 'listPrice': None}",https://www.amazon.in//Portronics-SoundDrum-Portable-Bluetooth-Handsfree/dp/B09V2W1PRB/ref=zg_bs_g_1389365031_d_sccl_12/258-6337177-1273930?psc=1,India,
Reviewed in India on 29 January 2025,amzn1.account.AHIRI4NVYKZ2WR2LKLEBRRHXWO2A,https://www.amazon.in/gp/profile/amzn1.account.AHIRI4NVYKZ2WR2LKLEBRRHXWO2A/ref=cm_cr_othr_d_gw_tr?ie=UTF8,5,Good,R2E4BF1REIYLAS,https://www.amazon.in/gp/customer-reviews/R2E4BF1REIYLAS/ref=cm_cr_othr_d_rvw_ttl?ie=UTF8&ASIN=B09V2W1PRB,,Good,True,False,[],2025-01-29,19,"Colour: Blue, Size: 20W, Pattern Name: Speaker","[{'key': 'Colour', 'value': 'Blue'}, {'key': 'Size', 'value': '20W'}, {'key': 'Pattern Name', 'value': 'Speaker'}]",,,https://www.amazon.in/product-reviews/B09V2W1PRB?pageNumber=3&filterByStar=all_stars&sortBy=helpful&formatType=all_formats&asin=B09V2W1PRB&reftag=cm_cr_arp_d_paging_btm_next_3&scope=reviewsAjax0,allStars,,B09V2W1PRB,B09V2W1PRB,B09V2W1PRB,"{'price': None, 'listPrice': None}",https://www.amazon.in//Portronics-SoundDrum-Portable-Bluetooth-Handsfree/dp/B09V2W1PRB/ref=zg_bs_g_1389365031_d_sccl_12/258-6337177-1273930?psc=1,India,
Reviewed in India on 30 November 2024,amzn1.account.AH22GJEDZOFDKUQRISCWF5GG7B7Q,https://www.amazon.in/gp/profile/amzn1.account.AH22GJEDZOFDKUQRISCWF5GG7B7Q/ref=cm_cr_othr_d_gw_tr?ie=UTF8,4,Nice,R3DTJSYA7LG8F1,https://www.amazon.in/gp/customer-reviews/R3DTJSYA7LG8F1/ref=cm_cr_othr_d_rvw_ttl?ie=UTF8&ASIN=B09V2W1PRB,,Over all value for money but battery backup is average.,True,False,[],2024-11-30,20,"Colour: Blue, Size: 20W, Pattern Name: Speaker","[{'key': 'Colour', 'value': 'Blue'}, {'key': 'Size', 'value': '20W'}, {'key': 'Pattern Name', 'value': 'Speaker'}]",,,https://www.amazon.in/product-reviews/B09V2W1PRB?pageNumber=3&filterByStar=all_stars&sortBy=helpful&formatType=all_formats&asin=B09V2W1PRB&reftag=cm_cr_arp_d_paging_btm_next_3&scope=reviewsAjax0,allStars,,B09V2W1PRB,B09V2W1PRB,B09V2W1PRB,"{'price': None, 'listPrice': None}",https://www.amazon.in//Portronics-SoundDrum-Portable-Bluetooth-Handsfree/dp/B09V2W1PRB/ref=zg_bs_g_1389365031_d_sccl_12/258-6337177-1273930?psc=1,India,
Reviewed in India on 24 January 2025,amzn1.account.AFSBWR7JFW6M2O6VOKHRD3ITAW7Q,https://www.amazon.in/gp/profile/amzn1.account.AFSBWR7JFW6M2O6VOKHRD3ITAW7Q/ref=cm_cr_othr_d_gw_tr?ie=UTF8,5,Good...,R3RFLWV1BSAYM,https://www.amazon.in/gp/customer-reviews/R3RFLWV1BSAYM/ref=cm_cr_othr_d_rvw_ttl?ie=UTF8&ASIN=B09V2W1PRB,,Good.. not louder.. bass could have improved...,True,False,[],2025-01-24,21,"Colour: Blue, Size: 20W, Pattern Name: Speaker","[{'key': 'Colour', 'value': 'Blue'}, {'key': 'Size', 'value': '20W'}, {'key': 'Pattern Name', 'value': 'Speaker'}]",,,https://www.amazon.in/product-reviews/B09V2W1PRB?pageNumber=3&filterByStar=all_stars&sortBy=helpful&formatType=all_formats&asin=B09V2W1PRB&reftag=cm_cr_arp_d_paging_btm_next_3&scope=reviewsAjax0,allStars,,B09V2W1PRB,B09V2W1PRB,B09V2W1PRB,"{'price': None, 'listPrice': None}",https://www.amazon.in//Portronics-SoundDrum-Portable-Bluetooth-Handsfree/dp/B09V2W1PRB/ref=zg_bs_g_1389365031_d_sccl_12/258-6337177-1273930?psc=1,India,
Reviewed in India on 25 January 2025,amzn1.account.AH3DNQKWUTM2GAWR4NLE2NMDFXEQ,https://www.amazon.in/gp/profile/amzn1.account.AH3DNQKWUTM2GAWR4NLE2NMDFXEQ/ref=cm_cr_othr_d_gw_tr?ie=UTF8,5,Amazing,R1LUQZ4N85UER4,https://www.amazon.in/gp/customer-reviews/R1LUQZ4N85UER4/ref=cm_cr_othr_d_rvw_ttl?ie=UTF8&ASIN=B09V2W1PRB,,"Excellent Bass, vocals",True,False,[],2025-01-25,22,"Colour: Blue, Size: 20W, Pattern Name: Speaker","[{'key': 'Colour', 'value': 'Blue'}, {'key': 'Size', 'value': '20W'}, {'key': 'Pattern Name', 'value': 'Speaker'}]",,,https://www.amazon.in/product-reviews/B09V2W1PRB?pageNumber=3&filterByStar=all_stars&sortBy=helpful&formatType=all_formats&asin=B09V2W1PRB&reftag=cm_cr_arp_d_paging_btm_next_3&scope=reviewsAjax0,allStars,,B09V2W1PRB,B09V2W1PRB,B09V2W1PRB,"{'price': None, 'listPrice': None}",https://www.amazon.in//Portronics-SoundDrum-Portable-Bluetooth-Handsfree/dp/B09V2W1PRB/ref=zg_bs_g_1389365031_d_sccl_12/258-6337177-1273930?psc=1,India,
Reviewed in India on 23 January 2025,amzn1.account.AGJN7RIYHDZSAIO4XZYMYMTTQWDA,https://www.amazon.in/gp/profile/amzn1.account.AGJN7RIYHDZSAIO4XZYMYMTTQWDA/ref=cm_cr_othr_d_gw_tr?ie=UTF8,5,Worth it,R15JKDS2DNFO89,https://www.amazon.in/gp/customer-reviews/R15JKDS2DNFO89/ref=cm_cr_othr_d_rvw_ttl?ie=UTF8&ASIN=B09V2W1PRB,,Wonderful sound quality,True,False,[],2025-01-23,23,"Colour: Blue, Size: 20W, Pattern Name: Speaker","[{'key': 'Colour', 'value': 'Blue'}, {'key': 'Size', 'value': '20W'}, {'key': 'Pattern Name', 'value': 'Speaker'}]",,,https://www.amazon.in/product-reviews/B09V2W1PRB?pageNumber=3&filterByStar=all_stars&sortBy=helpful&formatType=all_formats&asin=B09V2W1PRB&reftag=cm_cr_arp_d_paging_btm_next_3&scope=reviewsAjax0,allStars,,B09V2W1PRB,B09V2W1PRB,B09V2W1PRB,"{'price': None, 'listPrice': None}",https://www.amazon.in//Portronics-SoundDrum-Portable-Bluetooth-Handsfree/dp/B09V2W1PRB/ref=zg_bs_g_1389365031_d_sccl_12/258-6337177-1273930?psc=1,India,
Reviewed in India on 23 January 2025,amzn1.account.AHVIKAR2Z5FXAUYR3HSP5UASPT6A,https://www.amazon.in/gp/profile/amzn1.account.AHVIKAR2Z5FXAUYR3HSP5UASPT6A/ref=cm_cr_othr_d_gw_tr?ie=UTF8,5,Value for money,RVJ9ZCG0K4CBA,https://www.amazon.in/gp/customer-reviews/RVJ9ZCG0K4CBA/ref=cm_cr_othr_d_rvw_ttl?ie=UTF8&ASIN=B09V2W1PRB,,Great value for money,True,False,[],2025-01-23,24,"Colour: Blue, Size: 20W, Pattern Name: Speaker","[{'key': 'Colour', 'value': 'Blue'}, {'key': 'Size', 'value': '20W'}, {'key': 'Pattern Name', 'value': 'Speaker'}]",,,https://www.amazon.in/product-reviews/B09V2W1PRB?pageNumber=3&filterByStar=all_stars&sortBy=helpful&formatType=all_formats&asin=B09V2W1PRB&reftag=cm_cr_arp_d_paging_btm_next_3&scope=reviewsAjax0,allStars,,B09V2W1PRB,B09V2W1PRB,B09V2W1PRB,"{'price': None, 'listPrice': None}",https://www.amazon.in//Portronics-SoundDrum-Portable-Bluetooth-Handsfree/dp/B09V2W1PRB/ref=zg_bs_g_1389365031_d_sccl_12/258-6337177-1273930?psc=1,India,
Reviewed in India on 6 October 2024,amzn1.account.AFHF4K2RLCUXEERK6XBFTMIFVJIQ,https://www.amazon.in/gp/profile/amzn1.account.AFHF4K2RLCUXEERK6XBFTMIFVJIQ/ref=cm_cr_othr_d_gw_tr?ie=UTF8,5,Value for money speaker by far thow,RTKJF9JFGE4C2,https://www.amazon.in/gp/customer-reviews/RTKJF9JFGE4C2/ref=cm_cr_othr_d_rvw_ttl?ie=UTF8&ASIN=B09V2W1PRB,7 people found this helpful,1st I got the defective speaker and I place my replacement for it and within 2 days i got my replaced speaker...Speaker is actually good hands downMy living room is approx 14×15 and only at 55% volume my whole room fills with music and bass is also good not that deep but it is good enough to enjoy it.Desgin of speaker is actually premium looking it looks like some high end speaker.Charging speed is ok ok.It took me almost 2 and half hrs to fully charge with my Samsung's 10w charger.I got this speaker for 1700rs which is hand down a big win for me.I choose Portronics for many reasons trust and brand value and also their service and i was also using their Soundpot speaker for almost 6 years.which is actually pretty impressive that speaker lasted this long.YOU CAN BUY THIS SPEAKER WITH EYES CLOSED.,True,False,['https://m.media-amazon.com/images/I/61q-z9Nw3iL._SY88.jpg'],2024-10-06,49,"Colour: Blue, Size: 20W, Pattern Name: Speaker","[{'key': 'Colour', 'value': 'Blue'}, {'key': 'Size', 'value': '20W'}, {'key': 'Pattern Name', 'value': 'Speaker'}]",,,https://www.amazon.in/product-reviews/B09V2W1PRB?pageNumber=7&filterByStar=all_stars&sortBy=helpful&formatType=all_formats&asin=B09V2W1PRB&reftag=cm_cr_arp_d_paging_btm_next_7&scope=reviewsAjax0,allStars,,B09V2W1PRB,B09V2W1PRB,B09V2W1PRB,"{'price': None, 'listPrice': None}",https://www.amazon.in//Portronics-SoundDrum-Portable-Bluetooth-Handsfree/dp/B09V2W1PRB/ref=zg_bs_g_1389365031_d_sccl_12/258-6337177-1273930?psc=1,India,
Reviewed in India on 15 October 2024,amzn1.account.AFAZJLHDEDBCVI6TCBKGYKYSNXMQ,https://www.amazon.in/gp/profile/amzn1.account.AFAZJLHDEDBCVI6TCBKGYKYSNXMQ/ref=cm_cr_othr_d_gw_tr?ie=UTF8,5,Very good sound,RTV9B9DX238D2,https://www.amazon.in/gp/customer-reviews/RTV9B9DX238D2/ref=cm_cr_othr_d_rvw_ttl?ie=UTF8&ASIN=B09V2W1PRB,,Great price and good performance. Sufficient base. This is very convenient for listening to music and better than TV speakers. It is not fair to expect home theatre level sound. This is a 'portable' sound system and it does a damn good job for that. Granted it is not a Bose but considering the price difference this is more than adequate. Bluetooth connects seamlessly ad the charge holds for a good amount of time. Even if it breaks down after a couple of years it can be easily replaced with a new one as it is reasonable priced at under Rs1800 you wont loose much sleep thinking about it.,True,False,[],2024-10-15,50,"Colour: Blue, Size: 20W, Pattern Name: Speaker","[{'key': 'Colour', 'value': 'Blue'}, {'key': 'Size', 'value': '20W'}, {'key': 'Pattern Name', 'value': 'Speaker'}]",,,https://www.amazon.in/product-reviews/B09V2W1PRB?pageNumber=7&filterByStar=all_stars&sortBy=helpful&formatType=all_formats&asin=B09V2W1PRB&reftag=cm_cr_arp_d_paging_btm_next_7&scope=reviewsAjax0,allStars,,B09V2W1PRB,B09V2W1PRB,B09V2W1PRB,"{'price': None, 'listPrice': None}",https://www.amazon.in//Portronics-SoundDrum-Portable-Bluetooth-Handsfree/dp/B09V2W1PRB/ref=zg_bs_g_1389365031_d_sccl_12/258-6337177-1273930?psc=1,India,
Reviewed in India on 15 October 2024,amzn1.account.AEP6UQDT6T4PHHMASD4YOHFPLEEA,https://www.amazon.in/gp/profile/amzn1.account.AEP6UQDT6T4PHHMASD4YOHFPLEEA/ref=cm_cr_othr_d_gw_tr?ie=UTF8,4,Great sound quality,R30Q42T3CQWMBI,https://www.amazon.in/gp/customer-reviews/R30Q42T3CQWMBI/ref=cm_cr_othr_d_rvw_ttl?ie=UTF8&ASIN=B09V2W1PRB,One person found this helpful,"The media could not be loaded.
                
            
                
            
            
        
    
    








  
  
     Ultimate sound quality worth for money such a good product",True,False,"['https://m.media-amazon.com/images/I/71TCsMBG74L._SY88.jpg', 'https://m.media-amazon.com/images/I/71reUj2C+ZL._SY88.jpg']",2024-10-15,51,"Colour: Blue, Size: 20W, Pattern Name: Speaker","[{'key': 'Colour', 'value': 'Blue'}, {'key': 'Size', 'value': '20W'}, {'key': 'Pattern Name', 'value': 'Speaker'}]",,,https://www.amazon.in/product-reviews/B09V2W1PRB?pageNumber=7&filterByStar=all_stars&sortBy=helpful&formatType=all_formats&asin=B09V2W1PRB&reftag=cm_cr_arp_d_paging_btm_next_7&scope=reviewsAjax0,allStars,,B09V2W1PRB,B09V2W1PRB,B09V2W1PRB,"{'price': None, 'listPrice': None}",https://www.amazon.in//Portronics-SoundDrum-Portable-Bluetooth-Handsfree/dp/B09V2W1PRB/ref=zg_bs_g_1389365031_d_sccl_12/258-6337177-1273930?psc=1,India,
Reviewed in India on 16 October 2024,amzn1.account.AE3J4OPHECOGLRJJDXNUFACNIBHQ,https://www.amazon.in/gp/profile/amzn1.account.AE3J4OPHECOGLRJJDXNUFACNIBHQ/ref=cm_cr_othr_d_gw_tr?ie=UTF8,4,Quality,RU9H9MDQRHE5V,https://www.amazon.in/gp/customer-reviews/RU9H9MDQRHE5V/ref=cm_cr_othr_d_rvw_ttl?ie=UTF8&ASIN=B09V2W1PRB,,Good quality but sounds unbalanced,True,False,[],2024-10-16,52,"Colour: Blue, Size: 20W, Pattern Name: Speaker","[{'key': 'Colour', 'value': 'Blue'}, {'key': 'Size', 'value': '20W'}, {'key': 'Pattern Name', 'value': 'Speaker'}]",,,https://www.amazon.in/product-reviews/B09V2W1PRB?pageNumber=7&filterByStar=all_stars&sortBy=helpful&formatType=all_formats&asin=B09V2W1PRB&reftag=cm_cr_arp_d_paging_btm_next_7&scope=reviewsAjax0,allStars,,B09V2W1PRB,B09V2W1PRB,B09V2W1PRB,"{'price': None, 'listPrice': None}",https://www.amazon.in//Portronics-SoundDrum-Portable-Bluetooth-Handsfree/dp/B09V2W1PRB/ref=zg_bs_g_1389365031_d_sccl_12/258-6337177-1273930?psc=1,India,
Reviewed in India on 12 November 2024,amzn1.account.AFHUBHIUEJDSNMBSTDCSCNDJJ3HQ,https://www.amazon.in/gp/profile/amzn1.account.AFHUBHIUEJDSNMBSTDCSCNDJJ3HQ/ref=cm_cr_othr_d_gw_tr?ie=UTF8,3,Product use,R1Y1WGY5S4HL1Q,https://www.amazon.in/gp/customer-reviews/R1Y1WGY5S4HL1Q/ref=cm_cr_othr_d_rvw_ttl?ie=UTF8&ASIN=B09V2W1PRB,One person found this helpful,"Dear team,Blutooth speeker all functions very smoothly workingFece Battry backup problem 100% chargeworking time goodAfter 70% charge 40 to 50 min. Working battery low sweech offPlease improve battry backup 🙏😔",True,False,"['https://m.media-amazon.com/images/I/81OoBlO6k1L._SY88.jpg', 'https://m.media-amazon.com/images/I/81gkbKdMPnL._SY88.jpg']",2024-11-12,53,"Colour: Blue, Size: 20W, Pattern Name: Speaker","[{'key': 'Colour', 'value': 'Blue'}, {'key': 'Size', 'value': '20W'}, {'key': 'Pattern Name', 'value': 'Speaker'}]",,,https://www.amazon.in/product-reviews/B09V2W1PRB?pageNumber=7&filterByStar=all_stars&sortBy=helpful&formatType=all_formats&asin=B09V2W1PRB&reftag=cm_cr_arp_d_paging_btm_next_7&scope=reviewsAjax0,allStars,,B09V2W1PRB,B09V2W1PRB,B09V2W1PRB,"{'price': None, 'listPrice': None}",https://www.amazon.in//Portronics-SoundDrum-Portable-Bluetooth-Handsfree/dp/B09V2W1PRB/ref=zg_bs_g_1389365031_d_sccl_12/258-6337177-1273930?psc=1,India,
Reviewed in India on 30 September 2024,amzn1.account.AEOPWHUSH2X5ATQHQXPBZFP2AGGQ,https://www.amazon.in/gp/profile/amzn1.account.AEOPWHUSH2X5ATQHQXPBZFP2AGGQ/ref=cm_cr_othr_d_gw_tr?ie=UTF8,4,Sound quality is good,R1W1RRITFU1EUP,https://www.amazon.in/gp/customer-reviews/R1W1RRITFU1EUP/ref=cm_cr_othr_d_rvw_ttl?ie=UTF8&ASIN=B09V2W1PRB,,Like this,True,False,[],2024-09-30,54,"Colour: Blue, Size: 20W, Pattern Name: Speaker","[{'key': 'Colour', 'value': 'Blue'}, {'key': 'Size', 'value': '20W'}, {'key': 'Pattern Name', 'value': 'Speaker'}]",,,https://www.amazon.in/product-reviews/B09V2W1PRB?pageNumber=7&filterByStar=all_stars&sortBy=helpful&formatType=all_formats&asin=B09V2W1PRB&reftag=cm_cr_arp_d_paging_btm_next_7&scope=reviewsAjax0,allStars,,B09V2W1PRB,B09V2W1PRB,B09V2W1PRB,"{'price': None, 'listPrice': None}",https://www.amazon.in//Portronics-SoundDrum-Portable-Bluetooth-Handsfree/dp/B09V2W1PRB/ref=zg_bs_g_1389365031_d_sccl_12/258-6337177-1273930?psc=1,India,
Reviewed in India on 16 October 2024,amzn1.account.AFTB54SXBZKIUPEWASDLIWY3KB5A,https://www.amazon.in/gp/profile/amzn1.account.AFTB54SXBZKIUPEWASDLIWY3KB5A/ref=cm_cr_othr_d_gw_tr?ie=UTF8,3,Average or below average,R3D6G6029L9A4F,https://www.amazon.in/gp/customer-reviews/R3D6G6029L9A4F/ref=cm_cr_othr_d_rvw_ttl?ie=UTF8&ASIN=B09V2W1PRB,,Sirf bass se music achha nahi hota...treble is zero..no doubt speaker is loud but i must say vocals are not good.If you are listening podcast or watching series in your fone toh bhai vocal ki quality bekar h...I have paid 1870 for this speaker but not satisfied with vocals output...very minor distortion at 100 percent..Le sakte hai agar sirf music sunna ho toh..par again apne kavi v jbl use kiya h toh ye speaker apko pasand nahi ahega,True,False,[],2024-10-16,55,"Colour: Blue, Size: 20W, Pattern Name: Speaker","[{'key': 'Colour', 'value': 'Blue'}, {'key': 'Size', 'value': '20W'}, {'key': 'Pattern Name', 'value': 'Speaker'}]",,,https://www.amazon.in/product-reviews/B09V2W1PRB?pageNumber=7&filterByStar=all_stars&sortBy=helpful&formatType=all_formats&asin=B09V2W1PRB&reftag=cm_cr_arp_d_paging_btm_next_7&scope=reviewsAjax0,allStars,,B09V2W1PRB,B09V2W1PRB,B09V2W1PRB,"{'price': None, 'listPrice': None}",https://www.amazon.in//Portronics-SoundDrum-Portable-Bluetooth-Handsfree/dp/B09V2W1PRB/ref=zg_bs_g_1389365031_d_sccl_12/258-6337177-1273930?psc=1,India,
Reviewed in India on 12 September 2024,amzn1.account.AEX25EBDKAB3OA4QL6GCV57NDAMA,https://www.amazon.in/gp/profile/amzn1.account.AEX25EBDKAB3OA4QL6GCV57NDAMA/ref=cm_cr_othr_d_gw_tr?ie=UTF8,4,Good Sound,R3M45KXEW5O2GD,https://www.amazon.in/gp/customer-reviews/R3M45KXEW5O2GD/ref=cm_cr_othr_d_rvw_ttl?ie=UTF8&ASIN=B09V2W1PRB,,It is amazing and quality product such a great quality of sound and battery back up is auspicious.,True,False,[],2024-09-12,56,"Colour: Blue, Size: 20W, Pattern Name: Speaker","[{'key': 'Colour', 'value': 'Blue'}, {'key': 'Size', 'value': '20W'}, {'key': 'Pattern Name', 'value': 'Speaker'}]",,,https://www.amazon.in/product-reviews/B09V2W1PRB?pageNumber=7&filterByStar=all_stars&sortBy=helpful&formatType=all_formats&asin=B09V2W1PRB&reftag=cm_cr_arp_d_paging_btm_next_7&scope=reviewsAjax0,allStars,,B09V2W1PRB,B09V2W1PRB,B09V2W1PRB,"{'price': None, 'listPrice': None}",https://www.amazon.in//Portronics-SoundDrum-Portable-Bluetooth-Handsfree/dp/B09V2W1PRB/ref=zg_bs_g_1389365031_d_sccl_12/258-6337177-1273930?psc=1,India,
Reviewed in India on 31 December 2024,amzn1.account.AFO732AVJFD7EPMJK3Y2AWPVJFRQ,https://www.amazon.in/gp/profile/amzn1.account.AFO732AVJFD7EPMJK3Y2AWPVJFRQ/ref=cm_cr_othr_d_gw_tr?ie=UTF8,4,Sound speaker,R1XTO0SGS4CGUS,https://www.amazon.in/gp/customer-reviews/R1XTO0SGS4CGUS/ref=cm_cr_othr_d_rvw_ttl?ie=UTF8&ASIN=B09V2W1PRB,,"It is useful for music lovers and elders who unable to hear thru normal phone. The given good option is inbuilt mic. But unfortunately I did not received 'C' type charging cable and user manual. After open the parcel notice the accessoires are not accompanied along with the item immediately I did a compliant and told by some customer care official s it will be resolved or solution will be given within 4 days. But no body turned back so far. It is very unfortunate thing.  Some body should take care about the customer either from service provider or seller.  Okay I bought 'C' type cable and got operation knowledge by watching some Utube videos.  The worst thing is no body is turned back and not given any response.  I don't know how to understand.  So request you guys, think twice while buying costly items thru Amazon and it's suppliers/service providers. Coming to the item , the sound quality and bass is good.",True,False,[],2024-12-31,9,"Colour: Blue, Size: 20W, Pattern Name: Speaker","[{'key': 'Colour', 'value': 'Blue'}, {'key': 'Size', 'value': '20W'}, {'key': 'Pattern Name', 'value': 'Speaker'}]",,,https://www.amazon.in/product-reviews/B09V2W1PRB?pageNumber=2&filterByStar=all_stars&sortBy=helpful&formatType=all_formats&asin=B09V2W1PRB&reftag=cm_cr_arp_d_paging_btm_next_2&scope=reviewsAjax0,allStars,,B09V2W1PRB,B09V2W1PRB,B09V2W1PRB,"{'price': None, 'listPrice': None}",https://www.amazon.in//Portronics-SoundDrum-Portable-Bluetooth-Handsfree/dp/B09V2W1PRB/ref=zg_bs_g_1389365031_d_sccl_12/258-6337177-1273930?psc=1,India,
Reviewed in India on 24 January 2025,amzn1.account.AHWS2QHFJR4PEBBZTREJZOZOZSRA,https://www.amazon.in/gp/profile/amzn1.account.AHWS2QHFJR4PEBBZTREJZOZOZSRA/ref=cm_cr_othr_d_gw_tr?ie=UTF8,4,On budget,R131B006QW9GWI,https://www.amazon.in/gp/customer-reviews/R131B006QW9GWI/ref=cm_cr_othr_d_rvw_ttl?ie=UTF8&ASIN=B09V2W1PRB,,Best product,True,False,[],2025-01-24,10,"Colour: Blue, Size: 20W, Pattern Name: Speaker","[{'key': 'Colour', 'value': 'Blue'}, {'key': 'Size', 'value': '20W'}, {'key': 'Pattern Name', 'value': 'Speaker'}]",,,https://www.amazon.in/product-reviews/B09V2W1PRB?pageNumber=2&filterByStar=all_stars&sortBy=helpful&formatType=all_formats&asin=B09V2W1PRB&reftag=cm_cr_arp_d_paging_btm_next_2&scope=reviewsAjax0,allStars,,B09V2W1PRB,B09V2W1PRB,B09V2W1PRB,"{'price': None, 'listPrice': None}",https://www.amazon.in//Portronics-SoundDrum-Portable-Bluetooth-Handsfree/dp/B09V2W1PRB/ref=zg_bs_g_1389365031_d_sccl_12/258-6337177-1273930?psc=1,India,
Reviewed in India on 21 January 2025,amzn1.account.AFJYJBEQJY4MMOVKBGGNJBVAD3PA,https://www.amazon.in/gp/profile/amzn1.account.AFJYJBEQJY4MMOVKBGGNJBVAD3PA/ref=cm_cr_othr_d_gw_tr?ie=UTF8,4,Best at the price segment.,RS13CU5VR11TD,https://www.amazon.in/gp/customer-reviews/RS13CU5VR11TD/ref=cm_cr_othr_d_rvw_ttl?ie=UTF8&ASIN=B09V2W1PRB,One person found this helpful,Sound and bass quality are best At the price of 1800.,True,False,[],2025-01-21,11,"Colour: Blue, Size: 20W, Pattern Name: Speaker","[{'key': 'Colour', 'value': 'Blue'}, {'key': 'Size', 'value': '20W'}, {'key': 'Pattern Name', 'value': 'Speaker'}]",,,https://www.amazon.in/product-reviews/B09V2W1PRB?pageNumber=2&filterByStar=all_stars&sortBy=helpful&formatType=all_formats&asin=B09V2W1PRB&reftag=cm_cr_arp_d_paging_btm_next_2&scope=reviewsAjax0,allStars,,B09V2W1PRB,B09V2W1PRB,B09V2W1PRB,"{'price': None, 'listPrice': None}",https://www.amazon.in//Portronics-SoundDrum-Portable-Bluetooth-Handsfree/dp/B09V2W1PRB/ref=zg_bs_g_1389365031_d_sccl_12/258-6337177-1273930?psc=1,India,
Reviewed in India on 20 January 2025,amzn1.account.AEABHAWR3CFSGOXZLFEPIU3P4AGQ,https://www.amazon.in/gp/profile/amzn1.account.AEABHAWR3CFSGOXZLFEPIU3P4AGQ/ref=cm_cr_othr_d_gw_tr?ie=UTF8,4,It provides very good sound best for house parties.,ROJCX2AAT7Z7I,https://www.amazon.in/gp/customer-reviews/ROJCX2AAT7Z7I/ref=cm_cr_othr_d_rvw_ttl?ie=UTF8&ASIN=B09V2W1PRB,,A very handy speaker with awesome connectivity and battery life,True,False,[],2025-01-20,12,"Colour: Blue, Size: 20W, Pattern Name: Speaker","[{'key': 'Colour', 'value': 'Blue'}, {'key': 'Size', 'value': '20W'}, {'key': 'Pattern Name', 'value': 'Speaker'}]",,,https://www.amazon.in/product-reviews/B09V2W1PRB?pageNumber=2&filterByStar=all_stars&sortBy=helpful&formatType=all_formats&asin=B09V2W1PRB&reftag=cm_cr_arp_d_paging_btm_next_2&scope=reviewsAjax0,allStars,,B09V2W1PRB,B09V2W1PRB,B09V2W1PRB,"{'price': None, 'listPrice': None}",https://www.amazon.in//Portronics-SoundDrum-Portable-Bluetooth-Handsfree/dp/B09V2W1PRB/ref=zg_bs_g_1389365031_d_sccl_12/258-6337177-1273930?psc=1,India,
Reviewed in India on 12 January 2025,amzn1.account.AHMJRRSOCINQC7UMBXJI4P7Q7SVQ,https://www.amazon.in/gp/profile/amzn1.account.AHMJRRSOCINQC7UMBXJI4P7Q7SVQ/ref=cm_cr_othr_d_gw_tr?ie=UTF8,4,Good,R3SHX7H57WSG01,https://www.amazon.in/gp/customer-reviews/R3SHX7H57WSG01/ref=cm_cr_othr_d_rvw_ttl?ie=UTF8&ASIN=B09V2W1PRB,,Nice,True,False,[],2025-01-12,13,"Colour: Blue, Size: 20W, Pattern Name: Speaker","[{'key': 'Colour', 'value': 'Blue'}, {'key': 'Size', 'value': '20W'}, {'key': 'Pattern Name', 'value': 'Speaker'}]",,,https://www.amazon.in/product-reviews/B09V2W1PRB?pageNumber=2&filterByStar=all_stars&sortBy=helpful&formatType=all_formats&asin=B09V2W1PRB&reftag=cm_cr_arp_d_paging_btm_next_2&scope=reviewsAjax0,allStars,,B09V2W1PRB,B09V2W1PRB,B09V2W1PRB,"{'price': None, 'listPrice': None}",https://www.amazon.in//Portronics-SoundDrum-Portable-Bluetooth-Handsfree/dp/B09V2W1PRB/ref=zg_bs_g_1389365031_d_sccl_12/258-6337177-1273930?psc=1,India,
Reviewed in India on 21 December 2024,amzn1.account.AFPQV7P2SMTJOJEDZJDQ2LSIBLGA,https://www.amazon.in/gp/profile/amzn1.account.AFPQV7P2SMTJOJEDZJDQ2LSIBLGA/ref=cm_cr_othr_d_gw_tr?ie=UTF8,4,Nice speaker but the battery is not good,R1VQHUBSC4W0OQ,https://www.amazon.in/gp/customer-reviews/R1VQHUBSC4W0OQ/ref=cm_cr_othr_d_rvw_ttl?ie=UTF8&ASIN=B09V2W1PRB,,Speaker is very clear but the battery claimed is not promising,True,False,[],2024-12-21,14,"Colour: Blue, Size: 20W, Pattern Name: Speaker","[{'key': 'Colour', 'value': 'Blue'}, {'key': 'Size', 'value': '20W'}, {'key': 'Pattern Name', 'value': 'Speaker'}]",,,https://www.amazon.in/product-reviews/B09V2W1PRB?pageNumber=2&filterByStar=all_stars&sortBy=helpful&formatType=all_formats&asin=B09V2W1PRB&reftag=cm_cr_arp_d_paging_btm_next_2&scope=reviewsAjax0,allStars,,B09V2W1PRB,B09V2W1PRB,B09V2W1PRB,"{'price': None, 'listPrice': None}",https://www.amazon.in//Portronics-SoundDrum-Portable-Bluetooth-Handsfree/dp/B09V2W1PRB/ref=zg_bs_g_1389365031_d_sccl_12/258-6337177-1273930?psc=1,India,
Reviewed in India on 30 January 2025,amzn1.account.AGCUQ3LKTQP4RJGKHQTJYEQETIZQ,https://www.amazon.in/gp/profile/amzn1.account.AGCUQ3LKTQP4RJGKHQTJYEQETIZQ/ref=cm_cr_othr_d_gw_tr?ie=UTF8,5,Sound quality is very nice.,R1XU8RWHMHUTBU,https://www.amazon.in/gp/customer-reviews/R1XU8RWHMHUTBU/ref=cm_cr_othr_d_rvw_ttl?ie=UTF8&ASIN=B09V2W1PRB,,Very nice . Sound quality is very good . All are very good .,True,False,[],2025-01-30,15,"Colour: Blue, Size: 20W, Pattern Name: Speaker","[{'key': 'Colour', 'value': 'Blue'}, {'key': 'Size', 'value': '20W'}, {'key': 'Pattern Name', 'value': 'Speaker'}]",,,https://www.amazon.in/product-reviews/B09V2W1PRB?pageNumber=2&filterByStar=all_stars&sortBy=helpful&formatType=all_formats&asin=B09V2W1PRB&reftag=cm_cr_arp_d_paging_btm_next_2&scope=reviewsAjax0,allStars,,B09V2W1PRB,B09V2W1PRB,B09V2W1PRB,"{'price': None, 'listPrice': None}",https://www.amazon.in//Portronics-SoundDrum-Portable-Bluetooth-Handsfree/dp/B09V2W1PRB/ref=zg_bs_g_1389365031_d_sccl_12/258-6337177-1273930?psc=1,India,
Reviewed in India on 22 January 2025,amzn1.account.AGEZIYGGUEKXAF2YKDYWUR2JK7KQ,https://www.amazon.in/gp/profile/amzn1.account.AGEZIYGGUEKXAF2YKDYWUR2JK7KQ/ref=cm_cr_othr_d_gw_tr?ie=UTF8,5,Awesome sound quality,R2PFPGUCBAEIGK,https://www.amazon.in/gp/customer-reviews/R2PFPGUCBAEIGK/ref=cm_cr_othr_d_rvw_ttl?ie=UTF8&ASIN=B09V2W1PRB,2 people found this helpful,"I didn't anticipate the sound quality to be this impressive. The bass is really strong. It has 2 bass radiators on both of the sides. I purchased it for ₹1887/-, which I think is a great deal.",True,False,"['https://m.media-amazon.com/images/I/61oXKi+x9xL._SY88.jpg', 'https://m.media-amazon.com/images/I/71pfsbO0+rL._SY88.jpg']",2025-01-22,16,"Colour: Blue, Size: 20W, Pattern Name: Speaker","[{'key': 'Colour', 'value': 'Blue'}, {'key': 'Size', 'value': '20W'}, {'key': 'Pattern Name', 'value': 'Speaker'}]",,,https://www.amazon.in/product-reviews/B09V2W1PRB?pageNumber=2&filterByStar=all_stars&sortBy=helpful&formatType=all_formats&asin=B09V2W1PRB&reftag=cm_cr_arp_d_paging_btm_next_2&scope=reviewsAjax0,allStars,,B09V2W1PRB,B09V2W1PRB,B09V2W1PRB,"{'price': None, 'listPrice': None}",https://www.amazon.in//Portronics-SoundDrum-Portable-Bluetooth-Handsfree/dp/B09V2W1PRB/ref=zg_bs_g_1389365031_d_sccl_12/258-6337177-1273930?psc=1,India,
Reviewed in India on 6 October 2024,amzn1.account.AGUXZXBIRXUQTWOQA5O6DIOUBWHA,https://www.amazon.in/gp/profile/amzn1.account.AGUXZXBIRXUQTWOQA5O6DIOUBWHA/ref=cm_cr_othr_d_gw_tr?ie=UTF8,5,A Proud Owner,R2IVBUW3DACMBK,https://www.amazon.in/gp/customer-reviews/R2IVBUW3DACMBK/ref=cm_cr_othr_d_rvw_ttl?ie=UTF8&ASIN=B09V2W1PRB,3 people found this helpful,"First things first, bought it for 1888/- and it's worth the price.Loud sound,  Decent base, Good Battery life.I faced no issues with this one. It perfectly suited my utility. Better than Tribit and Boat. Keep up the good work Portronics.",True,False,[],2024-10-06,73,"Colour: Blue, Size: 20W, Pattern Name: Speaker","[{'key': 'Colour', 'value': 'Blue'}, {'key': 'Size', 'value': '20W'}, {'key': 'Pattern Name', 'value': 'Speaker'}]",,,https://www.amazon.in/product-reviews/B09V2W1PRB?pageNumber=10&filterByStar=all_stars&sortBy=helpful&formatType=all_formats&asin=B09V2W1PRB&reftag=cm_cr_arp_d_paging_btm_next_10&scope=reviewsAjax0,allStars,,B09V2W1PRB,B09V2W1PRB,B09V2W1PRB,"{'price': None, 'listPrice': None}",https://www.amazon.in//Portronics-SoundDrum-Portable-Bluetooth-Handsfree/dp/B09V2W1PRB/ref=zg_bs_g_1389365031_d_sccl_12/258-6337177-1273930?psc=1,India,
Reviewed in India on 15 November 2024,amzn1.account.AGKUCGYUIHU5MUMJPXGVXRT3CG2Q,https://www.amazon.in/gp/profile/amzn1.account.AGKUCGYUIHU5MUMJPXGVXRT3CG2Q/ref=cm_cr_othr_d_gw_tr?ie=UTF8,5,Must buy very good sound quality,R1ESEYLRV7ITZ9,https://www.amazon.in/gp/customer-reviews/R1ESEYLRV7ITZ9/ref=cm_cr_othr_d_rvw_ttl?ie=UTF8&ASIN=B09V2W1PRB,,"The media could not be loaded.
                
            
                
            
            
        
    
    








  
  
     Everything is good from sound quality to build quality",True,False,['https://m.media-amazon.com/images/I/71z0NL+VKVL._SY88.jpg'],2024-11-15,74,"Colour: Blue, Size: 20W, Pattern Name: Speaker","[{'key': 'Colour', 'value': 'Blue'}, {'key': 'Size', 'value': '20W'}, {'key': 'Pattern Name', 'value': 'Speaker'}]",,,https://www.amazon.in/product-reviews/B09V2W1PRB?pageNumber=10&filterByStar=all_stars&sortBy=helpful&formatType=all_formats&asin=B09V2W1PRB&reftag=cm_cr_arp_d_paging_btm_next_10&scope=reviewsAjax0,allStars,,B09V2W1PRB,B09V2W1PRB,B09V2W1PRB,"{'price': None, 'listPrice': None}",https://www.amazon.in//Portronics-SoundDrum-Portable-Bluetooth-Handsfree/dp/B09V2W1PRB/ref=zg_bs_g_1389365031_d_sccl_12/258-6337177-1273930?psc=1,India,
Reviewed in India on 31 October 2024,amzn1.account.AHXS65SWG5M5V3CRF6WW63NDQ4HQ,https://www.amazon.in/gp/profile/amzn1.account.AHXS65SWG5M5V3CRF6WW63NDQ4HQ/ref=cm_cr_othr_d_gw_tr?ie=UTF8,5,"The excellent quality, Potronics p",R3RGKRVBKOP87S,https://www.amazon.in/gp/customer-reviews/R3RGKRVBKOP87S/ref=cm_cr_othr_d_rvw_ttl?ie=UTF8&ASIN=B09V2W1PRB,,"It's sound,bass,vocal is so excellent you are bound to accept it.Really value for money 💰",True,False,['https://m.media-amazon.com/images/I/71BZigi8HbL._SY88.jpg'],2024-10-31,75,"Colour: Blue, Size: 20W, Pattern Name: Speaker","[{'key': 'Colour', 'value': 'Blue'}, {'key': 'Size', 'value': '20W'}, {'key': 'Pattern Name', 'value': 'Speaker'}]",,,https://www.amazon.in/product-reviews/B09V2W1PRB?pageNumber=10&filterByStar=all_stars&sortBy=helpful&formatType=all_formats&asin=B09V2W1PRB&reftag=cm_cr_arp_d_paging_btm_next_10&scope=reviewsAjax0,allStars,,B09V2W1PRB,B09V2W1PRB,B09V2W1PRB,"{'price': None, 'listPrice': None}",https://www.amazon.in//Portronics-SoundDrum-Portable-Bluetooth-Handsfree/dp/B09V2W1PRB/ref=zg_bs_g_1389365031_d_sccl_12/258-6337177-1273930?psc=1,India,
Reviewed in India on 17 October 2024,amzn1.account.AHHSN6FBFFD3ZIA2EWPJCAHRVI6A,https://www.amazon.in/gp/profile/amzn1.account.AHHSN6FBFFD3ZIA2EWPJCAHRVI6A/ref=cm_cr_othr_d_gw_tr?ie=UTF8,5,Original bass lover,R2NYP8424Y7B4M,https://www.amazon.in/gp/customer-reviews/R2NYP8424Y7B4M/ref=cm_cr_othr_d_rvw_ttl?ie=UTF8&ASIN=B09V2W1PRB,,This divice is awesome and bass very awesome vocal is good and overall this divice is nice value for money product,True,False,[],2024-10-17,76,"Colour: Blue, Size: 20W, Pattern Name: Speaker","[{'key': 'Colour', 'value': 'Blue'}, {'key': 'Size', 'value': '20W'}, {'key': 'Pattern Name', 'value': 'Speaker'}]",,,https://www.amazon.in/product-reviews/B09V2W1PRB?pageNumber=10&filterByStar=all_stars&sortBy=helpful&formatType=all_formats&asin=B09V2W1PRB&reftag=cm_cr_arp_d_paging_btm_next_10&scope=reviewsAjax0,allStars,,B09V2W1PRB,B09V2W1PRB,B09V2W1PRB,"{'price': None, 'listPrice': None}",https://www.amazon.in//Portronics-SoundDrum-Portable-Bluetooth-Handsfree/dp/B09V2W1PRB/ref=zg_bs_g_1389365031_d_sccl_12/258-6337177-1273930?psc=1,India,
Reviewed in India on 21 October 2024,amzn1.account.AHD5SOQK7JOEQNNLPUAPK7TARRFQ,https://www.amazon.in/gp/profile/amzn1.account.AHD5SOQK7JOEQNNLPUAPK7TARRFQ/ref=cm_cr_othr_d_gw_tr?ie=UTF8,5,"The speaker is good, lows, high, and bassssss alsk good",R2U9KCH30HE23Y,https://www.amazon.in/gp/customer-reviews/R2U9KCH30HE23Y/ref=cm_cr_othr_d_rvw_ttl?ie=UTF8&ASIN=B09V2W1PRB,3 people found this helpful,"The media could not be loaded.
                
            
                
            
            
        
    
    








  
  
     The speaker sound is loud definitely you can consider to buy the bass also good not too much definitely not loud but balanced , connectivity also fast, performance wise best in small size 🫣",True,False,[],2024-10-21,77,"Colour: Blue, Size: 20W, Pattern Name: Speaker","[{'key': 'Colour', 'value': 'Blue'}, {'key': 'Size', 'value': '20W'}, {'key': 'Pattern Name', 'value': 'Speaker'}]",,,https://www.amazon.in/product-reviews/B09V2W1PRB?pageNumber=10&filterByStar=all_stars&sortBy=helpful&formatType=all_formats&asin=B09V2W1PRB&reftag=cm_cr_arp_d_paging_btm_next_10&scope=reviewsAjax0,allStars,,B09V2W1PRB,B09V2W1PRB,B09V2W1PRB,"{'price': None, 'listPrice': None}",https://www.amazon.in//Portronics-SoundDrum-Portable-Bluetooth-Handsfree/dp/B09V2W1PRB/ref=zg_bs_g_1389365031_d_sccl_12/258-6337177-1273930?psc=1,India,
Reviewed in India on 1 August 2024,amzn1.account.AFM5FHXOOOPXDV4FXKHJAZBCD2VA,https://www.amazon.in/gp/profile/amzn1.account.AFM5FHXOOOPXDV4FXKHJAZBCD2VA/ref=cm_cr_othr_d_gw_tr?ie=UTF8,4,Good Product. Bass can be improved,R2HM5T1JGBQK5Q,https://www.amazon.in/gp/customer-reviews/R2HM5T1JGBQK5Q/ref=cm_cr_othr_d_rvw_ttl?ie=UTF8&ASIN=B09V2W1PRB,,Good product.. Bass can be improved.. design is good.,True,False,['https://m.media-amazon.com/images/I/71nASiD7gwL._SY88.jpg'],2024-08-01,78,"Colour: Blue, Size: 20W, Pattern Name: Speaker","[{'key': 'Colour', 'value': 'Blue'}, {'key': 'Size', 'value': '20W'}, {'key': 'Pattern Name', 'value': 'Speaker'}]",,,https://www.amazon.in/product-reviews/B09V2W1PRB?pageNumber=10&filterByStar=all_stars&sortBy=helpful&formatType=all_formats&asin=B09V2W1PRB&reftag=cm_cr_arp_d_paging_btm_next_10&scope=reviewsAjax0,allStars,,B09V2W1PRB,B09V2W1PRB,B09V2W1PRB,"{'price': None, 'listPrice': None}",https://www.amazon.in//Portronics-SoundDrum-Portable-Bluetooth-Handsfree/dp/B09V2W1PRB/ref=zg_bs_g_1389365031_d_sccl_12/258-6337177-1273930?psc=1,India,
Reviewed in India on 2 November 2024,amzn1.account.AFIBEKXCX277FPDTMZY4337TZJUQ,https://www.amazon.in/gp/profile/amzn1.account.AFIBEKXCX277FPDTMZY4337TZJUQ/ref=cm_cr_othr_d_gw_tr?ie=UTF8,5,Best Speaker under 2k,R9HF5CMYRL8T4,https://www.amazon.in/gp/customer-reviews/R9HF5CMYRL8T4/ref=cm_cr_othr_d_rvw_ttl?ie=UTF8&ASIN=B09V2W1PRB,,,True,False,['https://m.media-amazon.com/images/I/61oGw1ZnWSL._SY88.jpg'],2024-11-02,79,"Colour: Blue, Size: 20W, Pattern Name: Speaker","[{'key': 'Colour', 'value': 'Blue'}, {'key': 'Size', 'value': '20W'}, {'key': 'Pattern Name', 'value': 'Speaker'}]",,,https://www.amazon.in/product-reviews/B09V2W1PRB?pageNumber=10&filterByStar=all_stars&sortBy=helpful&formatType=all_formats&asin=B09V2W1PRB&reftag=cm_cr_arp_d_paging_btm_next_10&scope=reviewsAjax0,allStars,,B09V2W1PRB,B09V2W1PRB,B09V2W1PRB,"{'price': None, 'listPrice': None}",https://www.amazon.in//Portronics-SoundDrum-Portable-Bluetooth-Handsfree/dp/B09V2W1PRB/ref=zg_bs_g_1389365031_d_sccl_12/258-6337177-1273930?psc=1,India,
Reviewed in India on 24 April 2024,amzn1.account.AFMHVA5ZLWGPVWBK3DUPLIVUXOWA,https://www.amazon.in/gp/profile/amzn1.account.AFMHVA5ZLWGPVWBK3DUPLIVUXOWA/ref=cm_cr_othr_d_gw_tr?ie=UTF8,4,A Top Contender In Its Price Range.,R2V2XBCIPM9YM0,https://www.amazon.in/gp/customer-reviews/R2V2XBCIPM9YM0/ref=cm_cr_othr_d_rvw_ttl?ie=UTF8&ASIN=B09V2W1PRB,8 people found this helpful,"The media could not be loaded.
                
            
                
            
            
        
    
    








  
  
     This Bluetooth speaker stands out as a compelling choice in its price range.  It delivers exceptional bass response and well-balanced sound, particularly at moderate volume levels (up to 80%).  The speaker boasts a decent battery life, lasting 6-7 hours at typical listening volumes (around 50-60% volume).  Its portability makes it suitable for both indoor use in mid-sized rooms and outdoor activities.When compared to competitors from Boat, Zebronics, and Mivi, this speaker offers a strong combination of features and performance.",True,False,[],2024-04-24,80,"Colour: Blue, Size: 20W, Pattern Name: Speaker","[{'key': 'Colour', 'value': 'Blue'}, {'key': 'Size', 'value': '20W'}, {'key': 'Pattern Name', 'value': 'Speaker'}]",,,https://www.amazon.in/product-reviews/B09V2W1PRB?pageNumber=10&filterByStar=all_stars&sortBy=helpful&formatType=all_formats&asin=B09V2W1PRB&reftag=cm_cr_arp_d_paging_btm_next_10&scope=reviewsAjax0,allStars,,B09V2W1PRB,B09V2W1PRB,B09V2W1PRB,"{'price': None, 'listPrice': None}",https://www.amazon.in//Portronics-SoundDrum-Portable-Bluetooth-Handsfree/dp/B09V2W1PRB/ref=zg_bs_g_1389365031_d_sccl_12/258-6337177-1273930?psc=1,India,
Reviewed in India on 11 January 2025,amzn1.account.AF74XMTJB3CTDAQRSXMXHHJH66VA,https://www.amazon.in/gp/profile/amzn1.account.AF74XMTJB3CTDAQRSXMXHHJH66VA/ref=cm_cr_othr_d_gw_tr?ie=UTF8,5,Excellent Sound,RRDTQDC0UV8SF,https://www.amazon.in/gp/customer-reviews/RRDTQDC0UV8SF/ref=cm_cr_othr_d_rvw_ttl?ie=UTF8&ASIN=B09V2W1PRB,,The sound quality is brilliant..,True,False,[],2025-01-11,33,"Colour: Blue, Size: 20W, Pattern Name: Speaker","[{'key': 'Colour', 'value': 'Blue'}, {'key': 'Size', 'value': '20W'}, {'key': 'Pattern Name', 'value': 'Speaker'}]",,,https://www.amazon.in/product-reviews/B09V2W1PRB?pageNumber=5&filterByStar=all_stars&sortBy=helpful&formatType=all_formats&asin=B09V2W1PRB&reftag=cm_cr_arp_d_paging_btm_next_5&scope=reviewsAjax0,allStars,,B09V2W1PRB,B09V2W1PRB,B09V2W1PRB,"{'price': None, 'listPrice': None}",https://www.amazon.in//Portronics-SoundDrum-Portable-Bluetooth-Handsfree/dp/B09V2W1PRB/ref=zg_bs_g_1389365031_d_sccl_12/258-6337177-1273930?psc=1,India,
Reviewed in India on 5 January 2025,amzn1.account.AEHHXGZWGSE2RUJHRN2OCA4QSZ7Q,https://www.amazon.in/gp/profile/amzn1.account.AEHHXGZWGSE2RUJHRN2OCA4QSZ7Q/ref=cm_cr_othr_d_gw_tr?ie=UTF8,5,Awesome product in this segment!,R3FD5E6QFKU6DJ,https://www.amazon.in/gp/customer-reviews/R3FD5E6QFKU6DJ/ref=cm_cr_othr_d_rvw_ttl?ie=UTF8&ASIN=B09V2W1PRB,,Best product… Pls blindly go with it,True,False,[],2025-01-05,34,"Colour: Blue, Size: 20W, Pattern Name: Speaker","[{'key': 'Colour', 'value': 'Blue'}, {'key': 'Size', 'value': '20W'}, {'key': 'Pattern Name', 'value': 'Speaker'}]",,,https://www.amazon.in/product-reviews/B09V2W1PRB?pageNumber=5&filterByStar=all_stars&sortBy=helpful&formatType=all_formats&asin=B09V2W1PRB&reftag=cm_cr_arp_d_paging_btm_next_5&scope=reviewsAjax0,allStars,,B09V2W1PRB,B09V2W1PRB,B09V2W1PRB,"{'price': None, 'listPrice': None}",https://www.amazon.in//Portronics-SoundDrum-Portable-Bluetooth-Handsfree/dp/B09V2W1PRB/ref=zg_bs_g_1389365031_d_sccl_12/258-6337177-1273930?psc=1,India,
Reviewed in India on 24 January 2025,amzn1.account.AGOQCLEOLJEGMO4ACDJCSSKKAT5A,https://www.amazon.in/gp/profile/amzn1.account.AGOQCLEOLJEGMO4ACDJCSSKKAT5A/ref=cm_cr_othr_d_gw_tr?ie=UTF8,5,Loud And Bass,R2EL8IU4LE43CR,https://www.amazon.in/gp/customer-reviews/R2EL8IU4LE43CR/ref=cm_cr_othr_d_rvw_ttl?ie=UTF8&ASIN=B09V2W1PRB,One person found this helpful,"The media could not be loaded.
                
            
                
            
        
    
    








  
  
     Best for loud and bassy music. Keep it mind sound is extremely loud😅",True,False,[],2025-01-24,35,"Colour: Blue, Size: 20W, Pattern Name: Speaker","[{'key': 'Colour', 'value': 'Blue'}, {'key': 'Size', 'value': '20W'}, {'key': 'Pattern Name', 'value': 'Speaker'}]",,,https://www.amazon.in/product-reviews/B09V2W1PRB?pageNumber=5&filterByStar=all_stars&sortBy=helpful&formatType=all_formats&asin=B09V2W1PRB&reftag=cm_cr_arp_d_paging_btm_next_5&scope=reviewsAjax0,allStars,,B09V2W1PRB,B09V2W1PRB,B09V2W1PRB,"{'price': None, 'listPrice': None}",https://www.amazon.in//Portronics-SoundDrum-Portable-Bluetooth-Handsfree/dp/B09V2W1PRB/ref=zg_bs_g_1389365031_d_sccl_12/258-6337177-1273930?psc=1,India,
Reviewed in India on 7 November 2024,amzn1.account.AHMSKUADJO656IVHNKR7V73K3BBA,https://www.amazon.in/gp/profile/amzn1.account.AHMSKUADJO656IVHNKR7V73K3BBA/ref=cm_cr_othr_d_gw_tr?ie=UTF8,4,Sound quality and base,R2JJM4AGG7GHWO,https://www.amazon.in/gp/customer-reviews/R2JJM4AGG7GHWO/ref=cm_cr_othr_d_rvw_ttl?ie=UTF8&ASIN=B09V2W1PRB,,"Sound quality is good, base is also good you can for this ✨✨🥰",True,False,[],2024-11-07,36,"Colour: Blue, Size: 20W, Pattern Name: Speaker","[{'key': 'Colour', 'value': 'Blue'}, {'key': 'Size', 'value': '20W'}, {'key': 'Pattern Name', 'value': 'Speaker'}]",,,https://www.amazon.in/product-reviews/B09V2W1PRB?pageNumber=5&filterByStar=all_stars&sortBy=helpful&formatType=all_formats&asin=B09V2W1PRB&reftag=cm_cr_arp_d_paging_btm_next_5&scope=reviewsAjax0,allStars,,B09V2W1PRB,B09V2W1PRB,B09V2W1PRB,"{'price': None, 'listPrice': None}",https://www.amazon.in//Portronics-SoundDrum-Portable-Bluetooth-Handsfree/dp/B09V2W1PRB/ref=zg_bs_g_1389365031_d_sccl_12/258-6337177-1273930?psc=1,India,
Reviewed in India on 4 January 2025,amzn1.account.AGGKCAHH5BSU3YMXFF3AZAQBWN5A,https://www.amazon.in/gp/profile/amzn1.account.AGGKCAHH5BSU3YMXFF3AZAQBWN5A/ref=cm_cr_othr_d_gw_tr?ie=UTF8,3,Not so good,R2JQWQUIOTMCDA,https://www.amazon.in/gp/customer-reviews/R2JQWQUIOTMCDA/ref=cm_cr_othr_d_rvw_ttl?ie=UTF8&ASIN=B09V2W1PRB,,"Connectivity is good,bass is good, battery life average but loudness is not up to mark..",True,False,['https://m.media-amazon.com/images/I/71FsB7rNv9L._SY88.jpg'],2025-01-04,37,"Colour: Blue, Size: 20W, Pattern Name: Speaker","[{'key': 'Colour', 'value': 'Blue'}, {'key': 'Size', 'value': '20W'}, {'key': 'Pattern Name', 'value': 'Speaker'}]",,,https://www.amazon.in/product-reviews/B09V2W1PRB?pageNumber=5&filterByStar=all_stars&sortBy=helpful&formatType=all_formats&asin=B09V2W1PRB&reftag=cm_cr_arp_d_paging_btm_next_5&scope=reviewsAjax0,allStars,,B09V2W1PRB,B09V2W1PRB,B09V2W1PRB,"{'price': None, 'listPrice': None}",https://www.amazon.in//Portronics-SoundDrum-Portable-Bluetooth-Handsfree/dp/B09V2W1PRB/ref=zg_bs_g_1389365031_d_sccl_12/258-6337177-1273930?psc=1,India,
Reviewed in India on 3 January 2025,amzn1.account.AHA46SKNNNB2XP3VL7DYP56PHLNA,https://www.amazon.in/gp/profile/amzn1.account.AHA46SKNNNB2XP3VL7DYP56PHLNA/ref=cm_cr_othr_d_gw_tr?ie=UTF8,5,Amazing,R20YKQHBAWGKSS,https://www.amazon.in/gp/customer-reviews/R20YKQHBAWGKSS/ref=cm_cr_othr_d_rvw_ttl?ie=UTF8&ASIN=B09V2W1PRB,,,True,False,['https://m.media-amazon.com/images/I/51Q5vkfy6uL._SY88.jpg'],2025-01-03,38,"Colour: Blue, Size: 20W, Pattern Name: Speaker","[{'key': 'Colour', 'value': 'Blue'}, {'key': 'Size', 'value': '20W'}, {'key': 'Pattern Name', 'value': 'Speaker'}]",,,https://www.amazon.in/product-reviews/B09V2W1PRB?pageNumber=5&filterByStar=all_stars&sortBy=helpful&formatType=all_formats&asin=B09V2W1PRB&reftag=cm_cr_arp_d_paging_btm_next_5&scope=reviewsAjax0,allStars,,B09V2W1PRB,B09V2W1PRB,B09V2W1PRB,"{'price': None, 'listPrice': None}",https://www.amazon.in//Portronics-SoundDrum-Portable-Bluetooth-Handsfree/dp/B09V2W1PRB/ref=zg_bs_g_1389365031_d_sccl_12/258-6337177-1273930?psc=1,India,
Reviewed in India on 30 October 2024,amzn1.account.AFWWJCVPOXYC5TBF37VB6PUTLLOQ,https://www.amazon.in/gp/profile/amzn1.account.AFWWJCVPOXYC5TBF37VB6PUTLLOQ/ref=cm_cr_othr_d_gw_tr?ie=UTF8,4,Volume is good but range bad,R9G2Q48SNXB5W,https://www.amazon.in/gp/customer-reviews/R9G2Q48SNXB5W/ref=cm_cr_othr_d_rvw_ttl?ie=UTF8&ASIN=B09V2W1PRB,,Hi.  The speaker voice quality is very good but the bluetooth range is very small. I hv to keep the mobile near the speaker. Distance covered is minimum.,True,False,['https://m.media-amazon.com/images/I/61TgZGVkbjL._SY88.jpg'],2024-10-30,39,"Colour: Blue, Size: 20W, Pattern Name: Speaker","[{'key': 'Colour', 'value': 'Blue'}, {'key': 'Size', 'value': '20W'}, {'key': 'Pattern Name', 'value': 'Speaker'}]",,,https://www.amazon.in/product-reviews/B09V2W1PRB?pageNumber=5&filterByStar=all_stars&sortBy=helpful&formatType=all_formats&asin=B09V2W1PRB&reftag=cm_cr_arp_d_paging_btm_next_5&scope=reviewsAjax0,allStars,,B09V2W1PRB,B09V2W1PRB,B09V2W1PRB,"{'price': None, 'listPrice': None}",https://www.amazon.in//Portronics-SoundDrum-Portable-Bluetooth-Handsfree/dp/B09V2W1PRB/ref=zg_bs_g_1389365031_d_sccl_12/258-6337177-1273930?psc=1,India,
Reviewed in India on 22 January 2025,amzn1.account.AEH6OFCC56DZRUYWHJX7CM566VHA,https://www.amazon.in/gp/profile/amzn1.account.AEH6OFCC56DZRUYWHJX7CM566VHA/ref=cm_cr_othr_d_gw_tr?ie=UTF8,5,booom💥,R12ALQDDTR80R8,https://www.amazon.in/gp/customer-reviews/R12ALQDDTR80R8/ref=cm_cr_othr_d_rvw_ttl?ie=UTF8&ASIN=B09V2W1PRB,One person found this helpful,"The media could not be loaded.
                
            
                
            
        
    
    








  
  
     totly paisa wasul boss, osm spkrdil khus kar diya. amazon thnkyou",True,False,[],2025-01-22,40,"Colour: Blue, Size: 20W, Pattern Name: Speaker","[{'key': 'Colour', 'value': 'Blue'}, {'key': 'Size', 'value': '20W'}, {'key': 'Pattern Name', 'value': 'Speaker'}]",,,https://www.amazon.in/product-reviews/B09V2W1PRB?pageNumber=5&filterByStar=all_stars&sortBy=helpful&formatType=all_formats&asin=B09V2W1PRB&reftag=cm_cr_arp_d_paging_btm_next_5&scope=reviewsAjax0,allStars,,B09V2W1PRB,B09V2W1PRB,B09V2W1PRB,"{'price': None, 'listPrice': None}",https://www.amazon.in//Portronics-SoundDrum-Portable-Bluetooth-Handsfree/dp/B09V2W1PRB/ref=zg_bs_g_1389365031_d_sccl_12/258-6337177-1273930?psc=1,India,
Reviewed in India on 15 November 2024,amzn1.account.AE4XQTO3RMGWD634KT4BN77PENTA,https://www.amazon.in/gp/profile/amzn1.account.AE4XQTO3RMGWD634KT4BN77PENTA/ref=cm_cr_othr_d_gw_tr?ie=UTF8,5,Good sound and bass at affordable price,R24F8QZ5LNZ9UC,https://www.amazon.in/gp/customer-reviews/R24F8QZ5LNZ9UC/ref=cm_cr_othr_d_rvw_ttl?ie=UTF8&ASIN=B09V2W1PRB,,It gives good sound and bass at affordable price,True,False,[],2024-11-15,65,"Colour: Blue, Size: 20W, Pattern Name: Speaker","[{'key': 'Colour', 'value': 'Blue'}, {'key': 'Size', 'value': '20W'}, {'key': 'Pattern Name', 'value': 'Speaker'}]",,,https://www.amazon.in/product-reviews/B09V2W1PRB?pageNumber=9&filterByStar=all_stars&sortBy=helpful&formatType=all_formats&asin=B09V2W1PRB&reftag=cm_cr_arp_d_paging_btm_next_9&scope=reviewsAjax0,allStars,,B09V2W1PRB,B09V2W1PRB,B09V2W1PRB,"{'price': None, 'listPrice': None}",https://www.amazon.in//Portronics-SoundDrum-Portable-Bluetooth-Handsfree/dp/B09V2W1PRB/ref=zg_bs_g_1389365031_d_sccl_12/258-6337177-1273930?psc=1,India,
Reviewed in India on 12 November 2024,amzn1.account.AEPCSZKOF5YT3JMCDAUXQA4Y2L2Q,https://www.amazon.in/gp/profile/amzn1.account.AEPCSZKOF5YT3JMCDAUXQA4Y2L2Q/ref=cm_cr_othr_d_gw_tr?ie=UTF8,5,Great,R2ZBCE9E9Z2YIQ,https://www.amazon.in/gp/customer-reviews/R2ZBCE9E9Z2YIQ/ref=cm_cr_othr_d_rvw_ttl?ie=UTF8&ASIN=B09V2W1PRB,,Sound quality is great and the built quality is also very good. Value for money indeed.,True,False,[],2024-11-12,66,"Colour: Blue, Size: 20W, Pattern Name: Speaker","[{'key': 'Colour', 'value': 'Blue'}, {'key': 'Size', 'value': '20W'}, {'key': 'Pattern Name', 'value': 'Speaker'}]",,,https://www.amazon.in/product-reviews/B09V2W1PRB?pageNumber=9&filterByStar=all_stars&sortBy=helpful&formatType=all_formats&asin=B09V2W1PRB&reftag=cm_cr_arp_d_paging_btm_next_9&scope=reviewsAjax0,allStars,,B09V2W1PRB,B09V2W1PRB,B09V2W1PRB,"{'price': None, 'listPrice': None}",https://www.amazon.in//Portronics-SoundDrum-Portable-Bluetooth-Handsfree/dp/B09V2W1PRB/ref=zg_bs_g_1389365031_d_sccl_12/258-6337177-1273930?psc=1,India,
Reviewed in India on 20 November 2024,amzn1.account.AHAZPKJ3EDQTKMFPC2EJLHUL4OXQ,https://www.amazon.in/gp/profile/amzn1.account.AHAZPKJ3EDQTKMFPC2EJLHUL4OXQ/ref=cm_cr_othr_d_gw_tr?ie=UTF8,5,Good Product,R8ZMQL0K2L3HP,https://www.amazon.in/gp/customer-reviews/R8ZMQL0K2L3HP/ref=cm_cr_othr_d_rvw_ttl?ie=UTF8&ASIN=B09V2W1PRB,,Thank you,True,False,[],2024-11-20,67,"Colour: Blue, Size: 20W, Pattern Name: Speaker","[{'key': 'Colour', 'value': 'Blue'}, {'key': 'Size', 'value': '20W'}, {'key': 'Pattern Name', 'value': 'Speaker'}]",,,https://www.amazon.in/product-reviews/B09V2W1PRB?pageNumber=9&filterByStar=all_stars&sortBy=helpful&formatType=all_formats&asin=B09V2W1PRB&reftag=cm_cr_arp_d_paging_btm_next_9&scope=reviewsAjax0,allStars,,B09V2W1PRB,B09V2W1PRB,B09V2W1PRB,"{'price': None, 'listPrice': None}",https://www.amazon.in//Portronics-SoundDrum-Portable-Bluetooth-Handsfree/dp/B09V2W1PRB/ref=zg_bs_g_1389365031_d_sccl_12/258-6337177-1273930?psc=1,India,
Reviewed in India on 17 November 2024,amzn1.account.AE3WQFQ73YZ6WOV6KYVEDYTBDH4A,https://www.amazon.in/gp/profile/amzn1.account.AE3WQFQ73YZ6WOV6KYVEDYTBDH4A/ref=cm_cr_othr_d_gw_tr?ie=UTF8,5,Nice sound nice bass,RRHFZNZAOZJBN,https://www.amazon.in/gp/customer-reviews/RRHFZNZAOZJBN/ref=cm_cr_othr_d_rvw_ttl?ie=UTF8&ASIN=B09V2W1PRB,,Nice sound nice bass. Bast blutooth speekar in this price,True,False,[],2024-11-17,68,"Colour: Blue, Size: 20W, Pattern Name: Speaker","[{'key': 'Colour', 'value': 'Blue'}, {'key': 'Size', 'value': '20W'}, {'key': 'Pattern Name', 'value': 'Speaker'}]",,,https://www.amazon.in/product-reviews/B09V2W1PRB?pageNumber=9&filterByStar=all_stars&sortBy=helpful&formatType=all_formats&asin=B09V2W1PRB&reftag=cm_cr_arp_d_paging_btm_next_9&scope=reviewsAjax0,allStars,,B09V2W1PRB,B09V2W1PRB,B09V2W1PRB,"{'price': None, 'listPrice': None}",https://www.amazon.in//Portronics-SoundDrum-Portable-Bluetooth-Handsfree/dp/B09V2W1PRB/ref=zg_bs_g_1389365031_d_sccl_12/258-6337177-1273930?psc=1,India,
Reviewed in India on 3 November 2024,amzn1.account.AGREWFYREULMCG6RVSFFF77UYTHQ,https://www.amazon.in/gp/profile/amzn1.account.AGREWFYREULMCG6RVSFFF77UYTHQ/ref=cm_cr_othr_d_gw_tr?ie=UTF8,5,The bass quality is good,RI1AE2KB6TNMX,https://www.amazon.in/gp/customer-reviews/RI1AE2KB6TNMX/ref=cm_cr_othr_d_rvw_ttl?ie=UTF8&ASIN=B09V2W1PRB,One person found this helpful,The product quality is too much good. The bass and connectivity is great. You can connect it with television also if there is option to connect. One should go for it.,True,False,"['https://m.media-amazon.com/images/I/61KoN0euESL._SY88.jpg', 'https://m.media-amazon.com/images/I/71WAg3AXhJL._SY88.jpg']",2024-11-03,69,"Colour: Blue, Size: 20W, Pattern Name: Speaker","[{'key': 'Colour', 'value': 'Blue'}, {'key': 'Size', 'value': '20W'}, {'key': 'Pattern Name', 'value': 'Speaker'}]",,,https://www.amazon.in/product-reviews/B09V2W1PRB?pageNumber=9&filterByStar=all_stars&sortBy=helpful&formatType=all_formats&asin=B09V2W1PRB&reftag=cm_cr_arp_d_paging_btm_next_9&scope=reviewsAjax0,allStars,,B09V2W1PRB,B09V2W1PRB,B09V2W1PRB,"{'price': None, 'listPrice': None}",https://www.amazon.in//Portronics-SoundDrum-Portable-Bluetooth-Handsfree/dp/B09V2W1PRB/ref=zg_bs_g_1389365031_d_sccl_12/258-6337177-1273930?psc=1,India,
Reviewed in India on 29 July 2024,amzn1.account.AFDMVUYFBYPJTTDXBEUUYRM4NF6Q,https://www.amazon.in/gp/profile/amzn1.account.AFDMVUYFBYPJTTDXBEUUYRM4NF6Q/ref=cm_cr_othr_d_gw_tr?ie=UTF8,4,Amazing product but accessories damaged,R3BYNU1VWM6VYZ,https://www.amazon.in/gp/customer-reviews/R3BYNU1VWM6VYZ/ref=cm_cr_othr_d_rvw_ttl?ie=UTF8&ASIN=B09V2W1PRB,,The accesories i.e the type c USB cable is damaged otherwise the product is best at this price you should defined go for it and ignore the negative comments),True,False,[],2024-07-29,70,"Colour: Blue, Size: 20W, Pattern Name: Speaker","[{'key': 'Colour', 'value': 'Blue'}, {'key': 'Size', 'value': '20W'}, {'key': 'Pattern Name', 'value': 'Speaker'}]",,,https://www.amazon.in/product-reviews/B09V2W1PRB?pageNumber=9&filterByStar=all_stars&sortBy=helpful&formatType=all_formats&asin=B09V2W1PRB&reftag=cm_cr_arp_d_paging_btm_next_9&scope=reviewsAjax0,allStars,,B09V2W1PRB,B09V2W1PRB,B09V2W1PRB,"{'price': None, 'listPrice': None}",https://www.amazon.in//Portronics-SoundDrum-Portable-Bluetooth-Handsfree/dp/B09V2W1PRB/ref=zg_bs_g_1389365031_d_sccl_12/258-6337177-1273930?psc=1,India,
Reviewed in India on 16 November 2024,amzn1.account.AH5P6FOGE7PXJRRBBRDLYLCNNDNQ,https://www.amazon.in/gp/profile/amzn1.account.AH5P6FOGE7PXJRRBBRDLYLCNNDNQ/ref=cm_cr_othr_d_gw_tr?ie=UTF8,5,Good,R3TRETRHTAAM1F,https://www.amazon.in/gp/customer-reviews/R3TRETRHTAAM1F/ref=cm_cr_othr_d_rvw_ttl?ie=UTF8&ASIN=B09V2W1PRB,,Good,True,False,[],2024-11-16,71,"Colour: Blue, Size: 20W, Pattern Name: Speaker","[{'key': 'Colour', 'value': 'Blue'}, {'key': 'Size', 'value': '20W'}, {'key': 'Pattern Name', 'value': 'Speaker'}]",,,https://www.amazon.in/product-reviews/B09V2W1PRB?pageNumber=9&filterByStar=all_stars&sortBy=helpful&formatType=all_formats&asin=B09V2W1PRB&reftag=cm_cr_arp_d_paging_btm_next_9&scope=reviewsAjax0,allStars,,B09V2W1PRB,B09V2W1PRB,B09V2W1PRB,"{'price': None, 'listPrice': None}",https://www.amazon.in//Portronics-SoundDrum-Portable-Bluetooth-Handsfree/dp/B09V2W1PRB/ref=zg_bs_g_1389365031_d_sccl_12/258-6337177-1273930?psc=1,India,
Reviewed in India on 7 November 2024,amzn1.account.AFQ57PZCEQRUJXGQWUMNRUTHF2EA,https://www.amazon.in/gp/profile/amzn1.account.AFQ57PZCEQRUJXGQWUMNRUTHF2EA/ref=cm_cr_othr_d_gw_tr?ie=UTF8,5,Perfect,RP1KKTBFAN4EM,https://www.amazon.in/gp/customer-reviews/RP1KKTBFAN4EM/ref=cm_cr_othr_d_rvw_ttl?ie=UTF8&ASIN=B09V2W1PRB,,"Good sound, can be used in a room.Design and battery life is commendable",True,False,[],2024-11-07,72,"Colour: Blue, Size: 20W, Pattern Name: Speaker","[{'key': 'Colour', 'value': 'Blue'}, {'key': 'Size', 'value': '20W'}, {'key': 'Pattern Name', 'value': 'Speaker'}]",,,https://www.amazon.in/product-reviews/B09V2W1PRB?pageNumber=9&filterByStar=all_stars&sortBy=helpful&formatType=all_formats&asin=B09V2W1PRB&reftag=cm_cr_arp_d_paging_btm_next_9&scope=reviewsAjax0,allStars,,B09V2W1PRB,B09V2W1PRB,B09V2W1PRB,"{'price': None, 'listPrice': None}",https://www.amazon.in//Portronics-SoundDrum-Portable-Bluetooth-Handsfree/dp/B09V2W1PRB/ref=zg_bs_g_1389365031_d_sccl_12/258-6337177-1273930?psc=1,India,
Reviewed in India on 24 November 2024,amzn1.account.AFVUCHN54EAVBJA6TBPZNDXH7A5A,https://www.amazon.in/gp/profile/amzn1.account.AFVUCHN54EAVBJA6TBPZNDXH7A5A/ref=cm_cr_othr_d_gw_tr?ie=UTF8,5,Worth every penny,R3FNCIWLB7MIWQ,https://www.amazon.in/gp/customer-reviews/R3FNCIWLB7MIWQ/ref=cm_cr_othr_d_rvw_ttl?ie=UTF8&ASIN=B09V2W1PRB,,"You can't imagine the sound quality, loudness and bass until you experienced it. The sound quality is absolutely clear, the loudness and bass is more than enough. Don't think, just buy it.",True,False,[],2024-11-24,57,"Colour: Blue, Size: 20W, Pattern Name: Speaker","[{'key': 'Colour', 'value': 'Blue'}, {'key': 'Size', 'value': '20W'}, {'key': 'Pattern Name', 'value': 'Speaker'}]",,,https://www.amazon.in/product-reviews/B09V2W1PRB?pageNumber=8&filterByStar=all_stars&sortBy=helpful&formatType=all_formats&asin=B09V2W1PRB&reftag=cm_cr_arp_d_paging_btm_next_8&scope=reviewsAjax0,allStars,,B09V2W1PRB,B09V2W1PRB,B09V2W1PRB,"{'price': None, 'listPrice': None}",https://www.amazon.in//Portronics-SoundDrum-Portable-Bluetooth-Handsfree/dp/B09V2W1PRB/ref=zg_bs_g_1389365031_d_sccl_12/258-6337177-1273930?psc=1,India,
Reviewed in India on 25 November 2024,amzn1.account.AFVHYGZSZAAF4SPVPML4XCTK2HDQ,https://www.amazon.in/gp/profile/amzn1.account.AFVHYGZSZAAF4SPVPML4XCTK2HDQ/ref=cm_cr_othr_d_gw_tr?ie=UTF8,5,Great product,R10CN9975S2ZV0,https://www.amazon.in/gp/customer-reviews/R10CN9975S2ZV0/ref=cm_cr_othr_d_rvw_ttl?ie=UTF8&ASIN=B09V2W1PRB,,Everything is good sounds awesome,True,False,[],2024-11-25,58,"Colour: Blue, Size: 20W, Pattern Name: Speaker","[{'key': 'Colour', 'value': 'Blue'}, {'key': 'Size', 'value': '20W'}, {'key': 'Pattern Name', 'value': 'Speaker'}]",,,https://www.amazon.in/product-reviews/B09V2W1PRB?pageNumber=8&filterByStar=all_stars&sortBy=helpful&formatType=all_formats&asin=B09V2W1PRB&reftag=cm_cr_arp_d_paging_btm_next_8&scope=reviewsAjax0,allStars,,B09V2W1PRB,B09V2W1PRB,B09V2W1PRB,"{'price': None, 'listPrice': None}",https://www.amazon.in//Portronics-SoundDrum-Portable-Bluetooth-Handsfree/dp/B09V2W1PRB/ref=zg_bs_g_1389365031_d_sccl_12/258-6337177-1273930?psc=1,India,
Reviewed in India on 4 October 2024,amzn1.account.AFIZKPWKVU3YBEKYXU73SZH4JBSQ,https://www.amazon.in/gp/profile/amzn1.account.AFIZKPWKVU3YBEKYXU73SZH4JBSQ/ref=cm_cr_othr_d_gw_tr?ie=UTF8,5,4 out of 5,R1CD120CO3BOB8,https://www.amazon.in/gp/customer-reviews/R1CD120CO3BOB8/ref=cm_cr_othr_d_rvw_ttl?ie=UTF8&ASIN=B09V2W1PRB,7 people found this helpful,"The media could not be loaded.
                
            
                
            
            
        
    
    








  
  
     I would give 3 stars out of 5 for the packing...But there is no problem with the sound in this price range.. I would give it 4.9 out of 5... the bass is number one and it is felt perfectly... just go and buy it, there will be no problem with the sound 😊😊।  ⭐⭐⭐⭐⭐  In this price range, no one can provide better sound than this. As far as I have purchased sound boxes, this one seems to be the best in this price segment.. whether it is loudness or bass.  ⓘ",True,False,['https://m.media-amazon.com/images/I/71Vv-lMrHXL._SY88.jpg'],2024-10-04,59,"Colour: Blue, Size: 20W, Pattern Name: Speaker","[{'key': 'Colour', 'value': 'Blue'}, {'key': 'Size', 'value': '20W'}, {'key': 'Pattern Name', 'value': 'Speaker'}]",,,https://www.amazon.in/product-reviews/B09V2W1PRB?pageNumber=8&filterByStar=all_stars&sortBy=helpful&formatType=all_formats&asin=B09V2W1PRB&reftag=cm_cr_arp_d_paging_btm_next_8&scope=reviewsAjax0,allStars,,B09V2W1PRB,B09V2W1PRB,B09V2W1PRB,"{'price': None, 'listPrice': None}",https://www.amazon.in//Portronics-SoundDrum-Portable-Bluetooth-Handsfree/dp/B09V2W1PRB/ref=zg_bs_g_1389365031_d_sccl_12/258-6337177-1273930?psc=1,India,
Reviewed in India on 27 July 2024,amzn1.account.AFXPT4DI77Y64BIKELJ3KQV2HJPA,https://www.amazon.in/gp/profile/amzn1.account.AFXPT4DI77Y64BIKELJ3KQV2HJPA/ref=cm_cr_othr_d_gw_tr?ie=UTF8,5,The best not one of the best 👍,RITCFEDJIG82F,https://www.amazon.in/gp/customer-reviews/RITCFEDJIG82F/ref=cm_cr_othr_d_rvw_ttl?ie=UTF8&ASIN=B09V2W1PRB,,"Mark my words that you wont find a better speaker under 2k better than this soundrum p. The manufacturer has tuned it in a bassy and loud speaker . My only concern is that it sometimes produces base in particular areas where the base should be silent like in some bollywood songs or non bassy songs like jazz/some pop but u will be able to tackle this by an Equalizer. One out of 10-15 songs happend to be as such so totally not a big issue. Battery my god !!  it rocks, below 50% it will give 8-9 hrs and 50% is loud enough to bang ur party in a 13/13 room. Last thing it doesn't sound like a Bluetooth speaker when volume is above 60% it behaves like complete speaker with woofer. Jbl or sony may have better trebles by 10% but base nah soundrum is OP and valur for money 💰 . Thanks amazon , a very good purchase 🤘",True,False,"['https://m.media-amazon.com/images/I/61earXQSMsL._SY88.jpg', 'https://m.media-amazon.com/images/I/61jLRDua1qL._SY88.jpg', 'https://m.media-amazon.com/images/I/71OMpFmv7eL._SY88.jpg']",2024-07-27,60,"Colour: Blue, Size: 20W, Pattern Name: Speaker","[{'key': 'Colour', 'value': 'Blue'}, {'key': 'Size', 'value': '20W'}, {'key': 'Pattern Name', 'value': 'Speaker'}]",,,https://www.amazon.in/product-reviews/B09V2W1PRB?pageNumber=8&filterByStar=all_stars&sortBy=helpful&formatType=all_formats&asin=B09V2W1PRB&reftag=cm_cr_arp_d_paging_btm_next_8&scope=reviewsAjax0,allStars,,B09V2W1PRB,B09V2W1PRB,B09V2W1PRB,"{'price': None, 'listPrice': None}",https://www.amazon.in//Portronics-SoundDrum-Portable-Bluetooth-Handsfree/dp/B09V2W1PRB/ref=zg_bs_g_1389365031_d_sccl_12/258-6337177-1273930?psc=1,India,
Reviewed in India on 16 November 2024,amzn1.account.AGB2SBSXTEWCBI3QZBKXP2LEXDTQ,https://www.amazon.in/gp/profile/amzn1.account.AGB2SBSXTEWCBI3QZBKXP2LEXDTQ/ref=cm_cr_othr_d_gw_tr?ie=UTF8,5,Sound is superb,R2K4ASHSTZO64P,https://www.amazon.in/gp/customer-reviews/R2K4ASHSTZO64P/ref=cm_cr_othr_d_rvw_ttl?ie=UTF8&ASIN=B09V2W1PRB,,I am using it for music from mobile . It's sound is loud with bass. I recommend to buy.,True,False,[],2024-11-16,61,"Colour: Blue, Size: 20W, Pattern Name: Speaker","[{'key': 'Colour', 'value': 'Blue'}, {'key': 'Size', 'value': '20W'}, {'key': 'Pattern Name', 'value': 'Speaker'}]",,,https://www.amazon.in/product-reviews/B09V2W1PRB?pageNumber=8&filterByStar=all_stars&sortBy=helpful&formatType=all_formats&asin=B09V2W1PRB&reftag=cm_cr_arp_d_paging_btm_next_8&scope=reviewsAjax0,allStars,,B09V2W1PRB,B09V2W1PRB,B09V2W1PRB,"{'price': None, 'listPrice': None}",https://www.amazon.in//Portronics-SoundDrum-Portable-Bluetooth-Handsfree/dp/B09V2W1PRB/ref=zg_bs_g_1389365031_d_sccl_12/258-6337177-1273930?psc=1,India,
Reviewed in India on 14 October 2024,amzn1.account.AFU32HDZ45ZFFTXFD5RCLAMX7HMA,https://www.amazon.in/gp/profile/amzn1.account.AFU32HDZ45ZFFTXFD5RCLAMX7HMA/ref=cm_cr_othr_d_gw_tr?ie=UTF8,3,Difficult to increase or decrease the volume,R2K92ZF7WQJAOA,https://www.amazon.in/gp/customer-reviews/R2K92ZF7WQJAOA/ref=cm_cr_othr_d_rvw_ttl?ie=UTF8&ASIN=B09V2W1PRB,2 people found this helpful,"The voice is too loud, but it's difficult to increase or decrease the volume. You have to hold the button and there is no acknowledgement that the volume increased or decreased. Instead, if we had an option just like phone to press it, it would have been easier to handle the volume.",True,False,[],2024-10-14,62,"Colour: Blue, Size: 20W, Pattern Name: Speaker","[{'key': 'Colour', 'value': 'Blue'}, {'key': 'Size', 'value': '20W'}, {'key': 'Pattern Name', 'value': 'Speaker'}]",,,https://www.amazon.in/product-reviews/B09V2W1PRB?pageNumber=8&filterByStar=all_stars&sortBy=helpful&formatType=all_formats&asin=B09V2W1PRB&reftag=cm_cr_arp_d_paging_btm_next_8&scope=reviewsAjax0,allStars,,B09V2W1PRB,B09V2W1PRB,B09V2W1PRB,"{'price': None, 'listPrice': None}",https://www.amazon.in//Portronics-SoundDrum-Portable-Bluetooth-Handsfree/dp/B09V2W1PRB/ref=zg_bs_g_1389365031_d_sccl_12/258-6337177-1273930?psc=1,India,
Reviewed in India on 16 August 2024,amzn1.account.AEGMPCDO7VZI4WB6UBWKUJCPRL7A,https://www.amazon.in/gp/profile/amzn1.account.AEGMPCDO7VZI4WB6UBWKUJCPRL7A/ref=cm_cr_othr_d_gw_tr?ie=UTF8,5,"Great Sound Quality, Above moderate bass & Good battery Life for the Price",R1FNS7HBDAC596,https://www.amazon.in/gp/customer-reviews/R1FNS7HBDAC596/ref=cm_cr_othr_d_rvw_ttl?ie=UTF8&ASIN=B09V2W1PRB,9 people found this helpful,"The media could not be loaded.
                
            
                
            
        
    
    








  
  
     I purchased it on 14th August 2024. Considering this price range (2000-2500). According to me -1. Loud & Clear Audio Output at 90% Volume. As it has total 20W (2×10W) output.2. Bass is above moderate. Although you can't expect home theater like bass here but you can still feel moderate bass.3. Battery life is way good. Almost 10hr+ backup in 40% volume. Because for its loud sound. You can't play songs with full volume every time, as it's too loud so you've to play 40-50% volume for one person room.4. Build quality is justified, in hand feel is just awesome.5. To be honest, mic quality was just decent.",True,False,"['https://m.media-amazon.com/images/I/6167r5dQcGL._SY88.jpg', 'https://m.media-amazon.com/images/I/61iamwXph1L._SY88.jpg', 'https://m.media-amazon.com/images/I/71EgehzomeL._SY88.jpg', 'https://m.media-amazon.com/images/I/71NSwPekF8L._SY88.jpg']",2024-08-16,63,"Colour: Blue, Size: 20W, Pattern Name: Speaker","[{'key': 'Colour', 'value': 'Blue'}, {'key': 'Size', 'value': '20W'}, {'key': 'Pattern Name', 'value': 'Speaker'}]",,,https://www.amazon.in/product-reviews/B09V2W1PRB?pageNumber=8&filterByStar=all_stars&sortBy=helpful&formatType=all_formats&asin=B09V2W1PRB&reftag=cm_cr_arp_d_paging_btm_next_8&scope=reviewsAjax0,allStars,,B09V2W1PRB,B09V2W1PRB,B09V2W1PRB,"{'price': None, 'listPrice': None}",https://www.amazon.in//Portronics-SoundDrum-Portable-Bluetooth-Handsfree/dp/B09V2W1PRB/ref=zg_bs_g_1389365031_d_sccl_12/258-6337177-1273930?psc=1,India,
Reviewed in India on 23 November 2024,amzn1.account.AGFIM6DQRVM76B22SHPGSP6W3QFQ,https://www.amazon.in/gp/profile/amzn1.account.AGFIM6DQRVM76B22SHPGSP6W3QFQ/ref=cm_cr_othr_d_gw_tr?ie=UTF8,5,Good bass & battery🔋 backup.,R2DPLU5ZP2WMVP,https://www.amazon.in/gp/customer-reviews/R2DPLU5ZP2WMVP/ref=cm_cr_othr_d_rvw_ttl?ie=UTF8&ASIN=B09V2W1PRB,One person found this helpful,"The media could not be loaded.
                
            
                
            
        
    
    








  
  
     Protronics soundDrum p really loud & clear bass, and battery backup 4 hours full sound.👍",True,False,['https://m.media-amazon.com/images/I/61F1w0KVm1L._SY88.jpg'],2024-11-23,64,"Colour: Blue, Size: 20W, Pattern Name: Speaker","[{'key': 'Colour', 'value': 'Blue'}, {'key': 'Size', 'value': '20W'}, {'key': 'Pattern Name', 'value': 'Speaker'}]",,,https://www.amazon.in/product-reviews/B09V2W1PRB?pageNumber=8&filterByStar=all_stars&sortBy=helpful&formatType=all_formats&asin=B09V2W1PRB&reftag=cm_cr_arp_d_paging_btm_next_8&scope=reviewsAjax0,allStars,,B09V2W1PRB,B09V2W1PRB,B09V2W1PRB,"{'price': None, 'listPrice': None}",https://www.amazon.in//Portronics-SoundDrum-Portable-Bluetooth-Handsfree/dp/B09V2W1PRB/ref=zg_bs_g_1389365031_d_sccl_12/258-6337177-1273930?psc=1,India,
