reviewedIn,userId,userProfileLink,ratingScore,reviewTitle,reviewId,reviewUrl,reviewReaction,reviewDescription,isVerified,isAmazonVine,reviewImages,date,position,variant,variantAttributes,totalCategoryRatings,totalCategoryReviews,reviewCategoryUrl,filterByRating,filterByKeyword,productAsin,productOriginalAsin,variantAsin,product,input,country,countryCode
Reviewed in India on 31 January 2025,amzn1.account.AELRRJSTF54TCKNNY4U7H5UPNVJA,https://www.amazon.in/gp/profile/amzn1.account.AELRRJSTF54TCKNNY4U7H5UPNVJA/ref=cm_cr_othr_d_gw_tr?ie=UTF8,5,Best ever as said.,R1A48QOKR1HPWC,https://www.amazon.in/gp/customer-reviews/R1A48QOKR1HPWC/ref=cm_cr_othr_d_rvw_ttl?ie=UTF8&ASIN=B09B8XJDW5,,"Awesome device, i am a person with less mobility issue most of the time. Connecting it to house hold devices specially bulbs switches etc made my life easy. Looking fwd to explore more and make my home more freindly for old age and less mobility people.",True,False,[],2025-01-31,1,"Colour: White, Configuration: Echo Dot Only","[{'key': 'Colour', 'value': 'White'}, {'key': 'Configuration', 'value': 'Echo Dot Only'}]",,,https://www.amazon.in/product-reviews/B09B8XJDW5?pageNumber=1&filterByStar=all_stars&sortBy=helpful&formatType=all_formats&asin=B09B8XJDW5&reftag=cm_cr_arp_d_paging_btm_next_1&scope=reviewsAjax0,allStars,,B09B8XJDW5,B09B8XJDW5,B09B8XJDW5,"{'price': None, 'listPrice': None}",https://www.amazon.in//Echo-Dot-5th-Gen-Alexa-smart-speaker/dp/B09B8XJDW5/ref=zg_bs_g_1389365031_d_sccl_14/258-6337177-1273930?psc=1,India,
Reviewed in India on 29 September 2024,amzn1.account.AFJ24NTCUZLSPQF2DP4GYPV2642A,https://www.amazon.in/gp/profile/amzn1.account.AFJ24NTCUZLSPQF2DP4GYPV2642A/ref=cm_cr_othr_d_gw_tr?ie=UTF8,4,Good thing to have,R1Q9ER84G3U24P,https://www.amazon.in/gp/customer-reviews/R1Q9ER84G3U24P/ref=cm_cr_othr_d_rvw_ttl?ie=UTF8&ASIN=B09B8XJDW5,16 people found this helpful,"Good product, quality of sound is good, design waise it's great, price is bit high since it's not battery powered only on power chord.",True,False,[],2024-09-29,2,"Colour: Blue, Configuration: Echo Dot Only","[{'key': 'Colour', 'value': 'Blue'}, {'key': 'Configuration', 'value': 'Echo Dot Only'}]",,,https://www.amazon.in/product-reviews/B09B8XJDW5?pageNumber=1&filterByStar=all_stars&sortBy=helpful&formatType=all_formats&asin=B09B8XJDW5&reftag=cm_cr_arp_d_paging_btm_next_1&scope=reviewsAjax0,allStars,,B09B8XJDW5,B09B8XJDW5,B09B8XJDW5,"{'price': None, 'listPrice': None}",https://www.amazon.in//Echo-Dot-5th-Gen-Alexa-smart-speaker/dp/B09B8XJDW5/ref=zg_bs_g_1389365031_d_sccl_14/258-6337177-1273930?psc=1,India,
Reviewed in India on 30 December 2024,amzn1.account.AFYV7LPOMUT4T3NDRSVTPL5XSU5Q,https://www.amazon.in/gp/profile/amzn1.account.AFYV7LPOMUT4T3NDRSVTPL5XSU5Q/ref=cm_cr_othr_d_gw_tr?ie=UTF8,5,"""Smart, Compact, and Super Useful!""",R2JI74D1OJAISQ,https://www.amazon.in/gp/customer-reviews/R2JI74D1OJAISQ/ref=cm_cr_othr_d_rvw_ttl?ie=UTF8&ASIN=B09B8XJDW5,6 people found this helpful,"The Amazon Echo Dot 5th Gen is a brilliant addition to any smart home. Its improved sound quality delivers crisp audio, and Alexa responds faster than ever. The sleek design fits seamlessly into any room, and the range of smart features makes life easier. A must-have for tech enthusiasts!",True,False,[],2024-12-30,3,"Colour: Black, Configuration: Echo Dot Only","[{'key': 'Colour', 'value': 'Black'}, {'key': 'Configuration', 'value': 'Echo Dot Only'}]",,,https://www.amazon.in/product-reviews/B09B8XJDW5?pageNumber=1&filterByStar=all_stars&sortBy=helpful&formatType=all_formats&asin=B09B8XJDW5&reftag=cm_cr_arp_d_paging_btm_next_1&scope=reviewsAjax0,allStars,,B09B8XJDW5,B09B8XJDW5,B09B8XJDW5,"{'price': None, 'listPrice': None}",https://www.amazon.in//Echo-Dot-5th-Gen-Alexa-smart-speaker/dp/B09B8XJDW5/ref=zg_bs_g_1389365031_d_sccl_14/258-6337177-1273930?psc=1,India,
Reviewed in India on 24 May 2023,amzn1.account.AFDAGFVZQ2NSA3MW3B2A27ROJW2A,https://www.amazon.in/gp/profile/amzn1.account.AFDAGFVZQ2NSA3MW3B2A27ROJW2A/ref=cm_cr_othr_d_gw_tr?ie=UTF8,1,Frustratingly Unresponsive: Amazon Alexa's Listening Skills Need Serious Improvement,R2YOV61ZTM67KT,https://www.amazon.in/gp/customer-reviews/R2YOV61ZTM67KT/ref=cm_cr_othr_d_rvw_ttl?ie=UTF8&ASIN=B09B8XJDW5,190 people found this helpful,"The media could not be loaded.
                
            
                
            
            
        
    
    








  
  
     Where do I even begin with my disastrous experience with Amazon Alexa? I can confidently say that my interaction with this so-called ""smart"" device has been nothing short of a nightmare. Alexa's severe lack of responsiveness and its infuriating tendency to play ""Happy Birthday to You"" on loop have left me exasperated and utterly disappointed.First and foremost, Alexa's main selling point is its voice recognition capability, but it seems to have taken a nosedive into incompetence. Despite speaking loud and clear, Alexa appears to have developed selective hearing. It is frustratingly unresponsive, failing to register even the most basic commands. It's as if I'm speaking to a brick wall rather than an intelligent virtual assistant.But that's not the worst part. Oh no, the worst part is the endless repetition of ""Happy Birthday to You."" It's as if Alexa has developed an unhealthy obsession with this one particular song. No matter what query I make or command I give, it responds by launching into an endless rendition of ""Happy Birthday to You."" It's mind-numbingly repetitive and offers absolutely no value or utility.I've tried every possible troubleshooting option imaginable, from resetting the device to adjusting its sensitivity, but nothing seems to rectify Alexa's misbehavior. It's as if this device has a mind of its own, and that mind is entirely focused on torturing its users with an unending birthday anthem.Furthermore, Alexa's lack of intelligence is evident in its inability to learn and adapt. It doesn't grasp context or understand conversational nuances, rendering any attempt at natural interaction futile. It's like communicating with a robotic parrot that mindlessly repeats pre-programmed phrases.Considering the exorbitant price I paid for this ""smart"" device, I expected a lot more than an endless loop of ""Happy Birthday to You."" Amazon Alexa's failure to fulfill its basic function as a voice assistant and its inability to comprehend simple commands or engage in meaningful conversation is a colossal disappointment.In conclusion, my experience with Amazon Alexa has been an exercise in frustration and regret. Its failure to listen, its incessant repetition of ""Happy Birthday to You,"" and its overall lack of intelligence make it an infuriating piece of technology that is simply not worth the investment. Save yourself the headache and look elsewhere for a truly smart and capable virtual assistant.",True,False,[],2023-05-24,4,"Colour: Blue, Configuration: Echo Dot Only","[{'key': 'Colour', 'value': 'Blue'}, {'key': 'Configuration', 'value': 'Echo Dot Only'}]",,,https://www.amazon.in/product-reviews/B09B8XJDW5?pageNumber=1&filterByStar=all_stars&sortBy=helpful&formatType=all_formats&asin=B09B8XJDW5&reftag=cm_cr_arp_d_paging_btm_next_1&scope=reviewsAjax0,allStars,,B09B8XJDW5,B09B8XJDW5,B09B8XJDW5,"{'price': None, 'listPrice': None}",https://www.amazon.in//Echo-Dot-5th-Gen-Alexa-smart-speaker/dp/B09B8XJDW5/ref=zg_bs_g_1389365031_d_sccl_14/258-6337177-1273930?psc=1,India,
Reviewed in India on 16 October 2023,amzn1.account.AEF3WAHBWMSZNP63PCP5LCE3SIHQ,https://www.amazon.in/gp/profile/amzn1.account.AEF3WAHBWMSZNP63PCP5LCE3SIHQ/ref=cm_cr_othr_d_gw_tr?ie=UTF8,5,Echo Dot 5 is good smart speaker of small size with some Pros and Cons,R1R54A2YVHRKNI,https://www.amazon.in/gp/customer-reviews/R1R54A2YVHRKNI/ref=cm_cr_othr_d_rvw_ttl?ie=UTF8&ASIN=B09B8XJDW5,183 people found this helpful,"Liked that,Echo Dot 5 can be used as external bluetooth speaker even for 2nd generation Fire TV stick attached to older non smart HDMI TV.It also controlled the 2nd generation Fire TV stick to open applications & all on TV,do some searches on TV as well.It has temperature sensor & some ultrasound sensor which couldn't be tested without more smart devices.The bass sound is good from small speaker. Mics are nice & sensitive enough.It came preconfigured & connected directly from Amazon cloud synced data from 2nd generation Fire TV stick.Didnot like no rechargable battery included.Always a corded wire shows up.Looks bad for a smart device.Didnot like clock & temperature not displayed yet.Did not like Echo Dot 5 showing device not compatible for auto updated 2nd generation Fire tv stick to become home theater system.Even after 2nd generation Fire TV stick was updated from Settings-->Fire TV-->Install updates several times & restarted till it showed latest up to date Fire TV OS.I didnot like vendor lockin for common man. Till date,There is no Interoperability with compatibility between Fire OS,Fire TV Stick 2nd generation,Echo Dot 5,Google Assistant,Google Nest Mini 2,Google Chrome cast & such smart IOT devices which is much required to make more value for money & make life simpler for all.I did not like there is no standardization of manufacturing standard Gaming remote control pairing standards that can work with Fire TV stick.I did not like that Amazon Luna on Fire TV stick is not allowed in India.I didnot like that,no common interoperability open standards for Virtual reality shopping, gaming & other applications with Echo Dot 5 & other company smart IOT devices are being governed by IEEE or such institutions for net neutrality & better future with more value for money without vendor lockin.",True,False,[],2023-10-16,5,"Colour: Blue, Configuration: Echo Dot Only","[{'key': 'Colour', 'value': 'Blue'}, {'key': 'Configuration', 'value': 'Echo Dot Only'}]",,,https://www.amazon.in/product-reviews/B09B8XJDW5?pageNumber=1&filterByStar=all_stars&sortBy=helpful&formatType=all_formats&asin=B09B8XJDW5&reftag=cm_cr_arp_d_paging_btm_next_1&scope=reviewsAjax0,allStars,,B09B8XJDW5,B09B8XJDW5,B09B8XJDW5,"{'price': None, 'listPrice': None}",https://www.amazon.in//Echo-Dot-5th-Gen-Alexa-smart-speaker/dp/B09B8XJDW5/ref=zg_bs_g_1389365031_d_sccl_14/258-6337177-1273930?psc=1,India,
Reviewed in India on 10 January 2025,amzn1.account.AGZYXYMJAENJTUBKD3F43KTK562Q,https://www.amazon.in/gp/profile/amzn1.account.AGZYXYMJAENJTUBKD3F43KTK562Q/ref=cm_cr_othr_d_gw_tr?ie=UTF8,5,Best buy,RJ95RZMKUD63K,https://www.amazon.in/gp/customer-reviews/RJ95RZMKUD63K/ref=cm_cr_othr_d_rvw_ttl?ie=UTF8&ASIN=B09B8XJDW5,,"Best, very useful for my kids.",True,False,[],2025-01-10,6,"Colour: Blue, Configuration: Echo Dot Only","[{'key': 'Colour', 'value': 'Blue'}, {'key': 'Configuration', 'value': 'Echo Dot Only'}]",,,https://www.amazon.in/product-reviews/B09B8XJDW5?pageNumber=1&filterByStar=all_stars&sortBy=helpful&formatType=all_formats&asin=B09B8XJDW5&reftag=cm_cr_arp_d_paging_btm_next_1&scope=reviewsAjax0,allStars,,B09B8XJDW5,B09B8XJDW5,B09B8XJDW5,"{'price': None, 'listPrice': None}",https://www.amazon.in//Echo-Dot-5th-Gen-Alexa-smart-speaker/dp/B09B8XJDW5/ref=zg_bs_g_1389365031_d_sccl_14/258-6337177-1273930?psc=1,India,
Reviewed in India on 15 August 2023,amzn1.account.AGGFJPH34NKKMFOAZPK5EO4C6V5Q,https://www.amazon.in/gp/profile/amzn1.account.AGGFJPH34NKKMFOAZPK5EO4C6V5Q/ref=cm_cr_othr_d_gw_tr?ie=UTF8,3,Very Very Average. Very disappointed. Underperformance.,RFMBXA9FL5WSG,https://www.amazon.in/gp/customer-reviews/RFMBXA9FL5WSG/ref=cm_cr_othr_d_rvw_ttl?ie=UTF8&ASIN=B09B8XJDW5,140 people found this helpful,"This latest version of Echo Dot may be a better version than previous ones, but I am thorough disappointed with  Alexa Echo Dot. Many times it does not understand the command, many times it simply says Sorry I don't understand, many times while music is on it is unable to catch the voice hence you have to shout to activate the volume sensors for a different command. Majority of the music is picked up only from Amazon, no generic search for the song, you give a song name and artist name, many times it says that it's unable to find the song.I just had a quick glimpse of ChatGPT. The level of AI used is immaculate...it actually mind boggling.I bought ALEXA recently with a perception that ALEXA may have similar level of inbuilt AI, but let's say, ALEXA is far far away from being closest to AI.In first few minutes, I got to know and I declared it as a complete DUMBO.I repent. May be I was overexpecting. ALEXA may have good features for home automation, etc, however if you really want to use it majorly for your music needs, I would suggest you better drop the idea of going for ALEXA.I wonder how a person like Rajiv Makhni gives a complete Thumbs Up for this product and unlike earlier times, provides biased reviews without naming the device drawbacksHope above details help some friends to make the right decision.",True,False,[],2023-08-15,7,"Colour: Black, Configuration: Echo Dot Only","[{'key': 'Colour', 'value': 'Black'}, {'key': 'Configuration', 'value': 'Echo Dot Only'}]",,,https://www.amazon.in/product-reviews/B09B8XJDW5?pageNumber=1&filterByStar=all_stars&sortBy=helpful&formatType=all_formats&asin=B09B8XJDW5&reftag=cm_cr_arp_d_paging_btm_next_1&scope=reviewsAjax0,allStars,,B09B8XJDW5,B09B8XJDW5,B09B8XJDW5,"{'price': None, 'listPrice': None}",https://www.amazon.in//Echo-Dot-5th-Gen-Alexa-smart-speaker/dp/B09B8XJDW5/ref=zg_bs_g_1389365031_d_sccl_14/258-6337177-1273930?psc=1,India,
Reviewed in India on 26 January 2025,amzn1.account.AFMA6XPGLBV77B2O4T7CZVSVXEBA,https://www.amazon.in/gp/profile/amzn1.account.AFMA6XPGLBV77B2O4T7CZVSVXEBA/ref=cm_cr_othr_d_gw_tr?ie=UTF8,4,Alexa,R1FHQ3LZN98K12,https://www.amazon.in/gp/customer-reviews/R1FHQ3LZN98K12/ref=cm_cr_othr_d_rvw_ttl?ie=UTF8&ASIN=B09B8XJDW5,,It is good product but it is not connecting with Sony Bluetooth speaker.,True,False,[],2025-01-26,8,"Colour: Black, Configuration: Echo Dot Only","[{'key': 'Colour', 'value': 'Black'}, {'key': 'Configuration', 'value': 'Echo Dot Only'}]",,,https://www.amazon.in/product-reviews/B09B8XJDW5?pageNumber=1&filterByStar=all_stars&sortBy=helpful&formatType=all_formats&asin=B09B8XJDW5&reftag=cm_cr_arp_d_paging_btm_next_1&scope=reviewsAjax0,allStars,,B09B8XJDW5,B09B8XJDW5,B09B8XJDW5,"{'price': None, 'listPrice': None}",https://www.amazon.in//Echo-Dot-5th-Gen-Alexa-smart-speaker/dp/B09B8XJDW5/ref=zg_bs_g_1389365031_d_sccl_14/258-6337177-1273930?psc=1,India,
Reviewed in India on 27 January 2025,amzn1.account.AH2E43K4OTXW5VZ3BQW3TPZU4MAA,https://www.amazon.in/gp/profile/amzn1.account.AH2E43K4OTXW5VZ3BQW3TPZU4MAA/ref=cm_cr_othr_d_gw_tr?ie=UTF8,5,Alexa gen 5,R3VUNAQEFVLEJK,https://www.amazon.in/gp/customer-reviews/R3VUNAQEFVLEJK/ref=cm_cr_othr_d_rvw_ttl?ie=UTF8&ASIN=B09B8XJDW5,,Alexa is the best. It is my first ever speaker which I ordered and it turned out to be so so good. Loved it.,True,False,[],2025-01-27,17,"Colour: Black, Configuration: Echo Dot Only","[{'key': 'Colour', 'value': 'Black'}, {'key': 'Configuration', 'value': 'Echo Dot Only'}]",,,https://www.amazon.in/product-reviews/B09B8XJDW5?pageNumber=3&filterByStar=all_stars&sortBy=helpful&formatType=all_formats&asin=B09B8XJDW5&reftag=cm_cr_arp_d_paging_btm_next_3&scope=reviewsAjax0,allStars,,B09B8XJDW5,B09B8XJDW5,B09B8XJDW5,"{'price': None, 'listPrice': None}",https://www.amazon.in//Echo-Dot-5th-Gen-Alexa-smart-speaker/dp/B09B8XJDW5/ref=zg_bs_g_1389365031_d_sccl_14/258-6337177-1273930?psc=1,India,
Reviewed in India on 27 January 2025,amzn1.account.AFE3A7TOWYBDTF5WPUVEVYZPWMPA,https://www.amazon.in/gp/profile/amzn1.account.AFE3A7TOWYBDTF5WPUVEVYZPWMPA/ref=cm_cr_othr_d_gw_tr?ie=UTF8,5,Good,R2X9OO21VGZQOG,https://www.amazon.in/gp/customer-reviews/R2X9OO21VGZQOG/ref=cm_cr_othr_d_rvw_ttl?ie=UTF8&ASIN=B09B8XJDW5,,Nice prodect,True,False,[],2025-01-27,18,"Colour: Blue, Configuration: Echo Dot Only","[{'key': 'Colour', 'value': 'Blue'}, {'key': 'Configuration', 'value': 'Echo Dot Only'}]",,,https://www.amazon.in/product-reviews/B09B8XJDW5?pageNumber=3&filterByStar=all_stars&sortBy=helpful&formatType=all_formats&asin=B09B8XJDW5&reftag=cm_cr_arp_d_paging_btm_next_3&scope=reviewsAjax0,allStars,,B09B8XJDW5,B09B8XJDW5,B09B8XJDW5,"{'price': None, 'listPrice': None}",https://www.amazon.in//Echo-Dot-5th-Gen-Alexa-smart-speaker/dp/B09B8XJDW5/ref=zg_bs_g_1389365031_d_sccl_14/258-6337177-1273930?psc=1,India,
Reviewed in India on 28 January 2025,amzn1.account.AHAN7EQBFJWM23E44OYYRYVWUMMA,https://www.amazon.in/gp/profile/amzn1.account.AHAN7EQBFJWM23E44OYYRYVWUMMA/ref=cm_cr_othr_d_gw_tr?ie=UTF8,5,Excellent,RS68JK1IUHJ3G,https://www.amazon.in/gp/customer-reviews/RS68JK1IUHJ3G/ref=cm_cr_othr_d_rvw_ttl?ie=UTF8&ASIN=B09B8XJDW5,,Very good..,True,False,[],2025-01-28,19,"Colour: Blue, Configuration: Echo Dot Only","[{'key': 'Colour', 'value': 'Blue'}, {'key': 'Configuration', 'value': 'Echo Dot Only'}]",,,https://www.amazon.in/product-reviews/B09B8XJDW5?pageNumber=3&filterByStar=all_stars&sortBy=helpful&formatType=all_formats&asin=B09B8XJDW5&reftag=cm_cr_arp_d_paging_btm_next_3&scope=reviewsAjax0,allStars,,B09B8XJDW5,B09B8XJDW5,B09B8XJDW5,"{'price': None, 'listPrice': None}",https://www.amazon.in//Echo-Dot-5th-Gen-Alexa-smart-speaker/dp/B09B8XJDW5/ref=zg_bs_g_1389365031_d_sccl_14/258-6337177-1273930?psc=1,India,
Reviewed in India on 21 January 2025,amzn1.account.AFFR637G2R67MUOW4UWWGQZHBDIQ,https://www.amazon.in/gp/profile/amzn1.account.AFFR637G2R67MUOW4UWWGQZHBDIQ/ref=cm_cr_othr_d_gw_tr?ie=UTF8,5,Amazing,R39BI1RTP4JZYQ,https://www.amazon.in/gp/customer-reviews/R39BI1RTP4JZYQ/ref=cm_cr_othr_d_rvw_ttl?ie=UTF8&ASIN=B09B8XJDW5,,Good buy.Value for money.,True,False,[],2025-01-21,20,"Colour: Blue, Configuration: Echo Dot Only","[{'key': 'Colour', 'value': 'Blue'}, {'key': 'Configuration', 'value': 'Echo Dot Only'}]",,,https://www.amazon.in/product-reviews/B09B8XJDW5?pageNumber=3&filterByStar=all_stars&sortBy=helpful&formatType=all_formats&asin=B09B8XJDW5&reftag=cm_cr_arp_d_paging_btm_next_3&scope=reviewsAjax0,allStars,,B09B8XJDW5,B09B8XJDW5,B09B8XJDW5,"{'price': None, 'listPrice': None}",https://www.amazon.in//Echo-Dot-5th-Gen-Alexa-smart-speaker/dp/B09B8XJDW5/ref=zg_bs_g_1389365031_d_sccl_14/258-6337177-1273930?psc=1,India,
Reviewed in India on 23 January 2025,amzn1.account.AEHN3J7TAYYTNU6JT6JGARWXT6JA,https://www.amazon.in/gp/profile/amzn1.account.AEHN3J7TAYYTNU6JT6JGARWXT6JA/ref=cm_cr_othr_d_gw_tr?ie=UTF8,5,Everything is great,R1O1ENGLZ2AUBR,https://www.amazon.in/gp/customer-reviews/R1O1ENGLZ2AUBR/ref=cm_cr_othr_d_rvw_ttl?ie=UTF8&ASIN=B09B8XJDW5,,Perfect 👌🏻,True,False,[],2025-01-23,21,"Colour: Blue, Configuration: Echo Dot Only","[{'key': 'Colour', 'value': 'Blue'}, {'key': 'Configuration', 'value': 'Echo Dot Only'}]",,,https://www.amazon.in/product-reviews/B09B8XJDW5?pageNumber=3&filterByStar=all_stars&sortBy=helpful&formatType=all_formats&asin=B09B8XJDW5&reftag=cm_cr_arp_d_paging_btm_next_3&scope=reviewsAjax0,allStars,,B09B8XJDW5,B09B8XJDW5,B09B8XJDW5,"{'price': None, 'listPrice': None}",https://www.amazon.in//Echo-Dot-5th-Gen-Alexa-smart-speaker/dp/B09B8XJDW5/ref=zg_bs_g_1389365031_d_sccl_14/258-6337177-1273930?psc=1,India,
Reviewed in India on 26 December 2024,amzn1.account.AGY5UE4GJD3BWB52VKXSG6WMD7SQ,https://www.amazon.in/gp/profile/amzn1.account.AGY5UE4GJD3BWB52VKXSG6WMD7SQ/ref=cm_cr_othr_d_gw_tr?ie=UTF8,3,Good 😊,R2123UYBUFQNEP,https://www.amazon.in/gp/customer-reviews/R2123UYBUFQNEP/ref=cm_cr_othr_d_rvw_ttl?ie=UTF8&ASIN=B09B8XJDW5,,Not  bad,True,False,[],2024-12-26,22,"Colour: Blue, Configuration: Echo Dot Only","[{'key': 'Colour', 'value': 'Blue'}, {'key': 'Configuration', 'value': 'Echo Dot Only'}]",,,https://www.amazon.in/product-reviews/B09B8XJDW5?pageNumber=3&filterByStar=all_stars&sortBy=helpful&formatType=all_formats&asin=B09B8XJDW5&reftag=cm_cr_arp_d_paging_btm_next_3&scope=reviewsAjax0,allStars,,B09B8XJDW5,B09B8XJDW5,B09B8XJDW5,"{'price': None, 'listPrice': None}",https://www.amazon.in//Echo-Dot-5th-Gen-Alexa-smart-speaker/dp/B09B8XJDW5/ref=zg_bs_g_1389365031_d_sccl_14/258-6337177-1273930?psc=1,India,
Reviewed in India on 22 January 2025,amzn1.account.AEKM3LWKES36UAIPGEVVKFFZ6Y4Q,https://www.amazon.in/gp/profile/amzn1.account.AEKM3LWKES36UAIPGEVVKFFZ6Y4Q/ref=cm_cr_othr_d_gw_tr?ie=UTF8,5,Amazing product,R2YQA2Y7LGIPEX,https://www.amazon.in/gp/customer-reviews/R2YQA2Y7LGIPEX/ref=cm_cr_othr_d_rvw_ttl?ie=UTF8&ASIN=B09B8XJDW5,,Worth the price.,True,False,[],2025-01-22,23,"Colour: Blue, Configuration: Echo Dot Only","[{'key': 'Colour', 'value': 'Blue'}, {'key': 'Configuration', 'value': 'Echo Dot Only'}]",,,https://www.amazon.in/product-reviews/B09B8XJDW5?pageNumber=3&filterByStar=all_stars&sortBy=helpful&formatType=all_formats&asin=B09B8XJDW5&reftag=cm_cr_arp_d_paging_btm_next_3&scope=reviewsAjax0,allStars,,B09B8XJDW5,B09B8XJDW5,B09B8XJDW5,"{'price': None, 'listPrice': None}",https://www.amazon.in//Echo-Dot-5th-Gen-Alexa-smart-speaker/dp/B09B8XJDW5/ref=zg_bs_g_1389365031_d_sccl_14/258-6337177-1273930?psc=1,India,
Reviewed in India on 20 January 2025,amzn1.account.AGU324NOREADN2C2TVJ6BWBQHYLQ,https://www.amazon.in/gp/profile/amzn1.account.AGU324NOREADN2C2TVJ6BWBQHYLQ/ref=cm_cr_othr_d_gw_tr?ie=UTF8,5,Nice,R2RYWW9717HOVO,https://www.amazon.in/gp/customer-reviews/R2RYWW9717HOVO/ref=cm_cr_othr_d_rvw_ttl?ie=UTF8&ASIN=B09B8XJDW5,,nice,True,False,[],2025-01-20,24,"Colour: White, Configuration: Echo Dot Only","[{'key': 'Colour', 'value': 'White'}, {'key': 'Configuration', 'value': 'Echo Dot Only'}]",,,https://www.amazon.in/product-reviews/B09B8XJDW5?pageNumber=3&filterByStar=all_stars&sortBy=helpful&formatType=all_formats&asin=B09B8XJDW5&reftag=cm_cr_arp_d_paging_btm_next_3&scope=reviewsAjax0,allStars,,B09B8XJDW5,B09B8XJDW5,B09B8XJDW5,"{'price': None, 'listPrice': None}",https://www.amazon.in//Echo-Dot-5th-Gen-Alexa-smart-speaker/dp/B09B8XJDW5/ref=zg_bs_g_1389365031_d_sccl_14/258-6337177-1273930?psc=1,India,
Reviewed in India on 14 January 2025,amzn1.account.AHS7BOAQKEWAT3GMGMNANF7VYOSA,https://www.amazon.in/gp/profile/amzn1.account.AHS7BOAQKEWAT3GMGMNANF7VYOSA/ref=cm_cr_othr_d_gw_tr?ie=UTF8,4,Alexa is Alexa,R1713AW0P8LW7Y,https://www.amazon.in/gp/customer-reviews/R1713AW0P8LW7Y/ref=cm_cr_othr_d_rvw_ttl?ie=UTF8&ASIN=B09B8XJDW5,,Better than previous generation but can be battery fitted,True,False,[],2025-01-14,9,"Colour: Blue, Configuration: Echo Dot Only","[{'key': 'Colour', 'value': 'Blue'}, {'key': 'Configuration', 'value': 'Echo Dot Only'}]",,,https://www.amazon.in/product-reviews/B09B8XJDW5?pageNumber=2&filterByStar=all_stars&sortBy=helpful&formatType=all_formats&asin=B09B8XJDW5&reftag=cm_cr_arp_d_paging_btm_next_2&scope=reviewsAjax0,allStars,,B09B8XJDW5,B09B8XJDW5,B09B8XJDW5,"{'price': None, 'listPrice': None}",https://www.amazon.in//Echo-Dot-5th-Gen-Alexa-smart-speaker/dp/B09B8XJDW5/ref=zg_bs_g_1389365031_d_sccl_14/258-6337177-1273930?psc=1,India,
Reviewed in India on 30 December 2024,amzn1.account.AEIOJK4TGXJCJBIJBKGBSDDPLC7A,https://www.amazon.in/gp/profile/amzn1.account.AEIOJK4TGXJCJBIJBKGBSDDPLC7A/ref=cm_cr_othr_d_gw_tr?ie=UTF8,4,My eco dot is not showing time display,R2L4THZJDVZYQE,https://www.amazon.in/gp/customer-reviews/R2L4THZJDVZYQE/ref=cm_cr_othr_d_rvw_ttl?ie=UTF8&ASIN=B09B8XJDW5,One person found this helpful,How to activate time view in alexa at device? Is this product doesn't work ?,True,False,[],2024-12-30,10,"Colour: Blue, Configuration: Echo Dot Only","[{'key': 'Colour', 'value': 'Blue'}, {'key': 'Configuration', 'value': 'Echo Dot Only'}]",,,https://www.amazon.in/product-reviews/B09B8XJDW5?pageNumber=2&filterByStar=all_stars&sortBy=helpful&formatType=all_formats&asin=B09B8XJDW5&reftag=cm_cr_arp_d_paging_btm_next_2&scope=reviewsAjax0,allStars,,B09B8XJDW5,B09B8XJDW5,B09B8XJDW5,"{'price': None, 'listPrice': None}",https://www.amazon.in//Echo-Dot-5th-Gen-Alexa-smart-speaker/dp/B09B8XJDW5/ref=zg_bs_g_1389365031_d_sccl_14/258-6337177-1273930?psc=1,India,
Reviewed in India on 3 December 2024,amzn1.account.AFIDSCSAZHBWAZE5UZHFHYYZ3TGA,https://www.amazon.in/gp/profile/amzn1.account.AFIDSCSAZHBWAZE5UZHFHYYZ3TGA/ref=cm_cr_othr_d_gw_tr?ie=UTF8,4,Clock Display missing echo dot 5th gen,RZCOMJQPI4XSM,https://www.amazon.in/gp/customer-reviews/RZCOMJQPI4XSM/ref=cm_cr_othr_d_rvw_ttl?ie=UTF8&ASIN=B09B8XJDW5,,This product is good but it lacks one very important feature of clock Display as its 4th gen echo dot has.This feature not only shows the time all day long and in the night too BUT ALSO helps us to know whether the power is on or off.Amazon must update this feature in all it's models of echo dots.,True,False,[],2024-12-03,11,"Colour: Black, Configuration: Echo Dot Only","[{'key': 'Colour', 'value': 'Black'}, {'key': 'Configuration', 'value': 'Echo Dot Only'}]",,,https://www.amazon.in/product-reviews/B09B8XJDW5?pageNumber=2&filterByStar=all_stars&sortBy=helpful&formatType=all_formats&asin=B09B8XJDW5&reftag=cm_cr_arp_d_paging_btm_next_2&scope=reviewsAjax0,allStars,,B09B8XJDW5,B09B8XJDW5,B09B8XJDW5,"{'price': None, 'listPrice': None}",https://www.amazon.in//Echo-Dot-5th-Gen-Alexa-smart-speaker/dp/B09B8XJDW5/ref=zg_bs_g_1389365031_d_sccl_14/258-6337177-1273930?psc=1,India,
Reviewed in India on 19 December 2024,amzn1.account.AGISELTVM7HODBV5B3G7Y7U6PBXQ,https://www.amazon.in/gp/profile/amzn1.account.AGISELTVM7HODBV5B3G7Y7U6PBXQ/ref=cm_cr_othr_d_gw_tr?ie=UTF8,4,Smart product,R2NL0MXQP7TLWK,https://www.amazon.in/gp/customer-reviews/R2NL0MXQP7TLWK/ref=cm_cr_othr_d_rvw_ttl?ie=UTF8&ASIN=B09B8XJDW5,,"Good product with great sound quality. The audio is clear and rich, whether you’re listening to music or using it for voice commands.",True,False,[],2024-12-19,12,"Colour: Blue, Configuration: Echo Dot Only","[{'key': 'Colour', 'value': 'Blue'}, {'key': 'Configuration', 'value': 'Echo Dot Only'}]",,,https://www.amazon.in/product-reviews/B09B8XJDW5?pageNumber=2&filterByStar=all_stars&sortBy=helpful&formatType=all_formats&asin=B09B8XJDW5&reftag=cm_cr_arp_d_paging_btm_next_2&scope=reviewsAjax0,allStars,,B09B8XJDW5,B09B8XJDW5,B09B8XJDW5,"{'price': None, 'listPrice': None}",https://www.amazon.in//Echo-Dot-5th-Gen-Alexa-smart-speaker/dp/B09B8XJDW5/ref=zg_bs_g_1389365031_d_sccl_14/258-6337177-1273930?psc=1,India,
Reviewed in India on 19 December 2024,amzn1.account.AEKD22NSPARKCMMLLFSNLB3UKATA,https://www.amazon.in/gp/profile/amzn1.account.AEKD22NSPARKCMMLLFSNLB3UKATA/ref=cm_cr_othr_d_gw_tr?ie=UTF8,4,Sound,R336OHTBXQAVQO,https://www.amazon.in/gp/customer-reviews/R336OHTBXQAVQO/ref=cm_cr_othr_d_rvw_ttl?ie=UTF8&ASIN=B09B8XJDW5,,Sound quality is good,True,False,[],2024-12-19,13,"Colour: Black, Configuration: Echo Dot Only","[{'key': 'Colour', 'value': 'Black'}, {'key': 'Configuration', 'value': 'Echo Dot Only'}]",,,https://www.amazon.in/product-reviews/B09B8XJDW5?pageNumber=2&filterByStar=all_stars&sortBy=helpful&formatType=all_formats&asin=B09B8XJDW5&reftag=cm_cr_arp_d_paging_btm_next_2&scope=reviewsAjax0,allStars,,B09B8XJDW5,B09B8XJDW5,B09B8XJDW5,"{'price': None, 'listPrice': None}",https://www.amazon.in//Echo-Dot-5th-Gen-Alexa-smart-speaker/dp/B09B8XJDW5/ref=zg_bs_g_1389365031_d_sccl_14/258-6337177-1273930?psc=1,India,
Reviewed in India on 20 January 2025,amzn1.account.AGME7HQUXONH3NSXDQVSRDJC7HQA,https://www.amazon.in/gp/profile/amzn1.account.AGME7HQUXONH3NSXDQVSRDJC7HQA/ref=cm_cr_othr_d_gw_tr?ie=UTF8,3,Good product,R31LTPRTV9SPE9,https://www.amazon.in/gp/customer-reviews/R31LTPRTV9SPE9/ref=cm_cr_othr_d_rvw_ttl?ie=UTF8&ASIN=B09B8XJDW5,,"Good product but when amazon music is installed, it prefers to play on it and amazon music is worst app, even having premium subscription. Bollywood songs are played in Marathi and bengali for bilingual movies",True,False,[],2025-01-20,14,"Colour: Blue, Configuration: Echo Dot Only","[{'key': 'Colour', 'value': 'Blue'}, {'key': 'Configuration', 'value': 'Echo Dot Only'}]",,,https://www.amazon.in/product-reviews/B09B8XJDW5?pageNumber=2&filterByStar=all_stars&sortBy=helpful&formatType=all_formats&asin=B09B8XJDW5&reftag=cm_cr_arp_d_paging_btm_next_2&scope=reviewsAjax0,allStars,,B09B8XJDW5,B09B8XJDW5,B09B8XJDW5,"{'price': None, 'listPrice': None}",https://www.amazon.in//Echo-Dot-5th-Gen-Alexa-smart-speaker/dp/B09B8XJDW5/ref=zg_bs_g_1389365031_d_sccl_14/258-6337177-1273930?psc=1,India,
Reviewed in India on 19 November 2024,amzn1.account.AE4MM5JSF4XK6ZQRIHBVBEUSAVBQ,https://www.amazon.in/gp/profile/amzn1.account.AE4MM5JSF4XK6ZQRIHBVBEUSAVBQ/ref=cm_cr_othr_d_gw_tr?ie=UTF8,4,Bulb great. Alexa good,RJKFKS99WXJ41,https://www.amazon.in/gp/customer-reviews/RJKFKS99WXJ41/ref=cm_cr_othr_d_rvw_ttl?ie=UTF8&ASIN=B09B8XJDW5,,Alexa is good but not great. Sometimes does not understand names of popular Hindi songs. Otherwise great. Should not be bought if you want a good bluetooth speaker. Only when you want a smart one. Setup the speaker first. Setting up bulb becomes seamless then,True,False,[],2024-11-19,15,"Colour: White, Configuration: with fast setup 9W smart bulb","[{'key': 'Colour', 'value': 'White'}, {'key': 'Configuration', 'value': 'with fast setup 9W smart bulb'}]",,,https://www.amazon.in/product-reviews/B09B8XJDW5?pageNumber=2&filterByStar=all_stars&sortBy=helpful&formatType=all_formats&asin=B09B8XJDW5&reftag=cm_cr_arp_d_paging_btm_next_2&scope=reviewsAjax0,allStars,,B09B8XJDW5,B09B8XJDW5,B09B8XJDW5,"{'price': None, 'listPrice': None}",https://www.amazon.in//Echo-Dot-5th-Gen-Alexa-smart-speaker/dp/B09B8XJDW5/ref=zg_bs_g_1389365031_d_sccl_14/258-6337177-1273930?psc=1,India,
Reviewed in India on 25 January 2025,amzn1.account.AGXDD5Z2AHLPTQRWSLWULLKJXINQ,https://www.amazon.in/gp/profile/amzn1.account.AGXDD5Z2AHLPTQRWSLWULLKJXINQ/ref=cm_cr_othr_d_gw_tr?ie=UTF8,3,Bad device I am ever use,R2F4JK595IKWC7,https://www.amazon.in/gp/customer-reviews/R2F4JK595IKWC7/ref=cm_cr_othr_d_rvw_ttl?ie=UTF8&ASIN=B09B8XJDW5,,This product is only waist of money,True,False,[],2025-01-25,16,"Colour: Blue, Configuration: Echo Dot Only","[{'key': 'Colour', 'value': 'Blue'}, {'key': 'Configuration', 'value': 'Echo Dot Only'}]",,,https://www.amazon.in/product-reviews/B09B8XJDW5?pageNumber=2&filterByStar=all_stars&sortBy=helpful&formatType=all_formats&asin=B09B8XJDW5&reftag=cm_cr_arp_d_paging_btm_next_2&scope=reviewsAjax0,allStars,,B09B8XJDW5,B09B8XJDW5,B09B8XJDW5,"{'price': None, 'listPrice': None}",https://www.amazon.in//Echo-Dot-5th-Gen-Alexa-smart-speaker/dp/B09B8XJDW5/ref=zg_bs_g_1389365031_d_sccl_14/258-6337177-1273930?psc=1,India,
Reviewed in India on 13 December 2024,amzn1.account.AEOSBQL5R4WQFWBBQJEV4C3RNASQ,https://www.amazon.in/gp/profile/amzn1.account.AEOSBQL5R4WQFWBBQJEV4C3RNASQ/ref=cm_cr_othr_d_gw_tr?ie=UTF8,5,Product is best,R4AJZK07U3ZR8,https://www.amazon.in/gp/customer-reviews/R4AJZK07U3ZR8/ref=cm_cr_othr_d_rvw_ttl?ie=UTF8&ASIN=B09B8XJDW5,,No problem at all easy to use effective excellent product you should buy it for sure wherever you are you have to only speak to listen the song,True,False,[],2024-12-13,33,"Colour: Blue, Configuration: Echo Dot Only","[{'key': 'Colour', 'value': 'Blue'}, {'key': 'Configuration', 'value': 'Echo Dot Only'}]",,,https://www.amazon.in/product-reviews/B09B8XJDW5?pageNumber=5&filterByStar=all_stars&sortBy=helpful&formatType=all_formats&asin=B09B8XJDW5&reftag=cm_cr_arp_d_paging_btm_next_5&scope=reviewsAjax0,allStars,,B09B8XJDW5,B09B8XJDW5,B09B8XJDW5,"{'price': None, 'listPrice': None}",https://www.amazon.in//Echo-Dot-5th-Gen-Alexa-smart-speaker/dp/B09B8XJDW5/ref=zg_bs_g_1389365031_d_sccl_14/258-6337177-1273930?psc=1,India,
Reviewed in India on 8 October 2024,amzn1.account.AGUDPBBUJUNUWZRQZDY3VXJYJUUQ,https://www.amazon.in/gp/profile/amzn1.account.AGUDPBBUJUNUWZRQZDY3VXJYJUUQ/ref=cm_cr_othr_d_gw_tr?ie=UTF8,4,Good,R1VURTNLGW7BF6,https://www.amazon.in/gp/customer-reviews/R1VURTNLGW7BF6/ref=cm_cr_othr_d_rvw_ttl?ie=UTF8&ASIN=B09B8XJDW5,One person found this helpful,"If AI is included in Alexa, it would have been a game changer!",True,False,[],2024-10-08,34,"Colour: Blue, Configuration: Echo Dot Only","[{'key': 'Colour', 'value': 'Blue'}, {'key': 'Configuration', 'value': 'Echo Dot Only'}]",,,https://www.amazon.in/product-reviews/B09B8XJDW5?pageNumber=5&filterByStar=all_stars&sortBy=helpful&formatType=all_formats&asin=B09B8XJDW5&reftag=cm_cr_arp_d_paging_btm_next_5&scope=reviewsAjax0,allStars,,B09B8XJDW5,B09B8XJDW5,B09B8XJDW5,"{'price': None, 'listPrice': None}",https://www.amazon.in//Echo-Dot-5th-Gen-Alexa-smart-speaker/dp/B09B8XJDW5/ref=zg_bs_g_1389365031_d_sccl_14/258-6337177-1273930?psc=1,India,
Reviewed in India on 17 November 2024,amzn1.account.AHLSCREKUOMSTLSODNBCTRLJKCWA,https://www.amazon.in/gp/profile/amzn1.account.AHLSCREKUOMSTLSODNBCTRLJKCWA/ref=cm_cr_othr_d_gw_tr?ie=UTF8,5,Must buy,R3T3ODQQ4C4LWQ,https://www.amazon.in/gp/customer-reviews/R3T3ODQQ4C4LWQ/ref=cm_cr_othr_d_rvw_ttl?ie=UTF8&ASIN=B09B8XJDW5,One person found this helpful,Bought it for my kids.... my eldest wanted it for past two years and finally bought it for his birthday.... initially i thought what is the big deals with these things.... but .the sound quality of alexa was astonishing..... more than the kids we are now using it to play songs.... alexa music have a huge tamil Playlist which is good and it easily idenifies and understands our command and plays the desired song without flaw....,True,False,[],2024-11-17,35,"Colour: Blue, Configuration: Echo Dot Only","[{'key': 'Colour', 'value': 'Blue'}, {'key': 'Configuration', 'value': 'Echo Dot Only'}]",,,https://www.amazon.in/product-reviews/B09B8XJDW5?pageNumber=5&filterByStar=all_stars&sortBy=helpful&formatType=all_formats&asin=B09B8XJDW5&reftag=cm_cr_arp_d_paging_btm_next_5&scope=reviewsAjax0,allStars,,B09B8XJDW5,B09B8XJDW5,B09B8XJDW5,"{'price': None, 'listPrice': None}",https://www.amazon.in//Echo-Dot-5th-Gen-Alexa-smart-speaker/dp/B09B8XJDW5/ref=zg_bs_g_1389365031_d_sccl_14/258-6337177-1273930?psc=1,India,
Reviewed in India on 8 October 2024,amzn1.account.AHSEA2FZXK7OCZNWB2GLZ72S22YQ,https://www.amazon.in/gp/profile/amzn1.account.AHSEA2FZXK7OCZNWB2GLZ72S22YQ/ref=cm_cr_othr_d_gw_tr?ie=UTF8,4,Replacement item works good,R2UWRWLHPS05OQ,https://www.amazon.in/gp/customer-reviews/R2UWRWLHPS05OQ/ref=cm_cr_othr_d_rvw_ttl?ie=UTF8&ASIN=B09B8XJDW5,,Replacement item works good,True,False,[],2024-10-08,36,"Colour: Blue, Configuration: Echo Dot Only","[{'key': 'Colour', 'value': 'Blue'}, {'key': 'Configuration', 'value': 'Echo Dot Only'}]",,,https://www.amazon.in/product-reviews/B09B8XJDW5?pageNumber=5&filterByStar=all_stars&sortBy=helpful&formatType=all_formats&asin=B09B8XJDW5&reftag=cm_cr_arp_d_paging_btm_next_5&scope=reviewsAjax0,allStars,,B09B8XJDW5,B09B8XJDW5,B09B8XJDW5,"{'price': None, 'listPrice': None}",https://www.amazon.in//Echo-Dot-5th-Gen-Alexa-smart-speaker/dp/B09B8XJDW5/ref=zg_bs_g_1389365031_d_sccl_14/258-6337177-1273930?psc=1,India,
Reviewed in India on 2 October 2024,amzn1.account.AHPGVB4FAYZ7VYKWZ3CVGCYLVRNQ,https://www.amazon.in/gp/profile/amzn1.account.AHPGVB4FAYZ7VYKWZ3CVGCYLVRNQ/ref=cm_cr_othr_d_gw_tr?ie=UTF8,4,Good product but no clock display,R15F1YQBGP082G,https://www.amazon.in/gp/customer-reviews/R15F1YQBGP082G/ref=cm_cr_othr_d_rvw_ttl?ie=UTF8&ASIN=B09B8XJDW5,One person found this helpful,Product is good.... But no led clock available. But sound quality and looks are awesome.,True,False,['https://m.media-amazon.com/images/I/61C8DwMThAL._SY88.jpg'],2024-10-02,37,"Colour: White, Configuration: Echo Dot Only","[{'key': 'Colour', 'value': 'White'}, {'key': 'Configuration', 'value': 'Echo Dot Only'}]",,,https://www.amazon.in/product-reviews/B09B8XJDW5?pageNumber=5&filterByStar=all_stars&sortBy=helpful&formatType=all_formats&asin=B09B8XJDW5&reftag=cm_cr_arp_d_paging_btm_next_5&scope=reviewsAjax0,allStars,,B09B8XJDW5,B09B8XJDW5,B09B8XJDW5,"{'price': None, 'listPrice': None}",https://www.amazon.in//Echo-Dot-5th-Gen-Alexa-smart-speaker/dp/B09B8XJDW5/ref=zg_bs_g_1389365031_d_sccl_14/258-6337177-1273930?psc=1,India,
Reviewed in India on 5 October 2024,amzn1.account.AFFSLFVRIBH6PQ77DJ4LYEFPOW4Q,https://www.amazon.in/gp/profile/amzn1.account.AFFSLFVRIBH6PQ77DJ4LYEFPOW4Q/ref=cm_cr_othr_d_gw_tr?ie=UTF8,4,Alexa lover,R7T0SD6P3CVSY,https://www.amazon.in/gp/customer-reviews/R7T0SD6P3CVSY/ref=cm_cr_othr_d_rvw_ttl?ie=UTF8&ASIN=B09B8XJDW5,2 people found this helpful,"The media could not be loaded.
                
            
                
            
            
        
    
    








  
  
     Good quality design sound and connectivity also ease to setup",True,False,[],2024-10-05,38,"Colour: Blue, Configuration: Echo Dot Only","[{'key': 'Colour', 'value': 'Blue'}, {'key': 'Configuration', 'value': 'Echo Dot Only'}]",,,https://www.amazon.in/product-reviews/B09B8XJDW5?pageNumber=5&filterByStar=all_stars&sortBy=helpful&formatType=all_formats&asin=B09B8XJDW5&reftag=cm_cr_arp_d_paging_btm_next_5&scope=reviewsAjax0,allStars,,B09B8XJDW5,B09B8XJDW5,B09B8XJDW5,"{'price': None, 'listPrice': None}",https://www.amazon.in//Echo-Dot-5th-Gen-Alexa-smart-speaker/dp/B09B8XJDW5/ref=zg_bs_g_1389365031_d_sccl_14/258-6337177-1273930?psc=1,India,
Reviewed in India on 14 December 2024,amzn1.account.AELWRM4AOXFNAGCNQD45UPXBNBUA,https://www.amazon.in/gp/profile/amzn1.account.AELWRM4AOXFNAGCNQD45UPXBNBUA/ref=cm_cr_othr_d_gw_tr?ie=UTF8,5,Good purchase,R2M9GZ0BF5TJA3,https://www.amazon.in/gp/customer-reviews/R2M9GZ0BF5TJA3/ref=cm_cr_othr_d_rvw_ttl?ie=UTF8&ASIN=B09B8XJDW5,11 people found this helpful,"House wife with kids here and I find it very convenient to listen to music. Often I use phone connected to Bluetooth and get distracted. But since the dot came, me and my kids don’t take phone that often. It also helps me set reminders and timers. There are so much more features we can explore but for just a month of use, we are loving it so far.",True,False,[],2024-12-14,39,"Colour: Black, Configuration: Echo Dot Only","[{'key': 'Colour', 'value': 'Black'}, {'key': 'Configuration', 'value': 'Echo Dot Only'}]",,,https://www.amazon.in/product-reviews/B09B8XJDW5?pageNumber=5&filterByStar=all_stars&sortBy=helpful&formatType=all_formats&asin=B09B8XJDW5&reftag=cm_cr_arp_d_paging_btm_next_5&scope=reviewsAjax0,allStars,,B09B8XJDW5,B09B8XJDW5,B09B8XJDW5,"{'price': None, 'listPrice': None}",https://www.amazon.in//Echo-Dot-5th-Gen-Alexa-smart-speaker/dp/B09B8XJDW5/ref=zg_bs_g_1389365031_d_sccl_14/258-6337177-1273930?psc=1,India,
Reviewed in India on 21 October 2024,amzn1.account.AH7PSSH7LUSCH3N6R7DGRKQ2IJOA,https://www.amazon.in/gp/profile/amzn1.account.AH7PSSH7LUSCH3N6R7DGRKQ2IJOA/ref=cm_cr_othr_d_gw_tr?ie=UTF8,3,The Echo 5th generation for Alexa,RE2PBTZJW3XAQ,https://www.amazon.in/gp/customer-reviews/RE2PBTZJW3XAQ/ref=cm_cr_othr_d_rvw_ttl?ie=UTF8&ASIN=B09B8XJDW5,,I liked the features of the Alexa to answer general questions and also connect with my mobile phone for playing on Bluetooth feature. But I am not able to link my smart TV to choose a program out of YouTube or some other OTT from the smart TV.,True,False,[],2024-10-21,40,"Colour: Black, Configuration: Echo Dot Only","[{'key': 'Colour', 'value': 'Black'}, {'key': 'Configuration', 'value': 'Echo Dot Only'}]",,,https://www.amazon.in/product-reviews/B09B8XJDW5?pageNumber=5&filterByStar=all_stars&sortBy=helpful&formatType=all_formats&asin=B09B8XJDW5&reftag=cm_cr_arp_d_paging_btm_next_5&scope=reviewsAjax0,allStars,,B09B8XJDW5,B09B8XJDW5,B09B8XJDW5,"{'price': None, 'listPrice': None}",https://www.amazon.in//Echo-Dot-5th-Gen-Alexa-smart-speaker/dp/B09B8XJDW5/ref=zg_bs_g_1389365031_d_sccl_14/258-6337177-1273930?psc=1,India,
Reviewed in India on 12 December 2024,amzn1.account.AHUKOPBCWGADHK7EWWXWVGFJXJTA,https://www.amazon.in/gp/profile/amzn1.account.AHUKOPBCWGADHK7EWWXWVGFJXJTA/ref=cm_cr_othr_d_gw_tr?ie=UTF8,5,Alexa superb,R2FU4IXPJCVS4J,https://www.amazon.in/gp/customer-reviews/R2FU4IXPJCVS4J/ref=cm_cr_othr_d_rvw_ttl?ie=UTF8&ASIN=B09B8XJDW5,,"Its very nice to speak with Alexa.reminder for sleep,  alarm, all tge songs n each and every favourite things speaks n inform immediately.",True,False,[],2024-12-12,41,"Colour: Black, Configuration: Echo Dot Only","[{'key': 'Colour', 'value': 'Black'}, {'key': 'Configuration', 'value': 'Echo Dot Only'}]",,,https://www.amazon.in/product-reviews/B09B8XJDW5?pageNumber=6&filterByStar=all_stars&sortBy=helpful&formatType=all_formats&asin=B09B8XJDW5&reftag=cm_cr_arp_d_paging_btm_next_6&scope=reviewsAjax0,allStars,,B09B8XJDW5,B09B8XJDW5,B09B8XJDW5,"{'price': None, 'listPrice': None}",https://www.amazon.in//Echo-Dot-5th-Gen-Alexa-smart-speaker/dp/B09B8XJDW5/ref=zg_bs_g_1389365031_d_sccl_14/258-6337177-1273930?psc=1,India,
Reviewed in India on 25 December 2024,amzn1.account.AHZOHJYSRJKNERPYTN2R2YA4YFSQ,https://www.amazon.in/gp/profile/amzn1.account.AHZOHJYSRJKNERPYTN2R2YA4YFSQ/ref=cm_cr_othr_d_gw_tr?ie=UTF8,5,Excellent,R3QLH8WQB4GHY9,https://www.amazon.in/gp/customer-reviews/R3QLH8WQB4GHY9/ref=cm_cr_othr_d_rvw_ttl?ie=UTF8&ASIN=B09B8XJDW5,,It's sound is very soothing.,True,False,[],2024-12-25,42,"Colour: Blue, Configuration: Echo Dot Only","[{'key': 'Colour', 'value': 'Blue'}, {'key': 'Configuration', 'value': 'Echo Dot Only'}]",,,https://www.amazon.in/product-reviews/B09B8XJDW5?pageNumber=6&filterByStar=all_stars&sortBy=helpful&formatType=all_formats&asin=B09B8XJDW5&reftag=cm_cr_arp_d_paging_btm_next_6&scope=reviewsAjax0,allStars,,B09B8XJDW5,B09B8XJDW5,B09B8XJDW5,"{'price': None, 'listPrice': None}",https://www.amazon.in//Echo-Dot-5th-Gen-Alexa-smart-speaker/dp/B09B8XJDW5/ref=zg_bs_g_1389365031_d_sccl_14/258-6337177-1273930?psc=1,India,
Reviewed in India on 25 December 2024,amzn1.account.AHUSEBVGGZIB26FRCJQUEUBKRMMA,https://www.amazon.in/gp/profile/amzn1.account.AHUSEBVGGZIB26FRCJQUEUBKRMMA/ref=cm_cr_othr_d_gw_tr?ie=UTF8,5,Kids loved it,R33D4G1M03XII6,https://www.amazon.in/gp/customer-reviews/R33D4G1M03XII6/ref=cm_cr_othr_d_rvw_ttl?ie=UTF8&ASIN=B09B8XJDW5,,Nice 👍,True,False,[],2024-12-25,43,"Colour: Blue, Configuration: Echo Dot Only","[{'key': 'Colour', 'value': 'Blue'}, {'key': 'Configuration', 'value': 'Echo Dot Only'}]",,,https://www.amazon.in/product-reviews/B09B8XJDW5?pageNumber=6&filterByStar=all_stars&sortBy=helpful&formatType=all_formats&asin=B09B8XJDW5&reftag=cm_cr_arp_d_paging_btm_next_6&scope=reviewsAjax0,allStars,,B09B8XJDW5,B09B8XJDW5,B09B8XJDW5,"{'price': None, 'listPrice': None}",https://www.amazon.in//Echo-Dot-5th-Gen-Alexa-smart-speaker/dp/B09B8XJDW5/ref=zg_bs_g_1389365031_d_sccl_14/258-6337177-1273930?psc=1,India,
Reviewed in India on 14 November 2024,amzn1.account.AGMBNMZ3I6TA3UQQBOG44O5MD3MQ,https://www.amazon.in/gp/profile/amzn1.account.AGMBNMZ3I6TA3UQQBOG44O5MD3MQ/ref=cm_cr_othr_d_gw_tr?ie=UTF8,3,Sound,RI6HEP1B3LT6U,https://www.amazon.in/gp/customer-reviews/RI6HEP1B3LT6U/ref=cm_cr_othr_d_rvw_ttl?ie=UTF8&ASIN=B09B8XJDW5,,Average sound.,True,False,[],2024-11-14,44,"Colour: Blue, Configuration: with fast setup 9W smart bulb","[{'key': 'Colour', 'value': 'Blue'}, {'key': 'Configuration', 'value': 'with fast setup 9W smart bulb'}]",,,https://www.amazon.in/product-reviews/B09B8XJDW5?pageNumber=6&filterByStar=all_stars&sortBy=helpful&formatType=all_formats&asin=B09B8XJDW5&reftag=cm_cr_arp_d_paging_btm_next_6&scope=reviewsAjax0,allStars,,B09B8XJDW5,B09B8XJDW5,B09B8XJDW5,"{'price': None, 'listPrice': None}",https://www.amazon.in//Echo-Dot-5th-Gen-Alexa-smart-speaker/dp/B09B8XJDW5/ref=zg_bs_g_1389365031_d_sccl_14/258-6337177-1273930?psc=1,India,
Reviewed in India on 2 October 2024,amzn1.account.AH7G3L26MF5OCTGQPMFVDKEKLWCA,https://www.amazon.in/gp/profile/amzn1.account.AH7G3L26MF5OCTGQPMFVDKEKLWCA/ref=cm_cr_othr_d_gw_tr?ie=UTF8,4,Best sound quality,R3W5C0Y2QH553F,https://www.amazon.in/gp/customer-reviews/R3W5C0Y2QH553F/ref=cm_cr_othr_d_rvw_ttl?ie=UTF8&ASIN=B09B8XJDW5,,Thank you Amazon for a Nice product,True,False,[],2024-10-02,45,"Colour: Blue, Configuration: Echo Dot Only","[{'key': 'Colour', 'value': 'Blue'}, {'key': 'Configuration', 'value': 'Echo Dot Only'}]",,,https://www.amazon.in/product-reviews/B09B8XJDW5?pageNumber=6&filterByStar=all_stars&sortBy=helpful&formatType=all_formats&asin=B09B8XJDW5&reftag=cm_cr_arp_d_paging_btm_next_6&scope=reviewsAjax0,allStars,,B09B8XJDW5,B09B8XJDW5,B09B8XJDW5,"{'price': None, 'listPrice': None}",https://www.amazon.in//Echo-Dot-5th-Gen-Alexa-smart-speaker/dp/B09B8XJDW5/ref=zg_bs_g_1389365031_d_sccl_14/258-6337177-1273930?psc=1,India,
Reviewed in India on 24 August 2024,amzn1.account.AFPNEP5Q24GZABJAVYC5ABOXJXDA,https://www.amazon.in/gp/profile/amzn1.account.AFPNEP5Q24GZABJAVYC5ABOXJXDA/ref=cm_cr_othr_d_gw_tr?ie=UTF8,4,Bit expensive,R30K5L9UZZER7U,https://www.amazon.in/gp/customer-reviews/R30K5L9UZZER7U/ref=cm_cr_othr_d_rvw_ttl?ie=UTF8&ASIN=B09B8XJDW5,,For service it offers i believe it is bit expensive. It has more utility in smart homes rather than purchasing it for entertainment. Sound it good and response it good. Sensor works very well especially the motion detection.,True,False,[],2024-08-24,46,"Colour: White, Configuration: Echo Dot Only","[{'key': 'Colour', 'value': 'White'}, {'key': 'Configuration', 'value': 'Echo Dot Only'}]",,,https://www.amazon.in/product-reviews/B09B8XJDW5?pageNumber=6&filterByStar=all_stars&sortBy=helpful&formatType=all_formats&asin=B09B8XJDW5&reftag=cm_cr_arp_d_paging_btm_next_6&scope=reviewsAjax0,allStars,,B09B8XJDW5,B09B8XJDW5,B09B8XJDW5,"{'price': None, 'listPrice': None}",https://www.amazon.in//Echo-Dot-5th-Gen-Alexa-smart-speaker/dp/B09B8XJDW5/ref=zg_bs_g_1389365031_d_sccl_14/258-6337177-1273930?psc=1,India,
Reviewed in India on 27 September 2024,amzn1.account.AEXEUT2AG4Z2TERZCM2ZAMGFISCA,https://www.amazon.in/gp/profile/amzn1.account.AEXEUT2AG4Z2TERZCM2ZAMGFISCA/ref=cm_cr_othr_d_gw_tr?ie=UTF8,4,Good sound,R1KPBYRS7O3G7A,https://www.amazon.in/gp/customer-reviews/R1KPBYRS7O3G7A/ref=cm_cr_othr_d_rvw_ttl?ie=UTF8&ASIN=B09B8XJDW5,,Good product,True,False,[],2024-09-27,47,"Colour: Blue, Configuration: Echo Dot Only","[{'key': 'Colour', 'value': 'Blue'}, {'key': 'Configuration', 'value': 'Echo Dot Only'}]",,,https://www.amazon.in/product-reviews/B09B8XJDW5?pageNumber=6&filterByStar=all_stars&sortBy=helpful&formatType=all_formats&asin=B09B8XJDW5&reftag=cm_cr_arp_d_paging_btm_next_6&scope=reviewsAjax0,allStars,,B09B8XJDW5,B09B8XJDW5,B09B8XJDW5,"{'price': None, 'listPrice': None}",https://www.amazon.in//Echo-Dot-5th-Gen-Alexa-smart-speaker/dp/B09B8XJDW5/ref=zg_bs_g_1389365031_d_sccl_14/258-6337177-1273930?psc=1,India,
Reviewed in India on 30 August 2024,amzn1.account.AEQWFYP6I6277NQC2VAB5ISJNUGQ,https://www.amazon.in/gp/profile/amzn1.account.AEQWFYP6I6277NQC2VAB5ISJNUGQ/ref=cm_cr_othr_d_gw_tr?ie=UTF8,4,Quality,R2URYQ8RYY6IDH,https://www.amazon.in/gp/customer-reviews/R2URYQ8RYY6IDH/ref=cm_cr_othr_d_rvw_ttl?ie=UTF8&ASIN=B09B8XJDW5,,Nice product. Kinda find it useful also as my mom use it on daily basis. But sometimes I feel that Alexa didn't respond as expected.,True,False,[],2024-08-30,48,"Colour: White, Configuration: with fast setup 9W smart bulb","[{'key': 'Colour', 'value': 'White'}, {'key': 'Configuration', 'value': 'with fast setup 9W smart bulb'}]",,,https://www.amazon.in/product-reviews/B09B8XJDW5?pageNumber=6&filterByStar=all_stars&sortBy=helpful&formatType=all_formats&asin=B09B8XJDW5&reftag=cm_cr_arp_d_paging_btm_next_6&scope=reviewsAjax0,allStars,,B09B8XJDW5,B09B8XJDW5,B09B8XJDW5,"{'price': None, 'listPrice': None}",https://www.amazon.in//Echo-Dot-5th-Gen-Alexa-smart-speaker/dp/B09B8XJDW5/ref=zg_bs_g_1389365031_d_sccl_14/258-6337177-1273930?psc=1,India,
Reviewed in India on 28 July 2024,amzn1.account.AEJDL4KDS5ZQ6TMWWF5Z33BQ6ZXA,https://www.amazon.in/gp/profile/amzn1.account.AEJDL4KDS5ZQ6TMWWF5Z33BQ6ZXA/ref=cm_cr_othr_d_gw_tr?ie=UTF8,4,Alexa,R2PBXXQ45SECVB,https://www.amazon.in/gp/customer-reviews/R2PBXXQ45SECVB/ref=cm_cr_othr_d_rvw_ttl?ie=UTF8&ASIN=B09B8XJDW5,4 people found this helpful,"Sound quality very better, it's very entertaining, jo bhi poochh Lo vahi jawab deta hai, I like it very much.",True,False,['https://m.media-amazon.com/images/I/71OVIeWbv4L._SY88.jpg'],2024-07-28,73,"Colour: White, Configuration: Echo Dot Only","[{'key': 'Colour', 'value': 'White'}, {'key': 'Configuration', 'value': 'Echo Dot Only'}]",,,https://www.amazon.in/product-reviews/B09B8XJDW5?pageNumber=10&filterByStar=all_stars&sortBy=helpful&formatType=all_formats&asin=B09B8XJDW5&reftag=cm_cr_arp_d_paging_btm_next_10&scope=reviewsAjax0,allStars,,B09B8XJDW5,B09B8XJDW5,B09B8XJDW5,"{'price': None, 'listPrice': None}",https://www.amazon.in//Echo-Dot-5th-Gen-Alexa-smart-speaker/dp/B09B8XJDW5/ref=zg_bs_g_1389365031_d_sccl_14/258-6337177-1273930?psc=1,India,
Reviewed in India on 25 January 2025,amzn1.account.AGXCIXRJRY3G55FGQRZTZO2DNOBQ,https://www.amazon.in/gp/profile/amzn1.account.AGXCIXRJRY3G55FGQRZTZO2DNOBQ/ref=cm_cr_othr_d_gw_tr?ie=UTF8,2,She is a little retard,R17RE0YHQ30ECJ,https://www.amazon.in/gp/customer-reviews/R17RE0YHQ30ECJ/ref=cm_cr_othr_d_rvw_ttl?ie=UTF8&ASIN=B09B8XJDW5,,She does not understand basic instructions.,True,False,[],2025-01-25,74,"Colour: Black, Configuration: with fast setup 9W smart bulb","[{'key': 'Colour', 'value': 'Black'}, {'key': 'Configuration', 'value': 'with fast setup 9W smart bulb'}]",,,https://www.amazon.in/product-reviews/B09B8XJDW5?pageNumber=10&filterByStar=all_stars&sortBy=helpful&formatType=all_formats&asin=B09B8XJDW5&reftag=cm_cr_arp_d_paging_btm_next_10&scope=reviewsAjax0,allStars,,B09B8XJDW5,B09B8XJDW5,B09B8XJDW5,"{'price': None, 'listPrice': None}",https://www.amazon.in//Echo-Dot-5th-Gen-Alexa-smart-speaker/dp/B09B8XJDW5/ref=zg_bs_g_1389365031_d_sccl_14/258-6337177-1273930?psc=1,India,
Reviewed in India on 30 July 2024,amzn1.account.AG3KAFMHCONF3CAOXXYBEFUNWCLQ,https://www.amazon.in/gp/profile/amzn1.account.AG3KAFMHCONF3CAOXXYBEFUNWCLQ/ref=cm_cr_othr_d_gw_tr?ie=UTF8,4,Good product,R3QBBWRC6KU8CD,https://www.amazon.in/gp/customer-reviews/R3QBBWRC6KU8CD/ref=cm_cr_othr_d_rvw_ttl?ie=UTF8&ASIN=B09B8XJDW5,,Everything functions well. But the box came damaged,True,False,[],2024-07-30,75,"Colour: Blue, Configuration: Echo Dot Only","[{'key': 'Colour', 'value': 'Blue'}, {'key': 'Configuration', 'value': 'Echo Dot Only'}]",,,https://www.amazon.in/product-reviews/B09B8XJDW5?pageNumber=10&filterByStar=all_stars&sortBy=helpful&formatType=all_formats&asin=B09B8XJDW5&reftag=cm_cr_arp_d_paging_btm_next_10&scope=reviewsAjax0,allStars,,B09B8XJDW5,B09B8XJDW5,B09B8XJDW5,"{'price': None, 'listPrice': None}",https://www.amazon.in//Echo-Dot-5th-Gen-Alexa-smart-speaker/dp/B09B8XJDW5/ref=zg_bs_g_1389365031_d_sccl_14/258-6337177-1273930?psc=1,India,
Reviewed in India on 18 October 2023,amzn1.account.AGBY3VG7CWN6W4UJJ6SD6WNIRXKA,https://www.amazon.in/gp/profile/amzn1.account.AGBY3VG7CWN6W4UJJ6SD6WNIRXKA/ref=cm_cr_othr_d_gw_tr?ie=UTF8,4,It is a smart tool... in a dumb way,R2TKF0KX3ABJHR,https://www.amazon.in/gp/customer-reviews/R2TKF0KX3ABJHR/ref=cm_cr_othr_d_rvw_ttl?ie=UTF8&ASIN=B09B8XJDW5,25 people found this helpful,"Well! First thing first... If you are like me, who is a bit tech handicapped, not into smart homes etc... this isn't for you. In that case, you simply buy a speaker, hook it up with your phone and enjoy the experience.Having said that, if you know what smart tech is all about, this is your introduction to that space... It listens to you, but has a mind of its own BUT then if you are a recluse, it can become a great companion... who you can ask to shut up, whenever you want to... Ha! Ha!All said and done, BUY it... You may regret paying 5k+ but you will not regret the experience. I am sure it will smarten up in time... or maybe it resonated with my IQ level :-)",True,False,[],2023-10-18,76,"Colour: Black, Configuration: Echo Dot Only","[{'key': 'Colour', 'value': 'Black'}, {'key': 'Configuration', 'value': 'Echo Dot Only'}]",,,https://www.amazon.in/product-reviews/B09B8XJDW5?pageNumber=10&filterByStar=all_stars&sortBy=helpful&formatType=all_formats&asin=B09B8XJDW5&reftag=cm_cr_arp_d_paging_btm_next_10&scope=reviewsAjax0,allStars,,B09B8XJDW5,B09B8XJDW5,B09B8XJDW5,"{'price': None, 'listPrice': None}",https://www.amazon.in//Echo-Dot-5th-Gen-Alexa-smart-speaker/dp/B09B8XJDW5/ref=zg_bs_g_1389365031_d_sccl_14/258-6337177-1273930?psc=1,India,
Reviewed in India on 11 October 2024,amzn1.account.AFGTR4PPMZEHOBNLK4JUHVJTMVBA,https://www.amazon.in/gp/profile/amzn1.account.AFGTR4PPMZEHOBNLK4JUHVJTMVBA/ref=cm_cr_othr_d_gw_tr?ie=UTF8,5,must have,R3J7GXW2OCGICS,https://www.amazon.in/gp/customer-reviews/R3J7GXW2OCGICS/ref=cm_cr_othr_d_rvw_ttl?ie=UTF8&ASIN=B09B8XJDW5,4 people found this helpful,"I love it! The sound quality is impressive for its size, making it great for music and podcasts. Alexa is super helpful—whether I’m setting timers, checking the weather, or controlling smart home devices, it all works seamlessly. The integration with other apps is a nice bonus too. Overall, it's a fantastic addition to my home!",True,False,[],2024-10-11,77,"Colour: Blue, Configuration: Echo Dot Only","[{'key': 'Colour', 'value': 'Blue'}, {'key': 'Configuration', 'value': 'Echo Dot Only'}]",,,https://www.amazon.in/product-reviews/B09B8XJDW5?pageNumber=10&filterByStar=all_stars&sortBy=helpful&formatType=all_formats&asin=B09B8XJDW5&reftag=cm_cr_arp_d_paging_btm_next_10&scope=reviewsAjax0,allStars,,B09B8XJDW5,B09B8XJDW5,B09B8XJDW5,"{'price': None, 'listPrice': None}",https://www.amazon.in//Echo-Dot-5th-Gen-Alexa-smart-speaker/dp/B09B8XJDW5/ref=zg_bs_g_1389365031_d_sccl_14/258-6337177-1273930?psc=1,India,
Reviewed in India on 13 August 2024,amzn1.account.AHQGZXJ2JXOTTGPPFO2PBHLAXPKA,https://www.amazon.in/gp/profile/amzn1.account.AHQGZXJ2JXOTTGPPFO2PBHLAXPKA/ref=cm_cr_othr_d_gw_tr?ie=UTF8,4,Ok good,R2TCINGO8IHJNK,https://www.amazon.in/gp/customer-reviews/R2TCINGO8IHJNK/ref=cm_cr_othr_d_rvw_ttl?ie=UTF8&ASIN=B09B8XJDW5,,Ok well,True,False,[],2024-08-13,78,"Colour: Blue, Configuration: Echo Dot Only","[{'key': 'Colour', 'value': 'Blue'}, {'key': 'Configuration', 'value': 'Echo Dot Only'}]",,,https://www.amazon.in/product-reviews/B09B8XJDW5?pageNumber=10&filterByStar=all_stars&sortBy=helpful&formatType=all_formats&asin=B09B8XJDW5&reftag=cm_cr_arp_d_paging_btm_next_10&scope=reviewsAjax0,allStars,,B09B8XJDW5,B09B8XJDW5,B09B8XJDW5,"{'price': None, 'listPrice': None}",https://www.amazon.in//Echo-Dot-5th-Gen-Alexa-smart-speaker/dp/B09B8XJDW5/ref=zg_bs_g_1389365031_d_sccl_14/258-6337177-1273930?psc=1,India,
Reviewed in India on 9 December 2023,amzn1.account.AHDL375QJJFFM7LJ5IO4TL7J5ZFA,https://www.amazon.in/gp/profile/amzn1.account.AHDL375QJJFFM7LJ5IO4TL7J5ZFA/ref=cm_cr_othr_d_gw_tr?ie=UTF8,4,Better than echo dot 3 it's a great leap but still there's a catch,R2I3FE6EAHR647,https://www.amazon.in/gp/customer-reviews/R2I3FE6EAHR647/ref=cm_cr_othr_d_rvw_ttl?ie=UTF8&ASIN=B09B8XJDW5,21 people found this helpful,I bought it like instantly seeing it on the Amazon and it's good at audio department as no problem or issues with the audio but the problem i only facing is the motion sensor that is not pretty useful as it only works 30 min interval so 1 star gone for that it should be working always so when I enter the room it turns on and I exit it turns off that should be very useful and seamless but they did it like non useful way better get 4 if it's not okay for you or else get echo 5 some what better,True,False,[],2023-12-09,79,"Colour: Black, Configuration: Echo Dot Only","[{'key': 'Colour', 'value': 'Black'}, {'key': 'Configuration', 'value': 'Echo Dot Only'}]",,,https://www.amazon.in/product-reviews/B09B8XJDW5?pageNumber=10&filterByStar=all_stars&sortBy=helpful&formatType=all_formats&asin=B09B8XJDW5&reftag=cm_cr_arp_d_paging_btm_next_10&scope=reviewsAjax0,allStars,,B09B8XJDW5,B09B8XJDW5,B09B8XJDW5,"{'price': None, 'listPrice': None}",https://www.amazon.in//Echo-Dot-5th-Gen-Alexa-smart-speaker/dp/B09B8XJDW5/ref=zg_bs_g_1389365031_d_sccl_14/258-6337177-1273930?psc=1,India,
Reviewed in India on 23 October 2024,amzn1.account.AEV6EUZC5OPZXMC5H62IMQKYJXWQ,https://www.amazon.in/gp/profile/amzn1.account.AEV6EUZC5OPZXMC5H62IMQKYJXWQ/ref=cm_cr_othr_d_gw_tr?ie=UTF8,5,very nice speaker quality,R2P41YLTNL52QU,https://www.amazon.in/gp/customer-reviews/R2P41YLTNL52QU/ref=cm_cr_othr_d_rvw_ttl?ie=UTF8&ASIN=B09B8XJDW5,,"i am satisfied with the product. paisa vasool. Even though it looks small, its volume is very large and sound quality is also very good.",True,False,[],2024-10-23,80,"Colour: Blue, Configuration: Echo Dot Only","[{'key': 'Colour', 'value': 'Blue'}, {'key': 'Configuration', 'value': 'Echo Dot Only'}]",,,https://www.amazon.in/product-reviews/B09B8XJDW5?pageNumber=10&filterByStar=all_stars&sortBy=helpful&formatType=all_formats&asin=B09B8XJDW5&reftag=cm_cr_arp_d_paging_btm_next_10&scope=reviewsAjax0,allStars,,B09B8XJDW5,B09B8XJDW5,B09B8XJDW5,"{'price': None, 'listPrice': None}",https://www.amazon.in//Echo-Dot-5th-Gen-Alexa-smart-speaker/dp/B09B8XJDW5/ref=zg_bs_g_1389365031_d_sccl_14/258-6337177-1273930?psc=1,India,
Reviewed in India on 2 October 2024,amzn1.account.AF55UVNOACYMVN6FJETP53EI5QSQ,https://www.amazon.in/gp/profile/amzn1.account.AF55UVNOACYMVN6FJETP53EI5QSQ/ref=cm_cr_othr_d_gw_tr?ie=UTF8,3,Sound is not good after 40% volume,RV0DVSM33QC0H,https://www.amazon.in/gp/customer-reviews/RV0DVSM33QC0H/ref=cm_cr_othr_d_rvw_ttl?ie=UTF8&ASIN=B09B8XJDW5,,When u play son till 40% volume will feel good if you increase above 40% then you will hate the sound,True,False,[],2024-10-02,65,"Colour: Blue, Configuration: Echo Dot Only","[{'key': 'Colour', 'value': 'Blue'}, {'key': 'Configuration', 'value': 'Echo Dot Only'}]",,,https://www.amazon.in/product-reviews/B09B8XJDW5?pageNumber=9&filterByStar=all_stars&sortBy=helpful&formatType=all_formats&asin=B09B8XJDW5&reftag=cm_cr_arp_d_paging_btm_next_9&scope=reviewsAjax0,allStars,,B09B8XJDW5,B09B8XJDW5,B09B8XJDW5,"{'price': None, 'listPrice': None}",https://www.amazon.in//Echo-Dot-5th-Gen-Alexa-smart-speaker/dp/B09B8XJDW5/ref=zg_bs_g_1389365031_d_sccl_14/258-6337177-1273930?psc=1,India,
Reviewed in India on 15 September 2024,amzn1.account.AFRLBMICX75ZHVERD55UBDRHN6CQ,https://www.amazon.in/gp/profile/amzn1.account.AFRLBMICX75ZHVERD55UBDRHN6CQ/ref=cm_cr_othr_d_gw_tr?ie=UTF8,3,"Good for integrating with IOT devices, not for Audio.",R2Z0HX2OHLQUMO,https://www.amazon.in/gp/customer-reviews/R2Z0HX2OHLQUMO/ref=cm_cr_othr_d_rvw_ttl?ie=UTF8&ASIN=B09B8XJDW5,One person found this helpful,"The inbuilt speaker is too small for good sound. External Bluetooth speakers don't sound good on Echo Dot. They sound like low bit rate MP3 songs. When I connect the same External Bluetooth speakers to Phone, they sound very good. So this is Not for Playing songs with good quality audio.Only good for controlling IOT devices through Voice.",True,False,[],2024-09-15,66,"Colour: Blue, Configuration: Echo Dot Only","[{'key': 'Colour', 'value': 'Blue'}, {'key': 'Configuration', 'value': 'Echo Dot Only'}]",,,https://www.amazon.in/product-reviews/B09B8XJDW5?pageNumber=9&filterByStar=all_stars&sortBy=helpful&formatType=all_formats&asin=B09B8XJDW5&reftag=cm_cr_arp_d_paging_btm_next_9&scope=reviewsAjax0,allStars,,B09B8XJDW5,B09B8XJDW5,B09B8XJDW5,"{'price': None, 'listPrice': None}",https://www.amazon.in//Echo-Dot-5th-Gen-Alexa-smart-speaker/dp/B09B8XJDW5/ref=zg_bs_g_1389365031_d_sccl_14/258-6337177-1273930?psc=1,India,
Reviewed in India on 2 March 2024,amzn1.account.AG4YGQFLGBDI7MGOTGVC3MTDYV4Q,https://www.amazon.in/gp/profile/amzn1.account.AG4YGQFLGBDI7MGOTGVC3MTDYV4Q/ref=cm_cr_othr_d_gw_tr?ie=UTF8,3,(SONOS not supportable ) Medium range speaker with limited Intelligent,RIE6XSQZSRAWS,https://www.amazon.in/gp/customer-reviews/RIE6XSQZSRAWS/ref=cm_cr_othr_d_rvw_ttl?ie=UTF8&ASIN=B09B8XJDW5,4 people found this helpful,"Starting with cons for users to take decision whether to purchase or not ..Cons :* AI Alexa dont have ability to evolve over time* Alexa skills app is very fragmented , don’t support global support global product like SONOS in India* not a great speaker sound to this price , could have been better* Alexa need to hear specific word to work - Bit tough to remember some words every time* no display option as available in international 5th gen model ,*  no software supportability in India for many products which are available in Amazon.com* every time you have to start from “Alexa” , Can’t do continuous commandPros :* Easy to get things done via voice of your smart device* customer care easy access , but any response from CC cannot be believed as it don’t happen* with less Apple supportable product in India , nice to have product to command & get things done* Seemless activation & addition of any new products* quick response but can’t have continuous conversation",True,False,[],2024-03-02,67,"Colour: White, Configuration: Echo Dot Only","[{'key': 'Colour', 'value': 'White'}, {'key': 'Configuration', 'value': 'Echo Dot Only'}]",,,https://www.amazon.in/product-reviews/B09B8XJDW5?pageNumber=9&filterByStar=all_stars&sortBy=helpful&formatType=all_formats&asin=B09B8XJDW5&reftag=cm_cr_arp_d_paging_btm_next_9&scope=reviewsAjax0,allStars,,B09B8XJDW5,B09B8XJDW5,B09B8XJDW5,"{'price': None, 'listPrice': None}",https://www.amazon.in//Echo-Dot-5th-Gen-Alexa-smart-speaker/dp/B09B8XJDW5/ref=zg_bs_g_1389365031_d_sccl_14/258-6337177-1273930?psc=1,India,
Reviewed in India on 14 August 2024,amzn1.account.AEYUUH76VSTWM6QH7465KDKKOXGA,https://www.amazon.in/gp/profile/amzn1.account.AEYUUH76VSTWM6QH7465KDKKOXGA/ref=cm_cr_othr_d_gw_tr?ie=UTF8,4,Good product but Price 500 kam ho sakti thi iski,RZZH4VYX1UNV7,https://www.amazon.in/gp/customer-reviews/RZZH4VYX1UNV7/ref=cm_cr_othr_d_rvw_ttl?ie=UTF8&ASIN=B09B8XJDW5,,Good product but Price 500 kam ho sakti thi iski,True,False,[],2024-08-14,68,"Colour: Blue, Configuration: Echo Dot Only","[{'key': 'Colour', 'value': 'Blue'}, {'key': 'Configuration', 'value': 'Echo Dot Only'}]",,,https://www.amazon.in/product-reviews/B09B8XJDW5?pageNumber=9&filterByStar=all_stars&sortBy=helpful&formatType=all_formats&asin=B09B8XJDW5&reftag=cm_cr_arp_d_paging_btm_next_9&scope=reviewsAjax0,allStars,,B09B8XJDW5,B09B8XJDW5,B09B8XJDW5,"{'price': None, 'listPrice': None}",https://www.amazon.in//Echo-Dot-5th-Gen-Alexa-smart-speaker/dp/B09B8XJDW5/ref=zg_bs_g_1389365031_d_sccl_14/258-6337177-1273930?psc=1,India,
Reviewed in India on 9 November 2024,amzn1.account.AEYGGXHNIWAB5LZR5BJMPJCYTMHQ,https://www.amazon.in/gp/profile/amzn1.account.AEYGGXHNIWAB5LZR5BJMPJCYTMHQ/ref=cm_cr_othr_d_gw_tr?ie=UTF8,5,Dot alexa,R39SYCUEO5JNFX,https://www.amazon.in/gp/customer-reviews/R39SYCUEO5JNFX/ref=cm_cr_othr_d_rvw_ttl?ie=UTF8&ASIN=B09B8XJDW5,,Very useful and  recommended product sound quality was awesome response time was very fast and size is very easy to carry,True,False,[],2024-11-09,69,"Colour: Blue, Configuration: Echo Dot Only","[{'key': 'Colour', 'value': 'Blue'}, {'key': 'Configuration', 'value': 'Echo Dot Only'}]",,,https://www.amazon.in/product-reviews/B09B8XJDW5?pageNumber=9&filterByStar=all_stars&sortBy=helpful&formatType=all_formats&asin=B09B8XJDW5&reftag=cm_cr_arp_d_paging_btm_next_9&scope=reviewsAjax0,allStars,,B09B8XJDW5,B09B8XJDW5,B09B8XJDW5,"{'price': None, 'listPrice': None}",https://www.amazon.in//Echo-Dot-5th-Gen-Alexa-smart-speaker/dp/B09B8XJDW5/ref=zg_bs_g_1389365031_d_sccl_14/258-6337177-1273930?psc=1,India,
Reviewed in India on 27 August 2024,amzn1.account.AHTDVSO7EK4FJXSRTLAJ7RHCPNVQ,https://www.amazon.in/gp/profile/amzn1.account.AHTDVSO7EK4FJXSRTLAJ7RHCPNVQ/ref=cm_cr_othr_d_gw_tr?ie=UTF8,4,Sound not as good as they promise.,R1N5R5BZNGOBW3,https://www.amazon.in/gp/customer-reviews/R1N5R5BZNGOBW3/ref=cm_cr_othr_d_rvw_ttl?ie=UTF8&ASIN=B09B8XJDW5,3 people found this helpful,Good but doesn't sound as good as they promise.,True,False,[],2024-08-27,70,"Colour: Blue, Configuration: Echo Dot Only","[{'key': 'Colour', 'value': 'Blue'}, {'key': 'Configuration', 'value': 'Echo Dot Only'}]",,,https://www.amazon.in/product-reviews/B09B8XJDW5?pageNumber=9&filterByStar=all_stars&sortBy=helpful&formatType=all_formats&asin=B09B8XJDW5&reftag=cm_cr_arp_d_paging_btm_next_9&scope=reviewsAjax0,allStars,,B09B8XJDW5,B09B8XJDW5,B09B8XJDW5,"{'price': None, 'listPrice': None}",https://www.amazon.in//Echo-Dot-5th-Gen-Alexa-smart-speaker/dp/B09B8XJDW5/ref=zg_bs_g_1389365031_d_sccl_14/258-6337177-1273930?psc=1,India,
Reviewed in India on 6 November 2024,amzn1.account.AH2U26KPAAMANA5TQKQJKK2DOTUQ,https://www.amazon.in/gp/profile/amzn1.account.AH2U26KPAAMANA5TQKQJKK2DOTUQ/ref=cm_cr_othr_d_gw_tr?ie=UTF8,2,Not responding to voice commands,RZF6692UA32PO,https://www.amazon.in/gp/customer-reviews/RZF6692UA32PO/ref=cm_cr_othr_d_rvw_ttl?ie=UTF8&ASIN=B09B8XJDW5,,"I am writing this after using device for more than 6 months. Suddenly 5he echo device has stopped responding to voice commands. Instead it works only when action button is played. When i checked online, many other users around the world are having same issue. I have updated echo device and i have exhausted all methods of troubleshooting which were available on amazon forums and other websites as well. I have tried rebooting, resetting, changing wifi etc etc. but device is not working. Thankfully when i called customer care, they told me to buy another fresh device and said cost will be refunded since device is in warranty.",True,False,[],2024-11-06,71,"Colour: Blue, Configuration: with 9W smart bulb","[{'key': 'Colour', 'value': 'Blue'}, {'key': 'Configuration', 'value': 'with 9W smart bulb'}]",,,https://www.amazon.in/product-reviews/B09B8XJDW5?pageNumber=9&filterByStar=all_stars&sortBy=helpful&formatType=all_formats&asin=B09B8XJDW5&reftag=cm_cr_arp_d_paging_btm_next_9&scope=reviewsAjax0,allStars,,B09B8XJDW5,B09B8XJDW5,B09B8XJDW5,"{'price': None, 'listPrice': None}",https://www.amazon.in//Echo-Dot-5th-Gen-Alexa-smart-speaker/dp/B09B8XJDW5/ref=zg_bs_g_1389365031_d_sccl_14/258-6337177-1273930?psc=1,India,
Reviewed in India on 30 September 2024,amzn1.account.AFG7IBSDIUZM6IDUDEJ6ORHEWL5Q,https://www.amazon.in/gp/profile/amzn1.account.AFG7IBSDIUZM6IDUDEJ6ORHEWL5Q/ref=cm_cr_othr_d_gw_tr?ie=UTF8,5,Had a good experience,R1VHM1TV9KKLXV,https://www.amazon.in/gp/customer-reviews/R1VHM1TV9KKLXV/ref=cm_cr_othr_d_rvw_ttl?ie=UTF8&ASIN=B09B8XJDW5,6 people found this helpful,"I have had an excellent experience till now with Alexa. It is connected to my smart TV along with speakers and has good control over the TV. The assistant is able to distinguish between when we are talking about it and when are actually calling it. It has very good sound and nice look.Only if it was wireless, it would have been perfect but nonetheless a good buy if you are looking for smart home gadgets",True,False,[],2024-09-30,72,"Colour: Blue, Configuration: Echo Dot Only","[{'key': 'Colour', 'value': 'Blue'}, {'key': 'Configuration', 'value': 'Echo Dot Only'}]",,,https://www.amazon.in/product-reviews/B09B8XJDW5?pageNumber=9&filterByStar=all_stars&sortBy=helpful&formatType=all_formats&asin=B09B8XJDW5&reftag=cm_cr_arp_d_paging_btm_next_9&scope=reviewsAjax0,allStars,,B09B8XJDW5,B09B8XJDW5,B09B8XJDW5,"{'price': None, 'listPrice': None}",https://www.amazon.in//Echo-Dot-5th-Gen-Alexa-smart-speaker/dp/B09B8XJDW5/ref=zg_bs_g_1389365031_d_sccl_14/258-6337177-1273930?psc=1,India,
Reviewed in India on 19 January 2025,amzn1.account.AF3EJIZH6L6S65M6QHI7ZNYJ5WQQ,https://www.amazon.in/gp/profile/amzn1.account.AF3EJIZH6L6S65M6QHI7ZNYJ5WQQ/ref=cm_cr_othr_d_gw_tr?ie=UTF8,5,Excellent product,R2X8JW3GEI7IKV,https://www.amazon.in/gp/customer-reviews/R2X8JW3GEI7IKV/ref=cm_cr_othr_d_rvw_ttl?ie=UTF8&ASIN=B09B8XJDW5,,Thanks Amazone,True,False,[],2025-01-19,25,"Colour: Black, Configuration: Echo Dot Only","[{'key': 'Colour', 'value': 'Black'}, {'key': 'Configuration', 'value': 'Echo Dot Only'}]",,,https://www.amazon.in/product-reviews/B09B8XJDW5?pageNumber=4&filterByStar=all_stars&sortBy=helpful&formatType=all_formats&asin=B09B8XJDW5&reftag=cm_cr_arp_d_paging_btm_next_4&scope=reviewsAjax0,allStars,,B09B8XJDW5,B09B8XJDW5,B09B8XJDW5,"{'price': None, 'listPrice': None}",https://www.amazon.in//Echo-Dot-5th-Gen-Alexa-smart-speaker/dp/B09B8XJDW5/ref=zg_bs_g_1389365031_d_sccl_14/258-6337177-1273930?psc=1,India,
Reviewed in India on 17 October 2024,amzn1.account.AFG4EQLJX4JU3IXP33MCCMFNU6TQ,https://www.amazon.in/gp/profile/amzn1.account.AFG4EQLJX4JU3IXP33MCCMFNU6TQ/ref=cm_cr_othr_d_gw_tr?ie=UTF8,4,GOOD INDEED,R3F7SFC9GDTJDT,https://www.amazon.in/gp/customer-reviews/R3F7SFC9GDTJDT/ref=cm_cr_othr_d_rvw_ttl?ie=UTF8&ASIN=B09B8XJDW5,One person found this helpful,Best overall but it automatically plays music even if you tell it to stop  it's not that big you can just stop music on music application,True,False,['https://m.media-amazon.com/images/I/71jf1A7xh9L._SY88.jpg'],2024-10-17,26,"Colour: White, Configuration: Echo Dot Only","[{'key': 'Colour', 'value': 'White'}, {'key': 'Configuration', 'value': 'Echo Dot Only'}]",,,https://www.amazon.in/product-reviews/B09B8XJDW5?pageNumber=4&filterByStar=all_stars&sortBy=helpful&formatType=all_formats&asin=B09B8XJDW5&reftag=cm_cr_arp_d_paging_btm_next_4&scope=reviewsAjax0,allStars,,B09B8XJDW5,B09B8XJDW5,B09B8XJDW5,"{'price': None, 'listPrice': None}",https://www.amazon.in//Echo-Dot-5th-Gen-Alexa-smart-speaker/dp/B09B8XJDW5/ref=zg_bs_g_1389365031_d_sccl_14/258-6337177-1273930?psc=1,India,
Reviewed in India on 12 December 2024,amzn1.account.AGQA53OOD7MRHZKQP3PCOIF6AMEA,https://www.amazon.in/gp/profile/amzn1.account.AGQA53OOD7MRHZKQP3PCOIF6AMEA/ref=cm_cr_othr_d_gw_tr?ie=UTF8,3,Good but timmer not showing,R2Y943IN4RZ5JM,https://www.amazon.in/gp/customer-reviews/R2Y943IN4RZ5JM/ref=cm_cr_othr_d_rvw_ttl?ie=UTF8&ASIN=B09B8XJDW5,,Good but timmer not showing,True,False,[],2024-12-12,27,"Colour: White, Configuration: Echo Dot Only","[{'key': 'Colour', 'value': 'White'}, {'key': 'Configuration', 'value': 'Echo Dot Only'}]",,,https://www.amazon.in/product-reviews/B09B8XJDW5?pageNumber=4&filterByStar=all_stars&sortBy=helpful&formatType=all_formats&asin=B09B8XJDW5&reftag=cm_cr_arp_d_paging_btm_next_4&scope=reviewsAjax0,allStars,,B09B8XJDW5,B09B8XJDW5,B09B8XJDW5,"{'price': None, 'listPrice': None}",https://www.amazon.in//Echo-Dot-5th-Gen-Alexa-smart-speaker/dp/B09B8XJDW5/ref=zg_bs_g_1389365031_d_sccl_14/258-6337177-1273930?psc=1,India,
Reviewed in India on 9 January 2025,amzn1.account.AGZHK2DKHSAEJ63GRJSEMPRE3OQA,https://www.amazon.in/gp/profile/amzn1.account.AGZHK2DKHSAEJ63GRJSEMPRE3OQA/ref=cm_cr_othr_d_gw_tr?ie=UTF8,5,updated product needed.,R1YG8GKMPSB5NH,https://www.amazon.in/gp/customer-reviews/R1YG8GKMPSB5NH/ref=cm_cr_othr_d_rvw_ttl?ie=UTF8&ASIN=B09B8XJDW5,,updated product launched,True,False,[],2025-01-09,28,"Colour: Black, Configuration: Echo Dot Only","[{'key': 'Colour', 'value': 'Black'}, {'key': 'Configuration', 'value': 'Echo Dot Only'}]",,,https://www.amazon.in/product-reviews/B09B8XJDW5?pageNumber=4&filterByStar=all_stars&sortBy=helpful&formatType=all_formats&asin=B09B8XJDW5&reftag=cm_cr_arp_d_paging_btm_next_4&scope=reviewsAjax0,allStars,,B09B8XJDW5,B09B8XJDW5,B09B8XJDW5,"{'price': None, 'listPrice': None}",https://www.amazon.in//Echo-Dot-5th-Gen-Alexa-smart-speaker/dp/B09B8XJDW5/ref=zg_bs_g_1389365031_d_sccl_14/258-6337177-1273930?psc=1,India,
Reviewed in India on 13 November 2024,amzn1.account.AHTW75F52Q6FDGIOBDFWJKFXZDDQ,https://www.amazon.in/gp/profile/amzn1.account.AHTW75F52Q6FDGIOBDFWJKFXZDDQ/ref=cm_cr_othr_d_gw_tr?ie=UTF8,3,Motion sensor,R3GCBF039XTJML,https://www.amazon.in/gp/customer-reviews/R3GCBF039XTJML/ref=cm_cr_othr_d_rvw_ttl?ie=UTF8&ASIN=B09B8XJDW5,,The motion nor in this  device does not work.The room temperature reads correctly. I bought this for use of the built in motion sensor. The purpose was defeated.. The 5 th gen is no different from the earlier version,True,False,[],2024-11-13,29,"Colour: Blue, Configuration: Echo Dot Only","[{'key': 'Colour', 'value': 'Blue'}, {'key': 'Configuration', 'value': 'Echo Dot Only'}]",,,https://www.amazon.in/product-reviews/B09B8XJDW5?pageNumber=4&filterByStar=all_stars&sortBy=helpful&formatType=all_formats&asin=B09B8XJDW5&reftag=cm_cr_arp_d_paging_btm_next_4&scope=reviewsAjax0,allStars,,B09B8XJDW5,B09B8XJDW5,B09B8XJDW5,"{'price': None, 'listPrice': None}",https://www.amazon.in//Echo-Dot-5th-Gen-Alexa-smart-speaker/dp/B09B8XJDW5/ref=zg_bs_g_1389365031_d_sccl_14/258-6337177-1273930?psc=1,India,
Reviewed in India on 26 December 2024,amzn1.account.AEUA57V6XD4NB5JDFHRGPLCKHGWA,https://www.amazon.in/gp/profile/amzn1.account.AEUA57V6XD4NB5JDFHRGPLCKHGWA/ref=cm_cr_othr_d_gw_tr?ie=UTF8,5,It is very important for us.,RVMF3NU314R5H,https://www.amazon.in/gp/customer-reviews/RVMF3NU314R5H/ref=cm_cr_othr_d_rvw_ttl?ie=UTF8&ASIN=B09B8XJDW5,,Alexa is a very nice product. I like it very much.,True,False,['https://m.media-amazon.com/images/I/51baiHTSNPL._SY88.jpg'],2024-12-26,30,"Colour: Blue, Configuration: Echo Dot Only","[{'key': 'Colour', 'value': 'Blue'}, {'key': 'Configuration', 'value': 'Echo Dot Only'}]",,,https://www.amazon.in/product-reviews/B09B8XJDW5?pageNumber=4&filterByStar=all_stars&sortBy=helpful&formatType=all_formats&asin=B09B8XJDW5&reftag=cm_cr_arp_d_paging_btm_next_4&scope=reviewsAjax0,allStars,,B09B8XJDW5,B09B8XJDW5,B09B8XJDW5,"{'price': None, 'listPrice': None}",https://www.amazon.in//Echo-Dot-5th-Gen-Alexa-smart-speaker/dp/B09B8XJDW5/ref=zg_bs_g_1389365031_d_sccl_14/258-6337177-1273930?psc=1,India,
Reviewed in India on 11 October 2024,amzn1.account.AGBKMQRZEZ7OVXYU4WDPJXVEDSPA,https://www.amazon.in/gp/profile/amzn1.account.AGBKMQRZEZ7OVXYU4WDPJXVEDSPA/ref=cm_cr_othr_d_gw_tr?ie=UTF8,4,Review for alexa,R2DI50PQJPMG5V,https://www.amazon.in/gp/customer-reviews/R2DI50PQJPMG5V/ref=cm_cr_othr_d_rvw_ttl?ie=UTF8&ASIN=B09B8XJDW5,,It is good product but sometimes the required songs are not played,True,False,[],2024-10-11,31,"Colour: Blue, Configuration: Echo Dot Only","[{'key': 'Colour', 'value': 'Blue'}, {'key': 'Configuration', 'value': 'Echo Dot Only'}]",,,https://www.amazon.in/product-reviews/B09B8XJDW5?pageNumber=4&filterByStar=all_stars&sortBy=helpful&formatType=all_formats&asin=B09B8XJDW5&reftag=cm_cr_arp_d_paging_btm_next_4&scope=reviewsAjax0,allStars,,B09B8XJDW5,B09B8XJDW5,B09B8XJDW5,"{'price': None, 'listPrice': None}",https://www.amazon.in//Echo-Dot-5th-Gen-Alexa-smart-speaker/dp/B09B8XJDW5/ref=zg_bs_g_1389365031_d_sccl_14/258-6337177-1273930?psc=1,India,
Reviewed in India on 2 January 2025,amzn1.account.AGHD6BRPG45WI3KO7KGWAVVKLB5Q,https://www.amazon.in/gp/profile/amzn1.account.AGHD6BRPG45WI3KO7KGWAVVKLB5Q/ref=cm_cr_othr_d_gw_tr?ie=UTF8,5,Dot,R1AWXU1FJG7JLX,https://www.amazon.in/gp/customer-reviews/R1AWXU1FJG7JLX/ref=cm_cr_othr_d_rvw_ttl?ie=UTF8&ASIN=B09B8XJDW5,,Good product enjoyed,True,False,[],2025-01-02,32,"Colour: Blue, Configuration: Echo Dot Only","[{'key': 'Colour', 'value': 'Blue'}, {'key': 'Configuration', 'value': 'Echo Dot Only'}]",,,https://www.amazon.in/product-reviews/B09B8XJDW5?pageNumber=4&filterByStar=all_stars&sortBy=helpful&formatType=all_formats&asin=B09B8XJDW5&reftag=cm_cr_arp_d_paging_btm_next_4&scope=reviewsAjax0,allStars,,B09B8XJDW5,B09B8XJDW5,B09B8XJDW5,"{'price': None, 'listPrice': None}",https://www.amazon.in//Echo-Dot-5th-Gen-Alexa-smart-speaker/dp/B09B8XJDW5/ref=zg_bs_g_1389365031_d_sccl_14/258-6337177-1273930?psc=1,India,
Reviewed in India on 7 November 2024,amzn1.account.AGM7ERP2HGLJQTQB2O2R3HATNASQ,https://www.amazon.in/gp/profile/amzn1.account.AGM7ERP2HGLJQTQB2O2R3HATNASQ/ref=cm_cr_othr_d_gw_tr?ie=UTF8,3,The product is good but the main problem is that it not chargeble it continuously need power,R2ZC9OPD24XOXV,https://www.amazon.in/gp/customer-reviews/R2ZC9OPD24XOXV/ref=cm_cr_othr_d_rvw_ttl?ie=UTF8&ASIN=B09B8XJDW5,One person found this helpful,Its not chargble,True,False,[],2024-11-07,49,"Colour: Black, Configuration: Echo Dot Only","[{'key': 'Colour', 'value': 'Black'}, {'key': 'Configuration', 'value': 'Echo Dot Only'}]",,,https://www.amazon.in/product-reviews/B09B8XJDW5?pageNumber=7&filterByStar=all_stars&sortBy=helpful&formatType=all_formats&asin=B09B8XJDW5&reftag=cm_cr_arp_d_paging_btm_next_7&scope=reviewsAjax0,allStars,,B09B8XJDW5,B09B8XJDW5,B09B8XJDW5,"{'price': None, 'listPrice': None}",https://www.amazon.in//Echo-Dot-5th-Gen-Alexa-smart-speaker/dp/B09B8XJDW5/ref=zg_bs_g_1389365031_d_sccl_14/258-6337177-1273930?psc=1,India,
Reviewed in India on 23 October 2024,amzn1.account.AH7G3X5XK7CBQWIPANVE5M3C7RQQ,https://www.amazon.in/gp/profile/amzn1.account.AH7G3X5XK7CBQWIPANVE5M3C7RQQ/ref=cm_cr_othr_d_gw_tr?ie=UTF8,3,No proper user mannual,R1Z3YCUEFCP1FS,https://www.amazon.in/gp/customer-reviews/R1Z3YCUEFCP1FS/ref=cm_cr_othr_d_rvw_ttl?ie=UTF8&ASIN=B09B8XJDW5,One person found this helpful,Disappointed don't how to a make call from the contact list of my mobile through Alexa,True,False,[],2024-10-23,50,"Colour: Black, Configuration: Echo Dot Only","[{'key': 'Colour', 'value': 'Black'}, {'key': 'Configuration', 'value': 'Echo Dot Only'}]",,,https://www.amazon.in/product-reviews/B09B8XJDW5?pageNumber=7&filterByStar=all_stars&sortBy=helpful&formatType=all_formats&asin=B09B8XJDW5&reftag=cm_cr_arp_d_paging_btm_next_7&scope=reviewsAjax0,allStars,,B09B8XJDW5,B09B8XJDW5,B09B8XJDW5,"{'price': None, 'listPrice': None}",https://www.amazon.in//Echo-Dot-5th-Gen-Alexa-smart-speaker/dp/B09B8XJDW5/ref=zg_bs_g_1389365031_d_sccl_14/258-6337177-1273930?psc=1,India,
Reviewed in India on 19 December 2024,amzn1.account.AH2ZB7FWNCELXKIAJ7VKHQ45T46Q,https://www.amazon.in/gp/profile/amzn1.account.AH2ZB7FWNCELXKIAJ7VKHQ45T46Q/ref=cm_cr_othr_d_gw_tr?ie=UTF8,5,Good one Alexa,R1VC7YK4ZPH9UD,https://www.amazon.in/gp/customer-reviews/R1VC7YK4ZPH9UD/ref=cm_cr_othr_d_rvw_ttl?ie=UTF8&ASIN=B09B8XJDW5,,Good product. Help daily Routine,True,False,[],2024-12-19,51,"Colour: Black, Configuration: with 9W smart bulb","[{'key': 'Colour', 'value': 'Black'}, {'key': 'Configuration', 'value': 'with 9W smart bulb'}]",,,https://www.amazon.in/product-reviews/B09B8XJDW5?pageNumber=7&filterByStar=all_stars&sortBy=helpful&formatType=all_formats&asin=B09B8XJDW5&reftag=cm_cr_arp_d_paging_btm_next_7&scope=reviewsAjax0,allStars,,B09B8XJDW5,B09B8XJDW5,B09B8XJDW5,"{'price': None, 'listPrice': None}",https://www.amazon.in//Echo-Dot-5th-Gen-Alexa-smart-speaker/dp/B09B8XJDW5/ref=zg_bs_g_1389365031_d_sccl_14/258-6337177-1273930?psc=1,India,
Reviewed in India on 5 November 2024,amzn1.account.AEIQP2SEH6J73CGGJBFJO5LHHJ5Q,https://www.amazon.in/gp/profile/amzn1.account.AEIQP2SEH6J73CGGJBFJO5LHHJ5Q/ref=cm_cr_othr_d_gw_tr?ie=UTF8,3,it doesn't understand what we say many times,R7QV6BC0CUY4C,https://www.amazon.in/gp/customer-reviews/R7QV6BC0CUY4C/ref=cm_cr_othr_d_rvw_ttl?ie=UTF8&ASIN=B09B8XJDW5,,it doesn't understand what we say many times,True,False,[],2024-11-05,52,"Colour: Blue, Configuration: Echo Dot Only","[{'key': 'Colour', 'value': 'Blue'}, {'key': 'Configuration', 'value': 'Echo Dot Only'}]",,,https://www.amazon.in/product-reviews/B09B8XJDW5?pageNumber=7&filterByStar=all_stars&sortBy=helpful&formatType=all_formats&asin=B09B8XJDW5&reftag=cm_cr_arp_d_paging_btm_next_7&scope=reviewsAjax0,allStars,,B09B8XJDW5,B09B8XJDW5,B09B8XJDW5,"{'price': None, 'listPrice': None}",https://www.amazon.in//Echo-Dot-5th-Gen-Alexa-smart-speaker/dp/B09B8XJDW5/ref=zg_bs_g_1389365031_d_sccl_14/258-6337177-1273930?psc=1,India,
Reviewed in India on 18 August 2024,amzn1.account.AE4JQ7CZ6WLSYPKMOADZ4TRL7ZMQ,https://www.amazon.in/gp/profile/amzn1.account.AE4JQ7CZ6WLSYPKMOADZ4TRL7ZMQ/ref=cm_cr_othr_d_gw_tr?ie=UTF8,3,Low Volume,R3SUK6G2UM1A1,https://www.amazon.in/gp/customer-reviews/R3SUK6G2UM1A1/ref=cm_cr_othr_d_rvw_ttl?ie=UTF8&ASIN=B09B8XJDW5,2 people found this helpful,"Poor Sound Quality, even in max volume the Audio is very low expected more for such a high price.Motion Sensors doesn't work instantly, there are limits in detecting occupancy and triggering routines. Expected lights to turn on when I enter the room sigh it doesn't work even after configuring the routines. Needs more improvementOther than interaction with Alexa and its compatible devices the quality has fallen.For motion Sensors 2 StarFor Speakers 3 StarFor Quality of Product 3 StarMusic Streaming 5 Star Overall 3 Star ⭐⭐⭐",True,False,[],2024-08-18,53,"Colour: White, Configuration: Echo Dot Only","[{'key': 'Colour', 'value': 'White'}, {'key': 'Configuration', 'value': 'Echo Dot Only'}]",,,https://www.amazon.in/product-reviews/B09B8XJDW5?pageNumber=7&filterByStar=all_stars&sortBy=helpful&formatType=all_formats&asin=B09B8XJDW5&reftag=cm_cr_arp_d_paging_btm_next_7&scope=reviewsAjax0,allStars,,B09B8XJDW5,B09B8XJDW5,B09B8XJDW5,"{'price': None, 'listPrice': None}",https://www.amazon.in//Echo-Dot-5th-Gen-Alexa-smart-speaker/dp/B09B8XJDW5/ref=zg_bs_g_1389365031_d_sccl_14/258-6337177-1273930?psc=1,India,
Reviewed in India on 16 December 2024,amzn1.account.AFLI7WETARNZYYCTCSFVJJ7IMBZQ,https://www.amazon.in/gp/profile/amzn1.account.AFLI7WETARNZYYCTCSFVJJ7IMBZQ/ref=cm_cr_othr_d_gw_tr?ie=UTF8,5,Unit,R358V94RWPAGLJ,https://www.amazon.in/gp/customer-reviews/R358V94RWPAGLJ/ref=cm_cr_othr_d_rvw_ttl?ie=UTF8&ASIN=B09B8XJDW5,,Works beautifully without any problem.,True,False,[],2024-12-16,54,"Colour: Black, Configuration: Echo Dot Only","[{'key': 'Colour', 'value': 'Black'}, {'key': 'Configuration', 'value': 'Echo Dot Only'}]",,,https://www.amazon.in/product-reviews/B09B8XJDW5?pageNumber=7&filterByStar=all_stars&sortBy=helpful&formatType=all_formats&asin=B09B8XJDW5&reftag=cm_cr_arp_d_paging_btm_next_7&scope=reviewsAjax0,allStars,,B09B8XJDW5,B09B8XJDW5,B09B8XJDW5,"{'price': None, 'listPrice': None}",https://www.amazon.in//Echo-Dot-5th-Gen-Alexa-smart-speaker/dp/B09B8XJDW5/ref=zg_bs_g_1389365031_d_sccl_14/258-6337177-1273930?psc=1,India,
Reviewed in India on 23 August 2024,amzn1.account.AFJY6E7Y6WWCV3DZSGMKK2YH3UVQ,https://www.amazon.in/gp/profile/amzn1.account.AFJY6E7Y6WWCV3DZSGMKK2YH3UVQ/ref=cm_cr_othr_d_gw_tr?ie=UTF8,4,Power back up,RROV6JP50SRNH,https://www.amazon.in/gp/customer-reviews/RROV6JP50SRNH/ref=cm_cr_othr_d_rvw_ttl?ie=UTF8&ASIN=B09B8XJDW5,One person found this helpful,"We don’t find any echo dot stand with inbuilt power backup anywhere, if it had that as well the product would have been so good",True,False,[],2024-08-23,55,"Colour: Black, Configuration: Echo Dot Only","[{'key': 'Colour', 'value': 'Black'}, {'key': 'Configuration', 'value': 'Echo Dot Only'}]",,,https://www.amazon.in/product-reviews/B09B8XJDW5?pageNumber=7&filterByStar=all_stars&sortBy=helpful&formatType=all_formats&asin=B09B8XJDW5&reftag=cm_cr_arp_d_paging_btm_next_7&scope=reviewsAjax0,allStars,,B09B8XJDW5,B09B8XJDW5,B09B8XJDW5,"{'price': None, 'listPrice': None}",https://www.amazon.in//Echo-Dot-5th-Gen-Alexa-smart-speaker/dp/B09B8XJDW5/ref=zg_bs_g_1389365031_d_sccl_14/258-6337177-1273930?psc=1,India,
Reviewed in India on 15 December 2024,amzn1.account.AFYIXXFOUHUPPPM6643Z3LVJKPAQ,https://www.amazon.in/gp/profile/amzn1.account.AFYIXXFOUHUPPPM6643Z3LVJKPAQ/ref=cm_cr_othr_d_gw_tr?ie=UTF8,5,Very good and reliable product,R1R876LRZ5KGXF,https://www.amazon.in/gp/customer-reviews/R1R876LRZ5KGXF/ref=cm_cr_othr_d_rvw_ttl?ie=UTF8&ASIN=B09B8XJDW5,4 people found this helpful,Very good product and very useful. Very compact and intelligent. It’s response time is also good,True,False,[],2024-12-15,56,"Colour: White, Configuration: Echo Dot Only","[{'key': 'Colour', 'value': 'White'}, {'key': 'Configuration', 'value': 'Echo Dot Only'}]",,,https://www.amazon.in/product-reviews/B09B8XJDW5?pageNumber=7&filterByStar=all_stars&sortBy=helpful&formatType=all_formats&asin=B09B8XJDW5&reftag=cm_cr_arp_d_paging_btm_next_7&scope=reviewsAjax0,allStars,,B09B8XJDW5,B09B8XJDW5,B09B8XJDW5,"{'price': None, 'listPrice': None}",https://www.amazon.in//Echo-Dot-5th-Gen-Alexa-smart-speaker/dp/B09B8XJDW5/ref=zg_bs_g_1389365031_d_sccl_14/258-6337177-1273930?psc=1,India,
Reviewed in India on 23 October 2024,amzn1.account.AGWA2TRKYF3LD5NKBROLMLRWFIEA,https://www.amazon.in/gp/profile/amzn1.account.AGWA2TRKYF3LD5NKBROLMLRWFIEA/ref=cm_cr_othr_d_gw_tr?ie=UTF8,3,Not so good,R9GGYTE5MJLOR,https://www.amazon.in/gp/customer-reviews/R9GGYTE5MJLOR/ref=cm_cr_othr_d_rvw_ttl?ie=UTF8&ASIN=B09B8XJDW5,,Not so good but okay with the purpose fulfilled,True,False,[],2024-10-23,57,"Colour: Blue, Configuration: Echo Dot Only","[{'key': 'Colour', 'value': 'Blue'}, {'key': 'Configuration', 'value': 'Echo Dot Only'}]",,,https://www.amazon.in/product-reviews/B09B8XJDW5?pageNumber=8&filterByStar=all_stars&sortBy=helpful&formatType=all_formats&asin=B09B8XJDW5&reftag=cm_cr_arp_d_paging_btm_next_8&scope=reviewsAjax0,allStars,,B09B8XJDW5,B09B8XJDW5,B09B8XJDW5,"{'price': None, 'listPrice': None}",https://www.amazon.in//Echo-Dot-5th-Gen-Alexa-smart-speaker/dp/B09B8XJDW5/ref=zg_bs_g_1389365031_d_sccl_14/258-6337177-1273930?psc=1,India,
Reviewed in India on 12 October 2024,amzn1.account.AHAKV7LQYN4ZYD4HZ46WJ5XKXD4A,https://www.amazon.in/gp/profile/amzn1.account.AHAKV7LQYN4ZYD4HZ46WJ5XKXD4A/ref=cm_cr_othr_d_gw_tr?ie=UTF8,3,Aux/USB port should have been there,R2UARWTQB9YNPA,https://www.amazon.in/gp/customer-reviews/R2UARWTQB9YNPA/ref=cm_cr_othr_d_rvw_ttl?ie=UTF8&ASIN=B09B8XJDW5,,No aux/usb port should. Alexa knows nothing compared to Google . Should use Google instead .  It much useful for kids .,True,False,[],2024-10-12,58,"Colour: Blue, Configuration: Echo Dot Only","[{'key': 'Colour', 'value': 'Blue'}, {'key': 'Configuration', 'value': 'Echo Dot Only'}]",,,https://www.amazon.in/product-reviews/B09B8XJDW5?pageNumber=8&filterByStar=all_stars&sortBy=helpful&formatType=all_formats&asin=B09B8XJDW5&reftag=cm_cr_arp_d_paging_btm_next_8&scope=reviewsAjax0,allStars,,B09B8XJDW5,B09B8XJDW5,B09B8XJDW5,"{'price': None, 'listPrice': None}",https://www.amazon.in//Echo-Dot-5th-Gen-Alexa-smart-speaker/dp/B09B8XJDW5/ref=zg_bs_g_1389365031_d_sccl_14/258-6337177-1273930?psc=1,India,
Reviewed in India on 20 August 2024,amzn1.account.AH4JLD4ONAXHTI7GDFYOPDV3WX5A,https://www.amazon.in/gp/profile/amzn1.account.AH4JLD4ONAXHTI7GDFYOPDV3WX5A/ref=cm_cr_othr_d_gw_tr?ie=UTF8,3,I think it is nice,R1BTR2JBICW7MG,https://www.amazon.in/gp/customer-reviews/R1BTR2JBICW7MG/ref=cm_cr_othr_d_rvw_ttl?ie=UTF8&ASIN=B09B8XJDW5,4 people found this helpful,But the speaker is not very loud it is very low so that's a disappointing as we want a loud speaker so that we can adjust according to us and the events...sometimes it not catches what we are saying and also I told it to play my playlist with the name but it is playing different song and playlist soo yeah..not totally worth the money it should be of 3000 rupees not that much,True,False,[],2024-08-20,59,"Colour: Blue, Configuration: Echo Dot Only","[{'key': 'Colour', 'value': 'Blue'}, {'key': 'Configuration', 'value': 'Echo Dot Only'}]",,,https://www.amazon.in/product-reviews/B09B8XJDW5?pageNumber=8&filterByStar=all_stars&sortBy=helpful&formatType=all_formats&asin=B09B8XJDW5&reftag=cm_cr_arp_d_paging_btm_next_8&scope=reviewsAjax0,allStars,,B09B8XJDW5,B09B8XJDW5,B09B8XJDW5,"{'price': None, 'listPrice': None}",https://www.amazon.in//Echo-Dot-5th-Gen-Alexa-smart-speaker/dp/B09B8XJDW5/ref=zg_bs_g_1389365031_d_sccl_14/258-6337177-1273930?psc=1,India,
Reviewed in India on 8 December 2024,amzn1.account.AF47EMBQNRS5LRS2EWIX76ZRZ4NA,https://www.amazon.in/gp/profile/amzn1.account.AF47EMBQNRS5LRS2EWIX76ZRZ4NA/ref=cm_cr_othr_d_gw_tr?ie=UTF8,5,Very nice,R1SK6BMDEENU06,https://www.amazon.in/gp/customer-reviews/R1SK6BMDEENU06/ref=cm_cr_othr_d_rvw_ttl?ie=UTF8&ASIN=B09B8XJDW5,,Easy yo use,True,False,[],2024-12-08,60,"Colour: Black, Configuration: Echo Dot Only","[{'key': 'Colour', 'value': 'Black'}, {'key': 'Configuration', 'value': 'Echo Dot Only'}]",,,https://www.amazon.in/product-reviews/B09B8XJDW5?pageNumber=8&filterByStar=all_stars&sortBy=helpful&formatType=all_formats&asin=B09B8XJDW5&reftag=cm_cr_arp_d_paging_btm_next_8&scope=reviewsAjax0,allStars,,B09B8XJDW5,B09B8XJDW5,B09B8XJDW5,"{'price': None, 'listPrice': None}",https://www.amazon.in//Echo-Dot-5th-Gen-Alexa-smart-speaker/dp/B09B8XJDW5/ref=zg_bs_g_1389365031_d_sccl_14/258-6337177-1273930?psc=1,India,
Reviewed in India on 10 September 2024,amzn1.account.AHXVT6WW3L4W3MALRXIWOOYWZI2Q,https://www.amazon.in/gp/profile/amzn1.account.AHXVT6WW3L4W3MALRXIWOOYWZI2Q/ref=cm_cr_othr_d_gw_tr?ie=UTF8,4,Alexa,R1KK99OJNEJ5JC,https://www.amazon.in/gp/customer-reviews/R1KK99OJNEJ5JC/ref=cm_cr_othr_d_rvw_ttl?ie=UTF8&ASIN=B09B8XJDW5,One person found this helpful,Bed quality,True,False,[],2024-09-10,61,"Colour: Blue, Configuration: with 9W smart bulb","[{'key': 'Colour', 'value': 'Blue'}, {'key': 'Configuration', 'value': 'with 9W smart bulb'}]",,,https://www.amazon.in/product-reviews/B09B8XJDW5?pageNumber=8&filterByStar=all_stars&sortBy=helpful&formatType=all_formats&asin=B09B8XJDW5&reftag=cm_cr_arp_d_paging_btm_next_8&scope=reviewsAjax0,allStars,,B09B8XJDW5,B09B8XJDW5,B09B8XJDW5,"{'price': None, 'listPrice': None}",https://www.amazon.in//Echo-Dot-5th-Gen-Alexa-smart-speaker/dp/B09B8XJDW5/ref=zg_bs_g_1389365031_d_sccl_14/258-6337177-1273930?psc=1,India,
Reviewed in India on 18 October 2024,amzn1.account.AETXANQITY6PBYRZO3ZIT6UIPV2A,https://www.amazon.in/gp/profile/amzn1.account.AETXANQITY6PBYRZO3ZIT6UIPV2A/ref=cm_cr_othr_d_gw_tr?ie=UTF8,3,Looks like a used product.,R3JSQENIGIOA60,https://www.amazon.in/gp/customer-reviews/R3JSQENIGIOA60/ref=cm_cr_othr_d_rvw_ttl?ie=UTF8&ASIN=B09B8XJDW5,One person found this helpful,1) Sound is not big enough.,True,False,"['https://m.media-amazon.com/images/I/71ET8lu2K-L._SY88.jpg', 'https://m.media-amazon.com/images/I/71dIZwPBMDL._SY88.jpg']",2024-10-18,62,"Colour: Blue, Configuration: Echo Dot Only","[{'key': 'Colour', 'value': 'Blue'}, {'key': 'Configuration', 'value': 'Echo Dot Only'}]",,,https://www.amazon.in/product-reviews/B09B8XJDW5?pageNumber=8&filterByStar=all_stars&sortBy=helpful&formatType=all_formats&asin=B09B8XJDW5&reftag=cm_cr_arp_d_paging_btm_next_8&scope=reviewsAjax0,allStars,,B09B8XJDW5,B09B8XJDW5,B09B8XJDW5,"{'price': None, 'listPrice': None}",https://www.amazon.in//Echo-Dot-5th-Gen-Alexa-smart-speaker/dp/B09B8XJDW5/ref=zg_bs_g_1389365031_d_sccl_14/258-6337177-1273930?psc=1,India,
Reviewed in India on 14 November 2024,amzn1.account.AEN2UVRDVFRYEZEK2I6CDMVOM3SQ,https://www.amazon.in/gp/profile/amzn1.account.AEN2UVRDVFRYEZEK2I6CDMVOM3SQ/ref=cm_cr_othr_d_gw_tr?ie=UTF8,5,Working fine,R1RVZKNZR8A7HZ,https://www.amazon.in/gp/customer-reviews/R1RVZKNZR8A7HZ/ref=cm_cr_othr_d_rvw_ttl?ie=UTF8&ASIN=B09B8XJDW5,2 people found this helpful,"Response time is good after all it's functionalities are limited and the sound quality is best but sometimes alexa sounds dumb to some questions, after all it's best supports all other brands in the market",True,False,[],2024-11-14,63,"Colour: Blue, Configuration: Echo Dot Only","[{'key': 'Colour', 'value': 'Blue'}, {'key': 'Configuration', 'value': 'Echo Dot Only'}]",,,https://www.amazon.in/product-reviews/B09B8XJDW5?pageNumber=8&filterByStar=all_stars&sortBy=helpful&formatType=all_formats&asin=B09B8XJDW5&reftag=cm_cr_arp_d_paging_btm_next_8&scope=reviewsAjax0,allStars,,B09B8XJDW5,B09B8XJDW5,B09B8XJDW5,"{'price': None, 'listPrice': None}",https://www.amazon.in//Echo-Dot-5th-Gen-Alexa-smart-speaker/dp/B09B8XJDW5/ref=zg_bs_g_1389365031_d_sccl_14/258-6337177-1273930?psc=1,India,
Reviewed in India on 2 September 2024,amzn1.account.AEFPC7FEOUMCQTEIGEVPGBOQFCXQ,https://www.amazon.in/gp/profile/amzn1.account.AEFPC7FEOUMCQTEIGEVPGBOQFCXQ/ref=cm_cr_othr_d_gw_tr?ie=UTF8,4,Average,R1FN4H6SSG2DQO,https://www.amazon.in/gp/customer-reviews/R1FN4H6SSG2DQO/ref=cm_cr_othr_d_rvw_ttl?ie=UTF8&ASIN=B09B8XJDW5,14 people found this helpful,All things works fine except sometimes doesn’t work or responds on command.,True,False,[],2024-09-02,64,"Colour: Blue, Configuration: with fast setup 9W smart bulb","[{'key': 'Colour', 'value': 'Blue'}, {'key': 'Configuration', 'value': 'with fast setup 9W smart bulb'}]",,,https://www.amazon.in/product-reviews/B09B8XJDW5?pageNumber=8&filterByStar=all_stars&sortBy=helpful&formatType=all_formats&asin=B09B8XJDW5&reftag=cm_cr_arp_d_paging_btm_next_8&scope=reviewsAjax0,allStars,,B09B8XJDW5,B09B8XJDW5,B09B8XJDW5,"{'price': None, 'listPrice': None}",https://www.amazon.in//Echo-Dot-5th-Gen-Alexa-smart-speaker/dp/B09B8XJDW5/ref=zg_bs_g_1389365031_d_sccl_14/258-6337177-1273930?psc=1,India,
