reviewedIn,userId,userProfileLink,ratingScore,reviewTitle,reviewId,reviewUrl,reviewReaction,reviewDescription,isVerified,isAmazonVine,reviewImages,date,position,variant,variantAttributes,totalCategoryRatings,totalCategoryReviews,reviewCategoryUrl,filterByRating,filterByKeyword,productAsin,productOriginalAsin,variantAsin,product,input,country,countryCode
Reviewed in India on 20 January 2025,amzn1.account.AGFFG2RTTHCRVPNGKVIFSPLIZ7QQ,https://www.amazon.in/gp/profile/amzn1.account.AGFFG2RTTHCRVPNGKVIFSPLIZ7QQ/ref=cm_cr_othr_d_gw_tr?ie=UTF8,5,Amazing sound effect!!!,RJNI6NP53555K,https://www.amazon.in/gp/customer-reviews/RJNI6NP53555K/ref=cm_cr_othr_d_rvw_ttl?ie=UTF8&ASIN=B0DJK5MMGQ,,Awesome product with durability and amazing sound in such a low price and easily portable.,True,False,[],2025-01-20,1,,[],,,https://www.amazon.in/product-reviews/B0DJK5MMGQ?pageNumber=1&filterByStar=all_stars&sortBy=helpful&formatType=all_formats&asin=B0DJK5MMGQ&reftag=cm_cr_arp_d_paging_btm_next_1&scope=reviewsAjax0,allStars,,B0DJK5MMGQ,B0DJK5MMGQ,B0DJK5MMGQ,"{'price': None, 'listPrice': None}",https://www.amazon.in//Mini-Electroplating-Controlled-Multicolor-Boost/dp/B0DJK5MMGQ/ref=zg_bs_g_1389365031_d_sccl_23/258-6337177-1273930?psc=1,India,
Reviewed in India on 21 January 2025,amzn1.account.AE53D2TNPAI2ODTY2VWEXCDWJX5A,https://www.amazon.in/gp/profile/amzn1.account.AE53D2TNPAI2ODTY2VWEXCDWJX5A/ref=cm_cr_othr_d_gw_tr?ie=UTF8,5,Best Mini Bluethooth device (pocket friendly) both size and cost wise.,R2AWNN1AYYSPL4,https://www.amazon.in/gp/customer-reviews/R2AWNN1AYYSPL4/ref=cm_cr_othr_d_rvw_ttl?ie=UTF8&ASIN=B0DJK5MMGQ,,The mini booster Bluetooth module is really upto mark and as per our expectations. And this is a genuine feedback the sound quality is really good and volumn level is too sufficient compared to its size.,True,False,[],2025-01-21,2,,[],,,https://www.amazon.in/product-reviews/B0DJK5MMGQ?pageNumber=1&filterByStar=all_stars&sortBy=helpful&formatType=all_formats&asin=B0DJK5MMGQ&reftag=cm_cr_arp_d_paging_btm_next_1&scope=reviewsAjax0,allStars,,B0DJK5MMGQ,B0DJK5MMGQ,B0DJK5MMGQ,"{'price': None, 'listPrice': None}",https://www.amazon.in//Mini-Electroplating-Controlled-Multicolor-Boost/dp/B0DJK5MMGQ/ref=zg_bs_g_1389365031_d_sccl_23/258-6337177-1273930?psc=1,India,
Reviewed in India on 28 January 2025,amzn1.account.AFZAPEZTJ26J6HD6WYW643DOK33A,https://www.amazon.in/gp/profile/amzn1.account.AFZAPEZTJ26J6HD6WYW643DOK33A/ref=cm_cr_othr_d_gw_tr?ie=UTF8,5,Best quality,R2OLZ9A9QQNF8C,https://www.amazon.in/gp/customer-reviews/R2OLZ9A9QQNF8C/ref=cm_cr_othr_d_rvw_ttl?ie=UTF8&ASIN=B0DJK5MMGQ,,"Best sound quality, quick charging, and travel friendly as it doesn’t take much space.",True,False,['https://m.media-amazon.com/images/I/615vQqHW3gL._SY88.jpg'],2025-01-28,3,,[],,,https://www.amazon.in/product-reviews/B0DJK5MMGQ?pageNumber=1&filterByStar=all_stars&sortBy=helpful&formatType=all_formats&asin=B0DJK5MMGQ&reftag=cm_cr_arp_d_paging_btm_next_1&scope=reviewsAjax0,allStars,,B0DJK5MMGQ,B0DJK5MMGQ,B0DJK5MMGQ,"{'price': None, 'listPrice': None}",https://www.amazon.in//Mini-Electroplating-Controlled-Multicolor-Boost/dp/B0DJK5MMGQ/ref=zg_bs_g_1389365031_d_sccl_23/258-6337177-1273930?psc=1,India,
Reviewed in India on 27 January 2025,amzn1.account.AGKS3N7WP5HG5MIS7CLLJUG73CEA,https://www.amazon.in/gp/profile/amzn1.account.AGKS3N7WP5HG5MIS7CLLJUG73CEA/ref=cm_cr_othr_d_gw_tr?ie=UTF8,1,Poor quality product,R3H1NZ3PYSAX0J,https://www.amazon.in/gp/customer-reviews/R3H1NZ3PYSAX0J/ref=cm_cr_othr_d_rvw_ttl?ie=UTF8&ASIN=B0DJK5MMGQ,,"Last week I purchase online Bluetooth mini speaker, it work hardly only two days, after 2 days speaker not charging, I want to replace the product...",True,False,['https://m.media-amazon.com/images/I/71zy757o+kL._SY88.jpg'],2025-01-27,4,,[],,,https://www.amazon.in/product-reviews/B0DJK5MMGQ?pageNumber=1&filterByStar=all_stars&sortBy=helpful&formatType=all_formats&asin=B0DJK5MMGQ&reftag=cm_cr_arp_d_paging_btm_next_1&scope=reviewsAjax0,allStars,,B0DJK5MMGQ,B0DJK5MMGQ,B0DJK5MMGQ,"{'price': None, 'listPrice': None}",https://www.amazon.in//Mini-Electroplating-Controlled-Multicolor-Boost/dp/B0DJK5MMGQ/ref=zg_bs_g_1389365031_d_sccl_23/258-6337177-1273930?psc=1,India,
Reviewed in India on 27 January 2025,amzn1.account.AH3MFUMSBL3T6QUIOFZLWP64C3NQ,https://www.amazon.in/gp/profile/amzn1.account.AH3MFUMSBL3T6QUIOFZLWP64C3NQ/ref=cm_cr_othr_d_gw_tr?ie=UTF8,5,Excellent Cute Bluetooth speaker.,R1EWEGZCZST6DU,https://www.amazon.in/gp/customer-reviews/R1EWEGZCZST6DU/ref=cm_cr_othr_d_rvw_ttl?ie=UTF8&ASIN=B0DJK5MMGQ,,Vow...amazing smallest bluetooth speaker with sound and crystal clear sound.Easy to carry .Worth for money,True,False,[],2025-01-27,5,,[],,,https://www.amazon.in/product-reviews/B0DJK5MMGQ?pageNumber=1&filterByStar=all_stars&sortBy=helpful&formatType=all_formats&asin=B0DJK5MMGQ&reftag=cm_cr_arp_d_paging_btm_next_1&scope=reviewsAjax0,allStars,,B0DJK5MMGQ,B0DJK5MMGQ,B0DJK5MMGQ,"{'price': None, 'listPrice': None}",https://www.amazon.in//Mini-Electroplating-Controlled-Multicolor-Boost/dp/B0DJK5MMGQ/ref=zg_bs_g_1389365031_d_sccl_23/258-6337177-1273930?psc=1,India,
Reviewed in India on 1 January 2025,amzn1.account.AFIR62LIG2JP7DJSRNNFDU24XCCA,https://www.amazon.in/gp/profile/amzn1.account.AFIR62LIG2JP7DJSRNNFDU24XCCA/ref=cm_cr_othr_d_gw_tr?ie=UTF8,4,Nice product,R3VQ444M9FLHFA,https://www.amazon.in/gp/customer-reviews/R3VQ444M9FLHFA/ref=cm_cr_othr_d_rvw_ttl?ie=UTF8&ASIN=B0DJK5MMGQ,One person found this helpful,Nice sound,True,False,['https://m.media-amazon.com/images/I/61eBAJgaj5L._SY88.jpg'],2025-01-01,6,,[],,,https://www.amazon.in/product-reviews/B0DJK5MMGQ?pageNumber=1&filterByStar=all_stars&sortBy=helpful&formatType=all_formats&asin=B0DJK5MMGQ&reftag=cm_cr_arp_d_paging_btm_next_1&scope=reviewsAjax0,allStars,,B0DJK5MMGQ,B0DJK5MMGQ,B0DJK5MMGQ,"{'price': None, 'listPrice': None}",https://www.amazon.in//Mini-Electroplating-Controlled-Multicolor-Boost/dp/B0DJK5MMGQ/ref=zg_bs_g_1389365031_d_sccl_23/258-6337177-1273930?psc=1,India,
Reviewed in India on 21 January 2025,amzn1.account.AGR7Z5BYGL5BYS7T5QBBL4ND7ZKA,https://www.amazon.in/gp/profile/amzn1.account.AGR7Z5BYGL5BYS7T5QBBL4ND7ZKA/ref=cm_cr_othr_d_gw_tr?ie=UTF8,5,Value for money,R1HU5NZWL76C95,https://www.amazon.in/gp/customer-reviews/R1HU5NZWL76C95/ref=cm_cr_othr_d_rvw_ttl?ie=UTF8&ASIN=B0DJK5MMGQ,,Amazing sound at this price. Very effective for small room,True,False,['https://m.media-amazon.com/images/I/61KkpEMvuzL._SY88.jpg'],2025-01-21,7,,[],,,https://www.amazon.in/product-reviews/B0DJK5MMGQ?pageNumber=1&filterByStar=all_stars&sortBy=helpful&formatType=all_formats&asin=B0DJK5MMGQ&reftag=cm_cr_arp_d_paging_btm_next_1&scope=reviewsAjax0,allStars,,B0DJK5MMGQ,B0DJK5MMGQ,B0DJK5MMGQ,"{'price': None, 'listPrice': None}",https://www.amazon.in//Mini-Electroplating-Controlled-Multicolor-Boost/dp/B0DJK5MMGQ/ref=zg_bs_g_1389365031_d_sccl_23/258-6337177-1273930?psc=1,India,
Reviewed in India on 19 January 2025,amzn1.account.AFMMNPKCFR5MNI7JVXT4FW2VV32A,https://www.amazon.in/gp/profile/amzn1.account.AFMMNPKCFR5MNI7JVXT4FW2VV32A/ref=cm_cr_othr_d_gw_tr?ie=UTF8,5,The product is good.,R12S7T0NW3QAC1,https://www.amazon.in/gp/customer-reviews/R12S7T0NW3QAC1/ref=cm_cr_othr_d_rvw_ttl?ie=UTF8&ASIN=B0DJK5MMGQ,,So far it's working good. I guess it's pretty fair this price.,True,False,[],2025-01-19,8,,[],,,https://www.amazon.in/product-reviews/B0DJK5MMGQ?pageNumber=1&filterByStar=all_stars&sortBy=helpful&formatType=all_formats&asin=B0DJK5MMGQ&reftag=cm_cr_arp_d_paging_btm_next_1&scope=reviewsAjax0,allStars,,B0DJK5MMGQ,B0DJK5MMGQ,B0DJK5MMGQ,"{'price': None, 'listPrice': None}",https://www.amazon.in//Mini-Electroplating-Controlled-Multicolor-Boost/dp/B0DJK5MMGQ/ref=zg_bs_g_1389365031_d_sccl_23/258-6337177-1273930?psc=1,India,
Reviewed in India on 21 January 2025,amzn1.account.AHUMUY4EHSBHVEZOCAA2QKCIQPYA,https://www.amazon.in/gp/profile/amzn1.account.AHUMUY4EHSBHVEZOCAA2QKCIQPYA/ref=cm_cr_othr_d_gw_tr?ie=UTF8,5,Good sound,R1GGEKYIX2F0R3,https://www.amazon.in/gp/customer-reviews/R1GGEKYIX2F0R3/ref=cm_cr_othr_d_rvw_ttl?ie=UTF8&ASIN=B0DJK5MMGQ,,Nice product,True,False,[],2025-01-21,17,,[],,,https://www.amazon.in/product-reviews/B0DJK5MMGQ?pageNumber=3&filterByStar=all_stars&sortBy=helpful&formatType=all_formats&asin=B0DJK5MMGQ&reftag=cm_cr_arp_d_paging_btm_next_3&scope=reviewsAjax0,allStars,,B0DJK5MMGQ,B0DJK5MMGQ,B0DJK5MMGQ,"{'price': None, 'listPrice': None}",https://www.amazon.in//Mini-Electroplating-Controlled-Multicolor-Boost/dp/B0DJK5MMGQ/ref=zg_bs_g_1389365031_d_sccl_23/258-6337177-1273930?psc=1,India,
Reviewed in India on 17 January 2025,amzn1.account.AEMLOL5GBVX6EITXTBQ2OZKJGHFQ,https://www.amazon.in/gp/profile/amzn1.account.AEMLOL5GBVX6EITXTBQ2OZKJGHFQ/ref=cm_cr_othr_d_gw_tr?ie=UTF8,5,Value of money,R3B0S1O3DY5F5V,https://www.amazon.in/gp/customer-reviews/R3B0S1O3DY5F5V/ref=cm_cr_othr_d_rvw_ttl?ie=UTF8&ASIN=B0DJK5MMGQ,,very nice product,True,False,[],2025-01-17,18,,[],,,https://www.amazon.in/product-reviews/B0DJK5MMGQ?pageNumber=3&filterByStar=all_stars&sortBy=helpful&formatType=all_formats&asin=B0DJK5MMGQ&reftag=cm_cr_arp_d_paging_btm_next_3&scope=reviewsAjax0,allStars,,B0DJK5MMGQ,B0DJK5MMGQ,B0DJK5MMGQ,"{'price': None, 'listPrice': None}",https://www.amazon.in//Mini-Electroplating-Controlled-Multicolor-Boost/dp/B0DJK5MMGQ/ref=zg_bs_g_1389365031_d_sccl_23/258-6337177-1273930?psc=1,India,
Reviewed in India on 12 January 2025,amzn1.account.AEYI6YZUXFDNGD6PXUWP3DEW4JJQ,https://www.amazon.in/gp/profile/amzn1.account.AEYI6YZUXFDNGD6PXUWP3DEW4JJQ/ref=cm_cr_othr_d_gw_tr?ie=UTF8,5,Paisa Wasul,RNF16U83NOP1O,https://www.amazon.in/gp/customer-reviews/RNF16U83NOP1O/ref=cm_cr_othr_d_rvw_ttl?ie=UTF8&ASIN=B0DJK5MMGQ,,Most attractive / Beautiful smart and Genuine Product,True,False,[],2025-01-12,19,,[],,,https://www.amazon.in/product-reviews/B0DJK5MMGQ?pageNumber=3&filterByStar=all_stars&sortBy=helpful&formatType=all_formats&asin=B0DJK5MMGQ&reftag=cm_cr_arp_d_paging_btm_next_3&scope=reviewsAjax0,allStars,,B0DJK5MMGQ,B0DJK5MMGQ,B0DJK5MMGQ,"{'price': None, 'listPrice': None}",https://www.amazon.in//Mini-Electroplating-Controlled-Multicolor-Boost/dp/B0DJK5MMGQ/ref=zg_bs_g_1389365031_d_sccl_23/258-6337177-1273930?psc=1,India,
Reviewed in India on 1 January 2025,amzn1.account.AGE3DLNYNJBXLMAAW3V3SHTWVJAA,https://www.amazon.in/gp/profile/amzn1.account.AGE3DLNYNJBXLMAAW3V3SHTWVJAA/ref=cm_cr_othr_d_gw_tr?ie=UTF8,5,Mind blowing,R2H4WTFWM5X8BE,https://www.amazon.in/gp/customer-reviews/R2H4WTFWM5X8BE/ref=cm_cr_othr_d_rvw_ttl?ie=UTF8&ASIN=B0DJK5MMGQ,2 people found this helpful,I can’t believe this was so mini in size but voice outstanding in this price firstly I was confused but know I can say that this is affordable and best ❤️🤌🏻,True,False,[],2025-01-01,20,,[],,,https://www.amazon.in/product-reviews/B0DJK5MMGQ?pageNumber=3&filterByStar=all_stars&sortBy=helpful&formatType=all_formats&asin=B0DJK5MMGQ&reftag=cm_cr_arp_d_paging_btm_next_3&scope=reviewsAjax0,allStars,,B0DJK5MMGQ,B0DJK5MMGQ,B0DJK5MMGQ,"{'price': None, 'listPrice': None}",https://www.amazon.in//Mini-Electroplating-Controlled-Multicolor-Boost/dp/B0DJK5MMGQ/ref=zg_bs_g_1389365031_d_sccl_23/258-6337177-1273930?psc=1,India,
Reviewed in India on 28 December 2024,amzn1.account.AEC3GQUYST5RFTOPV3FOA4SQZABA,https://www.amazon.in/gp/profile/amzn1.account.AEC3GQUYST5RFTOPV3FOA4SQZABA/ref=cm_cr_othr_d_gw_tr?ie=UTF8,5,Amazing,R29HO277L62TZE,https://www.amazon.in/gp/customer-reviews/R29HO277L62TZE/ref=cm_cr_othr_d_rvw_ttl?ie=UTF8&ASIN=B0DJK5MMGQ,,This product is amazing this is providing best and top quality feachers in this rangeThis is the must buy product. I loved this product personally ❤️,True,False,[],2024-12-28,21,,[],,,https://www.amazon.in/product-reviews/B0DJK5MMGQ?pageNumber=3&filterByStar=all_stars&sortBy=helpful&formatType=all_formats&asin=B0DJK5MMGQ&reftag=cm_cr_arp_d_paging_btm_next_3&scope=reviewsAjax0,allStars,,B0DJK5MMGQ,B0DJK5MMGQ,B0DJK5MMGQ,"{'price': None, 'listPrice': None}",https://www.amazon.in//Mini-Electroplating-Controlled-Multicolor-Boost/dp/B0DJK5MMGQ/ref=zg_bs_g_1389365031_d_sccl_23/258-6337177-1273930?psc=1,India,
Reviewed in India on 3 January 2025,amzn1.account.AGFVE3FB3ROATYSYPHOYJJJ2F2EQ,https://www.amazon.in/gp/profile/amzn1.account.AGFVE3FB3ROATYSYPHOYJJJ2F2EQ/ref=cm_cr_othr_d_gw_tr?ie=UTF8,5,Good and useful,R169OA6HIE7C3M,https://www.amazon.in/gp/customer-reviews/R169OA6HIE7C3M/ref=cm_cr_othr_d_rvw_ttl?ie=UTF8&ASIN=B0DJK5MMGQ,,Good I like it,True,False,[],2025-01-03,22,,[],,,https://www.amazon.in/product-reviews/B0DJK5MMGQ?pageNumber=3&filterByStar=all_stars&sortBy=helpful&formatType=all_formats&asin=B0DJK5MMGQ&reftag=cm_cr_arp_d_paging_btm_next_3&scope=reviewsAjax0,allStars,,B0DJK5MMGQ,B0DJK5MMGQ,B0DJK5MMGQ,"{'price': None, 'listPrice': None}",https://www.amazon.in//Mini-Electroplating-Controlled-Multicolor-Boost/dp/B0DJK5MMGQ/ref=zg_bs_g_1389365031_d_sccl_23/258-6337177-1273930?psc=1,India,
Reviewed in India on 30 December 2024,amzn1.account.AHAEN72ODD4SWWIACS34WAFGIVZQ,https://www.amazon.in/gp/profile/amzn1.account.AHAEN72ODD4SWWIACS34WAFGIVZQ/ref=cm_cr_othr_d_gw_tr?ie=UTF8,5,Looking glitter,R2KV5F0VEJRD64,https://www.amazon.in/gp/customer-reviews/R2KV5F0VEJRD64/ref=cm_cr_othr_d_rvw_ttl?ie=UTF8&ASIN=B0DJK5MMGQ,,Having good vibes with this speaker sound.,True,False,['https://m.media-amazon.com/images/I/71gkQCrpfML._SY88.jpg'],2024-12-30,23,,[],,,https://www.amazon.in/product-reviews/B0DJK5MMGQ?pageNumber=3&filterByStar=all_stars&sortBy=helpful&formatType=all_formats&asin=B0DJK5MMGQ&reftag=cm_cr_arp_d_paging_btm_next_3&scope=reviewsAjax0,allStars,,B0DJK5MMGQ,B0DJK5MMGQ,B0DJK5MMGQ,"{'price': None, 'listPrice': None}",https://www.amazon.in//Mini-Electroplating-Controlled-Multicolor-Boost/dp/B0DJK5MMGQ/ref=zg_bs_g_1389365031_d_sccl_23/258-6337177-1273930?psc=1,India,
Reviewed in India on 20 January 2025,amzn1.account.AFQIE5IRP75JOO2EV3XY3QE46UZQ,https://www.amazon.in/gp/profile/amzn1.account.AFQIE5IRP75JOO2EV3XY3QE46UZQ/ref=cm_cr_othr_d_gw_tr?ie=UTF8,5,Sound Quality,RCEPOLNAZAFSE,https://www.amazon.in/gp/customer-reviews/RCEPOLNAZAFSE/ref=cm_cr_othr_d_rvw_ttl?ie=UTF8&ASIN=B0DJK5MMGQ,,"The media could not be loaded.
                
            
                
            
            
        
    
    








  
  
     Worthy product for the price",True,False,[],2025-01-20,24,,[],,,https://www.amazon.in/product-reviews/B0DJK5MMGQ?pageNumber=3&filterByStar=all_stars&sortBy=helpful&formatType=all_formats&asin=B0DJK5MMGQ&reftag=cm_cr_arp_d_paging_btm_next_3&scope=reviewsAjax0,allStars,,B0DJK5MMGQ,B0DJK5MMGQ,B0DJK5MMGQ,"{'price': None, 'listPrice': None}",https://www.amazon.in//Mini-Electroplating-Controlled-Multicolor-Boost/dp/B0DJK5MMGQ/ref=zg_bs_g_1389365031_d_sccl_23/258-6337177-1273930?psc=1,India,
Reviewed in India on 14 January 2025,amzn1.account.AHWKELLNONNAXOSPTPHA7YE2MZRA,https://www.amazon.in/gp/profile/amzn1.account.AHWKELLNONNAXOSPTPHA7YE2MZRA/ref=cm_cr_othr_d_gw_tr?ie=UTF8,1,Old.. used.. not working,RTZYJC9TS9BAI,https://www.amazon.in/gp/customer-reviews/RTZYJC9TS9BAI/ref=cm_cr_othr_d_rvw_ttl?ie=UTF8&ASIN=B0DJK5MMGQ,,Never expected this type of item from Amazon. Payment was made before and got old used rusted item... very disappointing.. expecting the new item in replacement,True,False,"['https://m.media-amazon.com/images/I/71+aN-CmGML._SY88.jpg', 'https://m.media-amazon.com/images/I/71BXbX3gSIL._SY88.jpg']",2025-01-14,41,,[],,,https://www.amazon.in/product-reviews/B0DJK5MMGQ?pageNumber=6&filterByStar=all_stars&sortBy=helpful&formatType=all_formats&asin=B0DJK5MMGQ&reftag=cm_cr_arp_d_paging_btm_next_6&scope=reviewsAjax0,allStars,,B0DJK5MMGQ,B0DJK5MMGQ,B0DJK5MMGQ,"{'price': None, 'listPrice': None}",https://www.amazon.in//Mini-Electroplating-Controlled-Multicolor-Boost/dp/B0DJK5MMGQ/ref=zg_bs_g_1389365031_d_sccl_23/258-6337177-1273930?psc=1,India,
Reviewed in India on 19 December 2024,amzn1.account.AFXM425UMUFA3TPEE6U7DXCM7LGA,https://www.amazon.in/gp/profile/amzn1.account.AFXM425UMUFA3TPEE6U7DXCM7LGA/ref=cm_cr_othr_d_gw_tr?ie=UTF8,1,Bad sound,R1JNJ6TAJKLWVS,https://www.amazon.in/gp/customer-reviews/R1JNJ6TAJKLWVS/ref=cm_cr_othr_d_rvw_ttl?ie=UTF8&ASIN=B0DJK5MMGQ,,Bad product,True,False,[],2024-12-19,42,,[],,,https://www.amazon.in/product-reviews/B0DJK5MMGQ?pageNumber=6&filterByStar=all_stars&sortBy=helpful&formatType=all_formats&asin=B0DJK5MMGQ&reftag=cm_cr_arp_d_paging_btm_next_6&scope=reviewsAjax0,allStars,,B0DJK5MMGQ,B0DJK5MMGQ,B0DJK5MMGQ,"{'price': None, 'listPrice': None}",https://www.amazon.in//Mini-Electroplating-Controlled-Multicolor-Boost/dp/B0DJK5MMGQ/ref=zg_bs_g_1389365031_d_sccl_23/258-6337177-1273930?psc=1,India,
Reviewed in India on 10 October 2024,amzn1.account.AFQYYWYZR6Q6JDFYLEPWFUVWMATA,https://www.amazon.in/gp/profile/amzn1.account.AFQYYWYZR6Q6JDFYLEPWFUVWMATA/ref=cm_cr_othr_d_gw_tr?ie=UTF8,5,Best product everr...i love love this...,R3CKOIPW8W026P,https://www.amazon.in/gp/customer-reviews/R3CKOIPW8W026P/ref=cm_cr_othr_d_rvw_ttl?ie=UTF8&ASIN=B0DJK5MMGQ,6 people found this helpful,"The media could not be loaded.
                
            
                
            
        
    
    








  
  
     The sound quality is amazing...gives all the feel of big music system... it's chota packet bada dhamaka..I gifted it to one of my friend also and she's very happy...now everyone asks us from where we bought itJust don't think twice....order it",False,False,[],2024-10-10,43,,[],,,https://www.amazon.in/product-reviews/B0DJK5MMGQ?pageNumber=6&filterByStar=all_stars&sortBy=helpful&formatType=all_formats&asin=B0DJK5MMGQ&reftag=cm_cr_arp_d_paging_btm_next_6&scope=reviewsAjax0,allStars,,B0DJK5MMGQ,B0DJK5MMGQ,B0DJK5MMGQ,"{'price': None, 'listPrice': None}",https://www.amazon.in//Mini-Electroplating-Controlled-Multicolor-Boost/dp/B0DJK5MMGQ/ref=zg_bs_g_1389365031_d_sccl_23/258-6337177-1273930?psc=1,India,
Reviewed in India on 31 January 2025,amzn1.account.AH5TOLDUQXDYBZCJQMPUJ7DJNXQA,https://www.amazon.in/gp/profile/amzn1.account.AH5TOLDUQXDYBZCJQMPUJ7DJNXQA/ref=cm_cr_othr_d_gw_tr?ie=UTF8,5,Low price high quality,R3G8E4XWCRUX2P,https://www.amazon.in/gp/customer-reviews/R3G8E4XWCRUX2P/ref=cm_cr_othr_d_rvw_ttl?ie=UTF8&ASIN=B0DJK5MMGQ,,Achaa quality,True,False,[],2025-01-31,44,,[],,,https://www.amazon.in/product-reviews/B0DJK5MMGQ?pageNumber=6&filterByStar=all_stars&sortBy=helpful&formatType=all_formats&asin=B0DJK5MMGQ&reftag=cm_cr_arp_d_paging_btm_next_6&scope=reviewsAjax0,allStars,,B0DJK5MMGQ,B0DJK5MMGQ,B0DJK5MMGQ,"{'price': None, 'listPrice': None}",https://www.amazon.in//Mini-Electroplating-Controlled-Multicolor-Boost/dp/B0DJK5MMGQ/ref=zg_bs_g_1389365031_d_sccl_23/258-6337177-1273930?psc=1,India,
Reviewed in India on 12 January 2025,amzn1.account.AHLQUXIMD7RJLJE4ANUUNFACN3KA,https://www.amazon.in/gp/profile/amzn1.account.AHLQUXIMD7RJLJE4ANUUNFACN3KA/ref=cm_cr_othr_d_gw_tr?ie=UTF8,4,Size,R2Q07HQ75BSSDB,https://www.amazon.in/gp/customer-reviews/R2Q07HQ75BSSDB/ref=cm_cr_othr_d_rvw_ttl?ie=UTF8&ASIN=B0DJK5MMGQ,,Battery can be better,True,False,[],2025-01-12,9,,[],,,https://www.amazon.in/product-reviews/B0DJK5MMGQ?pageNumber=2&filterByStar=all_stars&sortBy=helpful&formatType=all_formats&asin=B0DJK5MMGQ&reftag=cm_cr_arp_d_paging_btm_next_2&scope=reviewsAjax0,allStars,,B0DJK5MMGQ,B0DJK5MMGQ,B0DJK5MMGQ,"{'price': None, 'listPrice': None}",https://www.amazon.in//Mini-Electroplating-Controlled-Multicolor-Boost/dp/B0DJK5MMGQ/ref=zg_bs_g_1389365031_d_sccl_23/258-6337177-1273930?psc=1,India,
Reviewed in India on 29 January 2025,amzn1.account.AE6MJQHZY24YPT4EDGFGJ5WUTVNQ,https://www.amazon.in/gp/profile/amzn1.account.AE6MJQHZY24YPT4EDGFGJ5WUTVNQ/ref=cm_cr_othr_d_gw_tr?ie=UTF8,5,Bad product,RYI5S07DJ0AKO,https://www.amazon.in/gp/customer-reviews/RYI5S07DJ0AKO/ref=cm_cr_othr_d_rvw_ttl?ie=UTF8&ASIN=B0DJK5MMGQ,,I want refund no need your bluetooth speaker because this bluetooth speaker have no good range so i don't want this bluetooth speaker and battery is also not good working,True,False,[],2025-01-29,10,,[],,,https://www.amazon.in/product-reviews/B0DJK5MMGQ?pageNumber=2&filterByStar=all_stars&sortBy=helpful&formatType=all_formats&asin=B0DJK5MMGQ&reftag=cm_cr_arp_d_paging_btm_next_2&scope=reviewsAjax0,allStars,,B0DJK5MMGQ,B0DJK5MMGQ,B0DJK5MMGQ,"{'price': None, 'listPrice': None}",https://www.amazon.in//Mini-Electroplating-Controlled-Multicolor-Boost/dp/B0DJK5MMGQ/ref=zg_bs_g_1389365031_d_sccl_23/258-6337177-1273930?psc=1,India,
Reviewed in India on 28 January 2025,amzn1.account.AH7UY53MSSXZRZEK7G64TE5ILJQQ,https://www.amazon.in/gp/profile/amzn1.account.AH7UY53MSSXZRZEK7G64TE5ILJQQ/ref=cm_cr_othr_d_gw_tr?ie=UTF8,5,Awesome,R2GCYL2HLBPELU,https://www.amazon.in/gp/customer-reviews/R2GCYL2HLBPELU/ref=cm_cr_othr_d_rvw_ttl?ie=UTF8&ASIN=B0DJK5MMGQ,,Very good quality this price sound quality is best.,True,False,[],2025-01-28,11,,[],,,https://www.amazon.in/product-reviews/B0DJK5MMGQ?pageNumber=2&filterByStar=all_stars&sortBy=helpful&formatType=all_formats&asin=B0DJK5MMGQ&reftag=cm_cr_arp_d_paging_btm_next_2&scope=reviewsAjax0,allStars,,B0DJK5MMGQ,B0DJK5MMGQ,B0DJK5MMGQ,"{'price': None, 'listPrice': None}",https://www.amazon.in//Mini-Electroplating-Controlled-Multicolor-Boost/dp/B0DJK5MMGQ/ref=zg_bs_g_1389365031_d_sccl_23/258-6337177-1273930?psc=1,India,
Reviewed in India on 14 December 2024,amzn1.account.AFET4BVKQDMAJOV2CN7OCYCMJ7NA,https://www.amazon.in/gp/profile/amzn1.account.AFET4BVKQDMAJOV2CN7OCYCMJ7NA/ref=cm_cr_othr_d_gw_tr?ie=UTF8,4,Mini bluetooth speaker 💙,R1TLOMNPBZ0HCE,https://www.amazon.in/gp/customer-reviews/R1TLOMNPBZ0HCE/ref=cm_cr_othr_d_rvw_ttl?ie=UTF8&ASIN=B0DJK5MMGQ,4 people found this helpful,"The media could not be loaded.
                
            
                
            
            
        
    
    








  
  
     Good product sound quality is too good very loud music nice ..... Amazing looks fantastic. ....💙🦋 ❤️",True,False,"['https://m.media-amazon.com/images/I/611HIFAreWL._SY88.jpg', 'https://m.media-amazon.com/images/I/613fDFJftLL._SY88.jpg', 'https://m.media-amazon.com/images/I/6184NzxbkML._SY88.jpg', 'https://m.media-amazon.com/images/I/71dRfYmC0GL._SY88.jpg', 'https://m.media-amazon.com/images/I/71wPC2NSybL._SY88.jpg']",2024-12-14,12,,[],,,https://www.amazon.in/product-reviews/B0DJK5MMGQ?pageNumber=2&filterByStar=all_stars&sortBy=helpful&formatType=all_formats&asin=B0DJK5MMGQ&reftag=cm_cr_arp_d_paging_btm_next_2&scope=reviewsAjax0,allStars,,B0DJK5MMGQ,B0DJK5MMGQ,B0DJK5MMGQ,"{'price': None, 'listPrice': None}",https://www.amazon.in//Mini-Electroplating-Controlled-Multicolor-Boost/dp/B0DJK5MMGQ/ref=zg_bs_g_1389365031_d_sccl_23/258-6337177-1273930?psc=1,India,
Reviewed in India on 29 January 2025,amzn1.account.AEID37DMV3FKTP6VJJ7DZNR3HREA,https://www.amazon.in/gp/profile/amzn1.account.AEID37DMV3FKTP6VJJ7DZNR3HREA/ref=cm_cr_othr_d_gw_tr?ie=UTF8,5,Better,R39B245NETQQT0,https://www.amazon.in/gp/customer-reviews/R39B245NETQQT0/ref=cm_cr_othr_d_rvw_ttl?ie=UTF8&ASIN=B0DJK5MMGQ,,Worth buying!,True,False,[],2025-01-29,13,,[],,,https://www.amazon.in/product-reviews/B0DJK5MMGQ?pageNumber=2&filterByStar=all_stars&sortBy=helpful&formatType=all_formats&asin=B0DJK5MMGQ&reftag=cm_cr_arp_d_paging_btm_next_2&scope=reviewsAjax0,allStars,,B0DJK5MMGQ,B0DJK5MMGQ,B0DJK5MMGQ,"{'price': None, 'listPrice': None}",https://www.amazon.in//Mini-Electroplating-Controlled-Multicolor-Boost/dp/B0DJK5MMGQ/ref=zg_bs_g_1389365031_d_sccl_23/258-6337177-1273930?psc=1,India,
Reviewed in India on 21 January 2025,amzn1.account.AGUQKYZ76CTP5NTFYQUB2R3WLVQA,https://www.amazon.in/gp/profile/amzn1.account.AGUQKYZ76CTP5NTFYQUB2R3WLVQA/ref=cm_cr_othr_d_gw_tr?ie=UTF8,5,Very good quality,R3HQ7ADETC3PYP,https://www.amazon.in/gp/customer-reviews/R3HQ7ADETC3PYP/ref=cm_cr_othr_d_rvw_ttl?ie=UTF8&ASIN=B0DJK5MMGQ,,I like this product very good quilety,True,False,"['https://m.media-amazon.com/images/I/71ZYv+jDz8L._SY88.jpg', 'https://m.media-amazon.com/images/I/71qzzy5BGVL._SY88.jpg']",2025-01-21,14,,[],,,https://www.amazon.in/product-reviews/B0DJK5MMGQ?pageNumber=2&filterByStar=all_stars&sortBy=helpful&formatType=all_formats&asin=B0DJK5MMGQ&reftag=cm_cr_arp_d_paging_btm_next_2&scope=reviewsAjax0,allStars,,B0DJK5MMGQ,B0DJK5MMGQ,B0DJK5MMGQ,"{'price': None, 'listPrice': None}",https://www.amazon.in//Mini-Electroplating-Controlled-Multicolor-Boost/dp/B0DJK5MMGQ/ref=zg_bs_g_1389365031_d_sccl_23/258-6337177-1273930?psc=1,India,
Reviewed in India on 17 January 2025,amzn1.account.AEZOB4UE3ERBT3E2T2Q72G277RJA,https://www.amazon.in/gp/profile/amzn1.account.AEZOB4UE3ERBT3E2T2Q72G277RJA/ref=cm_cr_othr_d_gw_tr?ie=UTF8,5,Excellent,R4RONIJ48V0BI,https://www.amazon.in/gp/customer-reviews/R4RONIJ48V0BI/ref=cm_cr_othr_d_rvw_ttl?ie=UTF8&ASIN=B0DJK5MMGQ,,"Very compact with good sound effect, good conectivity. Value for money.",True,False,['https://m.media-amazon.com/images/I/61Qav0OnqzL._SY88.jpg'],2025-01-17,15,,[],,,https://www.amazon.in/product-reviews/B0DJK5MMGQ?pageNumber=2&filterByStar=all_stars&sortBy=helpful&formatType=all_formats&asin=B0DJK5MMGQ&reftag=cm_cr_arp_d_paging_btm_next_2&scope=reviewsAjax0,allStars,,B0DJK5MMGQ,B0DJK5MMGQ,B0DJK5MMGQ,"{'price': None, 'listPrice': None}",https://www.amazon.in//Mini-Electroplating-Controlled-Multicolor-Boost/dp/B0DJK5MMGQ/ref=zg_bs_g_1389365031_d_sccl_23/258-6337177-1273930?psc=1,India,
Reviewed in India on 21 January 2025,amzn1.account.AG4M5D5Z3BCMIJYTWH6K5ZG5INZQ,https://www.amazon.in/gp/profile/amzn1.account.AG4M5D5Z3BCMIJYTWH6K5ZG5INZQ/ref=cm_cr_othr_d_gw_tr?ie=UTF8,5,Good,R11OYS6NF5HORG,https://www.amazon.in/gp/customer-reviews/R11OYS6NF5HORG/ref=cm_cr_othr_d_rvw_ttl?ie=UTF8&ASIN=B0DJK5MMGQ,,Value Product for price,True,False,[],2025-01-21,16,,[],,,https://www.amazon.in/product-reviews/B0DJK5MMGQ?pageNumber=2&filterByStar=all_stars&sortBy=helpful&formatType=all_formats&asin=B0DJK5MMGQ&reftag=cm_cr_arp_d_paging_btm_next_2&scope=reviewsAjax0,allStars,,B0DJK5MMGQ,B0DJK5MMGQ,B0DJK5MMGQ,"{'price': None, 'listPrice': None}",https://www.amazon.in//Mini-Electroplating-Controlled-Multicolor-Boost/dp/B0DJK5MMGQ/ref=zg_bs_g_1389365031_d_sccl_23/258-6337177-1273930?psc=1,India,
Reviewed in India on 28 November 2024,amzn1.account.AETWGTYF5FKVOK455PJPVSY37KWQ,https://www.amazon.in/gp/profile/amzn1.account.AETWGTYF5FKVOK455PJPVSY37KWQ/ref=cm_cr_othr_d_gw_tr?ie=UTF8,3,Average.Value for money..,R1WZZK6ZYUB8O,https://www.amazon.in/gp/customer-reviews/R1WZZK6ZYUB8O/ref=cm_cr_othr_d_rvw_ttl?ie=UTF8&ASIN=B0DJK5MMGQ,,Average..value for money.,True,False,[],2024-11-28,33,,[],,,https://www.amazon.in/product-reviews/B0DJK5MMGQ?pageNumber=5&filterByStar=all_stars&sortBy=helpful&formatType=all_formats&asin=B0DJK5MMGQ&reftag=cm_cr_arp_d_paging_btm_next_5&scope=reviewsAjax0,allStars,,B0DJK5MMGQ,B0DJK5MMGQ,B0DJK5MMGQ,"{'price': None, 'listPrice': None}",https://www.amazon.in//Mini-Electroplating-Controlled-Multicolor-Boost/dp/B0DJK5MMGQ/ref=zg_bs_g_1389365031_d_sccl_23/258-6337177-1273930?psc=1,India,
Reviewed in India on 19 December 2024,amzn1.account.AGDAVU7QJS7GWMJFH254EIXA5IAA,https://www.amazon.in/gp/profile/amzn1.account.AGDAVU7QJS7GWMJFH254EIXA5IAA/ref=cm_cr_othr_d_gw_tr?ie=UTF8,5,Good product,R3TAZSXB9DGMZK,https://www.amazon.in/gp/customer-reviews/R3TAZSXB9DGMZK/ref=cm_cr_othr_d_rvw_ttl?ie=UTF8&ASIN=B0DJK5MMGQ,,Good product,True,False,[],2024-12-19,34,,[],,,https://www.amazon.in/product-reviews/B0DJK5MMGQ?pageNumber=5&filterByStar=all_stars&sortBy=helpful&formatType=all_formats&asin=B0DJK5MMGQ&reftag=cm_cr_arp_d_paging_btm_next_5&scope=reviewsAjax0,allStars,,B0DJK5MMGQ,B0DJK5MMGQ,B0DJK5MMGQ,"{'price': None, 'listPrice': None}",https://www.amazon.in//Mini-Electroplating-Controlled-Multicolor-Boost/dp/B0DJK5MMGQ/ref=zg_bs_g_1389365031_d_sccl_23/258-6337177-1273930?psc=1,India,
Reviewed in India on 11 December 2024,amzn1.account.AFD4NPUSBYOTZ7L2VWFHGW46UOPQ,https://www.amazon.in/gp/profile/amzn1.account.AFD4NPUSBYOTZ7L2VWFHGW46UOPQ/ref=cm_cr_othr_d_gw_tr?ie=UTF8,5,"Unbeatable product, with unbelievable price",R15J47UW3DLEGD,https://www.amazon.in/gp/customer-reviews/R15J47UW3DLEGD/ref=cm_cr_othr_d_rvw_ttl?ie=UTF8&ASIN=B0DJK5MMGQ,One person found this helpful,Brought it for ₹250 only. Quantity is just awesome 👍,True,False,[],2024-12-11,35,,[],,,https://www.amazon.in/product-reviews/B0DJK5MMGQ?pageNumber=5&filterByStar=all_stars&sortBy=helpful&formatType=all_formats&asin=B0DJK5MMGQ&reftag=cm_cr_arp_d_paging_btm_next_5&scope=reviewsAjax0,allStars,,B0DJK5MMGQ,B0DJK5MMGQ,B0DJK5MMGQ,"{'price': None, 'listPrice': None}",https://www.amazon.in//Mini-Electroplating-Controlled-Multicolor-Boost/dp/B0DJK5MMGQ/ref=zg_bs_g_1389365031_d_sccl_23/258-6337177-1273930?psc=1,India,
Reviewed in India on 4 December 2024,amzn1.account.AFYSK5ZFESHQIZAYFPB27CFFK7GA,https://www.amazon.in/gp/profile/amzn1.account.AFYSK5ZFESHQIZAYFPB27CFFK7GA/ref=cm_cr_othr_d_gw_tr?ie=UTF8,5,Product quality,R1ZW4H0ATCNEOJ,https://www.amazon.in/gp/customer-reviews/R1ZW4H0ATCNEOJ/ref=cm_cr_othr_d_rvw_ttl?ie=UTF8&ASIN=B0DJK5MMGQ,One person found this helpful,Product quality is superb.i like it's quality.,True,False,[],2024-12-04,36,,[],,,https://www.amazon.in/product-reviews/B0DJK5MMGQ?pageNumber=5&filterByStar=all_stars&sortBy=helpful&formatType=all_formats&asin=B0DJK5MMGQ&reftag=cm_cr_arp_d_paging_btm_next_5&scope=reviewsAjax0,allStars,,B0DJK5MMGQ,B0DJK5MMGQ,B0DJK5MMGQ,"{'price': None, 'listPrice': None}",https://www.amazon.in//Mini-Electroplating-Controlled-Multicolor-Boost/dp/B0DJK5MMGQ/ref=zg_bs_g_1389365031_d_sccl_23/258-6337177-1273930?psc=1,India,
Reviewed in India on 29 December 2024,amzn1.account.AE5SKPF7GHQCI3LZWAYXTT33MJUA,https://www.amazon.in/gp/profile/amzn1.account.AE5SKPF7GHQCI3LZWAYXTT33MJUA/ref=cm_cr_othr_d_gw_tr?ie=UTF8,5,More than expected valuable for money,R3KJNE2UU3WXXI,https://www.amazon.in/gp/customer-reviews/R3KJNE2UU3WXXI/ref=cm_cr_othr_d_rvw_ttl?ie=UTF8&ASIN=B0DJK5MMGQ,,The media could not be loaded.,True,False,['https://m.media-amazon.com/images/I/61T7q66urdL._SY88.jpg'],2024-12-29,37,,[],,,https://www.amazon.in/product-reviews/B0DJK5MMGQ?pageNumber=5&filterByStar=all_stars&sortBy=helpful&formatType=all_formats&asin=B0DJK5MMGQ&reftag=cm_cr_arp_d_paging_btm_next_5&scope=reviewsAjax0,allStars,,B0DJK5MMGQ,B0DJK5MMGQ,B0DJK5MMGQ,"{'price': None, 'listPrice': None}",https://www.amazon.in//Mini-Electroplating-Controlled-Multicolor-Boost/dp/B0DJK5MMGQ/ref=zg_bs_g_1389365031_d_sccl_23/258-6337177-1273930?psc=1,India,
Reviewed in India on 2 December 2024,amzn1.account.AGB7B2SNOSAEU7PWXBIJ2TKMPLPQ,https://www.amazon.in/gp/profile/amzn1.account.AGB7B2SNOSAEU7PWXBIJ2TKMPLPQ/ref=cm_cr_othr_d_gw_tr?ie=UTF8,5,Nice product,R1A1YDEICNWOA2,https://www.amazon.in/gp/customer-reviews/R1A1YDEICNWOA2/ref=cm_cr_othr_d_rvw_ttl?ie=UTF8&ASIN=B0DJK5MMGQ,,Good,True,False,['https://m.media-amazon.com/images/I/71m3+UZgV7L._SY88.jpg'],2024-12-02,38,,[],,,https://www.amazon.in/product-reviews/B0DJK5MMGQ?pageNumber=5&filterByStar=all_stars&sortBy=helpful&formatType=all_formats&asin=B0DJK5MMGQ&reftag=cm_cr_arp_d_paging_btm_next_5&scope=reviewsAjax0,allStars,,B0DJK5MMGQ,B0DJK5MMGQ,B0DJK5MMGQ,"{'price': None, 'listPrice': None}",https://www.amazon.in//Mini-Electroplating-Controlled-Multicolor-Boost/dp/B0DJK5MMGQ/ref=zg_bs_g_1389365031_d_sccl_23/258-6337177-1273930?psc=1,India,
Reviewed in India on 26 November 2024,amzn1.account.AFWZFDVWLAGWF72WYU2X3FXZPTHA,https://www.amazon.in/gp/profile/amzn1.account.AFWZFDVWLAGWF72WYU2X3FXZPTHA/ref=cm_cr_othr_d_gw_tr?ie=UTF8,5,Sound,R2FLHWTKLOWN2V,https://www.amazon.in/gp/customer-reviews/R2FLHWTKLOWN2V/ref=cm_cr_othr_d_rvw_ttl?ie=UTF8&ASIN=B0DJK5MMGQ,,It’s really amazing,True,False,[],2024-11-26,39,,[],,,https://www.amazon.in/product-reviews/B0DJK5MMGQ?pageNumber=5&filterByStar=all_stars&sortBy=helpful&formatType=all_formats&asin=B0DJK5MMGQ&reftag=cm_cr_arp_d_paging_btm_next_5&scope=reviewsAjax0,allStars,,B0DJK5MMGQ,B0DJK5MMGQ,B0DJK5MMGQ,"{'price': None, 'listPrice': None}",https://www.amazon.in//Mini-Electroplating-Controlled-Multicolor-Boost/dp/B0DJK5MMGQ/ref=zg_bs_g_1389365031_d_sccl_23/258-6337177-1273930?psc=1,India,
Reviewed in India on 25 November 2024,amzn1.account.AGKGPKMTAIXVGB6P4RRWOLYKJO2Q,https://www.amazon.in/gp/profile/amzn1.account.AGKGPKMTAIXVGB6P4RRWOLYKJO2Q/ref=cm_cr_othr_d_gw_tr?ie=UTF8,5,Best,R129GDF0PZ1JP,https://www.amazon.in/gp/customer-reviews/R129GDF0PZ1JP/ref=cm_cr_othr_d_rvw_ttl?ie=UTF8&ASIN=B0DJK5MMGQ,One person found this helpful,"The media could not be loaded.
                
            
                
            
        
    
    








  
  
     Bhot accha hai dislike krne layak much h hi nhiii best producttttBest design sound quality  Mast",True,False,[],2024-11-25,40,,[],,,https://www.amazon.in/product-reviews/B0DJK5MMGQ?pageNumber=5&filterByStar=all_stars&sortBy=helpful&formatType=all_formats&asin=B0DJK5MMGQ&reftag=cm_cr_arp_d_paging_btm_next_5&scope=reviewsAjax0,allStars,,B0DJK5MMGQ,B0DJK5MMGQ,B0DJK5MMGQ,"{'price': None, 'listPrice': None}",https://www.amazon.in//Mini-Electroplating-Controlled-Multicolor-Boost/dp/B0DJK5MMGQ/ref=zg_bs_g_1389365031_d_sccl_23/258-6337177-1273930?psc=1,India,
Reviewed in India on 24 December 2024,amzn1.account.AGMCMNT4J3TQDA7434R7JB2QHP4A,https://www.amazon.in/gp/profile/amzn1.account.AGMCMNT4J3TQDA7434R7JB2QHP4A/ref=cm_cr_othr_d_gw_tr?ie=UTF8,5,Product at this range its really very awsome,R22KN7HK65NRPS,https://www.amazon.in/gp/customer-reviews/R22KN7HK65NRPS/ref=cm_cr_othr_d_rvw_ttl?ie=UTF8&ASIN=B0DJK5MMGQ,,Product at this range its really very awsome,True,False,[],2024-12-24,25,,[],,,https://www.amazon.in/product-reviews/B0DJK5MMGQ?pageNumber=4&filterByStar=all_stars&sortBy=helpful&formatType=all_formats&asin=B0DJK5MMGQ&reftag=cm_cr_arp_d_paging_btm_next_4&scope=reviewsAjax0,allStars,,B0DJK5MMGQ,B0DJK5MMGQ,B0DJK5MMGQ,"{'price': None, 'listPrice': None}",https://www.amazon.in//Mini-Electroplating-Controlled-Multicolor-Boost/dp/B0DJK5MMGQ/ref=zg_bs_g_1389365031_d_sccl_23/258-6337177-1273930?psc=1,India,
Reviewed in India on 19 January 2025,amzn1.account.AFYRNVZ22LHIFMN52ENZZFU6C5EA,https://www.amazon.in/gp/profile/amzn1.account.AFYRNVZ22LHIFMN52ENZZFU6C5EA/ref=cm_cr_othr_d_gw_tr?ie=UTF8,5,Mast quality spekar,R1N0Z74XEE5M0K,https://www.amazon.in/gp/customer-reviews/R1N0Z74XEE5M0K/ref=cm_cr_othr_d_rvw_ttl?ie=UTF8&ASIN=B0DJK5MMGQ,,"The media could not be loaded.
                
            
                
            
            
        
    
    








  
  
     I like spekar",True,False,[],2025-01-19,26,,[],,,https://www.amazon.in/product-reviews/B0DJK5MMGQ?pageNumber=4&filterByStar=all_stars&sortBy=helpful&formatType=all_formats&asin=B0DJK5MMGQ&reftag=cm_cr_arp_d_paging_btm_next_4&scope=reviewsAjax0,allStars,,B0DJK5MMGQ,B0DJK5MMGQ,B0DJK5MMGQ,"{'price': None, 'listPrice': None}",https://www.amazon.in//Mini-Electroplating-Controlled-Multicolor-Boost/dp/B0DJK5MMGQ/ref=zg_bs_g_1389365031_d_sccl_23/258-6337177-1273930?psc=1,India,
Reviewed in India on 29 December 2024,amzn1.account.AH5PHLWMPAS7ZJF4FRZPAMNLZ4NQ,https://www.amazon.in/gp/profile/amzn1.account.AH5PHLWMPAS7ZJF4FRZPAMNLZ4NQ/ref=cm_cr_othr_d_gw_tr?ie=UTF8,5,Good product must buy,R339LPVOGDK3YD,https://www.amazon.in/gp/customer-reviews/R339LPVOGDK3YD/ref=cm_cr_othr_d_rvw_ttl?ie=UTF8&ASIN=B0DJK5MMGQ,2 people found this helpful,Very good sound quality and charging also,True,False,[],2024-12-29,27,,[],,,https://www.amazon.in/product-reviews/B0DJK5MMGQ?pageNumber=4&filterByStar=all_stars&sortBy=helpful&formatType=all_formats&asin=B0DJK5MMGQ&reftag=cm_cr_arp_d_paging_btm_next_4&scope=reviewsAjax0,allStars,,B0DJK5MMGQ,B0DJK5MMGQ,B0DJK5MMGQ,"{'price': None, 'listPrice': None}",https://www.amazon.in//Mini-Electroplating-Controlled-Multicolor-Boost/dp/B0DJK5MMGQ/ref=zg_bs_g_1389365031_d_sccl_23/258-6337177-1273930?psc=1,India,
Reviewed in India on 24 December 2024,amzn1.account.AEYFQW5XBX4OVKW3OU2VN6ZOI4VA,https://www.amazon.in/gp/profile/amzn1.account.AEYFQW5XBX4OVKW3OU2VN6ZOI4VA/ref=cm_cr_othr_d_gw_tr?ie=UTF8,5,🔊,R2A28JOV30W0NY,https://www.amazon.in/gp/customer-reviews/R2A28JOV30W0NY/ref=cm_cr_othr_d_rvw_ttl?ie=UTF8&ASIN=B0DJK5MMGQ,,Sound is so loud and clear,True,False,[],2024-12-24,28,,[],,,https://www.amazon.in/product-reviews/B0DJK5MMGQ?pageNumber=4&filterByStar=all_stars&sortBy=helpful&formatType=all_formats&asin=B0DJK5MMGQ&reftag=cm_cr_arp_d_paging_btm_next_4&scope=reviewsAjax0,allStars,,B0DJK5MMGQ,B0DJK5MMGQ,B0DJK5MMGQ,"{'price': None, 'listPrice': None}",https://www.amazon.in//Mini-Electroplating-Controlled-Multicolor-Boost/dp/B0DJK5MMGQ/ref=zg_bs_g_1389365031_d_sccl_23/258-6337177-1273930?psc=1,India,
Reviewed in India on 26 December 2024,amzn1.account.AF4QDJAKTBOXB2DCR436GUYVB2TQ,https://www.amazon.in/gp/profile/amzn1.account.AF4QDJAKTBOXB2DCR436GUYVB2TQ/ref=cm_cr_othr_d_gw_tr?ie=UTF8,5,Very Good product,RF5WNV6K44YLX,https://www.amazon.in/gp/customer-reviews/RF5WNV6K44YLX/ref=cm_cr_othr_d_rvw_ttl?ie=UTF8&ASIN=B0DJK5MMGQ,One person found this helpful,"Unbeatable product, with unbelievable price",True,False,['https://m.media-amazon.com/images/I/61CLsw-KUwL._SY88.jpg'],2024-12-26,29,,[],,,https://www.amazon.in/product-reviews/B0DJK5MMGQ?pageNumber=4&filterByStar=all_stars&sortBy=helpful&formatType=all_formats&asin=B0DJK5MMGQ&reftag=cm_cr_arp_d_paging_btm_next_4&scope=reviewsAjax0,allStars,,B0DJK5MMGQ,B0DJK5MMGQ,B0DJK5MMGQ,"{'price': None, 'listPrice': None}",https://www.amazon.in//Mini-Electroplating-Controlled-Multicolor-Boost/dp/B0DJK5MMGQ/ref=zg_bs_g_1389365031_d_sccl_23/258-6337177-1273930?psc=1,India,
Reviewed in India on 23 December 2024,amzn1.account.AH6VBALLVALAH7M4Q44PBAKN5ISA,https://www.amazon.in/gp/profile/amzn1.account.AH6VBALLVALAH7M4Q44PBAKN5ISA/ref=cm_cr_othr_d_gw_tr?ie=UTF8,5,Awesome bass,R2ULTA3IRR6CT4,https://www.amazon.in/gp/customer-reviews/R2ULTA3IRR6CT4/ref=cm_cr_othr_d_rvw_ttl?ie=UTF8&ASIN=B0DJK5MMGQ,One person found this helpful,Nice mini boost 4 portable speaker. Metal body speaker. You can use 2 hours constant in full battery.Also sound is very good. Worth it.,True,False,['https://m.media-amazon.com/images/I/71ftX93UcPL._SY88.jpg'],2024-12-23,30,,[],,,https://www.amazon.in/product-reviews/B0DJK5MMGQ?pageNumber=4&filterByStar=all_stars&sortBy=helpful&formatType=all_formats&asin=B0DJK5MMGQ&reftag=cm_cr_arp_d_paging_btm_next_4&scope=reviewsAjax0,allStars,,B0DJK5MMGQ,B0DJK5MMGQ,B0DJK5MMGQ,"{'price': None, 'listPrice': None}",https://www.amazon.in//Mini-Electroplating-Controlled-Multicolor-Boost/dp/B0DJK5MMGQ/ref=zg_bs_g_1389365031_d_sccl_23/258-6337177-1273930?psc=1,India,
Reviewed in India on 13 January 2025,amzn1.account.AEPQL6XO5NGW5RPYVOWSS2FLDABA,https://www.amazon.in/gp/profile/amzn1.account.AEPQL6XO5NGW5RPYVOWSS2FLDABA/ref=cm_cr_othr_d_gw_tr?ie=UTF8,5,Buster,R1530RGAQK2YTO,https://www.amazon.in/gp/customer-reviews/R1530RGAQK2YTO/ref=cm_cr_othr_d_rvw_ttl?ie=UTF8&ASIN=B0DJK5MMGQ,,The media could not be loaded.,True,False,[],2025-01-13,31,,[],,,https://www.amazon.in/product-reviews/B0DJK5MMGQ?pageNumber=4&filterByStar=all_stars&sortBy=helpful&formatType=all_formats&asin=B0DJK5MMGQ&reftag=cm_cr_arp_d_paging_btm_next_4&scope=reviewsAjax0,allStars,,B0DJK5MMGQ,B0DJK5MMGQ,B0DJK5MMGQ,"{'price': None, 'listPrice': None}",https://www.amazon.in//Mini-Electroplating-Controlled-Multicolor-Boost/dp/B0DJK5MMGQ/ref=zg_bs_g_1389365031_d_sccl_23/258-6337177-1273930?psc=1,India,
Reviewed in India on 16 December 2024,amzn1.account.AFZJRN2JLRTCX7KQERGPEK3KI4BA,https://www.amazon.in/gp/profile/amzn1.account.AFZJRN2JLRTCX7KQERGPEK3KI4BA/ref=cm_cr_othr_d_gw_tr?ie=UTF8,5,More than expected,R39AZWCI4H6ABD,https://www.amazon.in/gp/customer-reviews/R39AZWCI4H6ABD/ref=cm_cr_othr_d_rvw_ttl?ie=UTF8&ASIN=B0DJK5MMGQ,,Sound quality is awesome,True,False,[],2024-12-16,32,,[],,,https://www.amazon.in/product-reviews/B0DJK5MMGQ?pageNumber=4&filterByStar=all_stars&sortBy=helpful&formatType=all_formats&asin=B0DJK5MMGQ&reftag=cm_cr_arp_d_paging_btm_next_4&scope=reviewsAjax0,allStars,,B0DJK5MMGQ,B0DJK5MMGQ,B0DJK5MMGQ,"{'price': None, 'listPrice': None}",https://www.amazon.in//Mini-Electroplating-Controlled-Multicolor-Boost/dp/B0DJK5MMGQ/ref=zg_bs_g_1389365031_d_sccl_23/258-6337177-1273930?psc=1,India,
