ratingScore,reviewTitle,reviewId,reviewUrl,reviewDescription,reviewImages,date,position,variant,totalCategoryRatings
5,Worth for money.. long lasting battery. good sound,R1TAGAFOFBNGYQ,https://www.amazon.in/gp/customer-reviews/R1TAGAFOFBNGYQ/ref=cm_cr_othr_d_rvw_ttl?ie=UTF8&ASIN=B0DF5C8RNG,"Working fine, we can enjoy the sound. Worth for the price. Good one.Long lasting battery. 20hrs it will support.I tried with TF card & bluetooth. Both are fine . Not tried with FM yet",['https://m.media-amazon.com/images/I/61lLwVJGf+L._SY88.jpg'],2025-01-16,1,Colour: 24 Watt,
4,😊 happy,RXGHD83G7TYT3,https://www.amazon.in/gp/customer-reviews/RXGHD83G7TYT3/ref=cm_cr_othr_d_rvw_ttl?ie=UTF8&ASIN=B0DF5C8RNG,"The media could not be loaded.
                
            
                
            
            
        
    
    








  
  
     Loved it,value for money, build wQuality good,sounds superb",[],2024-11-25,2,Colour: 300Watt (2.1 Dolby),
5,Best features in speaker 🔊,R36Q17EXDGEUP4,https://www.amazon.in/gp/customer-reviews/R36Q17EXDGEUP4/ref=cm_cr_othr_d_rvw_ttl?ie=UTF8&ASIN=B0DF5C8RNG,"I like it product1.Speaker 🔊 voice so clear2.Speaker at Reasonable price3.Fashionable motion RGB light4. Design is good5.build Quality is nice6.best connectivity by phone7.Aux,FM, bluetooth, memory card, pendrive,many functionality8.Easy to use it","['https://m.media-amazon.com/images/I/71mSlHQUDZL._SY88.jpg', 'https://m.media-amazon.com/images/I/71rAk8sWKSL._SY88.jpg']",2025-01-18,3,Colour: 18 Watt,
1,The product is not good,RLSNX4UQF96WE,https://www.amazon.in/gp/customer-reviews/RLSNX4UQF96WE/ref=cm_cr_othr_d_rvw_ttl?ie=UTF8&ASIN=B0DF5C8RNG,"I really wanted to like this Bluetooth speaker, but unfortunately, it fell short in a few key areas. First, the sound quality is pretty underwhelming. The bass is weak, and the overall audio feels tinny and flat. It’s not the immersive sound experience I was hoping for, especially considering the price.Second, I’ve experienced frequent connectivity issues. The speaker disconnects randomly from my phone, even when they’re just a few feet apart. I’ve tried troubleshooting, resetting it, and even using a different device, but the issues persist.The build quality isn’t much better. The plastic feels cheap, and I’m worried it won’t hold up well over time.Overall, I’m really disappointed. I expected more for the price, and I wouldn’t recommend this speaker to anyone looking for good sound and reliable performance.",[],2025-01-24,4,Colour: 18 Watt,
5,Most Affordable and Good Quality.,R2L9PKBIXMZOML,https://www.amazon.in/gp/customer-reviews/R2L9PKBIXMZOML/ref=cm_cr_othr_d_rvw_ttl?ie=UTF8&ASIN=B0DF5C8RNG,"Most affordable and good Quality in this price range. and those RGB lights i loved it totally, sound quality is very good as compared to other sound bars in this price segment. bass quality is also good, highly recommended.",[],2024-12-06,5,Colour: 24 Watt,
5,Worth to buy it,R1COPCH538VXD8,https://www.amazon.in/gp/customer-reviews/R1COPCH538VXD8/ref=cm_cr_othr_d_rvw_ttl?ie=UTF8&ASIN=B0DF5C8RNG,Sound quality is very nice. Connectivity is very easy. Charged for 2.5 hours and its playing more than 8 hours. It is also light weight. Really loved it,['https://m.media-amazon.com/images/I/816cU0N5Y8L._SY88.jpg'],2025-01-13,6,Colour: 18 Watt,
3,Egate Bluetooth speaker,R182PRI3IINA8B,https://www.amazon.in/gp/customer-reviews/R182PRI3IINA8B/ref=cm_cr_othr_d_rvw_ttl?ie=UTF8&ASIN=B0DF5C8RNG,Speaker is good as per value..good base and sound.,[],2024-12-01,7,Colour: 24 Watt,
4,Good product within that budget,R1AE02177WDKXQ,https://www.amazon.in/gp/customer-reviews/R1AE02177WDKXQ/ref=cm_cr_othr_d_rvw_ttl?ie=UTF8&ASIN=B0DF5C8RNG,Iam impressed with the sound quality from a soundbar within that price range.Using it with my projector.,[],2025-01-20,8,Colour: 24 Watt,
4,Awesome product,R1ZHX6N0W4L7PY,https://www.amazon.in/gp/customer-reviews/R1ZHX6N0W4L7PY/ref=cm_cr_othr_d_rvw_ttl?ie=UTF8&ASIN=B0DF5C8RNG,Everything is fine but I didn't get any warranty card yet this tha main problem otherwise superb product,"['https://m.media-amazon.com/images/I/71A9tjgiapL._SY88.jpg', 'https://m.media-amazon.com/images/I/71qVf3gDjCL._SY88.jpg']",2024-12-29,17,Colour: 24 Watt,
4,Good Quality,R1CU8HPXF88YU9,https://www.amazon.in/gp/customer-reviews/R1CU8HPXF88YU9/ref=cm_cr_othr_d_rvw_ttl?ie=UTF8&ASIN=B0DF5C8RNG,"Its a good product, sound quality with this price is ok..",[],2024-12-27,18,Colour: 24 Watt,
4,Value for Money,R3H0249DR7HQ2S,https://www.amazon.in/gp/customer-reviews/R3H0249DR7HQ2S/ref=cm_cr_othr_d_rvw_ttl?ie=UTF8&ASIN=B0DF5C8RNG,"Excellent Sound, Bass very good for TV  / YoutubeDis: FM not working",[],2024-12-24,19,Colour: 24 Watt,
4,E gate,R1CM0XXUIK7RE7,https://www.amazon.in/gp/customer-reviews/R1CM0XXUIK7RE7/ref=cm_cr_othr_d_rvw_ttl?ie=UTF8&ASIN=B0DF5C8RNG,Product was Good but I received damaged product Replacement proceed,"['https://m.media-amazon.com/images/I/71qg2MNT9oL._SY88.jpg', 'https://m.media-amazon.com/images/I/71qg2MNT9oL._SY88.jpg']",2024-12-25,20,Colour: 24 Watt,
4,Very good sound quality,R38ECG965970IO,https://www.amazon.in/gp/customer-reviews/R38ECG965970IO/ref=cm_cr_othr_d_rvw_ttl?ie=UTF8&ASIN=B0DF5C8RNG,Good BassGood treableBut always needs to set sound settingsSettings not stored in memory therefore Irritating 4*,[],2024-12-25,21,Colour: 300Watt (2.1 Dolby),
4,Good one,R1F1N9LJTDW1HZ,https://www.amazon.in/gp/customer-reviews/R1F1N9LJTDW1HZ/ref=cm_cr_othr_d_rvw_ttl?ie=UTF8&ASIN=B0DF5C8RNG,Best in market at this price..,[],2024-12-13,22,Colour: 24 Watt,
4,Good one,R1ES9YGQK966HG,https://www.amazon.in/gp/customer-reviews/R1ES9YGQK966HG/ref=cm_cr_othr_d_rvw_ttl?ie=UTF8&ASIN=B0DF5C8RNG,Very Good speaker for blueTooth but FM isn't working at all.,[],2024-12-16,23,Colour: 24 Watt,
4,Good,RZYNWZ6QZ62BD,https://www.amazon.in/gp/customer-reviews/RZYNWZ6QZ62BD/ref=cm_cr_othr_d_rvw_ttl?ie=UTF8&ASIN=B0DF5C8RNG,Good product ur maoney is safe....,[],2024-12-10,24,Colour: 24 Watt,
5,Best soundbar in 210W,R3USDQCZ6J8XJ2,https://www.amazon.in/gp/customer-reviews/R3USDQCZ6J8XJ2/ref=cm_cr_othr_d_rvw_ttl?ie=UTF8&ASIN=B0DF5C8RNG,Very good sound bar sound quality is best in this segmentSpecially the red light is very goodLove to play songs whole day,"['https://m.media-amazon.com/images/I/616Nr7pZaPL._SY88.jpg', 'https://m.media-amazon.com/images/I/61MaWk0sh6L._SY88.jpg', 'https://m.media-amazon.com/images/I/716IFeJMxWL._SY88.jpg', 'https://m.media-amazon.com/images/I/71eY6Gaeq-L._SY88.jpg', 'https://m.media-amazon.com/images/I/816NkdkiH4L._SY88.jpg', 'https://m.media-amazon.com/images/I/81Rj9lyq2vL._SY88.jpg']",2025-01-23,33,Colour: 210 Watt (2.1),
4,Good product,ROQ3TJ13N2JHP,https://www.amazon.in/gp/customer-reviews/ROQ3TJ13N2JHP/ref=cm_cr_othr_d_rvw_ttl?ie=UTF8&ASIN=B0DF5C8RNG,"The media could not be loaded.
                
            
                
            
            
        
    
    








  
  
     Good and classy product also budget friendly.8/10",[],2024-11-25,34,Colour: 24 Watt,
5,Happy to have this.,RYUIJDEIZKIQ0,https://www.amazon.in/gp/customer-reviews/RYUIJDEIZKIQ0/ref=cm_cr_othr_d_rvw_ttl?ie=UTF8&ASIN=B0DF5C8RNG,I get what I expected. Got at 790/- in Amazon Great Indian Festival days.,[],2025-01-19,35,Colour: 24 Watt,
4,Nice at this Price,R2MACGVFISW9EK,https://www.amazon.in/gp/customer-reviews/R2MACGVFISW9EK/ref=cm_cr_othr_d_rvw_ttl?ie=UTF8&ASIN=B0DF5C8RNG,Overall Product is good.,[],2024-11-11,36,Colour: 24 Watt,
4,Good,R1QJ5S1DC5LDV0,https://www.amazon.in/gp/customer-reviews/R1QJ5S1DC5LDV0/ref=cm_cr_othr_d_rvw_ttl?ie=UTF8&ASIN=B0DF5C8RNG,Good,[],2024-11-10,37,Colour: 24 Watt,
3,Connectivity,R2N0EWTULLZIK6,https://www.amazon.in/gp/customer-reviews/R2N0EWTULLZIK6/ref=cm_cr_othr_d_rvw_ttl?ie=UTF8&ASIN=B0DF5C8RNG,Problem in bluetooth mode connection. Speaker quality is not so good. Clarity to be improved.,[],2024-12-13,38,Colour: 24 Watt,
5,Awesome,R2ONIHSTMF4PQF,https://www.amazon.in/gp/customer-reviews/R2ONIHSTMF4PQF/ref=cm_cr_othr_d_rvw_ttl?ie=UTF8&ASIN=B0DF5C8RNG,Good sound and led but 9hr play time only,"['https://m.media-amazon.com/images/I/61MLqQKuBiL._SY88.jpg', 'https://m.media-amazon.com/images/I/61fqnnJe87L._SY88.jpg']",2025-01-26,39,Colour: 24 Watt,
4,Exellent,R1GWA1U6X0SIIF,https://www.amazon.in/gp/customer-reviews/R1GWA1U6X0SIIF/ref=cm_cr_othr_d_rvw_ttl?ie=UTF8&ASIN=B0DF5C8RNG,Design is good performance good battery life is good,['https://m.media-amazon.com/images/I/61PCStcXG0L._SY88.jpg'],2024-11-04,40,Colour: 24 Watt,
5,Unbelievable,R109Q1ABATKJQ6,https://www.amazon.in/gp/customer-reviews/R109Q1ABATKJQ6/ref=cm_cr_othr_d_rvw_ttl?ie=UTF8&ASIN=B0DF5C8RNG,Super se bhi uparBattery backup and  sound quality super hai.,[],2024-12-29,65,Colour: 24 Watt,
5,nice,R2N16N8EIUWVM0,https://www.amazon.in/gp/customer-reviews/R2N16N8EIUWVM0/ref=cm_cr_othr_d_rvw_ttl?ie=UTF8&ASIN=B0DF5C8RNG,nice product,[],2025-01-02,66,Colour: 24 Watt,
3,Good,R3OZRPG30QZ11Q,https://www.amazon.in/gp/customer-reviews/R3OZRPG30QZ11Q/ref=cm_cr_othr_d_rvw_ttl?ie=UTF8&ASIN=B0DF5C8RNG,Value for money,[],2024-11-08,67,Colour: 24 Watt,
5,Super,R3HV0PYWAZQ5CS,https://www.amazon.in/gp/customer-reviews/R3HV0PYWAZQ5CS/ref=cm_cr_othr_d_rvw_ttl?ie=UTF8&ASIN=B0DF5C8RNG,Adipoli Sathannam,['https://m.media-amazon.com/images/I/61ng99A00-L._SY88.jpg'],2025-01-02,68,Colour: 24 Watt,
5,Quality is top class,ROWO7L23QQEY4,https://www.amazon.in/gp/customer-reviews/ROWO7L23QQEY4/ref=cm_cr_othr_d_rvw_ttl?ie=UTF8&ASIN=B0DF5C8RNG,Most trustworthy speaker brand.Everything is top notch,[],2025-01-04,69,Colour: 300Watt (2.1 Dolby),
4,GOOD QUALITY UNDER THIS PRICE RANGE,R3SVEFK5XAVMSH,https://www.amazon.in/gp/customer-reviews/R3SVEFK5XAVMSH/ref=cm_cr_othr_d_rvw_ttl?ie=UTF8&ASIN=B0DF5C8RNG,I paid 490 for this product!! And quality is good and the sound is low as expected.,[],2024-09-23,70,Colour: 24 Watt,
3,Not Bad not Good,R2BXO3M2I6IWGY,https://www.amazon.in/gp/customer-reviews/R2BXO3M2I6IWGY/ref=cm_cr_othr_d_rvw_ttl?ie=UTF8&ASIN=B0DF5C8RNG,Kuch khas nhi sirf 24 watt likha hai U bon ka 16 watt isse behtar he bajta hai,[],2024-10-23,71,Colour: 24 Watt,
5,Deep bass,R2AMTYUAZ1TSDA,https://www.amazon.in/gp/customer-reviews/R2AMTYUAZ1TSDA/ref=cm_cr_othr_d_rvw_ttl?ie=UTF8&ASIN=B0DF5C8RNG,"It's my first purchase from this brand I bought it as they have good reputation in projectors. This 210w soundbar is of very good quality, bass vocals and trebles all is great. Totally satisfied with initial impression of sound quality. I recommend using lossless music such as flac and wav and poweramp music player. Bass is really good and deep. Bluetooth connectivity is good , build quality is goodI hope it works good for long run.",[],2024-11-24,72,Colour: 210 Watt (2.1),
5,Bluetooth speaker,R379ZFEJ1E92R8,https://www.amazon.in/gp/customer-reviews/R379ZFEJ1E92R8/ref=cm_cr_othr_d_rvw_ttl?ie=UTF8&ASIN=B0DF5C8RNG,Sound quality is excellent for my bedroom. Good product for the price. Good bass and range.,['https://m.media-amazon.com/images/I/71LmVoa+SkL._SY88.jpg'],2025-01-05,73,Colour: 24 Watt,
4,Lovely,R3OSPPW0TIW5QW,https://www.amazon.in/gp/customer-reviews/R3OSPPW0TIW5QW/ref=cm_cr_othr_d_rvw_ttl?ie=UTF8&ASIN=B0DF5C8RNG,Amezing sound,[],2024-09-27,74,Colour: 24 Watt,
5,DEFINATELY BUY PRODUCT,R3874UEK3VLYND,https://www.amazon.in/gp/customer-reviews/R3874UEK3VLYND/ref=cm_cr_othr_d_rvw_ttl?ie=UTF8&ASIN=B0DF5C8RNG,SUPER PRODUCT............. JUST BUY ..... EASLIY RELIABLE,[],2024-12-26,75,Colour: 24 Watt,
5,Awesome product,REKQBVOCVAT2L,https://www.amazon.in/gp/customer-reviews/REKQBVOCVAT2L/ref=cm_cr_othr_d_rvw_ttl?ie=UTF8&ASIN=B0DF5C8RNG,Worth of money,['https://m.media-amazon.com/images/I/71oLGXiGljL._SY88.jpg'],2024-12-23,76,Colour: 24 Watt,
5,Bang for a buck,R14Y5WBAI7CQTN,https://www.amazon.in/gp/customer-reviews/R14Y5WBAI7CQTN/ref=cm_cr_othr_d_rvw_ttl?ie=UTF8&ASIN=B0DF5C8RNG,"If this product is truly made in India, this product is definitely bang for a buck, sound is very loud, clear & crisp, RGB lighting looks really clean & beautiful, definitely go for it, it'll work as tv sound bar, for your music needs, family functions & celebration",[],2024-11-15,77,Colour: 24 Watt,
3,Good product,R180ILY1MCD0HN,https://www.amazon.in/gp/customer-reviews/R180ILY1MCD0HN/ref=cm_cr_othr_d_rvw_ttl?ie=UTF8&ASIN=B0DF5C8RNG,Goods,[],2024-10-23,78,Colour: 24 Watt,
5,Excellent dolby audio,R5F3MXN8L2DD5,https://www.amazon.in/gp/customer-reviews/R5F3MXN8L2DD5/ref=cm_cr_othr_d_rvw_ttl?ie=UTF8&ASIN=B0DF5C8RNG,People those who have dolby tv can purchase this soundbar.. I have paired with sony tv. I am getting Dolby digital Plus audio from soundbar.. thank you Amazon and egate for the great purchase . Sound quality 10/10 bass 10/10  treble 10/10 dialogues 10/10  totally theatre experience in home.....,['https://m.media-amazon.com/images/I/71keXKxU8sL._SY88.jpg'],2024-11-16,79,Colour: 300Watt (2.1 Dolby),
5,Rating 10/10 🥰 external bass and sound is very good,R22ACOBV0FZNVP,https://www.amazon.in/gp/customer-reviews/R22ACOBV0FZNVP/ref=cm_cr_othr_d_rvw_ttl?ie=UTF8&ASIN=B0DF5C8RNG,Please every one buy this product it's very good 😊👍👍,"['https://m.media-amazon.com/images/I/81UvsY2eGtL._SY88.jpg', 'https://m.media-amazon.com/images/I/81yGHW90XfL._SY88.jpg']",2024-12-14,80,Colour: 24 Watt,
3,Not a money west,R3RQQPWPPM5GGV,https://www.amazon.in/gp/customer-reviews/R3RQQPWPPM5GGV/ref=cm_cr_othr_d_rvw_ttl?ie=UTF8&ASIN=B0DF5C8RNG,,['https://m.media-amazon.com/images/I/81fk8wEI+rL._SY88.jpg'],2024-12-09,49,Colour: 24 Watt,
5,Sound quality is outstanding in this price,R3J4HKOOB9ABA4,https://www.amazon.in/gp/customer-reviews/R3J4HKOOB9ABA4/ref=cm_cr_othr_d_rvw_ttl?ie=UTF8&ASIN=B0DF5C8RNG,"Very good product, must buy",[],2025-01-18,50,Colour: 24 Watt,
5,Sound,RRCB3OF6GTBVB,https://www.amazon.in/gp/customer-reviews/RRCB3OF6GTBVB/ref=cm_cr_othr_d_rvw_ttl?ie=UTF8&ASIN=B0DF5C8RNG,Sound quality is super,[],2025-01-17,51,Colour: 24 Watt,
5,Venky jannemula,R1X5IUUMFLONJK,https://www.amazon.in/gp/customer-reviews/R1X5IUUMFLONJK/ref=cm_cr_othr_d_rvw_ttl?ie=UTF8&ASIN=B0DF5C8RNG,Superb soundbar really awesome product.,['https://m.media-amazon.com/images/I/61QOpocSU9L._SY88.jpg'],2025-01-15,52,Colour: 24 Watt,
5,E Gate,R1CWS10U63RSTA,https://www.amazon.in/gp/customer-reviews/R1CWS10U63RSTA/ref=cm_cr_othr_d_rvw_ttl?ie=UTF8&ASIN=B0DF5C8RNG,Good prduct,[],2025-01-14,53,Colour: 24 Watt,
5,Best product,R2BK0JD0UNY29F,https://www.amazon.in/gp/customer-reviews/R2BK0JD0UNY29F/ref=cm_cr_othr_d_rvw_ttl?ie=UTF8&ASIN=B0DF5C8RNG,Best product I like it working ❤️,[],2025-01-16,54,Colour: 24 Watt,
5,Good,R20ICR2K5UK6BZ,https://www.amazon.in/gp/customer-reviews/R20ICR2K5UK6BZ/ref=cm_cr_othr_d_rvw_ttl?ie=UTF8&ASIN=B0DF5C8RNG,Good,[],2025-01-17,55,Colour: 24 Watt,
4,Very nice,R1LQQB8DC3FWWE,https://www.amazon.in/gp/customer-reviews/R1LQQB8DC3FWWE/ref=cm_cr_othr_d_rvw_ttl?ie=UTF8&ASIN=B0DF5C8RNG,Worth,[],2024-10-22,56,Colour: 24 Watt,
4,Peaches,R3DRSJ88ABECU1,https://www.amazon.in/gp/customer-reviews/R3DRSJ88ABECU1/ref=cm_cr_othr_d_rvw_ttl?ie=UTF8&ASIN=B0DF5C8RNG,Good saundNo problem DolbyGood saund good good good 👍Good good saund,[],2024-12-03,25,Colour: 24 Watt,
4,Good speaker,R3GHEX59TANOEA,https://www.amazon.in/gp/customer-reviews/R3GHEX59TANOEA/ref=cm_cr_othr_d_rvw_ttl?ie=UTF8&ASIN=B0DF5C8RNG,Good speaker,[],2024-12-11,26,Colour: 24 Watt,
4,Liked the bass and overall,R2OL2XWYOQKTWL,https://www.amazon.in/gp/customer-reviews/R2OL2XWYOQKTWL/ref=cm_cr_othr_d_rvw_ttl?ie=UTF8&ASIN=B0DF5C8RNG,But battery level is not full,['https://m.media-amazon.com/images/I/717+Jqh56BL._SY88.jpg'],2024-12-04,27,Colour: 24 Watt,
4,"Awesome bass, but FM not working properly",ROZND29VSZ39V,https://www.amazon.in/gp/customer-reviews/ROZND29VSZ39V/ref=cm_cr_othr_d_rvw_ttl?ie=UTF8&ASIN=B0DF5C8RNG,"If your searching for good speaking under 1k, go with this one, i am facing one issue is FM not working properly, getting so much noice. if you are not using fm then its good choice for you buddy.",[],2024-11-13,28,Colour: 24 Watt,
4,Good,R2NVZR8J23YHPR,https://www.amazon.in/gp/customer-reviews/R2NVZR8J23YHPR/ref=cm_cr_othr_d_rvw_ttl?ie=UTF8&ASIN=B0DF5C8RNG,"Product is good, for this budget it is good to buy.",[],2024-11-23,29,Colour: 24 Watt,
4,👍,R1LEK8FER43FRB,https://www.amazon.in/gp/customer-reviews/R1LEK8FER43FRB/ref=cm_cr_othr_d_rvw_ttl?ie=UTF8&ASIN=B0DF5C8RNG,Great product,[],2024-11-25,30,Colour: 24 Watt,
5,Best at this price,R103N40TQAMAKE,https://www.amazon.in/gp/customer-reviews/R103N40TQAMAKE/ref=cm_cr_othr_d_rvw_ttl?ie=UTF8&ASIN=B0DF5C8RNG,Not at all bad. Superb voice clearity and soothing experience. 100% recommend 👌,[],2025-01-29,31,Colour: 24 Watt,
5,Build Quality,RGHWUJFUMY05X,https://www.amazon.in/gp/customer-reviews/RGHWUJFUMY05X/ref=cm_cr_othr_d_rvw_ttl?ie=UTF8&ASIN=B0DF5C8RNG,"The build quality is superb, and it feels very durable. Definitely worth the price. It performs exactly as promised, and I am very satisfied with its functionality. Very easy to use and does the job well. I’m glad I chose this one.",[],2025-01-15,32,Colour: 24 Watt,
5,Very good product,RA2GCKZMFMT4F,https://www.amazon.in/gp/customer-reviews/RA2GCKZMFMT4F/ref=cm_cr_othr_d_rvw_ttl?ie=UTF8&ASIN=B0DF5C8RNG,Good product,[],2025-01-15,57,Colour: 24 Watt,
5,Good,R1O5Z4M1AADXV2,https://www.amazon.in/gp/customer-reviews/R1O5Z4M1AADXV2/ref=cm_cr_othr_d_rvw_ttl?ie=UTF8&ASIN=B0DF5C8RNG,Jabadast jarur khriden,[],2025-01-08,58,Colour: 24 Watt,
5,Enigma 306,RYDBVV4BN35EJ,https://www.amazon.in/gp/customer-reviews/RYDBVV4BN35EJ/ref=cm_cr_othr_d_rvw_ttl?ie=UTF8&ASIN=B0DF5C8RNG,"Nice product for this price, good sound quality, with bass and treble.If fm provided in this system it would be much better.",[],2024-12-24,59,Colour: 210 Watt (2.1),
5,Egate speaker,R24KE3X33M4N7X,https://www.amazon.in/gp/customer-reviews/R24KE3X33M4N7X/ref=cm_cr_othr_d_rvw_ttl?ie=UTF8&ASIN=B0DF5C8RNG,"I have bought this speaker on Amazon. I feel it's worthy to buy this in this price range and easy to connect with tv bluetooth etc. songs quality also bad, decent speaker with decent price.",[],2024-12-19,60,Colour: 24 Watt,
5,Best speaker,RNY9HDUPOHOG3,https://www.amazon.in/gp/customer-reviews/RNY9HDUPOHOG3/ref=cm_cr_othr_d_rvw_ttl?ie=UTF8&ASIN=B0DF5C8RNG,"Good sound, compact & best for its price",[],2025-01-15,61,Colour: 24 Watt,
3,Sound is low,R1HA68N003DVFY,https://www.amazon.in/gp/customer-reviews/R1HA68N003DVFY/ref=cm_cr_othr_d_rvw_ttl?ie=UTF8&ASIN=B0DF5C8RNG,Sound quality low,[],2024-11-18,62,Colour: 24 Watt,
5,Worth the money,R199SMZ5MUCKMR,https://www.amazon.in/gp/customer-reviews/R199SMZ5MUCKMR/ref=cm_cr_othr_d_rvw_ttl?ie=UTF8&ASIN=B0DF5C8RNG,Good value,[],2025-01-08,63,Colour: 24 Watt,
4,Good product and sound quality 👍,R2CIGZG184M4VO,https://www.amazon.in/gp/customer-reviews/R2CIGZG184M4VO/ref=cm_cr_othr_d_rvw_ttl?ie=UTF8&ASIN=B0DF5C8RNG,Nice product,[],2024-10-01,64,Colour: 24 Watt,
4,Good product,R3DKPSQLOFZBW0,https://www.amazon.in/gp/customer-reviews/R3DKPSQLOFZBW0/ref=cm_cr_othr_d_rvw_ttl?ie=UTF8&ASIN=B0DF5C8RNG,Sound quality is good at this price. It performs outstanding.Build  Quality is also good Best battery backup.I like the product but when I receive my order It was already opened.,[],2024-10-22,41,Colour: 24 Watt,
4,Good nice volume,R35N0YP56A5O8J,https://www.amazon.in/gp/customer-reviews/R35N0YP56A5O8J/ref=cm_cr_othr_d_rvw_ttl?ie=UTF8&ASIN=B0DF5C8RNG,Good nice volume for my phone or leptop 👌,[],2024-10-30,42,Colour: 24 Watt,
4,यदि आप  800 के अंदर खरीदते हो तो बेहतर है ।,RLZ30Z3XPR127,https://www.amazon.in/gp/customer-reviews/RLZ30Z3XPR127/ref=cm_cr_othr_d_rvw_ttl?ie=UTF8&ASIN=B0DF5C8RNG,700-800 के बीच ठीक है ।👌👌👌👌👌,[],2024-11-02,43,Colour: 24 Watt,
5,Thanks you’re,R1T1I8GWH8HY8X,https://www.amazon.in/gp/customer-reviews/R1T1I8GWH8HY8X/ref=cm_cr_othr_d_rvw_ttl?ie=UTF8&ASIN=B0DF5C8RNG,Thank you Egate for providing this awesome soundbarI would like to request everyone to purchase that,[],2025-01-15,44,Colour: 24 Watt,
4,Good product,R2Z3QCOMM9QNH6,https://www.amazon.in/gp/customer-reviews/R2Z3QCOMM9QNH6/ref=cm_cr_othr_d_rvw_ttl?ie=UTF8&ASIN=B0DF5C8RNG,Good product in this amount.,[],2024-10-30,45,Colour: 24 Watt,
4,Good bass and treble response,R205HMSS1ND298,https://www.amazon.in/gp/customer-reviews/R205HMSS1ND298/ref=cm_cr_othr_d_rvw_ttl?ie=UTF8&ASIN=B0DF5C8RNG,"This is great for watching movies and shows, as good as most of 2.1 systems - albeit a lot less expensive,  decently deep bass , no distortion at high volumes too.",[],2024-11-23,46,Colour: 210 Watt (2.1),
5,Good sounds Quality,R23OM6T1CEEO5V,https://www.amazon.in/gp/customer-reviews/R23OM6T1CEEO5V/ref=cm_cr_othr_d_rvw_ttl?ie=UTF8&ASIN=B0DF5C8RNG,Ek number hai bhai,[],2025-01-18,47,Colour: 24 Watt,
5,Good 👍👍👍,R14SFL8U5STII3,https://www.amazon.in/gp/customer-reviews/R14SFL8U5STII3/ref=cm_cr_othr_d_rvw_ttl?ie=UTF8&ASIN=B0DF5C8RNG,Song sunane ke liye,[],2025-01-19,48,Colour: 24 Watt,
4,Good,R2AXTD6LZTTLYU,https://www.amazon.in/gp/customer-reviews/R2AXTD6LZTTLYU/ref=cm_cr_othr_d_rvw_ttl?ie=UTF8&ASIN=B0DF5C8RNG,Good sound qualityValue for money,['https://m.media-amazon.com/images/I/61qgXfJGX4L._SY88.jpg'],2025-01-27,9,Colour: 300Watt (2.1 Dolby),
4,Good,R2W7BP7Z78GWM9,https://www.amazon.in/gp/customer-reviews/R2W7BP7Z78GWM9/ref=cm_cr_othr_d_rvw_ttl?ie=UTF8&ASIN=B0DF5C8RNG,Good Product,[],2025-01-28,10,Colour: 18 Watt,
4,Good,R3SSPBIKFNC55A,https://www.amazon.in/gp/customer-reviews/R3SSPBIKFNC55A/ref=cm_cr_othr_d_rvw_ttl?ie=UTF8&ASIN=B0DF5C8RNG,Very good sound rgb lights nyc,[],2025-01-25,11,Colour: 24 Watt,
4,Nice sound.,R1H76P1SJHKXNG,https://www.amazon.in/gp/customer-reviews/R1H76P1SJHKXNG/ref=cm_cr_othr_d_rvw_ttl?ie=UTF8&ASIN=B0DF5C8RNG,Good product for music lovers. Battery backup also good.,[],2025-01-25,12,Colour: 24 Watt,
4,"Using one month, performance found  good.",RDVS925DNC758,https://www.amazon.in/gp/customer-reviews/RDVS925DNC758/ref=cm_cr_othr_d_rvw_ttl?ie=UTF8&ASIN=B0DF5C8RNG,Battery backup  is not perfect as claimed in product specifications.,[],2025-01-16,13,Colour: 24 Watt,
4,Speaker,RUD399OS3CFK3,https://www.amazon.in/gp/customer-reviews/RUD399OS3CFK3/ref=cm_cr_othr_d_rvw_ttl?ie=UTF8&ASIN=B0DF5C8RNG,Best product very nice effect audio,[],2025-01-13,14,Colour: 24 Watt,
4,Worthy or not ?,R3QOXJAKFBDWB0,https://www.amazon.in/gp/customer-reviews/R3QOXJAKFBDWB0/ref=cm_cr_othr_d_rvw_ttl?ie=UTF8&ASIN=B0DF5C8RNG,Worthy for the price and also ease to operate .,['https://m.media-amazon.com/images/I/61eVjbzDTdL._SY88.jpg'],2025-01-06,15,Colour: 18 Watt,
4,Best in Budget,R3V3FY1BHRA7A6,https://www.amazon.in/gp/customer-reviews/R3V3FY1BHRA7A6/ref=cm_cr_othr_d_rvw_ttl?ie=UTF8&ASIN=B0DF5C8RNG,"The media could not be loaded.
                
            
                
            
        
    
    








  
  
     Decent product",[],2025-01-28,16,Colour: 300Watt (2.1 Dolby),
