ratingScore,reviewTitle,reviewId,reviewUrl,reviewDescription,reviewImages,date,position,variant,totalCategoryRatings
5,Crisp and loud,R27CARM84P86VI,https://www.amazon.in/gp/customer-reviews/R27CARM84P86VI/ref=cm_cr_othr_d_rvw_ttl?ie=UTF8&ASIN=B013T21X42,"Best product ever used till date. Surpasses expectations. Even though it's very loud at full volume, the quality still remains same. Tried in open space, closed space and this won't disappoint you.",[],2024-12-25,1,,
5,#1 Unbiased(TRUE) REVIEW after using it for good 50days....,R2D5S256M5NTRO,https://www.amazon.in/gp/customer-reviews/R2D5S256M5NTRO/ref=cm_cr_othr_d_rvw_ttl?ie=UTF8&ASIN=B013T21X42,"Unbiased REVIEW after using it for good 50days....wonderful high volume crisp clear sound.....people wont ever belive the sound output this tiny device gives...Pros:1. High volume output.2. Best ever battery backup.3. Compact and less weight.4. Crisp clear sound with best combination of trible and bass.Cons:1. Its really bad on managing calls on this device. The mic is just deaf!!!2. Do not expect to answer or manage voice calls over this device.One last thing, Please hit YES Button if you found my review HELPFULBut as for this price point, this product is must buy!....in connection with the compact in size and the boost sound and quality!The Sound Pot is a tiny little Bluetooth-enabled portable mono speaker. The speaker looks like a miniature flower pot. Completely black in colour, the exterior has a rubberized finish with rubber feet for extra grip on a flat surface. Light in weight, round and slightly oddly shaped, the Sound Pot measures 95.5mm in height, 54.5mm in diameter and weighs just 180g. The top is a tad larger than the bottom and tapers slightly towards the front, which helps face the speaker grille to the listener.Portronics sound potThe top features a black metal grille, while the bottom features a rubber feet and a physical power button. Apart from the power button, there are absolutely no controls on the unit. On the rear side you will find a micro USB port for charging the speaker and an AUX audio input jack. A tiny red LED on the rear alerts you with a blink when the unit is charging. When the charge is complete, it stays lit up continuously. It would have been nice if this could have been a dual-led so it can turn green when charging is complete. The plus point here is that the speaker will allow itself to be charged even when in use—no more compromise on your favourite music when it’s charging.Portronics sound potThe Sound Pot features a 4 ohm driver with an output of 3 Watts. It runs on Bluetooth 4.1 in a maximum range of 10 meters. The Pot is powered by an internal lithium rechargeable battery that lasts you an easy 4 – 5 hours of continuous music, depending on the volume output and the distance of the speaker to the phone. The speaker also features a built-in microphone which allows you to make voice calls directly from the speaker itself. You can use it as a speakerphone or a handsfree unit when in your car or at home. Sadly, the speaker does not have any buttons to answer or cut off the calls.Portronics sound potAs for the performance, the speaker is an incredible little monster. The audio quality is great and has a decent amount of bass when compared to its small size. You can feel the speaker vibrating to the bass, and the weight and rubber feet ensure it stays in the fixed place. If kept on a table or on the mattress, you can actually feel the vibration with the beats, giving you that additional feel to the music.Portronics sound potAt first we did not expect this small music box to impress us. But when we switched on the tiny midget, we had a different opinion. The Sound Pot is really loud. The volume can be shrill, but it won’t ruin the audio quality, even at peak volumes. The bass remains stable and the trebles are great too. In a large, closed party hall, you can easily hear the loud music with clear audio.  Pair it with a tablet, mobile or a laptop, and listen to your favorite music or enjoy a music, you will definitely have no complains. In fact, when compared to the JPL GO, we found the Pot’s audio quality and volume very impressive, and that too at less than half the cost.Portronics sound potThe only drawback that we could speak about the product is that it does not have any controls. An AVRCP would definitely have helped. But if you look at the other side of the coin, the Sound Pot is a true handsfree portable speaker which allows you to control it from your phone, completely. No running to the device to change volume levels. But yes, when you need to change tracks or answer/cut a call, an AVRCP feature would definitely work as a life saver. The other small complain we had about the unit is that the exterior is entirely rubber-finished. Oily hands causes smudges (though it can be wiped away) and if you drop it accidentally, you can see scratch marks across it. Though the issues with the exterior are not as much as we probably described here, it is definitely a small concern. We have witnessed a lot of rubberized finished products that get sticky in time—thanks to the hot climate here in India. The product looks completely bad if the rubber coating wears off. As for now, the unit was with us for almost three months and we have had absolutely no wear and tear on it, even though we used it extensively.",[],2017-08-06,2,,
4,Reviewing after using 6 days,R3GBC0SM9YYQCJ,https://www.amazon.in/gp/customer-reviews/R3GBC0SM9YYQCJ/ref=cm_cr_othr_d_rvw_ttl?ie=UTF8&ASIN=B013T21X42,"The media could not be loaded.
                
            
                
            
        
    
    








  
  
     It is a great product I m using this from 21st august, i describe this product in two section Pros & Cons.PROS:1) Build quality is excellent when i open this from the box first time, feel quality is solid in my hand. specially the whole body constructed by  rubberized materiel. which is very nice and mat black colour looks very beautiful and premium.2) Voice assistance is another cool feature when power on/off it prompt even when battery is low it prompt you again and again in 10sec interval.3) Battery is long lasting, in my usage it last about 6 hour in 45-50% volume in my phone. and charging time is also very fast. it take around 2 hour  charging time from 0-100% from 5V-1amp charger.4) Volume is surprisingly loud, actually u can't expect how loud is it first time before u play any music. it is very small size bluetooth speaker. it fit  under my palm. but don't judge sound loudness based on its size..  and also sound clarity is very good, actually it depend upon u what type of music are u listen, high,mid,lows are clear & crisp. Since,its very loud,  i recommend that, when u play in very high volume, keep this speaker far from you, otherwise u feel like muffled sound.CONS:1) Only two option are available in this deice, i.e either u can connect it via bluetooth or via AUX cable. no Fm, no tfcard option.2) When i turn my phone volume in full and when i play bass havy music, speaker jumping like it dance with music, which is a annoying things.Overall say if u need a bluetooth speaker with loud, good sound quality, good build quality, long lasting battery life features,then u go for it.","['https://images-na.ssl-images-amazon.com/images/I/61Yi1yklsyL._SY88.jpg', 'https://images-na.ssl-images-amazon.com/images/I/71eM7+P+AbL._SY88.jpg', 'https://images-na.ssl-images-amazon.com/images/I/71eM7+P+AbL._SY88.jpg', 'https://images-na.ssl-images-amazon.com/images/I/71jChb9-a3L._SY88.jpg', 'https://images-na.ssl-images-amazon.com/images/I/71y2KBy5K9L._SY88.jpg']",2017-08-27,3,,
5,Bass and clear sound,RWURU8OUM7KQ5,https://www.amazon.in/gp/customer-reviews/RWURU8OUM7KQ5/ref=cm_cr_othr_d_rvw_ttl?ie=UTF8&ASIN=B013T21X42,"The media could not be loaded.
                
            
                
            
            
        
    
    








  
  
     Sound quality of soundpot is clear and Bass is also powerfull..","['https://m.media-amazon.com/images/I/61T5-HZeG4L._SY88.jpg', 'https://m.media-amazon.com/images/I/71rLwA-qZ5L._SY88.jpg']",2025-01-24,4,,
5,Excellent performance 💯,R3263RSVOP0RCX,https://www.amazon.in/gp/customer-reviews/R3263RSVOP0RCX/ref=cm_cr_othr_d_rvw_ttl?ie=UTF8&ASIN=B013T21X42,"The media could not be loaded.
                
            
                
            
        
    
    








  
  
     Very good 👍","['https://m.media-amazon.com/images/I/61ZSpCIw32L._SY88.jpg', 'https://m.media-amazon.com/images/I/61ZSpCIw32L._SY88.jpg', 'https://m.media-amazon.com/images/I/61l35bT7KVL._SY88.jpg', 'https://m.media-amazon.com/images/I/61lRQl3w9oL._SY88.jpg', 'https://m.media-amazon.com/images/I/61sS3SdHI1L._SY88.jpg']",2024-12-28,5,,
3,Sounds ok But Servie Is Bad,R1RAZE3ZE4XQCC,https://www.amazon.in/gp/customer-reviews/R1RAZE3ZE4XQCC/ref=cm_cr_othr_d_rvw_ttl?ie=UTF8&ASIN=B013T21X42,"Should you by it?My review After 3 months.1) Packing: very simple and good packing, nothing more to expect. Rating 5/52) Inside Box: 1xSpeaker, 1xUser Manual, 1x 3.5 mm jack cable, 1x  Micros USB cable. nothing special but 3.5 mm jack and charger cables are very small that is the downside.Rating 4/53) Design: This speaker has an interesting unique cylindrical shape design, a bit different from the traditional Bluetooth speakers and very small in hand. But because of the design, this speaker can not shoot sound 360 degrees. Of course, this does not stop sound from reaching every corner of the room. Rating 4/54) Build Quality: I really Appreciate Portronics for excellent and uncompromised quality considering the price. Made of thin wood and finished with Smooth Rubber texture. But the downside is its dust attractive. my suggestion is to use the speaker with a cover on it. Rating 5/55) Connectivity: It has 3.5mm jack and can connect to any output source. Built-in Mic is ok. Bluetooth range is decent. This speaker can connect two Bluetooth sources at once. I have connected My laptop and Phone, But results are really bad it plays sound from only one source. After a certain period, the Bluetooth disconnects any of both sources. Has 2Led indications red and blue. (Blinking Blue) indicates the paring mode and (Stable Blue indicates) successful Bluetooth connection. (Blinking Red) indicates Charging mode/ Low Battery and (Stable Red) indicates a full charge.The line in (3.5mm) mode also indicates stable red. voice indication is given while connecting via Bluetooth or 3.5mm jack. But I found a radio kind of disturbance coming from the speaker while I connect with 3.5mm jack, I have changed many cables to avoid it, but no use.Rating 4/5.6) Battery: 500mA Battery can manage it for 5 to 6hrs based on the song played and volume while playing. Charging time is 1hr (i used my laptop to charge, 5v.1a)7) Sound Quality: The most important thing is sound. Considering the size of the speaker, sound output is really loud and its just loud but no quality. From my experience, this speaker has different quality output at different volume levels. let me explain, (Volume Source: HP Laptop)  1-30% volume: Sound is really nice and realistic, almost produces detail sounds. Bass is nice 4/5  30-50% volume: Here the sound output is at is best most of the times. Bass4.5/5 50-80% volume: I believe this should be the maximum limit of sound from the speaker, at this point, it's almost going out of control. Bass 3/5 80-100%volume: At this volume, everything is compromised Speaker becomes SOUND BOMB and shoots the sound. Considering the speaker (3w) size I believe this speaker is bit over-amplified because at this volume speaker is pushed beyond its limits and if the sound has bass the speaker starts dancing. Bass 2/5KEEP THIS IN MIND Before Clicking Buy Button: I have been using this speaker for past 3 months, But one day I found an issue and it started like this. I turned on the speaker and voice info says ""Turned on, Paring"", and I opened the laptop and tried to connect but it does not connect and keep saying the same Phrase ""Turned on, Paring"". then I decided to connect a 3.5mm jack first it says ""Line In Mode"" and immediately says ""Turned on, Paring"" and blue led starts blinking, and a second or so it again says ""Line In Mode"" and it loops over and over. Then I checked the speaker and found the speaker is restarting itself. I thought its because of low charging problem and connected to charge and found it is already fully charged.  Immediately contacted the company cust care after trying hardly a lady come to the line and told me to send the product to Delhi because they don't have service centres across the country and mailed the company address and told I should bear the shipping charges to send the product. once it's repaired they will send the product with there own money and the repair time may take more than a week. That really disappointed me, at least they should have one more service centre in south India as well. Rating 2/5CONCLUSION: Since its a basic Budget speaker we can compromise on sound Quality, But if your speaker fails service quality is really poor, it takes weeks to solve the problem, sometimes months to get your product back to you. Speaker is good Service is bad. Overall Rating 3.5/5","['https://images-na.ssl-images-amazon.com/images/I/71mioYUK2FL._SY88.jpg', 'https://images-na.ssl-images-amazon.com/images/I/71y2ayACrYL._SY88.jpg']",2018-01-28,6,,
5,Excellent! 200% Value for money!,R22H0BCP8RIOLX,https://www.amazon.in/gp/customer-reviews/R22H0BCP8RIOLX/ref=cm_cr_othr_d_rvw_ttl?ie=UTF8&ASIN=B013T21X42,"OMG! Superb sound quality!I was a bit confused before buying this as I had heard JBL GO, JBL Charge, Bose SoundLink Mini, Bose SoundLink Color, etc. premium top-notch devices, but I just decided to give it a try seeing the positive reviews present here and the size and price.  So, when I got the device after 4 days of ordering, I opened the box and was not having much expectations seeing the size. But once I paired it with my phone and played the 'Shot Me Down-David Guetta', I couldn't believe my ears and eyes! The sound was so loud, crisp, detailed and rich that I was blown away! The device is far better than the JBL GO! and as well as it can be compared with the BOSE SoundLink Mini (Rs.16,500)!BASS: 5/5 The bass feels thumpy, deep and rich. Thanks to the cylindrical like design which helps the sound to appear more deep and enhanced. Seeing it's size, the amount of bass this device produces is superb.MIDS/VOCALS: 5/5 Excellent. This is the best thing I liked about this device. The vocals sound so clear, that it seems like the person or the singer is sitting just besides you! Listening to R.D Burman, Lata Mangeshkar, Kishor Kumar, A.R Rahman was heaven on this.TREBLE: 5/5 Trebles do sound crisp, and sparkling. Listen to some instrumental tracks and you will get to know it.Final verdict: 5/5 200% value for money! Nice battery life, portable and beast like sound. Worth giving a try! (The above review was written considering the size of the device. If you want DJ like bass, go for a 2.1 Home theatre system)",[],2016-04-27,7,,
4,DONT MISS IT...........................Choti Dukaan Uncha Pakwaan,R2E3SX6WEH7HBB,https://www.amazon.in/gp/customer-reviews/R2E3SX6WEH7HBB/ref=cm_cr_othr_d_rvw_ttl?ie=UTF8&ASIN=B013T21X42,"Let me brief about it:This my 6 th speaker from amazon and i tried the previous five and returned them all  and those 5 were from the other brands of bluetooth speakers on amazon:Pros:BEST UNDER 1k..(Lightining deal)CONNECTS TO BLUETOOTH IN JUST 5 SECONDS!( with previous speakers i didnt see this pros)Clear Pitch ,Sound and Bass.Volume is good.Good Battery Backup !Bought it in lightining deal(Lucky me!)Handy.Cost effective for ""small budget"" customers..remember its like ""Pay less""Still ""Expect More"" with previous 5 speakers it was like ""Paid More"" but ""Got Less"".Its Bass Effect is quite amazing at such cost and is good for small rooms and medium room, for big auditorium or rooms u need to spend more and get a more powerful one.Sound Quality is up to the markIt can easily be kept or placed anywhere.Very smooth made-up material.Comes with aux.I checked it with a device- to- speakers distance of about 10 feet and it worked fine.Overall its safe to buy ,dont expect wonders at sucha cost but still its better at low budget. Cons:Vol adjustment button not available.Play pause button not available.At high volumes sound becomes littleThats all folks!",[],2017-10-13,8,,
4,W.O.W..... Factor of the product.,R1XC1DZY07CC2N,https://www.amazon.in/gp/customer-reviews/R1XC1DZY07CC2N/ref=cm_cr_othr_d_rvw_ttl?ie=UTF8&ASIN=B013T21X42,"W.O.W..... So, this WoW is for the POR-280 Wireless Speaker. That is because I haven't faced any issues with this product even after rough wear and tear(use) for almost 6 months if the 28th of July arrives it shall complete exact 6 months. The only thing that worries me is that as time passes by the bass of the Speaker loses. The way it used to give Bass in the initial period in the very first month was brilliant, but after a few months i;e: today the bass boosted that I experienced as compared to the initial month is very low. Apart from that Sound Quality, Crystal Clear Sound...... Everything that one expects from a Bluetooth 🔊 you get it here. Overall an Amazing Product..... Thank You Amazon see you soon after a Year. Because I will Review the product once again after the completion of one Year.",[],2018-07-05,33,,
4,Honest review,R37YIVFS576YC4,https://www.amazon.in/gp/customer-reviews/R37YIVFS576YC4/ref=cm_cr_othr_d_rvw_ttl?ie=UTF8&ASIN=B013T21X42,"Well i have reviewed this product after 1 months of use the product is good enough,its strong point is its sound quality bass is enough for 3w speaker clarity is also very well!!! Battery back up is just decent. Although i think the price is little bit more i bought it for rs 1399!!if ur budget is less than 1500 than go for it!!! otherwise huge options are available!!ok i will help you to choose,lets start with prosPros:Its sound quality is strong pointBass and treble are just sufficient (remember its price)Good plastic material are usedYou can easily connect with your headphones and aux!!!!Now its Cons turn:Battery life is just decentDifficult to fit inside a pocketSometimes overpriced(my frnd bought it for 1549.and for me its 1399)",[],2019-06-30,34,,
4,Pretty damn good ! Bang For The Buck !(warranty might cause a problem as am i facing!),R2KJSJF677QXXG,https://www.amazon.in/gp/customer-reviews/R2KJSJF677QXXG/ref=cm_cr_othr_d_rvw_ttl?ie=UTF8&ASIN=B013T21X42,"(update-4/8/17- product stopped working and the company assured to send replacement and it has been 27th August,there is no update of my product,they are just giving me token numbers and the service is now pretty annoying!)Well behold people to just blow your mind...This tiny speaker get's pretty loud...And the feel and punch...You will probably love this and it's the best speaker that money can buy in this price segment.. ! Yes it lacks a bit of bass...But that compensate with the sound. The build quality is great...Matt Black is all you want for perfect set-up and really portable too...Don't think twice ..Just grab this for sure ...You won't regret. But as mentioned bass is not that much it's pretty much enough...Not for bass heads..And if this do help you drop a thumbs up.",[],2017-04-22,35,,
5,Little Beast with Fantastic Output,R2VHPMD2SOZH65,https://www.amazon.in/gp/customer-reviews/R2VHPMD2SOZH65/ref=cm_cr_othr_d_rvw_ttl?ie=UTF8&ASIN=B013T21X42,"If you planning to buy this sound pot then believe me you are making an awesome choice. The phrase  ""great things comes in small packages"" suits best for this master piece from Portronics. It just out of the world. Sound quality and clarity,  bass and output will surprisingly make you smile and you will feel that you made the right choice. I have Panasonic home theater at my home. Believe me you that this little beast gave tough competition to the home theater. Also, not to forget the price for which this is coming, it is definitely a great steal.For the folks who are confused between JBL Go and this one, let me tell you that I have JBL Go as well. Post buying the sound pot I have not touched the JBL even once. My ratings:Sound Quality: 5.0/5.0Sound Clarity: 5.0/5.0Bass output : 4.9/5.0Design: 4.5/5.0 (who cares for design if sound is great)Price: 5.0/5.0Post my purchase, atleast 5 of my colleagues have placed the order for this product after checking the product and its output. I will just say Go For It!!",[],2016-10-03,36,,
4,Good but not better (than JBL GO),R2ZK22VOSCTCL1,https://www.amazon.in/gp/customer-reviews/R2ZK22VOSCTCL1/ref=cm_cr_othr_d_rvw_ttl?ie=UTF8&ASIN=B013T21X42,"The speaker has good sound reproduction, if it is benchmarked with other speakers in the price range. The treble is clear and bass is okay for the speaker of its size. However, please note that, some people in their reviews have compared the sound quality as better than JBL GO, which I think seems a little far fetched. JBL GO though shares the same wattage as this speaker, has more clarity and crispness of sound, when compared to portronics sound pot. JBL GO is also comparatively expensive. But if you keep your expectations in check, then sound pot ticks most of the points and will give you good (and loud) sound in a reasonable price range. Recommended, but if you can shell out a bit more, then JBL GO is a good alternative.",[],2016-12-30,37,,
4,I liked it. I compared it with Philips BT50 Bluetooth ...,R246QF160KUX0C,https://www.amazon.in/gp/customer-reviews/R246QF160KUX0C/ref=cm_cr_othr_d_rvw_ttl?ie=UTF8&ASIN=B013T21X42,I liked it. I compared it with Philips BT50 Bluetooth speaker. The sound is far better. Though some where (very slightly)the depth of the sound I felt was better in Philips BT 50 yet The sound quality and the volume range is far better here. You dont even have to push up the volume to the maximum only 50% volume is enough for this pot. whereas in Philips BT 50 you need to pull up max volume yet you'll feel it could have been better. Sound quality is clear and crisp. Though i would advise you not to vote much on the mic as the sounds get a bit flat while you using the mic. use it as plain speaker for your phone ot lappy and you'll get best results,[],2017-03-05,38,,
5,Did not expect this! Blown away!,R2D7BCBGSWG6TT,https://www.amazon.in/gp/customer-reviews/R2D7BCBGSWG6TT/ref=cm_cr_othr_d_rvw_ttl?ie=UTF8&ASIN=B013T21X42,"The picture on the product page made me assume it was quite big, though it's actually pretty small. But don't let it cool you though, the sound this pint-sized speaker is pretty amazing.Crystal clear voice. Doesn't crack at high volumes. For a small room, it's more than sufficient. If you want to use this as a car speaker, that would be great as it fits perfectly in the cup holders.Comes bundled with a short aux cable and a small length micro usb cable. A small manual is the only thing other than these in the box. Pretty neat.Sound is top-class, for the size. 9/10Size is on the smaller size, but I dig it. 10/10Bluetooth connectivity is pretty smooth and quick. 10/10Battery life is half out of the box. Seems ok but will update after using it a bit.Overall 9/10Amazon delivery was 3 days late. That was a bummer. But the product itself isn't affected anyway.","['https://images-na.ssl-images-amazon.com/images/I/71bkXRslHfL._SY88.jpg', 'https://images-na.ssl-images-amazon.com/images/I/71k5gVr3IDL._SY88.jpg', 'https://images-na.ssl-images-amazon.com/images/I/71lxxLl7g3L._SY88.jpg']",2019-04-15,39,,
5,one of best portable bluetooth speaker,RNZ12A2ZVGPHN,https://www.amazon.in/gp/customer-reviews/RNZ12A2ZVGPHN/ref=cm_cr_othr_d_rvw_ttl?ie=UTF8&ASIN=B013T21X42,"The media could not be loaded.
                
            
                
            
            
        
    
    








  
  
     Portronics Soundpot is one of the best portable Bluetooth speakers I have come across. The sound is amazing and does not crackle at all at high volumes. The sound is loud and rich due to the wooden casing. The body is rubberized which makes it quite durable. There is a line-in aux mode with 3.5 mm jack. You also get charging and an aux cable. Actually, you can use even your mobile charger to charge it. The battery life is around 5 to 6 hours at max volume and 10 to 12 hours at 25% volume. This thing can easily last for an entire party and rock it. You can receive calls but there is no dedicated call receiving button. The calls are quite audible to the other person. There is no volume rocker and you have to use the device volume. The battery is internal which means it cannot be replaced. However, considering all the factors this speaker is a must-have. Go for it.",['https://images-na.ssl-images-amazon.com/images/I/81UwtZsuCWL._SY88.jpg'],2019-02-08,40,,
5,Unbelievable sound quality for this price range.,R2K8PKOJ4VUBUJ,https://www.amazon.in/gp/customer-reviews/R2K8PKOJ4VUBUJ/ref=cm_cr_othr_d_rvw_ttl?ie=UTF8&ASIN=B013T21X42,"When I first connected it to my phone and played a song the only words that came out my mouth was ""OMG"". Then I realized that the volume is at 60%. I don't need to tell you more. Just buy it.It is super crazzzzyyy.Note: Be careful with the speaker. Never drop the speaker or it will be ruined. (Light drops may not do the damage). Mine got damaged after it got toppled down my home's stairs.For this price range, this is an awesome product. If you have a budget below 1.5k, then just go for this one.Go go go go go buy it. It is awesome. It is even better than those in the price range of 4k.",[],2017-07-30,73,,
5,Pocket Dynamite,R1YMX0Y0MTSWFH,https://www.amazon.in/gp/customer-reviews/R1YMX0Y0MTSWFH/ref=cm_cr_othr_d_rvw_ttl?ie=UTF8&ASIN=B013T21X42,"First of all, thanks to flipkart for quick delivery. Now allow me to share the feedback1. Product looks rich. Difficult to say that I bought it in around Rs.1000 (a good course dinner with drinks will cost you more than this).2. Very handy and light weighted. This makes it easy to carry.3. Battery backup is quite okay! But Better to have a good power bank along with it.4. Avoid carrying it outside in dusty environment. You cannot clean it easily and the material company has used seems can catch dust.5. Avoid connecting it to the TV. Speakers are not so powerful and might give up in high db sound environment.In simple words, buy it w/o any hesitation!",[],2017-01-23,74,,
4,Mean Little Monster.,R2A731V6WEP3R6,https://www.amazon.in/gp/customer-reviews/R2A731V6WEP3R6/ref=cm_cr_othr_d_rvw_ttl?ie=UTF8&ASIN=B013T21X42,"For its size and price, this guy is awesome. I would call it an awesome travel buddy & a gift.My friends were dumbstruck, so was I, when we heard the sound coming out of this little fella.Guys, its really small. Fits in your palm. But clean sound. Not loud at all but still a performer none the less.And I did feel the need for a volume control button. All it has is a micro USB port for charging.",[],2018-08-24,75,,
5,I'm having a love affair with these,R9HK1FVS3LVVZ,https://www.amazon.in/gp/customer-reviews/R9HK1FVS3LVVZ/ref=cm_cr_othr_d_rvw_ttl?ie=UTF8&ASIN=B013T21X42,"This little thing is absolutely amazing - Beats the heck out of Bluetooth speakers far more expensiveAbsolutely love it and have already bought 3 of these and would buy moreMy S8 has Bluetooth out to multiple devices simultaneously so I tried to use 2 at the same time - Works in theory but I'm not sure it translates to actual stereo. I digress.This little *&%$#@ is brilliant. You should totally go for it. Used it to play music from my backpack all summer long - I used to ride a bicycle to work.Basically, I haven't found this combination of sound quality for the weight, size and cost anywhere else",[],2017-11-27,76,,
5,Value for money even after a year,RCSDDC70ROFNT,https://www.amazon.in/gp/customer-reviews/RCSDDC70ROFNT/ref=cm_cr_othr_d_rvw_ttl?ie=UTF8&ASIN=B013T21X42,"Writing this review after using the product almost a year. I got the product for about Rs.1200 and sound quality is unmatchable even after a year. It's loud enough and bass is good yet the sould ia clear.I had issues with the sound 2-3 times during the year when sound became too low, but resetting the speaker fixed it and it worked well after that.Only con is the bluetooth connectivity, bluetooth connection is not strong. It drops even if something comes between the mobile and the speaker.",[],2019-08-26,77,,
4,Packaging and sound quality,R3DJDUDZ0TKFQW,https://www.amazon.in/gp/customer-reviews/R3DJDUDZ0TKFQW/ref=cm_cr_othr_d_rvw_ttl?ie=UTF8&ASIN=B013T21X42,"My  soundpot was awesome for the first two day but I felt  the naudio quality is decreasing and I am not satisfied so I replaced but still I love soundpot . Please do the packaging good even though we are not prime member but still we are paying the full amount of the product , so please do good and quality packaging.",['https://images-na.ssl-images-amazon.com/images/I/7170IAkux6L._SY88.jpg'],2019-06-09,78,,
4,Superb speaker with a noticeable Con,RBVROOPLWCP1C,https://www.amazon.in/gp/customer-reviews/RBVROOPLWCP1C/ref=cm_cr_othr_d_rvw_ttl?ie=UTF8&ASIN=B013T21X42,"A nice looking compact bluetooth speaker with amazingly loud volume output. sound quality is very good. Bass is very good compared to the size of the speaker, and its way better than other bluetooth speakers i tested like Boatrugby, soundbot sb 571 and jbl micro. Middle and highs are good, sometimes little harsher to my taste, but not bad. Cons : There is no volume control option. Each time swithed on, connected and switched off, there is loud female voice message, i found it very irritating, and as there is no volume control button, its cannont be minimized.",[],2016-10-28,79,,
5,Very good speakers.,RV5K5WFR2WWDG,https://www.amazon.in/gp/customer-reviews/RV5K5WFR2WWDG/ref=cm_cr_othr_d_rvw_ttl?ie=UTF8&ASIN=B013T21X42,"Giving 5 stars coz I have it for last three years and it still works. I don't play it much but still battery lasts for good time and I hardly charge it. It has fallen multiple times from some very good hights like 6 ft. Only upper steel web has gone but still speaker sounds great. In last three years, my speaker has seen some rough usages specially by my toddler son.It's a must buy. Very good sound, good battery life, durable.",[],2019-11-24,80,,
1,stopped working after 15 days  :( no option to return as well,R2CJXE60OD2APW,https://www.amazon.in/gp/customer-reviews/R2CJXE60OD2APW/ref=cm_cr_othr_d_rvw_ttl?ie=UTF8&ASIN=B013T21X42,stopped working after 15 days  :( no option to return as well,[],2025-01-28,17,,
3,Battery life is less,R343Q798IQDFG0,https://www.amazon.in/gp/customer-reviews/R343Q798IQDFG0/ref=cm_cr_othr_d_rvw_ttl?ie=UTF8&ASIN=B013T21X42,"Does not give even full 3hrs backup as advertised 6 hrs. Sound quality is good, built quality is good at this price.",[],2025-01-13,18,,
5,Best in Class!!,R2FDHC7CH2OZHV,https://www.amazon.in/gp/customer-reviews/R2FDHC7CH2OZHV/ref=cm_cr_othr_d_rvw_ttl?ie=UTF8&ASIN=B013T21X42,"Update /edit : After nearly 4 years of using this speaker, it still is going strong. I would say this is the best 'in budget bluetooth speaker' available ever. Haven't even thought about purchasing another!The Portronics POR-280 Sound Pot is one of the best Bluetooth speakers that's out there. Even though it's a 3W speaker,it's impressively loud and the bass is unbelievable. It supersedes most of the high end and expensive speakers in the market against the likes of Logitech X50,Philips BT50B/64, Zook Rocker. I've even compared it's volume/Bass/Clarity with JBL Go and to be honest ,it is on the same level. I'll list down few of the Pros and Cons below to help you to understand better.Pros:1. Immersive sound.2. Incredible bass.3. Extremely loud (It's so loud that I haven't used more than 60% of the speaker volume ever). It can rock a full 2BHK apartment with ease.4. Insane battery life ( charges in about 2.5hrs and has always given me a playback/standby time of more than 1 1/2 days combined) and yes you can play while it's charging too.5. Voice alert for low battery, mode switch (that is Bluetooth to Aux switch and vice versa),Incoming calls.6. Easy pairing with Bluetooth devices.7. Decent Bluetooth range.8.  Extremely small and portable.9. Power saving mode (speaker turns off on it's own if it's not used for more than 10mins with a voice notification)Cons:1. No dedicated volume rockers on the device (which i really don't find it necessary).2. No Fm radio.3. Dust/Smudge magnet (you can live with that as long as you're not one of those person who wouldn't care less to clean you device atleast every once in a while).Even though I've mentioned few cons I don't think it will outsmart any of those Pros that I've mentioned, 'cos it's that good. And if you have a cut throat budget of Rs. 1200 - 1500,don't even hesitate ,just go for it and you won't ever regret it.",[],2016-11-15,19,,
5,something are destined to born exceptional and make a name in this world,R2D4289V6XMT1G,https://www.amazon.in/gp/customer-reviews/R2D4289V6XMT1G/ref=cm_cr_othr_d_rvw_ttl?ie=UTF8&ASIN=B013T21X42,"I usually don't give reviews but this thing is a exceptional it even made me did it. First time i saw this product i thought it is so small how it is earning so much name in amazon but when i connected it my phone and started playing song it blew me.It does let any competition stand in front of it.Than i started researching how it is so good i came to know that the company has used best 3 watt speaker available in the market that highest output and best signal to noise ratiothey have put a lot of research in the design. Its enclosure is the key that do the magic.Company even has done a lot of cost cut on other things like packaging,design and etc so that they can give every penny to enhance the quality of the product.Things i noticed in its sound quality:Loudness is amazing the strongest part of this speaker better than JBL GO I compared it to.Treble is also amazing and a strong part of this.Base is ok u can feel it but it is not that it will spellbound u like loudness and treble do.Battery i have to test it.Design is ok survivableIt is by no means eye catching but it looks better than its photo in the real world.The feel of speaker in hand is very niece it has got the soft touch material like the phone's back now a days has.The price at it is being offered is a steal.Just go for it u cant get any thing better than this at this price.It even destroy the competition which is double or triple times costlier than this.It is that good ki it gives a tough competition to JBL flip 2 which is 8 times expensive than this.at end i just wanna say go for it because something are destined to born exceptional and make a name in this world.",[],2016-05-19,20,,
4,I am very happy with the promptness of delivery and customer support service,RJLE7MD5ZGPDE,https://www.amazon.in/gp/customer-reviews/RJLE7MD5ZGPDE/ref=cm_cr_othr_d_rvw_ttl?ie=UTF8&ASIN=B013T21X42,"Amazing device in this price range..I am very happy with the promptness of delivery and customer support service.The product was delivered in good condition.The product condition belowSoundpot bluetooth speakerAUX cable.USB cable(the mini usb port of the cable is not fitting smoothly into the device ,it fits a bit hard)I have used it for 4 days and below is my reviewProsI am satisfied with the sound clarity and loudness of this small device.Good work Portronics.The device is small and handyThe bass is just ok,but I never expected it to be like 2.1 or 4.1 speakers.If anyone is looking for a portable bluetooth speaker with good sound quality,I would recommend this speaker.You can use this speaker to answer your calls as it has a voice mic.Good thing is that it has voice prompt for every action like 'Power on/of"",""pairing on"",""connected"",""wire mode on"",""you have a incoming call"".Cons,Many people complain that it does not have sound control buttons in the speaker,neither does it have button to receive the call .This features are absolutely irrelevant because the idea of bluetooth speaker is that you will keep the speaker at some distance while you will control through your cell phone,In that case these features are not importantI bought this at 1067INR,Overall this product is amazing in this price range and I am loving it.",[],2016-08-05,21,,
5,6...7 star & counting,R2TXIE7R9NYTP5,https://www.amazon.in/gp/customer-reviews/R2TXIE7R9NYTP5/ref=cm_cr_othr_d_rvw_ttl?ie=UTF8&ASIN=B013T21X42,"I was about to go with JBL Go. But because of my natural stinct I put 7 items of the same category in my cart. Read reviews (Amazon,flipkart&you tube) almost all of them very meticulously. Lastly came across this soundpot. Rating 4.7 in Amazon,blown away...how come at just 1075 only. Immediately searched in YouTube. WOW. Placed my order at once. Read out all the reviews available. & just awaited for the delivery. Good job done by bluedart...2 days.GRT.Then the bomb in my palm. Spellbound. Paired my note & tab simultaneously. Awesome voice promt. And the sound? A M A Z I N G. my family members can't believe this kind of sound from this kind of tiny thing. Clarity of Vocals, Notes, Beats are mind blowing. My 3 years old baby girl just became fearful & searched for the source every here & there. Sound just filled my room.A beautiful piece of engineering tiny drum with a 3W high quality speaker back of which producing adequate bass like a sub woofer system.Then put it in my daily passenger bag gone to my office. Played a decent note at a decent volume. Everyone was attracted towards me just searching for the source. They couldn't believe the cost for buying this. Called me gadget guru. I charged it on the nxt day it arrived. 3 days passed away. I forgot about charging it again,just recalled while writing this review.Voice quality is just mind blowing, only that you have to be closer to the microphone area otherwise you have to speak loud. Yes little bit of echo is there at the recipient end when you are away while talking. Otherwise fine call functionality. Only thing you miss is a call button. But less buttons will certainly  make it durable. I really didn't searched for any service centre at Kolkata yet.I'm very much happy with it. A HIGHLY RECOMMENDED DEVICE. ENJOY",[],2016-07-25,22,,
4,If you hold it in your hand though you'll feel like there's a bass drum right inside it,R2VSAN1VRX5N6B,https://www.amazon.in/gp/customer-reviews/R2VSAN1VRX5N6B/ref=cm_cr_othr_d_rvw_ttl?ie=UTF8&ASIN=B013T21X42,"Sound output is incredibly loud for the size, bass is.. .. . acceptable, for the price. I mean who even expects some thumping bass from a bluetooth speaker.. If you hold it in your hand though you'll feel like there's a bass drum right inside it? xD So bass isn't non existent, just good enough.However I've noticed the speaker dynamically lowers the output volume on bass heavy bits of a song, to compensate and keep the music balanced with highs and lows, but it isn't unpleasant. I guess it also saves the speaker from damage? Sometimes though, in some songs with incredible highs that drop to a deep bass instantly, this could become a weird listening experience, as the volume seems to slightly drop towards the bass heavy bits and increase to max on highs/trebles.. Slight, minimal sound distortion/buzzing at higher volumes is audible, I don't know how some reviewers here saying zero distortion - but nothing completely unlikable to an extent that you can't enjoy your music or regret buying it. Battery life is pretty darn good too. Been using it for the past 4 hours straight as I'm typing this, without even charging it yet out of the box (though it is recommended you charge before first use). It's great for its price is what I'd say.",[],2016-07-09,23,,
5,Keep Calm And Trust In Sound Pot!,R2JXW5YBCIU4VF,https://www.amazon.in/gp/customer-reviews/R2JXW5YBCIU4VF/ref=cm_cr_othr_d_rvw_ttl?ie=UTF8&ASIN=B013T21X42,"I loved this product so much that I ordered it again for my father. Unfortunately, I received a defective piece the second time and promptly returned it. Amazon's once again excellent in its service and I received my refund within a week since a replacement wasn't available for this product. I have ordered it once again from the same seller 'Widgets India' and now, I'm hoping with my fingers crossed that I wouldn't receive a defective piece (again).Here's my review based on my first Portronics Sound Pot that I'd bought nearly 2 months back -PROS:' The sound output is loud enough to cover a big hall (subjective).' The clarity and bass is excellent in this price range (best heard with minimum 128kbps mp3 or more).' Seamless Bluetooth connectivity with both laptop and smartphone.' Bluetooth range is best when the room/hall is straight. Even otherwise, you can hear it in your next room.' Portable, light weight and easy to charge with any regular smartphone charger.' Aesthetic look with satisfactory battery life (6-7 hours).' Manufacturing Warranty for 1 year.' Works well with all apps.CONS:' The AUX wire provided with the device is short.' The battery charging takes minimum of 2 hours.' Bluetooth range in perpendicularly designed rooms is less than satisfactory.' Vibrates slightly at maximum volume.' Not suitable for instrumental music.Having said all this, Portronics have come up with the most user-friendly, compact and efficient Bluetooth speaker I've seen in the price range of 1000-1500. No regrets whatsoever with my first buy and hopefully, with my new product too.4/5 for now, and I will make it 5/5 if the second piece I ordered functions as well as my first one.",[],2016-08-29,24,,
5,This product is just amazing mind blowing and best,R3N5QN3RQL1X03,https://www.amazon.in/gp/customer-reviews/R3N5QN3RQL1X03/ref=cm_cr_othr_d_rvw_ttl?ie=UTF8&ASIN=B013T21X42,I wish i could give 10 stars. This product is just amazing mind blowing and best. Guys donot think twice just buy it. I swear you will not be disappointed like me. Im proud of this indian product. I heard the output of jbl go and jbl flip 2 . Its no where comparable. Being jbl a good brand its no where near portronics  with respect to loudness clarity bass and price. I am damn happy with my choice.  I played engislh dj mashup as soon as i got it. I just couldnot belive the output. Its simply amazing. Donot think twice to buy this amazing INDIAN product. I am in love with this.Updated review after 1 weekConnected to tv audio outI just could not believe the sound output in this pot. Its just mind boggling. Really speechless abt this awesome product,[],2016-05-08,57,,
4,"Don’t Think,Just Go for it",R2FHMB3PHFHDZZ,https://www.amazon.in/gp/customer-reviews/R2FHMB3PHFHDZZ/ref=cm_cr_othr_d_rvw_ttl?ie=UTF8&ASIN=B013T21X42,One of the best bluetooth speaker in this price range.The volume is too high and the base is also good.I was not expecting much from this speaker but it was beyond my expectations.However im giving it one star less just because the speaker catches finger prints too easyly & battery backup is also 2.5 hours(on full volume) but still thats fine because sound is awesome.INSIDE BOX YOU WILL GET-Charging cable not adapterAux cable &Warranty cardSo here im giving overall reviewBuilt quality - 7Sound - 10Bass- 9,['https://images-na.ssl-images-amazon.com/images/I/71yo7cG8erL._SY88.jpg'],2018-05-10,58,,
4,"Won't amaze, won't dissapoint.",R33WWL6540JZ5V,https://www.amazon.in/gp/customer-reviews/R33WWL6540JZ5V/ref=cm_cr_othr_d_rvw_ttl?ie=UTF8&ASIN=B013T21X42,"It's a decent little speaker. It's smaller than it seems in the pictures. The sount quality is just about decent, the mids are loud and in your face, the treable is decent and thenlows are shallow.The thing is loud for its size.The big downside is that there's no volume control on the speaker, so volume has to be adjusted from source and hence fine-tuning of volume is difficult if your source is a mobile phone.",[],2019-07-19,59,,
5,Small Magical Speaker,R148KSQ5WXTH29,https://www.amazon.in/gp/customer-reviews/R148KSQ5WXTH29/ref=cm_cr_othr_d_rvw_ttl?ie=UTF8&ASIN=B013T21X42,"In the Box: I got 1 speaker (Obviously) + 1 Charging Cable + 1 small Aux cable + 1 user manual.Pros:1) Very small in size but BIGGG Sound.2) Good looking3) Affordable Price4) Very easy to connect5) calling facility6) voice commands (Incoming call, call disconnected, Pairing etc :)Cons:1) Had problem connecting in running car (I was using google maps, I got some problems)2) Playback difference while playing videos (However very small)3) Vibrates on High Bass songs (When placed on smooth surface)4) Dust catching material.5) Bluetooth range is not so good as my Sony headphones.Final Verdict:if your Budget is tight & you want a small but powerful speakers for indoor and outdoor, blindly go for it. Its a good deal.If you find my review useful, pls hit link below :P",['https://images-na.ssl-images-amazon.com/images/I/71h5urq904L._SY88.jpg'],2016-06-02,60,,
4,Must buy for travelers!,R2H5RF7V25TWTH,https://www.amazon.in/gp/customer-reviews/R2H5RF7V25TWTH/ref=cm_cr_othr_d_rvw_ttl?ie=UTF8&ASIN=B013T21X42,"wonderful high volume crisp clear sound.....people wont ever belive the sound output this tiny device gives...Pros:1. High volume output.2. Best ever battery backup.3. Compact and less weight.4. Crisp clear sound with best combination of trible and bass.Cons:1. Its really bad on managing calls on this device. The mic is just deaf!!!2. Do not expect to answer or manage voice calls over this device.But as for this price point, this product is must buy!....in connection with the compact in size and the boost sound and quality!",[],2017-10-10,61,,
4,-compact -gets connected easily -best blutooth speaker in such a price as per ...,R2A4WB850QGC9M,https://www.amazon.in/gp/customer-reviews/R2A4WB850QGC9M/ref=cm_cr_othr_d_rvw_ttl?ie=UTF8&ASIN=B013T21X42,"Pros:-Good sound volume..-compact-gets connected easily-best blutooth speaker in such a price as per my experience.-good battery backupCan be better if:- bluetooth range is increased.- bass is a bit less, to give perfect sound- if volume up/ down can be done with speakers itslef.Inshort i recommend to buy, if you wish to buy within a range of 1200.I also have mi blutooth speaker, but i will recommend this one... If you want more sound volume and good battery backup",[],2018-05-02,62,,
5,Amazing!,R2091QJD3MXQVA,https://www.amazon.in/gp/customer-reviews/R2091QJD3MXQVA/ref=cm_cr_othr_d_rvw_ttl?ie=UTF8&ASIN=B013T21X42,"First of all i would really appreciate Amazons replacement policy. Hazzle free.I earlier got a defective peice but got it replaced by a new one in just a few days. Product pickup was arranged by amazon service so dont worry about any defects in the product it will be replaced by them. I must say your service is very quick with all my past experiences.Coming to the packing it was very well packed, just intact, no damage at all.Product is seriously amazing!Bass in this small machine is too good compared to its size.Sound is crystal clear even at full volume.Its way better than the JBL go and other small portable speakers at this price range. I have checked them at other retail outlets. Nothing beats this.It does deserve 5 stars in all.A small beast!",[],2016-06-22,63,,
5,Bang on!!!,RL39O66K1V4BP,https://www.amazon.in/gp/customer-reviews/RL39O66K1V4BP/ref=cm_cr_othr_d_rvw_ttl?ie=UTF8&ASIN=B013T21X42,"I would like to say first that this is the most UNDERRATED bluetooth speaker on the entire Amazon.Portronics is that brand, who had really great products but are mostly underrated due to other premium brands like Philips, JBL or Creative.The Soundpot is really a good bang for the buck. I myself am a music freak, and have bought products ranging from headphones and earphones and speakers keeping in mind the technical aspects.The lower end it very punchier and crisp for the price mentioned. I would like to add that it is loud as hell, I really play in the 50% volume while using these. The only drawback I would say is the treble. Other than that, these are the best bluetooth speakers you would want for under 1200rs.",[],2017-04-28,64,,
5,Should go for it,R1UBSSRVSVHA86,https://www.amazon.in/gp/customer-reviews/R1UBSSRVSVHA86/ref=cm_cr_othr_d_rvw_ttl?ie=UTF8&ASIN=B013T21X42,Really nice product,[],2025-01-28,9,,
5,No next time I will requred,R317QQ1WBXXJVI,https://www.amazon.in/gp/customer-reviews/R317QQ1WBXXJVI/ref=cm_cr_othr_d_rvw_ttl?ie=UTF8&ASIN=B013T21X42,Goods  product Dilever.And pakage,[],2025-01-25,10,,
5,पोरटरोनिक बल्लु टुथ स्पीकर,R3RCG19XWAVR85,https://www.amazon.in/gp/customer-reviews/R3RCG19XWAVR85/ref=cm_cr_othr_d_rvw_ttl?ie=UTF8&ASIN=B013T21X42,अच्छा ऊतपाद है आवाज अच्छी है बैटरी बैक अच्छा है दिखने मे भी बढीया है,[],2025-01-14,11,,
5,Soundpot,R2S63ZRKC1N398,https://www.amazon.in/gp/customer-reviews/R2S63ZRKC1N398/ref=cm_cr_othr_d_rvw_ttl?ie=UTF8&ASIN=B013T21X42,Performance is outstanding must buy product durability is also so gud must buy 💗,[],2025-01-10,12,,
5,Good boss,R258NZ689YZCWV,https://www.amazon.in/gp/customer-reviews/R258NZ689YZCWV/ref=cm_cr_othr_d_rvw_ttl?ie=UTF8&ASIN=B013T21X42,Good,[],2025-01-18,13,,
3,Swaraj K.R,R3QLY88K1JD816,https://www.amazon.in/gp/customer-reviews/R3QLY88K1JD816/ref=cm_cr_othr_d_rvw_ttl?ie=UTF8&ASIN=B013T21X42,Speaker will off automaticaly after every 10minutes it is very annoying.,"['https://m.media-amazon.com/images/I/51IZea6GgnL._SY88.jpg', 'https://m.media-amazon.com/images/I/717VNLRnN8L._SY88.jpg', 'https://m.media-amazon.com/images/I/71CC4hgrPHL._SY88.jpg']",2025-01-11,14,,
5,Good speaker,R5RYOB501YANM,https://www.amazon.in/gp/customer-reviews/R5RYOB501YANM/ref=cm_cr_othr_d_rvw_ttl?ie=UTF8&ASIN=B013T21X42,Good speaker hai sound bhi awesome hai,[],2024-10-10,15,,
5,Brilliant product!,R22GSFKWV3R2YD,https://www.amazon.in/gp/customer-reviews/R22GSFKWV3R2YD/ref=cm_cr_othr_d_rvw_ttl?ie=UTF8&ASIN=B013T21X42,"I'm genuinely amazed at this product. Brilliant sound quality - crystal clear and beautifully differentiated high notes, clean and nearly undistorted bass, amazing volume - LOUD for a 15x15 room or even bigger, easy to pair to upto two devices simultaneously (I've got it paired to both my laptop and phone and can switch to either device by just pressing play on the device, although the SoundPot can only play music from one source at a time), battery that comes for at least 2-3 hours of frequent play (haven't tested it longer), all packaged into an aesthetically designed and well made product the size of a teacup, and at a price point less than many earphones on the market. Truly impressed. Well done, Portronics!For those who're wondering about the basics of the product -1. Yes, it's a bluetooth speaker.2. There's no volume control on the SoundPot. You control volume from the music player device.3. It also has an aux-in port with a 2-side 3.5mm male-to-male connecting cable provided in the box, in case you prefer using wired connection.4. It charges via standard USB 5v port. Charging cable included in the box. I've charged it with a laptop USB port and it works fine. Mobile chargers should work as well - higher charger Amperage should result in quicker charging.5. It has an inbuilt mic as well, which means you can use it as a hands-free device.6. Build quality is excellent ... and trust me I'm not easily impressed.7. Incredibly small and lightweight - smaller than a regular coffee mug and weighs about 100 gms or less. My main purpose in buying it was to take it along on my frequent business trips. It works brilliantly for that purpose.All in all, just a wonderful buy!Update 18-09-2016: Having used this product for a few days, I'm truly amazed. Additional points:1. The battery is truly insanely long-lasting ... I've played music on this for 8-10 hours over 2-3 days without recharging now. Finally plugged it in not because the battery died but because I got fed up waiting for it to die.2. Took a call on this speaker - the sound quality was flawless. The person at the other end seemed to hear me extremely well.3. The volume is just insanely loud at its maximum, with hardly any distortion.An awesome item - very well deserving of 5 stars at any price!",[],2016-09-08,16,,
5,The matte finish gives it a superior look. The sound is just amazing,R20CI9X2Q3203J,https://www.amazon.in/gp/customer-reviews/R20CI9X2Q3203J/ref=cm_cr_othr_d_rvw_ttl?ie=UTF8&ASIN=B013T21X42,"Before buying these all the people told me not to buy portronics product. They said they are of cheap quality and wont last long. Anyway i took a risk and bought these. As soon as i unboxed  , i was stunned by the build quality of the product. The matte finish gives it a superior look.The sound is just amazing. Am still confused how speaker this small can deliver 3w output. The speaker is hardly the size of a human palm. So i will now discuss the pros and cons after 1 month of use.Pros :-1. Amazing Build quality. Matte Finish with a nice design.2. Sound is loud and it gives some bass which was not expected from such small speaker.(it vibrates due to bass and it feels uncomfortabely good to hold it while listening)3. The design lets the speaker give sound in front direction more than other sides. So its good if you face the speakers towards yourself.4. Aux cable is also provided though of short length but still better that nothing.5. The sound of lady that says power on is actually good. Because i have seen products which you just want to throw at the wall every time the computer speaks.6. Connectivity is amazing . You can even connect two devices simultanously.7. The Mic Works well for the calls.Cons :-1. The output with aux is little less compared to bluetooth.2. It says it should be charged with rating of 0.5A charger which is hard to find these days. So u can rather charge it with you laptops USB 2.0.3. There are no volume buttons or to receive the call.",[],2016-08-27,25,,
5,Most value able item,R3E3811VNOVINW,https://www.amazon.in/gp/customer-reviews/R3E3811VNOVINW/ref=cm_cr_othr_d_rvw_ttl?ie=UTF8&ASIN=B013T21X42,Kiya y products dubara mujhe mil sakta hai,[],2024-06-25,26,,
1,Average,RR5D8TCT5NQV7,https://www.amazon.in/gp/customer-reviews/RR5D8TCT5NQV7/ref=cm_cr_othr_d_rvw_ttl?ie=UTF8&ASIN=B013T21X42,Average,[],2025-01-10,27,,
4,Value for money,R3LGM8F3NX3LIK,https://www.amazon.in/gp/customer-reviews/R3LGM8F3NX3LIK/ref=cm_cr_othr_d_rvw_ttl?ie=UTF8&ASIN=B013T21X42,"Reviewing after 5 yrs usage(2yrs college+ 3yrs home)...totally value for money again I would say a total value for money.Cons: sound is sharp on high volume and when a high bass moment comes sound loudness gets very low,not good for daru party and where lot of people is involved.Pros: good battery backup also u can always plug in usb and play if battery gets low.Sound quality is very good for playing in room and quiet ambience like house, hostel . For Portability 5star. In rainy season there was lot of moisture in my house due to roof leaking and cooler so Sometimes it stopped working but after keeping in sun for 2hrs it starts working this issue came only 2 times in leaking house ,but now my house is all good and no issues since 3yrs so durability 5stars.","['https://images-na.ssl-images-amazon.com/images/I/61HyINkmKXL._SY88.jpg', 'https://images-na.ssl-images-amazon.com/images/I/61NFYQXppCL._SY88.jpg', 'https://images-na.ssl-images-amazon.com/images/I/61c-zyNVXoL._SY88.jpg', 'https://images-na.ssl-images-amazon.com/images/I/71LHJyOIN1L._SY88.jpg']",2020-10-04,28,,
5,A Puny Beast,RIL8AAERHXFG,https://www.amazon.in/gp/customer-reviews/RIL8AAERHXFG/ref=cm_cr_othr_d_rvw_ttl?ie=UTF8&ASIN=B013T21X42,"It's so good, I absolutely have to write a review.To start with, when you open up the package you are like ""Does this tiny little thing even make a sound"" and when you fire it up you're like ""WOW!! Now that’s something"".Seriously, you just won't believe that such a tiny thing can make such mighty sound.One word for it - IMPRESSED. It's gonna be my daily driver from now on.Here are some key things that I’d like to mention:PROS:1. Great loudness. Easily fills up a big room. Excellent for parties.2. Nice form factor and build.3. Deep and fresh sound. Clarity is excellent.4. Good battery backup, lasts for 6-7 hours.CONS[Not exactly cons :p]:1. This thing absolutely can handle a lot of BASS but can get a little creaky an high volumes.2. Bluetooth range is pretty good but not the best3. While the build quality is very good, buy the material catches quite a lot of dust.4. A volume rocker would have been better.Having said all that, I’d say that for 1200 bucks, this is the best you can have. It easily beats the competitors – Logitech X50, JBL GO.Though the bass is not as thumping as JBL GO, its loudness and clarity easily compensates for it.Now don’t go on complaining about its sound comparing it with JBL Flip 3. That’s an entirely different beast.",[],2016-07-05,29,,
4,Nice and loud speaker,RWZCVD9M9TX04,https://www.amazon.in/gp/customer-reviews/RWZCVD9M9TX04/ref=cm_cr_othr_d_rvw_ttl?ie=UTF8&ASIN=B013T21X42,"1. Very loud sound, somewhat clear too. Sound fills a medium room.2. Bass is okay too, not the best, but certainly adequate.3. Feels robust.4. Connectivity is descent, pairing two devices at once is awesome.5. Battery is alright too, lasts 5-6 hours minimum at max volume.Bads.1. Clarity. While It's good for average user, but listen in close you'll find a few notes missing. More so there is a constant buzzing noise, very faint but present (you can only notice it if you listen in very closely).2. Wired connectivity is not the best. The audio quality degrades and the buzzing sound gets exaggerated slightly.3. Mic is average, you need to hold the speaker really close to mouth to be able to transmit properly.Overall good portable companion for laptops and phones. I'll say good value for money too. But if you want really good audio quality be ready to spend more. At least 5 to 6 times more.",[],2016-08-27,30,,
4,Satisfied,R3MMVRKFQA9R8F,https://www.amazon.in/gp/customer-reviews/R3MMVRKFQA9R8F/ref=cm_cr_othr_d_rvw_ttl?ie=UTF8&ASIN=B013T21X42,Perfect for single room,[],2023-12-13,31,,
5,Worth every rupee,R3CJC5D7SCBJY,https://www.amazon.in/gp/customer-reviews/R3CJC5D7SCBJY/ref=cm_cr_othr_d_rvw_ttl?ie=UTF8&ASIN=B013T21X42,Portonics POR-280 is one the best Bluetooth speaker in its price range. First I was confused between this and Philips BT50b. At last i decided to buy this one and i am happy with my decision.Pros:Very small in size and light weightSound quality is very goodEnough bass for listening pleasureConnect mobile via Bluetooth is very easy and simpleEasily last for 5-6 hours on one charge.Built-in microphone for answering calls.Cons:Not found till now but i will update review if i found any.Note:  you can connect 2 phones at a same time but only one can play at a time.Update 1If you use this speaker with Laptop than it gives 25% to 30% Louder sound as compare to when using it with mobileUpdate 2Today i charged it for 2 hours and used it to play music from my mobile through bluetooth at 80% volume and it lasted for About 5 hoursUpdate 3Toady i have charged it to full 100% ( took about 3 hours to charge ) and played music at 80% volume continuesly and it played music for full 6 and a half hour before its battery got lowUpdate 4Today my friends see this Bluetooth speaker and they liked it so much that they ordered 2 of this for them.,[],2017-02-05,32,,
5,Soundpot Vs JBL go,R3CBSGAL8IXOS8,https://www.amazon.in/gp/customer-reviews/R3CBSGAL8IXOS8/ref=cm_cr_othr_d_rvw_ttl?ie=UTF8&ASIN=B013T21X42,I brought this product after going through so many reviews all over the internet.if you are getting confused between soundpot and JBL go..let me make it easier for you!.Me and my friend orderd Soundpot and JBL go at same time and compared it.Soundpot:1.Loud and clear2.Design is very Unique and creative.3.Battery last for more than 5 hrs4.Bass is normal (JBL is better)5.can connect 2 devices simultaneously.JBL go:1.Loud and clear. (Soundpot is better)2.nothing new to design (but available in different colours)3.battery lasts for more than 5 hrs.4. Bass bit better5.have volume rocker and call receive button.The most differentiating factor is the price! Soundpot cost little more than 1000 and JBL go costs around 2000!Atlast in my opinion if you are budget conscious go for SOUNDPOT and if you are brand conscious go for JBL! Kudos,[],2017-06-07,49,,
4,Solid speaker very durable and sound is clear.,R1IS3ZQ7SU044F,https://www.amazon.in/gp/customer-reviews/R1IS3ZQ7SU044F/ref=cm_cr_othr_d_rvw_ttl?ie=UTF8&ASIN=B013T21X42,I have been using it for nearly 3 years now. The sound is good and crisp at Max and The bass is right. But if you listen in max volume be prepared to lose your battery. Battery back up was good for a year will last 4-5 hours in medium but if you play in max it will for in 2or less depending on the bass level. Bass killed the battery in a year. Otherwise a solid speaker I still use it and unless I play bass heavy music it will work without external power supply.,[],2018-12-29,50,,
1,Little MONSTER.. 😈😈.  Ps:i have changed the review and star rating after 2 months of use..please read),R3LC0ZGVMQKIMK,https://www.amazon.in/gp/customer-reviews/R3LC0ZGVMQKIMK/ref=cm_cr_othr_d_rvw_ttl?ie=UTF8&ASIN=B013T21X42,"First of all..hatsoff to swift package delivery even before the estimated dateNow moving on to the review I recently bought logitech 50x blutooth speaker seeing all the positive reviews and frankly speaking i was really disappointed to hear poor quality audio with cracks even at 80% of volume,i dont whether its an isolated problem yet i quickly returned it...(again amazon 👌👍 ) and bought this one instead.. i was little alarmed by seeing its small size(dont be fooled by the ad pic its not that big) and started to play music anxiously...to my surprise this little devil was mind blowing..crystal clear audio quality..loud audio..perfect bass and i could connect to it even when im outside home(12-15metres i guess not sure though).It do looks good,perfect size,highly compact.Charging part..it did really great,swift charging and lasted well.Cons:Nothing much considering its price and perfection  but i will mention some1)no volume control buttons2) tend to vibrate a bit at max volume..still no audio problem3)preinstalled voice may get little buggy at low battery ..it keep on saying low battery.. low battery ..lol4)lack of multi colors...but not a big dealAnyway if you looking for great bluetooth speaker at budget price...this one is highlt recommended..REVIEW AFTER  2 MONTHS OF USAGENow i regret buying this... Sound quality and bass everything is on point but agter 1 n half month of usage it stopped working just like that... I was very keen in safe handling but it was dead.... I had informed the company and send the product back for service which cost me 450 rs as courier(very hard for working man like me ) ..they returned the product after service which was working fine again for about 2 weeks... Again just like that it stopped working.. Nothing..no sound ..just red light while charging...i have again informed them but thier response is so cold. Now i dont know what to do..will never recommend the product to anybody...regretting ..plz be informed.","['https://images-na.ssl-images-amazon.com/images/I/61XHKzyW7jL._SY88.jpg', 'https://images-na.ssl-images-amazon.com/images/I/71WCpBD9UpL._SY88.jpg']",2017-05-03,51,,
5,good buy.,RR5224A5P3L9T,https://www.amazon.in/gp/customer-reviews/RR5224A5P3L9T/ref=cm_cr_othr_d_rvw_ttl?ie=UTF8&ASIN=B013T21X42,i am using it since last 2.5 yrs.Pros: Speakers are really good. if you compare the prizes with other speakers. i bought it at 1170 and at that time jbl's cost was 2000 approx. so purchased this. and till now it is working very good. many time i has fallen from a good hieght. Still Working.Cons:On Full Volume you will feel like the sound is piercing your ears. The reason also could be that its sound level is very high. more enough for 1 bhk.overll its a big yes for this speaker just keep the volume down to maximum.i purchased 1 one more after this.,[],2019-11-30,52,,
4,Sound Pot - Using it for almost 5 years! Still working!,R39V53F0CID3CN,https://www.amazon.in/gp/customer-reviews/R39V53F0CID3CN/ref=cm_cr_othr_d_rvw_ttl?ie=UTF8&ASIN=B013T21X42,"I am using this product since 29 May 2016. Still its working fine. Good sound quality. We can utilize this speaker for mini party, movies, etc. I am still searching to buy another one, but its unavailable for long time. Very handy and its a sound bomb.",[],2021-11-09,53,,
3,Product is handy and good design. Its very comfortable to hold in hand,RHSXF96ZP06W0,https://www.amazon.in/gp/customer-reviews/RHSXF96ZP06W0/ref=cm_cr_othr_d_rvw_ttl?ie=UTF8&ASIN=B013T21X42,"I got this product on the promised delivery date from amazon with neatly packed. Product is handy and good design. Its very comfortable to hold in hand. When I paired this tiny beast with my phone, guys I tell you he blows your room with good sound !. But sound was not upto my expection when I increased to full volume in my mobile. Sound was not clear when you push him to its boundary. I felt very bad about bluetooth connection. My mobile was just 10 steps away and a wall between mobile and this speaker made this speaker to break sound while playing music. And weird thing was I just put mobile in my pocket and I experienced the same sound break as there was a wall.When it comes to aux cable he does not do quick well as compared to bluetooth connection.I like the product design and sound (volume 80%), but totally disappointed with bluetooth connection. This is my first product in bluetooth speakers segment, so I dont have any past experience to compare this product with.",[],2016-08-02,54,,
5,Trust me and buy this. I compared this with many (by watching reviews on youtube listening to all),R2FOKVVULISIY4,https://www.amazon.in/gp/customer-reviews/R2FOKVVULISIY4/ref=cm_cr_othr_d_rvw_ttl?ie=UTF8&ASIN=B013T21X42,"Got delivered to me yesterday and I must say it is seriously Loud and clear for its size. I am amazed to listen to this fantastic speaker.I was confused between this, logitec x50, jbl go, SoundBot SB571 and Altec lansing H2O (Quite a lot of choices LOL)But this one was the cheapest and it does prove to be satisfying enough for me to not even try the others personally. I have seen reviews and comparisons of this and JBL go and logitec x50 (Soundpot wins) but I have order Altec Lansing H2O to see how is it. If anyone knows pls let me know. Amazon would not let me cancel the order for Altec Lansing otherwise I would have just purchased 2 of these.Lets try that one (it is shock, water and dust proof.. at least that is a plus :P )",[],2016-10-09,55,,
5,Good quality cute little speakers for the price!,R1BRKRGKDKEESJ,https://www.amazon.in/gp/customer-reviews/R1BRKRGKDKEESJ/ref=cm_cr_othr_d_rvw_ttl?ie=UTF8&ASIN=B013T21X42,"I have used this speaker from my friend before and I really liked the quality. So when I was looking for one because I was really tired wearing the earphones, went ahead with this one.Very good quality sound and loud enough for a room. Don't expect deep bass from this little speaker here but keeping it on a wooden surface does amplify the bass to some extent. This speaker is ideal for watching movies or series with a couple of friends when they are hanging out at your place! Or when you want to go camping and need one small decent quality speaker that wouldn't take up much space.Totally worth the buy!",[],2019-02-03,56,,
4,Decent but not the best bass experience,R1HA48AY3BVMOL,https://www.amazon.in/gp/customer-reviews/R1HA48AY3BVMOL/ref=cm_cr_othr_d_rvw_ttl?ie=UTF8&ASIN=B013T21X42,"The overall product is good but I'm a little disappointed with the bass sound quality. I recieved the product as a gift from my company a couple of years ago and it was excellent. The most impressive feature of this product was the bass so I bought this again after 2 years hoping to get the same bass sound quality but it didn't reach my expectations this time.Also, the 3.5mm to 3.5mm wire is a little damaged.",[],2020-11-13,41,,
5,Highly recommend Portronics and it's products,RX9FKTP5ZUE75,https://www.amazon.in/gp/customer-reviews/RX9FKTP5ZUE75/ref=cm_cr_othr_d_rvw_ttl?ie=UTF8&ASIN=B013T21X42,"I bought this on July 2016 and it's high time I should review the product. My only relation with Portronics was that once I had bought a Portronics power bank as a gift for my cousin. The device was awesome and my cousin thanked very much. When I was checking for bluetooth speakers, I was mostly into JBL and other companies. But when I saw this device and that it came from Portronics, I thought to try it out. There is a huge price variation with Soundpot and other competitors which also made me incline towards this. Once I started using it, I felt very comfortable. Good quality of sound, high volume capability, bluetooth speaker with mic as we can talk, etc are some of the nice features along with it. Definitely, one can go for this cute looking but good quality Soundpot speaker, I strongly recommend. Right now, it is my mom who's using this in kitchen, listening to old songs :-)",[],2017-06-27,42,,
4,Best for 1k!,R2JF90HSHPRS7P,https://www.amazon.in/gp/customer-reviews/R2JF90HSHPRS7P/ref=cm_cr_othr_d_rvw_ttl?ie=UTF8&ASIN=B013T21X42,"I was initially very disappointed to see the product as it didn't have volume control. But I when I played music, I couldn't increase the volume over 50% because it was so loud!! The sound quality is really good for that size and the feature that I love is that the Bluetooth switches off when the 3.5 mm jack is plugged in. This way the battery consumption is saved. But I returned this speaker as I got soundbot sb571 for just 300 bucks more which has got more features. But if you have a budget of 1k then go for this speaker because without doubt this is one of the best speaker I've seen till now.",[],2017-10-13,43,,
4,Great value for money.,R28UGKF5GVD4XO,https://www.amazon.in/gp/customer-reviews/R28UGKF5GVD4XO/ref=cm_cr_othr_d_rvw_ttl?ie=UTF8&ASIN=B013T21X42,"Writing this review after 5 days of usage.This truly is a Chhota Packet Bada Dhamaka.Portability- 5/5 Fits your palmConnectivity- 5/5 Can connect two devices simult.Sound Quality- 4/5 One marks cut for the bass. But I'm not a big basshead so works for me. The sound is crisp and clear. Have tried from classical to hard metal. Works like a charm.Loudness- 3.5/5 Owing to it's size, it IS louder than it should be. Sound can easily fill a small room, but might be a bit on the lower side when played outside. Will update the score once I use it for a barbeque party or something.Value for money- 5/5 I could have given 10",[],2017-05-20,44,,
5,Go for it.. Superb product :-),R3D51VBZK1P8HJ,https://www.amazon.in/gp/customer-reviews/R3D51VBZK1P8HJ/ref=cm_cr_othr_d_rvw_ttl?ie=UTF8&ASIN=B013T21X42,"I got familiar with bluetooth speakers during my recent tracking in parwati valley... I was looking for something within budget but quality product.  After reading hundreds of reviews about different speaker ranging from philips to JBL, I finalized this. M using this little thing for the last one week n believe me.. It's just awesome.. Sound quality is best in class (don't compare with JBL).  Most suitable for soft songs. Bass is relatively less but that that too is best in its class. Beats are so loud and clear that u will forget about your other sound systems.  It's highly portable and easily fits in your pockets. Size equals to a tea cup. Battery backup is very good.. Give you around 5_6 hours in one charge.  Connectivity is super easy, u just need to switch on you phone bluetooth and it will detect and connect automatically. Highly recommended for everyone looking for a decent speaker below 2000.",[],2016-05-12,45,,
5,"Soundpot=Awesome👍👌 sound quality, loudness like SONY home theatre",R25OYVT982VA9F,https://www.amazon.in/gp/customer-reviews/R25OYVT982VA9F/ref=cm_cr_othr_d_rvw_ttl?ie=UTF8&ASIN=B013T21X42,"Awesome👍👌 sound quality, loudness. But soothing & sweet to ears. I have SONY Home Theatre at home of 1300 PMPO. I am used to it. But now when am playing my favourite songs in Soundpot I feel no difference. After receiving it yesterday without charging in full volume I used it for 3hrs. And all the passersby asked for its name & price. I was listening beside a car and they thought I am playing the car deck!!😊 Due to lovely sound quality they came up to ask about the system name. When I showed the sound system in my palm they were stunned. I am suggesting everybody to buy this in this price who are planning to buy a Bluetooth speaker friends👍👌. Delivery was fast, entact. It has 1year warranty and body is wooden. That is the reason it is producing quality sound.Amitava Dewan, Kolkata12.11.2017",['https://images-na.ssl-images-amazon.com/images/I/71K3URI1oSL._SY88.jpg'],2017-11-12,46,,
5,Small ; elegant ; Stylish ; Fantabulous and Mindblowing,R1HZLJ88KYTNXU,https://www.amazon.in/gp/customer-reviews/R1HZLJ88KYTNXU/ref=cm_cr_othr_d_rvw_ttl?ie=UTF8&ASIN=B013T21X42,"Simply awesome. Small. Elegant looking and Charming.Does exactly what it needs to do !!!It has two modes . Aux and BT mode. BT means Blue Tooth mode. If not in aux mode, then automatically is transforms into BT Mode !!!Using it is like a breeze. No Hassles of any sort. Pairing is automatic !!!And where BT is not available --- Like in PC, aux cable rushes to your resque !!!For the first time, you need to charge it for around 8 hours !!!Excellent Product, Very Small and Portable. You can take it anywhere, at any time !!!Just make sure that it is fully charged as it can last around 7 to 8 hours easily.It can be doubled up as a Speaker too !!!Go for it and make it your own !!!Here are some pics too of this awesome palmy as it can rests in your palm !!!","['https://images-na.ssl-images-amazon.com/images/I/61lEejhlQXL._SY88.jpg', 'https://images-na.ssl-images-amazon.com/images/I/61oYJBbYFPL._SY88.jpg', 'https://images-na.ssl-images-amazon.com/images/I/61u+h5dTGiL._SY88.jpg', 'https://images-na.ssl-images-amazon.com/images/I/710u0JqLtGL._SY88.jpg', 'https://images-na.ssl-images-amazon.com/images/I/71aYKibOiRL._SY88.jpg', 'https://images-na.ssl-images-amazon.com/images/I/811gnGFZ6cL._SY88.jpg']",2015-11-28,47,,
4,mostly happy,R2RIH2P9Q5MM39,https://www.amazon.in/gp/customer-reviews/R2RIH2P9Q5MM39/ref=cm_cr_othr_d_rvw_ttl?ie=UTF8&ASIN=B013T21X42,"the sound quality and large volume is very good.however, i was experiencing time lag when i play video.I wasn't sure it if was because of speaker or my computer.after a while, it was naturally fixed.now i'm happy for the product mostly.only one thing is that this speaker cannot play low volume.the reason why i bought this speaker was that the internal speaker in my laptop became cracked.so i also wanted to play music with small volume,but this speaker's lowest volume is not so low...if there would be volume controller in the speaker, i will rate it to 5 star.but over all it's fine.",[],2017-07-28,48,,
5,Brilliant sound & portable!!!,R3KOF3OB80JN4D,https://www.amazon.in/gp/customer-reviews/R3KOF3OB80JN4D/ref=cm_cr_othr_d_rvw_ttl?ie=UTF8&ASIN=B013T21X42,"Take it from me, being a musician and audiophile  myself, i'm a sucker for great quality audio and have worked with or heard/owned high end audio speakers/equipments. I really didn't expect it to be this good of a product considering the price, but i was delightfully surprised. Obviously this is not the best bluetooth speaker of all, but i guess you can't get such a portable speaker with such good audio projection at this price as well. The sound has very good clarity with defined bass frequencies. Sounded like a little beast. Don't buy this if you're looking for a lot of bass, but buy it for a balanced sound. I'm so impressed with this, I've already ordered another one for myself the same day i got it delivered. Great job Portonics!!!",[],2017-03-07,65,,
5,Awesome Product,R21HEWYANMYNOH,https://www.amazon.in/gp/customer-reviews/R21HEWYANMYNOH/ref=cm_cr_othr_d_rvw_ttl?ie=UTF8&ASIN=B013T21X42,"I got this product as a free gift from my secret santa. This is one of the best product I have used. Great value for money.Pros:1. Small and Portable2. Easy to connect (audio jack and bluetooth pairing options)3. Awesome Bass4. Eye catchy looks5. Extremly loud (enough for 1 BHK apartment)6. Voice alerts (ON, OFF, Low battery)7. Power saving modeCons:1. No volume control in Device2. Vibrates (when the Bass of song is high)3. Prone to dustMy Verdict: Though this product has some Cons, but it is completely over-shadowed by Pros that it offers. This product is good. Just go for it. If your budget is around 1100 - 1500, don't even hesitate and just buy this; you will never regret.","['https://images-na.ssl-images-amazon.com/images/I/71-gqec1jTL._SY88.jpg', 'https://images-na.ssl-images-amazon.com/images/I/71PscvesMwL._SY88.jpg']",2016-12-31,66,,
5,product is so good but need to repair on off switch,R167FF0JBL1UF8,https://www.amazon.in/gp/customer-reviews/R167FF0JBL1UF8/ref=cm_cr_othr_d_rvw_ttl?ie=UTF8&ASIN=B013T21X42,"I like so much that product,but unfortunately that's small on off switch broken by my nephew. and couldn't repair it. if possible so let me know how to repair it.",[],2023-08-06,67,,
5,it's truly trustable and sound is just awesome. It's loud as well as clear,R3B2XT578T261D,https://www.amazon.in/gp/customer-reviews/R3B2XT578T261D/ref=cm_cr_othr_d_rvw_ttl?ie=UTF8&ASIN=B013T21X42,"I've reviewed it earlier. Now after 2 months reviewing again...Pros...1. Best value for money. Got it for 1200 rs.2. Sound is loud and clear.3. Bass is good for such price and size..4. Very handy and easy to carry. You can carry it in your pocket..5. Built in microphone for calls. Good quality of calling6. It has rubber finish everywhere and a metal grill at top. Feels premium.7. Connects very quickly.8. Very good battery life about 7-8 hours..Cons.1. No buttons for calls, volume or track change2. Bass could be better..Overall best buy at this price. Even upto 1800 it will be best choice. After that jbl go would be the choice.","['https://images-na.ssl-images-amazon.com/images/I/718YTanS5gL._SY88.jpg', 'https://images-na.ssl-images-amazon.com/images/I/71HGWmHfQZL._SY88.jpg']",2017-08-13,68,,
4,Average product,R28GABVYQ1L397,https://www.amazon.in/gp/customer-reviews/R28GABVYQ1L397/ref=cm_cr_othr_d_rvw_ttl?ie=UTF8&ASIN=B013T21X42,After the 3rd time replacement i get a fine product. In b/w 2 time i get damaged product delivered by amazon. Bt nw i can say its an average product. Not as much good as its price. Bt yeah for a single person enjoyment its a good product. Bt you cant talk during bluetooth connectivity over call. Otherwise i'll give 7 out of 10 to this product.,[],2019-08-19,69,,
4,"Product is awesome,but delievery really disappoint me though im a prime member",R1O2OQD02SNMT,https://www.amazon.in/gp/customer-reviews/R1O2OQD02SNMT/ref=cm_cr_othr_d_rvw_ttl?ie=UTF8&ASIN=B013T21X42,"Good battery backup. Good packaging by amazon. Good bass and sound bit small as expected though.shake while played heavy bass songs.u should buy this on special ocassions like holi deepawali mahasale etc because it gives you an extra discount.overall a good speaker ....but amazon transportation service really disappointed me beacause product ahipped from delhi to agra but beside sending directly product goes in opposite direction like sonipat then mp after roaming half india finally arrived at agra, because i have prime membership so cant expect this from amazon things can be better....",[],2017-10-14,70,,
5,A Big Beast unleashes from a Small Cage..!,R1HAZP9Q0FOU87,https://www.amazon.in/gp/customer-reviews/R1HAZP9Q0FOU87/ref=cm_cr_othr_d_rvw_ttl?ie=UTF8&ASIN=B013T21X42,"Yes! That's right! Sound's weird but its true. You will know it when you Buy this product.I wont bore with the details of this product as its already given in the product description but answer some general questions...1. Works with every device which are bluetooth supported.2. It's loudness will be more than you expect. Bet You!3. Charging time 8hrs, works for 4-5 hrs on loud volume. Everyday Usable.4. In Box - Speaker, Aux Cable, USB cable for charging & User Manual.5. No Volume buttons on the speaker, volume adjusts from your smartphone.Conclusion - This product may look simple but it kicks a** of biggest companies in terms of volume. Dont compare this with anyone online at this price range because this is the Big Beast in the Small Cage!",[],2016-05-17,71,,
4,"A speaker with low bass but high volume,But the best in this price",R2XGMGCFTVN3ZI,https://www.amazon.in/gp/customer-reviews/R2XGMGCFTVN3ZI/ref=cm_cr_othr_d_rvw_ttl?ie=UTF8&ASIN=B013T21X42,"When you hear the sound out of it for the first time, you will be surprised ( in a good way). the sound is amazingly good. If you love to hear a song at a party level volume , this is the one for you. All it lacks is the capability of bass detection of a song , which is not much of an issue until and unless you are a die hard music lover , who owns sennhieser and harman kardon.",[],2018-08-25,72,,
