ratingScore,reviewTitle,reviewId,reviewUrl,reviewDescription,reviewImages,date,position,variant,totalCategoryRatings
5,Best speaker all time,RNZ5NLOMZAWLB,https://www.amazon.in/gp/customer-reviews/RNZ5NLOMZAWLB/ref=cm_cr_othr_d_rvw_ttl?ie=UTF8&ASIN=B0DH2KTW84,"I recently purchased this speakers, its a very good and budget friendly comes with a mic. Connectivity, Design, weight and battery life is satisfactory. And size of the speaker is also very good not too small",[],2025-01-06,1,Colour: Satin Black,
1,"Battery performance very poor, Sound good but No bass",R2XV7P78Z86SM9,https://www.amazon.in/gp/customer-reviews/R2XV7P78Z86SM9/ref=cm_cr_othr_d_rvw_ttl?ie=UTF8&ASIN=B0DH2KTW84,"The seller said that its battery lasts for 6 hours but it gets down in just half an hourThere is no option given for return and replacementUpdate:- Amazon customer care first advised me to take the battery to the company's service center which is 200km away, to which I objected and asked them to tell me what Amazon's return and refund policy is? After that the customer care person made me talk to his senior officer.I just told him that if I have to go to the service center then why should I buy the product from Amazon, I should have bought it offline in the market.The senior officer understood my issue and immediately started my return and refund process, I got my refund within 5 minutes of picking up the product",[],2025-01-25,2,Colour: Satin Black,
5,Quality Product,R1Z4JLE7I81952,https://www.amazon.in/gp/customer-reviews/R1Z4JLE7I81952/ref=cm_cr_othr_d_rvw_ttl?ie=UTF8&ASIN=B0DH2KTW84,"I likes like the music loudness, design and quality very much. Red Green Blue lighting of the speaker attracts. Speaker is suitable for karaoke nights, and family get together functions.I recommend solid choice for a budget-friendly party speaker with great features. Bluetooth connectivity is awesome. Very handy easy to move anywhere. Mic function is very nice . Battery backup too good. Overall performance is great. Easy to operate and controls the music sound. Budget friendly. Brand trust must buy it.","['https://m.media-amazon.com/images/I/71K2a2-ezuL._SY88.jpg', 'https://m.media-amazon.com/images/I/71NojowLkcL._SY88.jpg', 'https://m.media-amazon.com/images/I/71SRUeGwTzL._SY88.jpg', 'https://m.media-amazon.com/images/I/71zB52iBQXL._SY88.jpg']",2024-11-14,3,Colour: Jade Black,
5,Powerful Sound in Budget,RW2SVQ7OQ03F0,https://www.amazon.in/gp/customer-reviews/RW2SVQ7OQ03F0/ref=cm_cr_othr_d_rvw_ttl?ie=UTF8&ASIN=B0DH2KTW84,"The media could not be loaded.
                
            
                
            
            
        
    
    








  
  
     sound output and deep bass, making it suitable for parties and outdoor events. It features Bluetooth connectivity, USB, and AUX inputs, ensuring versatile use with different devices. The speaker’s build quality is sturdy, and it has a long-lasting battery that can support extended playtime. While it performs well for its price, the sound clarity at higher volumes could be improved. Overall, it’s a great budget-friendly option for loud, bass-heavy audio.With RGB lights",[],2024-11-17,4,Colour: Jade Black,
1,No mic no cable no chord,RD29A2B6NYJKI,https://www.amazon.in/gp/customer-reviews/RD29A2B6NYJKI/ref=cm_cr_othr_d_rvw_ttl?ie=UTF8&ASIN=B0DH2KTW84,There are no charging and mic cables in the box although the speaker is good the battery package is too low to one hour only. The package seems a return box is replaced and sent to me.customer care accepted to take back the material but nobody is calling/coming to carry back. Amazon is giving worsest experiance in shopping with them .I immediately cancelled a home safe ordered just after this worst experience.if this kind of experience persists it will be a backdrop to Amazon in future.,[],2024-12-19,5,Colour: Jade Black,
5,Classy Product,R1F99TR2EDARUK,https://www.amazon.in/gp/customer-reviews/R1F99TR2EDARUK/ref=cm_cr_othr_d_rvw_ttl?ie=UTF8&ASIN=B0DH2KTW84,"Amazing pTron Product. This speaker has a premium lighting setup. Speaker has different modes for play songs. It also has FM mode. It has good battery Backup. It has high volume with effective bass, mic quality also good. Total value for money.",['https://m.media-amazon.com/images/I/71BDq8MzurL._SY88.jpg'],2025-01-12,6,Colour: Jade Black,
1,Very bad experience,R3TKS3Y0267QRY,https://www.amazon.in/gp/customer-reviews/R3TKS3Y0267QRY/ref=cm_cr_othr_d_rvw_ttl?ie=UTF8&ASIN=B0DH2KTW84,"Very bad experience, with the Ptron and Amazon service as the product has a manufacturing defect and the service from both Amazon and Ptron is too slow. It took 1 week to address my issue, and after pickup of the product, I did not get any update from Ptron as it has almost taken 15 days now, and Amazon is least bothered about it.",[],2025-01-20,7,Colour: Jade Black,
5,Very Good Product,R27B6A5TDTV1MY,https://www.amazon.in/gp/customer-reviews/R27B6A5TDTV1MY/ref=cm_cr_othr_d_rvw_ttl?ie=UTF8&ASIN=B0DH2KTW84,"I likes like the music loudness, design and quality very much. Red Green Blue lighting of the speaker attracts. Speaker is suitable for karaoke nights, and family get together functions.I recommend solid choice for a budget-friendly party speaker with great features. Bluetooth connectivity is awesome. Very handy easy to move anywhere. Mic function is very nice . Battery backup too good. Overall performance is great. Easy to operate and controls the music sound. Budget friendly. Brand trust must buy it.","['https://m.media-amazon.com/images/I/7157Iv5H5gL._SY88.jpg', 'https://m.media-amazon.com/images/I/715860LyZkL._SY88.jpg', 'https://m.media-amazon.com/images/I/71S7KMZB-WL._SY88.jpg', 'https://m.media-amazon.com/images/I/81G47PUEQWL._SY88.jpg']",2024-10-27,8,Colour: Satin Black,
5,Rocking,R1ZLQJDP1DU711,https://www.amazon.in/gp/customer-reviews/R1ZLQJDP1DU711/ref=cm_cr_othr_d_rvw_ttl?ie=UTF8&ASIN=B0DH2KTW84,"Its really useful for people like me who loves music and karaoke session.The speaker sound is crystal clear.Speaker is lightweight so easy to carry anywhere.build quality is good and it looks good,LED lights are reactive and match the tone of the song perfectly.Battery life is also good.Mics that are included with the speaker is good and useful.","['https://m.media-amazon.com/images/I/61yyakrTkmL._SY88.jpg', 'https://m.media-amazon.com/images/I/71QcH1AJrYL._SY88.jpg', 'https://m.media-amazon.com/images/I/71q4fzUkAML._SY88.jpg', 'https://m.media-amazon.com/images/I/71wTqNG6jfL._SY88.jpg']",2025-01-07,17,Colour: Satin Black,
5,Excellent,R2RRXDGAPJDP5I,https://www.amazon.in/gp/customer-reviews/R2RRXDGAPJDP5I/ref=cm_cr_othr_d_rvw_ttl?ie=UTF8&ASIN=B0DH2KTW84,"I recently bought pTron Fusion Theatre V2 60W Karaoke Bluetooth Party Speaker, Really amazing speaker at this price! Best for use in Events and useful for outdoor activities  It has a great sound quality and the mic is also superb! Best affordable speaker,  Iam really very happy.",[],2025-01-06,18,Colour: Jade Black,
5,Good choice,R2R6XR06PV1N3A,https://www.amazon.in/gp/customer-reviews/R2R6XR06PV1N3A/ref=cm_cr_othr_d_rvw_ttl?ie=UTF8&ASIN=B0DH2KTW84,Sound is impressive.. can be used for small home or outdoor partyVery good speaker with mic to enjoy the summer vacation to carry easy to anywhere. 3-4 hours battery Backup easily. Bass is good at this price range.,['https://m.media-amazon.com/images/I/718j2DH0vkL._SY88.jpg'],2025-01-09,19,Colour: Jade Black,
5,Fun On The Go,R526VI7KDSB46,https://www.amazon.in/gp/customer-reviews/R526VI7KDSB46/ref=cm_cr_othr_d_rvw_ttl?ie=UTF8&ASIN=B0DH2KTW84,This speaker is my favorite for family nights The sound is loud and clear the colorful lights are a hit and its super easy to use The mic is great for karaoke and the battery lasts ages Perfect for music and good times,['https://m.media-amazon.com/images/I/61XoQXPR2RL._SY88.jpg'],2025-01-10,20,Colour: Satin Black,
5,Paise wasul speaker 🔊,R2YKR4B9E3CGIJ,https://www.amazon.in/gp/customer-reviews/R2YKR4B9E3CGIJ/ref=cm_cr_othr_d_rvw_ttl?ie=UTF8&ASIN=B0DH2KTW84,"Best product, lite weight speaker. Good mic quality.","['https://m.media-amazon.com/images/I/61115KQ9iNL._SY88.jpg', 'https://m.media-amazon.com/images/I/61OBkuLkVCL._SY88.jpg', 'https://m.media-amazon.com/images/I/71Q+Bt0BPfL._SY88.jpg']",2025-01-23,21,Colour: Satin Black,
5,A Party in a Box!,RL2SUHJBHISUP,https://www.amazon.in/gp/customer-reviews/RL2SUHJBHISUP/ref=cm_cr_othr_d_rvw_ttl?ie=UTF8&ASIN=B0DH2KTW84,"This pTron Fusion Quad V2 Speaker is an absolute game-changer! The powerful 40W sound output fills any room with rich, immersive audio. The vibrant RGB lighting adds a party atmosphere, and the included wired microphone makes it perfect for karaoke nights.The Bluetooth 5.1 connectivity ensures a stable and strong wireless connection, while the multiple playback options offer flexibility. The TWS feature allows you to pair two speakers for an even more powerful sound experience.The battery life is impressive, providing hours of non-stop music. The sleek design and convenient controls make it easy to use and transport.If you're looking for a portable speaker that delivers exceptional sound and features, this is the one!","['https://m.media-amazon.com/images/I/61vFtQKxjxL._SY88.jpg', 'https://m.media-amazon.com/images/I/71bK3UA-GUL._SY88.jpg']",2024-11-17,22,Colour: Satin Black,
5,Fabulous product,RQ943PTLRGCMR,https://www.amazon.in/gp/customer-reviews/RQ943PTLRGCMR/ref=cm_cr_othr_d_rvw_ttl?ie=UTF8&ASIN=B0DH2KTW84,"Using it for last some days, and genuinely a very usefull speaker. Base is quite good and sound is loud enough, design is good. Battery backup last very long. Overall totally worth it product.",[],2025-01-08,23,Colour: Satin Black,
5,Powerful speaker,R2SYKSQWSMN5F7,https://www.amazon.in/gp/customer-reviews/R2SYKSQWSMN5F7/ref=cm_cr_othr_d_rvw_ttl?ie=UTF8&ASIN=B0DH2KTW84,"It's sound quality is amazing and it battery is long lasting and it contains aux,mic and c type charging cable. It's 40watt sound capacity which is affordable in this price it's connectivity is fast and easy to use .","['https://m.media-amazon.com/images/I/61LeJjzAwmL._SY88.jpg', 'https://m.media-amazon.com/images/I/61ba1nqn2KL._SY88.jpg']",2025-01-06,24,Colour: Satin Black,
5,Superb Design and Build Quality,RS113U8ZWBCPR,https://www.amazon.in/gp/customer-reviews/RS113U8ZWBCPR/ref=cm_cr_othr_d_rvw_ttl?ie=UTF8&ASIN=B0DH2KTW84,"The Ptron features a sleek and modern design, with a durable build that feels sturdy. It is giving a premium look. It’s also lightweight, making it portable for outdoor use.Sound performance is impressive, with clear highs, rich minds anf deep bass. It handles various genres well, although  bass-heavy tracks might be overpowering.Battery life is rated at 6 hours, which is good. In real-world usage, making it suitable for long trips or parties.",[],2024-10-29,57,Colour: Jade Black,
5,Get the Party Started 🎶🎶,R1EDKFZW96MQGC,https://www.amazon.in/gp/customer-reviews/R1EDKFZW96MQGC/ref=cm_cr_othr_d_rvw_ttl?ie=UTF8&ASIN=B0DH2KTW84,"The pTron Fusion Quad V2 40W Bluetooth Karaoke Party Speaker is quite the party starter! With its 40W immersive stereo sound and vivid RGB lights, it's sure to get the party going.40W immersive stereo sound with full-range.Comes with a 3-meter wired karaoke microphone and mic volume control.5 equalizer settings to tailor the sound to your tasteBluetooth V5.1, USB, SD card, and aux playback.Type-C charging for easy powering.Lightweight and portable design for indoor/outdoor use.",[],2024-10-24,58,Colour: Satin Black,
5,Best quality product,RQD854PKWX4RV,https://www.amazon.in/gp/customer-reviews/RQD854PKWX4RV/ref=cm_cr_othr_d_rvw_ttl?ie=UTF8&ASIN=B0DH2KTW84,"The media could not be loaded.
                
            
                
            
            
        
    
    








  
  
     Ptron name is enough.Good connectivityValue of moneyGood performancePunchy sound qualityLooking precious",[],2025-01-06,59,Colour: Jade Black,
5,Quality of Product,R2J6VRMMVRDR7U,https://www.amazon.in/gp/customer-reviews/R2J6VRMMVRDR7U/ref=cm_cr_othr_d_rvw_ttl?ie=UTF8&ASIN=B0DH2KTW84,"Got the pTron Fusion Theatre V2, and it's an owseom.This 60W speaker delivers very good sound with deep bass. The rhythmic RGB lights really set the vibe for party. It 3-meter wired mic, which is perfect.Good to switch for BT/USb/SD.Type-C charging is convenient for charges. Battery life is very good, making it perfect for long party nights.I recommend this speaker, if you're looking for house parties or outdoor parties #PartySpeaker",[],2024-10-24,60,Colour: Jade Black,
5,Ptron 40W party speaker,R9ZB135UVD7TR,https://www.amazon.in/gp/customer-reviews/R9ZB135UVD7TR/ref=cm_cr_othr_d_rvw_ttl?ie=UTF8&ASIN=B0DH2KTW84,"The media could not be loaded.
                
            
                
            
            
        
    
    








  
  
     Absolutely love the pTron 40W Party Speaker! The sound quality is impressive, with deep bass and clear highs that really enhance any gathering. The battery life is excellent, lasting through hours of playtime, and the portability makes it easy to take anywhere. The built-in LED lights add a fun atmosphere to parties. Overall, it’s a fantastic speaker for its price, delivering powerful performance and versatility. Highly recommend it for anyone looking to elevate their music experience!",[],2024-10-29,61,Colour: Satin Black,
5,It's heavy bass and weight is light we carried this to party and ejoyed,R83UKJWVEO2NF,https://www.amazon.in/gp/customer-reviews/R83UKJWVEO2NF/ref=cm_cr_othr_d_rvw_ttl?ie=UTF8&ASIN=B0DH2KTW84,It is One of my bestest speaker I got battery backup as 3-4 hours bass is really heavy and one thing is it's light weight so we can carry this it's charging speed is little bit slow because it gives high output.,['https://m.media-amazon.com/images/I/71w1SCKw1cL._SY88.jpg'],2024-11-25,62,Colour: Jade Black,
5,Good product,R2I8H1SD9OIGAN,https://www.amazon.in/gp/customer-reviews/R2I8H1SD9OIGAN/ref=cm_cr_othr_d_rvw_ttl?ie=UTF8&ASIN=B0DH2KTW84,Giving review after use it for some days. This is very good 60w from ptron. I brought it for my baby she is very happy. Rgb lights are look cool at night. Its also have a mic for karaoke. Its support type C charging and long battery backup. Value for money product.,[],2024-11-19,63,Colour: Jade Black,
2,Ok,R1TDNY817E0Q7A,https://www.amazon.in/gp/customer-reviews/R1TDNY817E0Q7A/ref=cm_cr_othr_d_rvw_ttl?ie=UTF8&ASIN=B0DH2KTW84,Bast,['https://m.media-amazon.com/images/I/61A5WLuB6eL._SY88.jpg'],2024-12-02,64,Colour: Satin Black,
5,Amazing product,R2FWILY6BQ5KA1,https://www.amazon.in/gp/customer-reviews/R2FWILY6BQ5KA1/ref=cm_cr_othr_d_rvw_ttl?ie=UTF8&ASIN=B0DH2KTW84,"I loved it's design.lt has RGB lights,MIC and 40W stereo sound.lt has best bluetooth connectivity.",['https://m.media-amazon.com/images/I/612PA+2k1jL._SY88.jpg'],2025-01-07,41,Colour: Satin Black,
2,Improve the exact 60w bass quality.,RFA7L2P573O30,https://www.amazon.in/gp/customer-reviews/RFA7L2P573O30/ref=cm_cr_othr_d_rvw_ttl?ie=UTF8&ASIN=B0DH2KTW84,Bass very poor and no instruction and guid bookler and also no warranty card inside the box. 60 wattis means heavy bass . but this product is very light bass it's approx 5-10w bass. I dislike the bass.,[],2024-11-24,42,Colour: Jade Black,
5,Awesome Product.,R39LBXXI2R2OAZ,https://www.amazon.in/gp/customer-reviews/R39LBXXI2R2OAZ/ref=cm_cr_othr_d_rvw_ttl?ie=UTF8&ASIN=B0DH2KTW84,The Ptron party speaker's sound is really great comes with 40W. We can connect it with TV and its working really well.,[],2025-01-03,43,Colour: Satin Black,
5,Very good,R359W6MHQDDNS4,https://www.amazon.in/gp/customer-reviews/R359W6MHQDDNS4/ref=cm_cr_othr_d_rvw_ttl?ie=UTF8&ASIN=B0DH2KTW84,"The media could not be loaded.
                
            
                
            
            
        
    
    








  
  
     Very good quality",[],2025-01-24,44,Colour: Satin Black,
5,Nice item,R3HH8HFXSB9MV5,https://www.amazon.in/gp/customer-reviews/R3HH8HFXSB9MV5/ref=cm_cr_othr_d_rvw_ttl?ie=UTF8&ASIN=B0DH2KTW84,Good quality stuff for the price. Can't expect more. The battery level is a little weired so don't expect it to last too long.,[],2024-12-29,45,Colour: Satin Black,
5,Superb product,R1VGAW3Z5D7V9A,https://www.amazon.in/gp/customer-reviews/R1VGAW3Z5D7V9A/ref=cm_cr_othr_d_rvw_ttl?ie=UTF8&ASIN=B0DH2KTW84,Product quality is tooo good,[],2025-01-06,46,Colour: Jade Black,
5,Exceptional sound quality,R1TT6IUG486G5L,https://www.amazon.in/gp/customer-reviews/R1TT6IUG486G5L/ref=cm_cr_othr_d_rvw_ttl?ie=UTF8&ASIN=B0DH2KTW84,"""I'm blown away by the sound quality of this speaker! It's incredibly clear and detailed, with deep bass that's perfect for music and podcasts. The battery life is also impressive, lasting around 10-12 hours on a single charge. The design is sleek and compact, making it easy to take on the go. I've tried several other Bluetooth speakers in this price range, but this one is hands down the best. Highly recommended!"" , 5.0/5 stars",[],2024-11-22,47,Colour: Jade Black,
5,Nic product,R2B3KWCXWJAIW0,https://www.amazon.in/gp/customer-reviews/R2B3KWCXWJAIW0/ref=cm_cr_othr_d_rvw_ttl?ie=UTF8&ASIN=B0DH2KTW84,Very nice product,[],2025-01-05,48,Colour: Satin Black,
1,battery backup is too poor,R1FYJ604XYWJ2W,https://www.amazon.in/gp/customer-reviews/R1FYJ604XYWJ2W/ref=cm_cr_othr_d_rvw_ttl?ie=UTF8&ASIN=B0DH2KTW84,"company provides the speaker upto 6hours backup when it is fully charged ,but when i use it with full charge i get onlye less than 1 1\2 hour battery backup....i have recieved this product only 2 weeks ....please note complaint review and find a solution for this...",[],2024-12-26,73,Colour: Satin Black,
5,Nice product,R2FVE44E258JAI,https://www.amazon.in/gp/customer-reviews/R2FVE44E258JAI/ref=cm_cr_othr_d_rvw_ttl?ie=UTF8&ASIN=B0DH2KTW84,A premium looking 40w perty spekar from ptron with rgb light. Decent sound and bass quality at this price range. Its have type c charging and long distance bluetooth connectivity. Very heppy with its mic. Thnq amazon,[],2024-11-19,74,Colour: Satin Black,
5,Amazing Product,R7SIYRIUJCZJ1,https://www.amazon.in/gp/customer-reviews/R7SIYRIUJCZJ1/ref=cm_cr_othr_d_rvw_ttl?ie=UTF8&ASIN=B0DH2KTW84,"Big 40w party spekar, loud and clear sound. Dedicated control panel on top of spekar. Superb build quality. Best portable spekar in this price range.  Also its come with a mic. Value for money product.",[],2024-11-19,75,Colour: Satin Black,
5,Excellent,R31PF4MD1RY5UP,https://www.amazon.in/gp/customer-reviews/R31PF4MD1RY5UP/ref=cm_cr_othr_d_rvw_ttl?ie=UTF8&ASIN=B0DH2KTW84,"Superior audio quality with a strong bass response. Its chic appearance and construction make it ideal for use as a party speaker. Connectivity and pairing are quite simple, and there is adequate battery backup. Good Bluetooth 5.2 version wireless music streaming.",[],2024-11-14,76,Colour: Jade Black,
5,Nice sound and quality,R891FSG636RUW,https://www.amazon.in/gp/customer-reviews/R891FSG636RUW/ref=cm_cr_othr_d_rvw_ttl?ie=UTF8&ASIN=B0DH2KTW84,The sound of the speaker is very good also its functions very well and its mic is also functioning very effectively and connectivity is very quick and service is also good and it is very easy to use and best part is its sound.its really amazing product in such an affordable price,[],2024-10-29,77,Colour: Satin Black,
5,Awesome Soundbox,RN93OGFY8J0SB,https://www.amazon.in/gp/customer-reviews/RN93OGFY8J0SB/ref=cm_cr_othr_d_rvw_ttl?ie=UTF8&ASIN=B0DH2KTW84,This is my first karaoke speaker and I am very happy with the product. The sound is pretty loud and clear. The mic is really good. The Bass Quality is decent. Overall I really like the quality of the soundbox.,"['https://m.media-amazon.com/images/I/71aqWMAdUwL._SY88.jpg', 'https://m.media-amazon.com/images/I/71dt5S+XW6L._SY88.jpg']",2024-11-13,78,Colour: Jade Black,
5,Awesome quality products.,R3TR8RXEW97B8V,https://www.amazon.in/gp/customer-reviews/R3TR8RXEW97B8V/ref=cm_cr_othr_d_rvw_ttl?ie=UTF8&ASIN=B0DH2KTW84,Sound and bass quality of this PTron Bluetooth Party Speaker is very amazing it's very loud and clear as well it's coming with RGB lights that's looks fantastic it's battery backup also too good really awesome value for money deal highly recommended.,[],2024-11-11,79,Colour: Jade Black,
5,Awesome party speaker,R334E6GD0KQPRR,https://www.amazon.in/gp/customer-reviews/R334E6GD0KQPRR/ref=cm_cr_othr_d_rvw_ttl?ie=UTF8&ASIN=B0DH2KTW84,"Quality speaker with long sound range,super battry backup upto 6 hrs as mentioned in description ,mic also good ,overally satisfied with product",[],2024-11-27,80,Colour: Satin Black,
4,Improve base,R2U5YT3MFWTB0Z,https://www.amazon.in/gp/customer-reviews/R2U5YT3MFWTB0Z/ref=cm_cr_othr_d_rvw_ttl?ie=UTF8&ASIN=B0DH2KTW84,Base is low.,[],2025-01-29,9,Colour: Jade Black,
3,Good,R3ES4M5RLYNUMS,https://www.amazon.in/gp/customer-reviews/R3ES4M5RLYNUMS/ref=cm_cr_othr_d_rvw_ttl?ie=UTF8&ASIN=B0DH2KTW84,This price product is good but battery life is very down,[],2025-01-27,10,Colour: Satin Black,
3,Speaker with Corded Mic,R2NSIQPBCZEPM1,https://www.amazon.in/gp/customer-reviews/R2NSIQPBCZEPM1/ref=cm_cr_othr_d_rvw_ttl?ie=UTF8&ASIN=B0DH2KTW84,"I recently tried this speaker with a corded microphone, and while it has some good features, there are notable issues with its battery performance when using the mic. The speaker claims a 6-hour playback time, but that only applies when using an SD card—Bluetooth and microphone use drain the battery much faster. Unfortunately, when using the mic, the battery lasts less than an hour.Additionally, if you try to use the mic while the speaker is plugged in for charging, you’ll still face issues. It seems the device’s charging speed is slower than its power consumption rate when the mic is in use. This means that even while charging, the battery drains, leading to a subpar experience.If you are considering this speaker primarily for its microphone functionality, this product may fall short of expectations. Apart from the mic issues, the speaker is an okay product, but not something I would recommend for reliable mic use.",[],2024-11-06,11,Colour: Satin Black,
3,not worth for money,R3BH2TQ6XAN8B2,https://www.amazon.in/gp/customer-reviews/R3BH2TQ6XAN8B2/ref=cm_cr_othr_d_rvw_ttl?ie=UTF8&ASIN=B0DH2KTW84,"look big but less sound and not worth for money, quality of music is not that good",[],2025-01-16,12,Colour: Jade Black,
3,Microphone not working,R2XD7I303PI1T5,https://www.amazon.in/gp/customer-reviews/R2XD7I303PI1T5/ref=cm_cr_othr_d_rvw_ttl?ie=UTF8&ASIN=B0DH2KTW84,The microphone stopped working after first use,[],2025-01-14,13,Colour: Jade Black,
3,"Okok,Don't except bass, no aux support 🥸",R8U6VG6X0I9AK,https://www.amazon.in/gp/customer-reviews/R8U6VG6X0I9AK/ref=cm_cr_othr_d_rvw_ttl?ie=UTF8&ASIN=B0DH2KTW84,"The media could not be loaded.
                
            
                
            
            
        
    
    








  
  
     Just basic bass of a basic speaker. But its loud.sometimes play automaticly even i pause on phone 😄. No option to reduce mic volume. But good to use if you want low budget party speaker",['https://m.media-amazon.com/images/I/71yC2C4BTJL._SY88.jpg'],2024-12-18,14,Colour: Jade Black,
4,Product is good,R39QCLIR81VINF,https://www.amazon.in/gp/customer-reviews/R39QCLIR81VINF/ref=cm_cr_othr_d_rvw_ttl?ie=UTF8&ASIN=B0DH2KTW84,"Product is good, like sound, mic, look but battery is not charging overall performance is good",[],2024-12-05,15,Colour: Satin Black,
5,Good Speaker!,R365HNSSPXF2TZ,https://www.amazon.in/gp/customer-reviews/R365HNSSPXF2TZ/ref=cm_cr_othr_d_rvw_ttl?ie=UTF8&ASIN=B0DH2KTW84,"After using the pTron Fusion Quad V2 for several days here is my review-40w output delivers a powerful sound.-RGB lights create a good party ambiance-its have mic so you can do karaoke-you can customize with 5 equalizer-bluetooth,usb,sd cards are usefulPerfect for small gathering and little parties.","['https://m.media-amazon.com/images/I/61G0Ci+K5lL._SY88.jpg', 'https://m.media-amazon.com/images/I/61lrF8FSeVL._SY88.jpg']",2025-01-05,16,Colour: Satin Black,
2,No support available,R3NCNMGQUSA4IC,https://www.amazon.in/gp/customer-reviews/R3NCNMGQUSA4IC/ref=cm_cr_othr_d_rvw_ttl?ie=UTF8&ASIN=B0DH2KTW84,"The media could not be loaded.
                
            
                
            
            
        
    
    








  
  
     The support system is dodgy You have keep on registering again and again with no response.The cell phone number given for help doesn't exist.It is an invalid number.I don't know whether my speaker is charging or not but am not able to get in touch with anyone",[],2025-01-21,25,Colour: Satin Black,
5,Value fore money,R2XFCHG32P22H2,https://www.amazon.in/gp/customer-reviews/R2XFCHG32P22H2/ref=cm_cr_othr_d_rvw_ttl?ie=UTF8&ASIN=B0DH2KTW84,"speaker offering punchy sound and rhythmic RGB lights. It includes a 3-meter wired mic, five equalizers, and multiple connectivity options (BT/USB/SD). With Type-C charging and decent battery life, it’s perfect for parties and karaoke sessions. Great value!",[],2025-01-09,26,Colour: Jade Black,
5,Good,R14I5PNG0S6DGL,https://www.amazon.in/gp/customer-reviews/R14I5PNG0S6DGL/ref=cm_cr_othr_d_rvw_ttl?ie=UTF8&ASIN=B0DH2KTW84,A good quality party speaker with perfect size. It is very compatible to take anywhere. Looks awesome due to its lights. And it's perfect for home parties,[],2025-01-14,27,Colour: Satin Black,
5,Very good,R3E019ESGYER0E,https://www.amazon.in/gp/customer-reviews/R3E019ESGYER0E/ref=cm_cr_othr_d_rvw_ttl?ie=UTF8&ASIN=B0DH2KTW84,Very good and amazing ptron 60w party speaker. Very good sound quality and good connectivity. Battery backup is also good. Very good functionality and performance. For this price range this good and valuable product.,[],2025-01-06,28,Colour: Jade Black,
5,Too good,R3UMVQVFJGXU5F,https://www.amazon.in/gp/customer-reviews/R3UMVQVFJGXU5F/ref=cm_cr_othr_d_rvw_ttl?ie=UTF8&ASIN=B0DH2KTW84,"It's quality of sound is too good and long battery play time , u can easily connect with any Bluetooth , easy to carry anywhere.",[],2025-01-11,29,Colour: Jade Black,
5,Perfect party play speaker 🔊,R2FZKPIJ497XKN,https://www.amazon.in/gp/customer-reviews/R2FZKPIJ497XKN/ref=cm_cr_othr_d_rvw_ttl?ie=UTF8&ASIN=B0DH2KTW84,"Recently I purchase this ptron fusion quad party speaker, it's very useful in party play and bluetooth connectivity is also too good. Speaker provide following functionality like Equalizer, wired mic, RGB lights, etc. I kindly recommend you to buy this value for money product.",['https://m.media-amazon.com/images/I/71UciV0yrsL._SY88.jpg'],2025-01-01,30,Colour: Satin Black,
5,Smooth Sound,R16LQA41E1XRXG,https://www.amazon.in/gp/customer-reviews/R16LQA41E1XRXG/ref=cm_cr_othr_d_rvw_ttl?ie=UTF8&ASIN=B0DH2KTW84,I have purchased this speaker for home devotional function and small party. We enjoyed a lot at party while playing karaoke with this speaker the sound quality and parity with mic sync easily,"['https://m.media-amazon.com/images/I/61NQSsNHw4L._SY88.jpg', 'https://m.media-amazon.com/images/I/61hCHIoNxyL._SY88.jpg']",2025-01-05,31,Colour: Satin Black,
5,Nice Sound,RHY4QYD9BCRQO,https://www.amazon.in/gp/customer-reviews/RHY4QYD9BCRQO/ref=cm_cr_othr_d_rvw_ttl?ie=UTF8&ASIN=B0DH2KTW84,Sound quality is very nice. Speaker plastic quality is also nice. And Speaker mic is very good. Speaker has good functions.,"['https://m.media-amazon.com/images/I/715trsfG5KL._SY88.jpg', 'https://m.media-amazon.com/images/I/71lWHyPFx2L._SY88.jpg']",2025-01-10,32,Colour: Satin Black,
5,Very Good Sound,RNL1WCJLCEQZ2,https://www.amazon.in/gp/customer-reviews/RNL1WCJLCEQZ2/ref=cm_cr_othr_d_rvw_ttl?ie=UTF8&ASIN=B0DH2KTW84,I am purchasing this Sound bar and use it several days so I have shared my experience for this.Really it is a very good product.  it's sound and bass is also good it is worth it for this price and it's led lights and battery backup is also very good so if you think a buy new sound bar so this is a good optionThanks Amazon,['https://m.media-amazon.com/images/I/71fiYMyeZEL._SY88.jpg'],2024-10-24,65,Colour: Jade Black,
5,Good quality,R31E55RZYS6NPL,https://www.amazon.in/gp/customer-reviews/R31E55RZYS6NPL/ref=cm_cr_othr_d_rvw_ttl?ie=UTF8&ASIN=B0DH2KTW84,"The PTron 60 W Bluetooth Party Speaker offers a lot of bang for your buck. Its loud and clear sound, especially the bass, is impressive for its price point. The built-in karaoke mic and RGB lights add a fun element, making it a great choice for parties. Multiple connectivity options, including Bluetooth, USB, and SD card, ensure flexibility. it's a solid option for a budget-friendly party speaker great features",['https://m.media-amazon.com/images/I/71uJqh76ovL._SY88.jpg'],2024-10-25,66,Colour: Jade Black,
5,Wonderful Experience,R1E16QFBKUFJF5,https://www.amazon.in/gp/customer-reviews/R1E16QFBKUFJF5/ref=cm_cr_othr_d_rvw_ttl?ie=UTF8&ASIN=B0DH2KTW84,"Really a good deal in sub 2k value, good bass and loudness, extra control options for microphone making it more useful for house party & picnic, RGB lights adding party element, battery back is reasonably decent.Value for monery, worth buying 👍",['https://m.media-amazon.com/images/I/71y0ZbGvhuL._SY88.jpg'],2024-11-26,67,Colour: Satin Black,
5,Best Speaker with mic,R1B7R5S9VQE579,https://www.amazon.in/gp/customer-reviews/R1B7R5S9VQE579/ref=cm_cr_othr_d_rvw_ttl?ie=UTF8&ASIN=B0DH2KTW84,"The media could not be loaded.
                
            
                
            
            
        
    
    








  
  
     The build quality of the speaker is very good with the base and treble is very good to control the volume and size is perfect for a small party am very satisfied with the sound and light of the speaker.","['https://m.media-amazon.com/images/I/61AxDnZX5GL._SY88.jpg', 'https://m.media-amazon.com/images/I/61Bs3k1FpiL._SY88.jpg', 'https://m.media-amazon.com/images/I/61Ljr3xgIoL._SY88.jpg', 'https://m.media-amazon.com/images/I/61R2hdOOpHL._SY88.jpg', 'https://m.media-amazon.com/images/I/61hnVO8XruL._SY88.jpg']",2024-11-30,68,Colour: Satin Black,
5,Sound quality,RL8VJ24FE5JF9,https://www.amazon.in/gp/customer-reviews/RL8VJ24FE5JF9/ref=cm_cr_othr_d_rvw_ttl?ie=UTF8&ASIN=B0DH2KTW84,"The media could not be loaded.
                
            
                
            
            
        
    
    








  
  
     Just perfect in size. Mic is really nice and sound quality is on top. Volume is really good and base is nice as well.... Keep your hands on this speaker without second thoughts it's just perfect in this price.",['https://m.media-amazon.com/images/I/710Zg90dZbL._SY88.jpg'],2024-12-07,69,Colour: Jade Black,
1,Waste of money!!!,R1WNADHI0RE41H,https://www.amazon.in/gp/customer-reviews/R1WNADHI0RE41H/ref=cm_cr_othr_d_rvw_ttl?ie=UTF8&ASIN=B0DH2KTW84,"Doesn't work from the day one. Tried to return it, but Amazon Site doesn't allow. What a waste of money. I bought this for my daughter.",[],2025-01-27,70,Colour: Satin Black,
1,Not wrak jab chalu kiya bettery low aati hr,RQDNBQSEBL8FX,https://www.amazon.in/gp/customer-reviews/RQDNBQSEBL8FX/ref=cm_cr_othr_d_rvw_ttl?ie=UTF8&ASIN=B0DH2KTW84,Ye sab likhate hai ke vapis lenge par jab Riten kare ka process karo to bahut saval karte he par vapis nahi lete mere sath aes ho raha he,['https://m.media-amazon.com/images/I/71GWfMMDFNL._SY88.jpg'],2025-01-21,71,Colour: Satin Black,
5,Awesome speaker,RD86SNPXB3GYR,https://www.amazon.in/gp/customer-reviews/RD86SNPXB3GYR/ref=cm_cr_othr_d_rvw_ttl?ie=UTF8&ASIN=B0DH2KTW84,"i truly loved this ptron speaker ....everything about it totally awesome............its battery life is excellent.....looks very cool,audio range is amazing ,lightweighted,with strong built quality...and mic cord is also very long and mic works totally good.i am so glad that i purchased this speaker.",[],2024-11-16,72,Colour: Satin Black,
5,Amazing,R2TAWE2AVKIDIV,https://www.amazon.in/gp/customer-reviews/R2TAWE2AVKIDIV/ref=cm_cr_othr_d_rvw_ttl?ie=UTF8&ASIN=B0DH2KTW84,"Affordable and feature-rich, a great buy!Worth every penny, highly recommend!",['https://m.media-amazon.com/images/I/71t5Fvw6ubL._SY88.jpg'],2025-01-01,49,Colour: Satin Black,
2,Loud,R19EED0Z3KMWIE,https://www.amazon.in/gp/customer-reviews/R19EED0Z3KMWIE/ref=cm_cr_othr_d_rvw_ttl?ie=UTF8&ASIN=B0DH2KTW84,Loud but bass quality too poor,[],2024-12-24,50,Colour: Jade Black,
5,Awesome quality,R3C5MKAAAQ0VSR,https://www.amazon.in/gp/customer-reviews/R3C5MKAAAQ0VSR/ref=cm_cr_othr_d_rvw_ttl?ie=UTF8&ASIN=B0DH2KTW84,Nice sound,['https://m.media-amazon.com/images/I/71rubXZYl0L._SY88.jpg'],2025-01-04,51,Colour: Jade Black,
5,grater sound with value for money,R193EAWW4OCV6E,https://www.amazon.in/gp/customer-reviews/R193EAWW4OCV6E/ref=cm_cr_othr_d_rvw_ttl?ie=UTF8&ASIN=B0DH2KTW84,this product loaded with amazing feature and awesome sound quality light weights  product,[],2025-01-02,52,Colour: Satin Black,
5,Best boom box quality,R10YOXAE4LBRJK,https://www.amazon.in/gp/customer-reviews/R10YOXAE4LBRJK/ref=cm_cr_othr_d_rvw_ttl?ie=UTF8&ASIN=B0DH2KTW84,"The media could not be loaded.
                
            
                
            
        
    
    








  
  
     Good quality sound stereo music ।। Valuable for money product , good lightning leds design  । Best koreake system performance  seen till now. High volume sound ।। Best for house party","['https://m.media-amazon.com/images/I/71HGSGe5H+L._SY88.jpg', 'https://m.media-amazon.com/images/I/71bkkDSG9jL._SY88.jpg', 'https://m.media-amazon.com/images/I/71lwK2t79UL._SY88.jpg']",2025-01-03,53,Colour: Satin Black,
5,Worthy,R15RZU934QLZXC,https://www.amazon.in/gp/customer-reviews/R15RZU934QLZXC/ref=cm_cr_othr_d_rvw_ttl?ie=UTF8&ASIN=B0DH2KTW84,"The pTron Fusion Theatre 60W Karaoke Bluetooth Party Speaker is an excellent choice for party enthusiasts, featuring dynamic stereo sound and vibrant RGB lights that sync with the rhythm. Its powerful bass and clear vocals make it ideal for karaoke sessions, adding a lively atmosphere to any gathering. This speaker stands out due to its ease of connectivity with Bluetooth, AUX, and USB options, providing flexibility for users. The long-lasting battery life ensures hours of uninterrupted fun, making it a top pick for both indoor and outdoor events.","['https://m.media-amazon.com/images/I/714A-BqVMXL._SY88.jpg', 'https://m.media-amazon.com/images/I/71MiM0x0tGL._SY88.jpg']",2024-10-26,54,Colour: Jade Black,
5,Let's Rock your room boom boom,R3GITEU36RVA59,https://www.amazon.in/gp/customer-reviews/R3GITEU36RVA59/ref=cm_cr_othr_d_rvw_ttl?ie=UTF8&ASIN=B0DH2KTW84,"The media could not be loaded.
                
            
                
            
            
        
    
    








  
  
     Lovely speaker 🔊 base is good mic functionality very good battery back slightly low but you can manage value for money product bluetooth connectivity good portable you can go with this anywhere as you want over all we loved it.","['https://m.media-amazon.com/images/I/71EvBWEF3sL._SY88.jpg', 'https://m.media-amazon.com/images/I/81ee-o1L5+L._SY88.jpg', 'https://m.media-amazon.com/images/I/81sCSyIn-PL._SY88.jpg', 'https://m.media-amazon.com/images/I/81x+HbVkgiL._SY88.jpg']",2025-01-02,55,Colour: Satin Black,
2,Battery isshu,R329O7ZHJ9XVJJ,https://www.amazon.in/gp/customer-reviews/R329O7ZHJ9XVJJ/ref=cm_cr_othr_d_rvw_ttl?ie=UTF8&ASIN=B0DH2KTW84,The battery backup is very very low,[],2024-12-09,56,Colour: Satin Black,
5,Fabulous!,R2S3NGQZYS70D3,https://www.amazon.in/gp/customer-reviews/R2S3NGQZYS70D3/ref=cm_cr_othr_d_rvw_ttl?ie=UTF8&ASIN=B0DH2KTW84,This is magnificent.40 W sound have loud and clear tune and RGD lights are like cherry on top.Battery back up is also good .Value for money product at reasonable price .,"['https://m.media-amazon.com/images/I/618o8jLnLJL._SY88.jpg', 'https://m.media-amazon.com/images/I/71+DFmuv-aL._SY88.jpg', 'https://m.media-amazon.com/images/I/71hRh7ZWulL._SY88.jpg']",2025-01-04,33,Colour: Satin Black,
5,Best prodect,RJ4GBDQVG78BE,https://www.amazon.in/gp/customer-reviews/RJ4GBDQVG78BE/ref=cm_cr_othr_d_rvw_ttl?ie=UTF8&ASIN=B0DH2KTW84,Bahut dino tak bajaya fr ratings kiya hu mujhe acha laga,[],2025-01-13,34,Colour: Jade Black,
5,Good Product & Excellent Sound Quality,R12LK5AINVDURA,https://www.amazon.in/gp/customer-reviews/R12LK5AINVDURA/ref=cm_cr_othr_d_rvw_ttl?ie=UTF8&ASIN=B0DH2KTW84,Portable device good to carry to any party for enjoyment with friends. Centre of attraction among children. Clear n loud sound quality. Family Loved it ❤️ Value for Money,[],2025-01-03,35,Colour: Satin Black,
5,Good balanced sound..,R2DNA2CVHGAY7W,https://www.amazon.in/gp/customer-reviews/R2DNA2CVHGAY7W/ref=cm_cr_othr_d_rvw_ttl?ie=UTF8&ASIN=B0DH2KTW84,"The sound is amazing with balanced bass ,kareoke is good too, i purchased it for my kid and he is loving it. It’s good fun.",[],2025-01-07,36,Colour: Satin Black,
5,so good,REGJMQ92V2IHV,https://www.amazon.in/gp/customer-reviews/REGJMQ92V2IHV/ref=cm_cr_othr_d_rvw_ttl?ie=UTF8&ASIN=B0DH2KTW84,this speaker very good and nice battery backup and good sounds,[],2025-01-10,37,Colour: Satin Black,
5,My new is happier than ever,R2YJV6I07EZ2LL,https://www.amazon.in/gp/customer-reviews/R2YJV6I07EZ2LL/ref=cm_cr_othr_d_rvw_ttl?ie=UTF8&ASIN=B0DH2KTW84,"The media could not be loaded.
                
            
                
            
            
        
    
    








  
  
     New year ki first shopping and this is so amazing. I purchased this over MiVi I mean seriously you can order both brand in this price range and can clear yourself what's the best. I am so happy with sound quality, functionality and design. For me it's value for money.","['https://m.media-amazon.com/images/I/61ZRIUzSthL._SY88.jpg', 'https://m.media-amazon.com/images/I/61wXeK9ALsL._SY88.jpg', 'https://m.media-amazon.com/images/I/71b2fJxFPcL._SY88.jpg']",2025-01-05,38,Colour: Satin Black,
5,Awesome sound,R3FBZURFBIW1OC,https://www.amazon.in/gp/customer-reviews/R3FBZURFBIW1OC/ref=cm_cr_othr_d_rvw_ttl?ie=UTF8&ASIN=B0DH2KTW84,"I like the product sound . Then base is so good , value for money . Fantastic sound and volume is high. Blutooth connectivity is easy to use.",['https://m.media-amazon.com/images/I/71FVg0uY6WL._SY88.jpg'],2025-01-01,39,Colour: Satin Black,
2,Mic output quality is not good,RYSJZPFA3W83M,https://www.amazon.in/gp/customer-reviews/RYSJZPFA3W83M/ref=cm_cr_othr_d_rvw_ttl?ie=UTF8&ASIN=B0DH2KTW84,"If you are buy this product for karaoke then remember Mic Sound output with too much echo even delay echo. This will definitely disturbing in singing. Also this item is not return option.Another things, you can't use mic with charging",[],2024-11-30,40,Colour: Satin Black,
