ratingScore,reviewTitle,reviewId,reviewUrl,reviewDescription,reviewImages,date,position,variant,totalCategoryRatings
5,It’s working perfectly,RV2W7R2WO6J7X,https://www.amazon.in/gp/customer-reviews/RV2W7R2WO6J7X/ref=cm_cr_othr_d_rvw_ttl?ie=UTF8&ASIN=B0D87CJ7WX,"This 40W speakers deliver solid sound quality with a good balance of bass and treble for their price. They offer clear audio performance, making them a great option for casual listening, movies, or gaming. With a sleek, modern design, these speakers are compact yet powerful, providing decent volume levels and clarity. Additionally, they come with Bluetooth connectivity, allowing easy pairing with devices. While the build quality is mostly plastic, it remains sturdy. Overall, the pTron 40W speakers offer great value for money with impressive sound and functionality.",[],2025-01-15,1,,
1,Disappointed by Poor Delivery and inferior quality of product,R33RVEVPTR26D4,https://www.amazon.in/gp/customer-reviews/R33RVEVPTR26D4/ref=cm_cr_othr_d_rvw_ttl?ie=UTF8&ASIN=B0D87CJ7WX,"""If you lucky then only you will get good quality product online on Amazon""Delivery-Like every bluetooth speaker delivery from Amazon, this speaker was also delivered in opened condition (dealer sent the repacked speaker) without charging cable.Quality - speaker quality is very poor, not last 3 days. Not getting ON when press the button.Product support - PTron is a miserably failed company in terms of after sales support. They don't bother to reply your emails, don't respond to customer complaints.So I lost my hard earned money to Amazon by purchasing PTron bluetooth speaker.",[],2024-12-25,2,,
5,pTron Fusion Beats 40W Karaoke Bluetooth Party Speaker Good,RUGGT7067G3Y7,https://www.amazon.in/gp/customer-reviews/RUGGT7067G3Y7/ref=cm_cr_othr_d_rvw_ttl?ie=UTF8&ASIN=B0D87CJ7WX,"I recently had the pleasure of trying out the pTron Fusion Beats 40W Karaoke Bluetooth Party Speaker, and it has truly exceeded my expectations in several areas. From the moment I unboxed it, I was impressed by its sleek design in Royal Black, which not only looks modern but also feels sturdy and well-built.The most critical aspect of any speaker is its sound quality, and the pTron Fusion Beats absolutely delivers. With 40W power, the audio output is loud and clear, filling spaces easily and offering a vibrant listening experience. The bass is deep without being overpowering, and the mid and high frequencies are crisp. Whether you're belting out karaoke hits or just playing your favorite tunes, this speaker does a fantastic job of enhancing the audio experience.As someone who loves hosting karaoke nights, I found the included 3-meter wired microphone to be a fantastic addition. The mic is responsive and captures vocals clearly, making it easy for everyone to get involved in the fun. The ability to connect via Bluetooth, USB, or SD card is incredibly convenient; it allows for multiple playback options depending on your needs and preferences. The vivid RGB lights are a delightful touch that adds a festive atmosphere to any party. They dance and pulse in sync with the music, creating an immersive experience that enhances the overall vibe. Whether it’s a birthday party, a casual get-together, or a family event, these lights will undoubtedly make the occasion feel more festive and lively. good","['https://m.media-amazon.com/images/I/61e1MQ-psTL._SY88.jpg', 'https://m.media-amazon.com/images/I/717PqLWR87L._SY88.jpg', 'https://m.media-amazon.com/images/I/71JFsrfqlzL._SY88.jpg', 'https://m.media-amazon.com/images/I/71Z3zwY6vHL._SY88.jpg']",2024-11-02,3,,
1,"Worst product,not turned on",R19AQOI81EDJCH,https://www.amazon.in/gp/customer-reviews/R19AQOI81EDJCH/ref=cm_cr_othr_d_rvw_ttl?ie=UTF8&ASIN=B0D87CJ7WX,"It is worst product not switched-on, I am surprised that this kind of product is on Amazon, when I tried to return it, it is asking to chat with us or contact the manufacturer, if we select the chat with us it is AI enabled chat and it'll again redirect you to contact to manufacturer, means I made a mistake that I purchased this product and it is my fault that is not worth to what I paid it gives me feeling that don't buy electronic items from online platforms otherwise you'll be in loop,For this product my suggestion do not purchase it",[],2024-12-17,4,,
5,Value for money product,R2A8S546Z2W3OJ,https://www.amazon.in/gp/customer-reviews/R2A8S546Z2W3OJ/ref=cm_cr_othr_d_rvw_ttl?ie=UTF8&ASIN=B0D87CJ7WX,"I recently purchased the pTron Fusion Beats V2 Bluetooth Party Speaker, and it has been a fantastic addition to my gatherings! The 40W stereo sound is loud and crystal clear, filling the room with ease. It's perfect for small parties, and the sound quality really impressed me, even at higher volumes. The RGB lights are a fun touch, syncing with the beat and creating a cool atmosphere.The Bluetooth connectivity is quick and hassle-free, allowing me to pair my phone in seconds. as it comes with a mic input, The battery life is good, lasting several hours on a full charge.Overall, it's a great value for money","['https://m.media-amazon.com/images/I/614LLB4uX7L._SY88.jpg', 'https://m.media-amazon.com/images/I/61tN5WsGxFL._SY88.jpg', 'https://m.media-amazon.com/images/I/71mZJhovMHL._SY88.jpg', 'https://m.media-amazon.com/images/I/71nRPaedGeL._SY88.jpg']",2024-10-01,5,,
4,"Good karaoke speaker,",R3194AOT2MHNCP,https://www.amazon.in/gp/customer-reviews/R3194AOT2MHNCP/ref=cm_cr_othr_d_rvw_ttl?ie=UTF8&ASIN=B0D87CJ7WX,"Bluetooth connectivity is good, lighting is very good, sound quality is feeling well till date, noise level is good butBattery back is just 2-3 hrs while he claims for 6hrs, I think in online shoping some vendors taking it granted,Mike is not functioning properly,",['https://m.media-amazon.com/images/I/61xduzuOQkL._SY88.jpg'],2024-11-10,6,,
1,Not a great product,R2Y7KFABIXLUCO,https://www.amazon.in/gp/customer-reviews/R2Y7KFABIXLUCO/ref=cm_cr_othr_d_rvw_ttl?ie=UTF8&ASIN=B0D87CJ7WX,Not a perfect or great product. Disappointed with the sound quality as I had high expectations for a party speaker. Don't go for it or you will surely regret especially as there's no return or exchange facility from Amazon directly but service centre replacement only which is no easy task. Better options are available in the same price range from other brands.,[],2024-12-24,7,,
5,Perfect product for entertainment,R1U1DHFYI8GPL6,https://www.amazon.in/gp/customer-reviews/R1U1DHFYI8GPL6/ref=cm_cr_othr_d_rvw_ttl?ie=UTF8&ASIN=B0D87CJ7WX,"For family gatherings or small parties, this pTron Fusion Beats  Speaker is a good choice. You can take the stereo sound quality anywhere, indoors or out and its rechargeable battery means that it is fully portable. During night time the RGB lights are awesome. There are stereo speakers and a built-in karaoke function (yes, my kid is obsessed with singing via the included 3-meter wired mic which has good voice clarity) so audio comes through loud and clear. The built-in BT, USB and SD card slot allows me to stay connected with your digital music on the go. Type-C charging port with long battery life make it usefull while we are going for outing.","['https://m.media-amazon.com/images/I/61VzWPJAWBL._SY88.jpg', 'https://m.media-amazon.com/images/I/61qHmMQzYSL._SY88.jpg', 'https://m.media-amazon.com/images/I/713+a+rdeeL._SY88.jpg', 'https://m.media-amazon.com/images/I/71WA1fRFSYL._SY88.jpg', 'https://m.media-amazon.com/images/I/71iji5UIJOL._SY88.jpg', 'https://m.media-amazon.com/images/I/71jqABS5haL._SY88.jpg']",2024-10-05,8,,
3,Mic doesn't work,RKIQD8QAV6EJD,https://www.amazon.in/gp/customer-reviews/RKIQD8QAV6EJD/ref=cm_cr_othr_d_rvw_ttl?ie=UTF8&ASIN=B0D87CJ7WX,Mic doesn't work but speakers are good .if you add sub woofer it will be very goodIts says replacement completed but not replaced they called me not even wanting 5 mnts the took it backSo i have to cancel my order and re ordered Rs 500 extras,[],2024-11-09,17,,
3,Party speaker for kids,R2W4SAS62FFB9,https://www.amazon.in/gp/customer-reviews/R2W4SAS62FFB9/ref=cm_cr_othr_d_rvw_ttl?ie=UTF8&ASIN=B0D87CJ7WX,Like the product and mic functioning.Sound clarity doesn't match as expected dislike.,[],2024-12-01,18,,
3,Sound,RD3NI046VHB7W,https://www.amazon.in/gp/customer-reviews/RD3NI046VHB7W/ref=cm_cr_othr_d_rvw_ttl?ie=UTF8&ASIN=B0D87CJ7WX,"Sound could be better, otherwise works fine",[],2024-12-01,19,,
3,Sound quality is not good,RL2V387R3LSNK,https://www.amazon.in/gp/customer-reviews/RL2V387R3LSNK/ref=cm_cr_othr_d_rvw_ttl?ie=UTF8&ASIN=B0D87CJ7WX,Sound quality  is ok ok type.. if you are going for good sound quality don't go for it and if you are not satisfied with  the product there is no return policy.,[],2024-11-10,20,,
3,Amazon,RN8FBTG3HJH30,https://www.amazon.in/gp/customer-reviews/RN8FBTG3HJH30/ref=cm_cr_othr_d_rvw_ttl?ie=UTF8&ASIN=B0D87CJ7WX,I buy two time.I like this product but unfortunately after two days it's doesn't work properly and not open.I replaced this first time. but second product also same problem it's doesn't work after two days and can't open.so I return this item.but it's good product and .it's my bad luck I think 😟😟😟,[],2024-10-27,21,,
4,Nice one value for money,R35K4XVXSN5PCC,https://www.amazon.in/gp/customer-reviews/R35K4XVXSN5PCC/ref=cm_cr_othr_d_rvw_ttl?ie=UTF8&ASIN=B0D87CJ7WX,Bass was so deep volume is not very loud and light is nice 🙂 value for money,"['https://m.media-amazon.com/images/I/61NmqkF307L._SY88.jpg', 'https://m.media-amazon.com/images/I/61X-N9CkUBL._SY88.jpg']",2024-12-09,22,,
3,"Definitely not 40w. Clear Sound but Low Bass,Poor Mic.",R21HEN7WPQF49C,https://www.amazon.in/gp/customer-reviews/R21HEN7WPQF49C/ref=cm_cr_othr_d_rvw_ttl?ie=UTF8&ASIN=B0D87CJ7WX,"The speaker is tuned to give clear sound, giving importance to vocals so there is very low Bass. I fixed this by using an external Software Equalizer. Definitely not 40w RMS output..more like 20-25w. Poor Mic quality (Echo), it's more like a toy. Otherwise, it offers great value for money considering the price. Although if you have the budget, definitely go for a better one from a good brand.","['https://m.media-amazon.com/images/I/51QeK+O6ScL._SY88.jpg', 'https://m.media-amazon.com/images/I/61Ef2iOM4PL._SY88.jpg', 'https://m.media-amazon.com/images/I/71cuXuK26jL._SY88.jpg']",2024-09-23,23,,
3,Poor battery backup,R39U7LUY0F3YMO,https://www.amazon.in/gp/customer-reviews/R39U7LUY0F3YMO/ref=cm_cr_othr_d_rvw_ttl?ie=UTF8&ASIN=B0D87CJ7WX,"Poor battery back-up, speakers aren't good",[],2024-11-11,24,,
5,Very good,R1OYU5N3RVDHEL,https://www.amazon.in/gp/customer-reviews/R1OYU5N3RVDHEL/ref=cm_cr_othr_d_rvw_ttl?ie=UTF8&ASIN=B0D87CJ7WX,"This speaker quality very rich and good, bass is very good, treble is also good, and it's karaoke feature is superb, very good vocals , lighting is also very good, rich sound with led lights, it made of plastic and it's very sturdy, easy to carry anywhere, lightweight.. overall good",[],2025-01-08,49,,
4,Mic pin missing,R17NNRLKONER4Z,https://www.amazon.in/gp/customer-reviews/R17NNRLKONER4Z/ref=cm_cr_othr_d_rvw_ttl?ie=UTF8&ASIN=B0D87CJ7WX,"Mic pin missing,So returned.Sound quality suitable for small get-together..",[],2024-10-29,50,,
5,Awesome Quality 👍,R3LF4TBW0KU96R,https://www.amazon.in/gp/customer-reviews/R3LF4TBW0KU96R/ref=cm_cr_othr_d_rvw_ttl?ie=UTF8&ASIN=B0D87CJ7WX,This speaker made from plastic and plastic quality is good. Output is good in indoor and outdoor. different type of RGB effect can be setup via LED button. Connectivity is fast and multiple connection option available. Mic quality also good and wire length is sufficient. Overall good product for home use.,['https://m.media-amazon.com/images/I/61va-vZwrVL._SY88.jpg'],2025-01-05,51,,
4,Worth the price tag,R3AGLALGAPL7FJ,https://www.amazon.in/gp/customer-reviews/R3AGLALGAPL7FJ/ref=cm_cr_othr_d_rvw_ttl?ie=UTF8&ASIN=B0D87CJ7WX,The media could not be loaded.,[],2024-11-03,52,,
5,Light and madam no light on repairing,R38BNP1EYZV4P3,https://www.amazon.in/gp/customer-reviews/R38BNP1EYZV4P3/ref=cm_cr_othr_d_rvw_ttl?ie=UTF8&ASIN=B0D87CJ7WX,Light on Telangana speaker charger late on speaker light no no coming,['https://m.media-amazon.com/images/I/61g7HDDT-RL._SY88.jpg'],2025-01-28,53,,
5,Sound quality,R3M1XZKKL3LHGV,https://www.amazon.in/gp/customer-reviews/R3M1XZKKL3LHGV/ref=cm_cr_othr_d_rvw_ttl?ie=UTF8&ASIN=B0D87CJ7WX,Very nice and good sound quality,[],2025-01-29,54,,
5,Impressive speaker,R1AC32Q1HO6TW3,https://www.amazon.in/gp/customer-reviews/R1AC32Q1HO6TW3/ref=cm_cr_othr_d_rvw_ttl?ie=UTF8&ASIN=B0D87CJ7WX,PTron bluetooth speaker with mic is  very impressive . It has a clear & loud sound quality. I love it's sleek design with lights around & it light weight as well. Battery backup is good.Overall it's a value for money product. I'm fully satisfied.,[],2025-01-07,55,,
2,Average,ROSOIEKDRIXN8,https://www.amazon.in/gp/customer-reviews/ROSOIEKDRIXN8/ref=cm_cr_othr_d_rvw_ttl?ie=UTF8&ASIN=B0D87CJ7WX,Sound output is low. U have to depend on the music playing source to achieve the kind of sound volume u want. If u can afford a high end speaker pls don't invest in this.,[],2024-11-20,56,,
2,Toy stuff,RN2CH3KQAKDIY,https://www.amazon.in/gp/customer-reviews/RN2CH3KQAKDIY/ref=cm_cr_othr_d_rvw_ttl?ie=UTF8&ASIN=B0D87CJ7WX,Ok for kids to play sing with.,[],2025-01-25,41,,
2,Very Bad Product wastage of money why Amazon is selling such badproduct.is it only,R32ZLDO4KCVAEH,https://www.amazon.in/gp/customer-reviews/R32ZLDO4KCVAEH/ref=cm_cr_othr_d_rvw_ttl?ie=UTF8&ASIN=B0D87CJ7WX,I have purchased for my weekend home where I am going after a week or 10Days Now I have used once then when again tried its not pairing,[],2024-12-17,42,,
2,Volume key doesn't work and Unable to charge,R8QEHDP4DO3HH,https://www.amazon.in/gp/customer-reviews/R8QEHDP4DO3HH/ref=cm_cr_othr_d_rvw_ttl?ie=UTF8&ASIN=B0D87CJ7WX,not satisfactory.,['https://m.media-amazon.com/images/I/71XIG5nrXTL._SY88.jpg'],2025-01-20,43,,
2,Battery 😑,R3EUTU5DO305VM,https://www.amazon.in/gp/customer-reviews/R3EUTU5DO305VM/ref=cm_cr_othr_d_rvw_ttl?ie=UTF8&ASIN=B0D87CJ7WX,Battery life is not good,[],2025-01-09,44,,
5,Blue-Tooth Speaker Best Product in this price range,R27IOP7ZVOOCM6,https://www.amazon.in/gp/customer-reviews/R27IOP7ZVOOCM6/ref=cm_cr_othr_d_rvw_ttl?ie=UTF8&ASIN=B0D87CJ7WX,In this price range it's the best ProductAmazing RBG lightsVery light weightNice sound qualityI recommend you must buy this product,['https://m.media-amazon.com/images/I/71sBQ5uudyL._SY88.jpg'],2025-01-28,45,,
5,Great music quailty,RB4JDXUKT9IVM,https://www.amazon.in/gp/customer-reviews/RB4JDXUKT9IVM/ref=cm_cr_othr_d_rvw_ttl?ie=UTF8&ASIN=B0D87CJ7WX,From this speaker we can enjoy with friends with great enjoyable with fun. It's includes mic it gives great vibe in home parties. Music quality and battery backup is also good.,['https://m.media-amazon.com/images/I/71UjiJpLFrL._SY88.jpg'],2025-01-26,46,,
4,Atul,R1E3GLH9UOVRFH,https://www.amazon.in/gp/customer-reviews/R1E3GLH9UOVRFH/ref=cm_cr_othr_d_rvw_ttl?ie=UTF8&ASIN=B0D87CJ7WX,,['https://m.media-amazon.com/images/I/61fEXxLS4OL._SY88.jpg'],2024-10-30,47,,
5,Best in Price and Best Product in Amazon,RWDF6WJYBOZEJ,https://www.amazon.in/gp/customer-reviews/RWDF6WJYBOZEJ/ref=cm_cr_othr_d_rvw_ttl?ie=UTF8&ASIN=B0D87CJ7WX,"The media could not be loaded.
                
            
                
            
        
    
    








  
  
     Anyone wants to buy a party speaker, please don't waste your money in other brands, Go ahead and buy this. Affordable price with Best speaker. I have tried Krisons speaker it was worse when compared with Ptron. Size is perfect you can carry wherever you want. Connectivity is super fast. Bass is good. Even MIC is good.🫰⭐⭐⭐⭐ Don't go with negative reviews. Seriously it's a good product. Experience it.",['https://m.media-amazon.com/images/I/716yIfLX-IL._SY88.jpg'],2025-01-16,48,,
3,Medium quality,R10E2X9DUB0RZO,https://www.amazon.in/gp/customer-reviews/R10E2X9DUB0RZO/ref=cm_cr_othr_d_rvw_ttl?ie=UTF8&ASIN=B0D87CJ7WX,Good sound quality with this price range but bass is not good,[],2024-10-17,33,,
3,I have got my order first but it was defective,R3F39T03CI1M0E,https://www.amazon.in/gp/customer-reviews/R3F39T03CI1M0E/ref=cm_cr_othr_d_rvw_ttl?ie=UTF8&ASIN=B0D87CJ7WX,Nice volume loud and clear,[],2024-10-26,34,,
3,Ok ok,R37VD85ZMQVUY4,https://www.amazon.in/gp/customer-reviews/R37VD85ZMQVUY4/ref=cm_cr_othr_d_rvw_ttl?ie=UTF8&ASIN=B0D87CJ7WX,Sound is ok,[],2024-10-28,35,,
3,Low battery,R1VOVZB77XWBFI,https://www.amazon.in/gp/customer-reviews/R1VOVZB77XWBFI/ref=cm_cr_othr_d_rvw_ttl?ie=UTF8&ASIN=B0D87CJ7WX,Not running 6 hour only 2 hour,[],2024-10-23,36,,
3,Good,R1A3QKK3NAYQF5,https://www.amazon.in/gp/customer-reviews/R1A3QKK3NAYQF5/ref=cm_cr_othr_d_rvw_ttl?ie=UTF8&ASIN=B0D87CJ7WX,Products veery good and ok,[],2024-10-22,37,,
4,"Sound is very top, up with DJ song,,,Nice Prod",RFDZQ5RLEI7DK,https://www.amazon.in/gp/customer-reviews/RFDZQ5RLEI7DK/ref=cm_cr_othr_d_rvw_ttl?ie=UTF8&ASIN=B0D87CJ7WX,"Choice as per price, good","['https://m.media-amazon.com/images/I/71+IioZUcKL._SY88.jpg', 'https://m.media-amazon.com/images/I/71DAXLF07SL._SY88.jpg', 'https://m.media-amazon.com/images/I/71p69d35Q4L._SY88.jpg']",2024-11-23,38,,
4,Sound quality good,R2VV9649C301O4,https://www.amazon.in/gp/customer-reviews/R2VV9649C301O4/ref=cm_cr_othr_d_rvw_ttl?ie=UTF8&ASIN=B0D87CJ7WX,The voice is too good of speaker... I recommend it !,[],2024-11-14,39,,
4,Mike,R3J0NWMGI63EP1,https://www.amazon.in/gp/customer-reviews/R3J0NWMGI63EP1/ref=cm_cr_othr_d_rvw_ttl?ie=UTF8&ASIN=B0D87CJ7WX,Sound is good bt Mike is not working properly,[],2024-11-11,40,,
5,WOW sound and lights,RQWHUPXXKFB3A,https://www.amazon.in/gp/customer-reviews/RQWHUPXXKFB3A/ref=cm_cr_othr_d_rvw_ttl?ie=UTF8&ASIN=B0D87CJ7WX,"Speaker quality overall is very good and feels premium, the lights are excellent with different modes, Bass & Treble are just perfect, actually feels more powerful than 40W, mic quality and its input/ouput sound is great for parties. Battery lasts longer than expected even at full volume.","['https://m.media-amazon.com/images/I/61ZyWt3MnyL._SY88.jpg', 'https://m.media-amazon.com/images/I/61c5VSsdnzL._SY88.jpg']",2025-01-08,73,,
5,Good sound quality,R2940IFFMHMB10,https://www.amazon.in/gp/customer-reviews/R2940IFFMHMB10/ref=cm_cr_othr_d_rvw_ttl?ie=UTF8&ASIN=B0D87CJ7WX,Sound quality is really good.Connectivity is faster and easy.Suggestible for house party.Light options also good.Light weight so you can carry easily.Overall good product.,[],2025-01-05,74,,
2,PTone kharab product hai,R37R4G7F9SA5W5,https://www.amazon.in/gp/customer-reviews/R37R4G7F9SA5W5/ref=cm_cr_othr_d_rvw_ttl?ie=UTF8&ASIN=B0D87CJ7WX,P tone ka sound box bilkul bhi kharab hai Uska Mike bhi Kam Nahin karta charging point bhi kharab ho gaya yah sab char din mein ho gaya aur iska service center Bhi Nahin Hai,[],2024-10-25,75,,
5,Perfect for parties,R252VET7IRUWLV,https://www.amazon.in/gp/customer-reviews/R252VET7IRUWLV/ref=cm_cr_othr_d_rvw_ttl?ie=UTF8&ASIN=B0D87CJ7WX,"This ptron 40W party speaker is incredible! The sound quality is loud and clear, with deep bass that gets everyone dancing. The colorful LED lights create an exciting party vibe and sync beautifully with the music. The included microphone works perfectly for karaoke nights, with no distortion. It’s super easy to set up, and the Bluetooth connection is fast and reliable. Plus, the battery life lasts through the entire evening! Whether it’s for a party or a casual hangout, this speaker is a must-have. Highly recommended.",[],2024-11-24,76,,
5,Best Speaker 🔊,R10ZU1222TR0,https://www.amazon.in/gp/customer-reviews/R10ZU1222TR0/ref=cm_cr_othr_d_rvw_ttl?ie=UTF8&ASIN=B0D87CJ7WX,The build quality is so good.Sounds so well.Best product at best price,['https://m.media-amazon.com/images/I/61yItlMuWGL._SY88.jpg'],2025-01-15,77,,
5,Value of mony,R2MNM4Z5J2984D,https://www.amazon.in/gp/customer-reviews/R2MNM4Z5J2984D/ref=cm_cr_othr_d_rvw_ttl?ie=UTF8&ASIN=B0D87CJ7WX,"The specker is awesome, sound quality is Ok but yet not down , mike need to be improved, echo is much , I suggest if the mike will b wireless it will be much better",[],2025-01-02,78,,
5,Yes,R373HY5N6V3JOW,https://www.amazon.in/gp/customer-reviews/R373HY5N6V3JOW/ref=cm_cr_othr_d_rvw_ttl?ie=UTF8&ASIN=B0D87CJ7WX,Superb connection good size fm radio function  entertainment value lite weight 👏👏,[],2025-01-16,79,,
5,Best Speaker,R2UUADWFYYEH4U,https://www.amazon.in/gp/customer-reviews/R2UUADWFYYEH4U/ref=cm_cr_othr_d_rvw_ttl?ie=UTF8&ASIN=B0D87CJ7WX,"I am really happy , I found this one to be the best in its price range. It offers great value for money, with excellent and powerful sound quality, impressive bass, and a stylish design. My search finally ended with this fantastic find. To top it off, the delivery was fast. The mic quality is also superb, making it perfect for home parties for full enjoy. Battery backup is also very good.This speaker has everything I was looking for, and I am happy with my purchase.",['https://m.media-amazon.com/images/I/71GxjpVFoZL._SY88.jpg'],2024-11-19,80,,
3,Mice problem...,R3ROO4QSIK7U0N,https://www.amazon.in/gp/customer-reviews/R3ROO4QSIK7U0N/ref=cm_cr_othr_d_rvw_ttl?ie=UTF8&ASIN=B0D87CJ7WX,Mice does not work..properly...,[],2024-11-11,25,,
3,Waste for money,R10GMROH0AA2DP,https://www.amazon.in/gp/customer-reviews/R10GMROH0AA2DP/ref=cm_cr_othr_d_rvw_ttl?ie=UTF8&ASIN=B0D87CJ7WX,"Battery charge no fast. but, battery discharge very fast only 30 to 35 minutes. Karaoke Mic wire not properly work. Sound quality is not better.",[],2024-10-21,26,,
3,Not so good product,R2TAE817Z3W9JR,https://www.amazon.in/gp/customer-reviews/R2TAE817Z3W9JR/ref=cm_cr_othr_d_rvw_ttl?ie=UTF8&ASIN=B0D87CJ7WX,"40w speaker, sound quality is average, loose voice clarity on high volume. Mic is worst, lagging the voice, breaking down in between.Not happy with the product quality, better to avoid purchasing.",[],2024-10-09,27,,
4,Bluetooth speaker,R1SHIPG6KT0C4F,https://www.amazon.in/gp/customer-reviews/R1SHIPG6KT0C4F/ref=cm_cr_othr_d_rvw_ttl?ie=UTF8&ASIN=B0D87CJ7WX,"Voice and loudness is good even in full volume voice is not cracking , connectivity also good .Battery is not good taking to full charge more than 3.5 hours .And playing 2 hours in full volume . If you play with RGB lights then 1.5 hours approximately .Better they do something battery issues .",[],2024-10-30,28,,
3,You can buy only for play back but not for speach.,R2I1S1S2Z85PK9,https://www.amazon.in/gp/customer-reviews/R2I1S1S2Z85PK9/ref=cm_cr_othr_d_rvw_ttl?ie=UTF8&ASIN=B0D87CJ7WX,Plastic mic not giving clear voice and making too much echo. There is no adjustment options. Mic quality is poor.,['https://m.media-amazon.com/images/I/61+qkRPD1ML._SY88.jpg'],2024-10-17,29,,
3,Loud with zero bass,R2JKZPXW0QEZSJ,https://www.amazon.in/gp/customer-reviews/R2JKZPXW0QEZSJ/ref=cm_cr_othr_d_rvw_ttl?ie=UTF8&ASIN=B0D87CJ7WX,Zero bass 1/5Cheap trible 1/5Just ok mic 2/5Sound clarity 2 /5Loud 5/5Battery 5/5Looks 4/5Value for money 4/5,[],2024-10-11,30,,
4,Good thing with value for money,R306R1BJNF0V6,https://www.amazon.in/gp/customer-reviews/R306R1BJNF0V6/ref=cm_cr_othr_d_rvw_ttl?ie=UTF8&ASIN=B0D87CJ7WX,अच्छी आवाज की गुणवत्ता और आसानी से ऑपरेट किया जा सकता है साथ में माइक भी आता है कुल मिलाकर वैल्यू फॉर मनी है,[],2024-11-17,31,,
3,Okok,ROOTV1P3X60LW,https://www.amazon.in/gp/customer-reviews/ROOTV1P3X60LW/ref=cm_cr_othr_d_rvw_ttl?ie=UTF8&ASIN=B0D87CJ7WX,Okok,[],2024-11-01,32,,
2,Wired Mic Is Very Bad don't Buy,R1NDKFU92PWGTS,https://www.amazon.in/gp/customer-reviews/R1NDKFU92PWGTS/ref=cm_cr_othr_d_rvw_ttl?ie=UTF8&ASIN=B0D87CJ7WX,Useless Product I am very disappointed with this product Mic is not working properly,[],2024-12-07,57,,
5,Best quality sound,R2AZNRURM322HL,https://www.amazon.in/gp/customer-reviews/R2AZNRURM322HL/ref=cm_cr_othr_d_rvw_ttl?ie=UTF8&ASIN=B0D87CJ7WX,Best quality sound and good bass with stylish RGB light that was good to hear clear and loud this was pure sound with good durability and it was give you bluethoot connectivity 40 watt speaker give you best bass,[],2025-01-11,58,,
5,"stylish design, led Light, good sound and bass",R1Q0NVG93CYO6K,https://www.amazon.in/gp/customer-reviews/R1Q0NVG93CYO6K/ref=cm_cr_othr_d_rvw_ttl?ie=UTF8&ASIN=B0D87CJ7WX,"i am very impressed with ptron 40w party speaker. its compact design and lightweight make it perfect for outdoor gatherings. the sound quality is loud and clear with good bass. battery life is around 2.5 hours, which is decent. overall its a great value for the price. value for money","['https://m.media-amazon.com/images/I/51sYKx35TJL._SY88.jpg', 'https://m.media-amazon.com/images/I/71PNu6DUW7L._SY88.jpg']",2025-01-09,59,,
4,"1st one was not good, mic wasn't working but replacement happened & new one is good.",R2XMA9IIOT4J9J,https://www.amazon.in/gp/customer-reviews/R2XMA9IIOT4J9J/ref=cm_cr_othr_d_rvw_ttl?ie=UTF8&ASIN=B0D87CJ7WX,"1st one was not good, mic wasn't working but replacement happened & new one is good.",[],2024-10-11,60,,
5,Best quality value of money,R2EKLOFMNOX6SU,https://www.amazon.in/gp/customer-reviews/R2EKLOFMNOX6SU/ref=cm_cr_othr_d_rvw_ttl?ie=UTF8&ASIN=B0D87CJ7WX,I am totally satisfied for this product very nice base and product quality is very good I recommended to all of us purchase this product very nice productMic is also very good quality best design,"['https://m.media-amazon.com/images/I/71MCu1M3txL._SY88.jpg', 'https://m.media-amazon.com/images/I/71Nq6SaiXZL._SY88.jpg']",2025-01-07,61,,
4,Good stereo sound,R3QV1M5YVUC9TD,https://www.amazon.in/gp/customer-reviews/R3QV1M5YVUC9TD/ref=cm_cr_othr_d_rvw_ttl?ie=UTF8&ASIN=B0D87CJ7WX,Really the product is excellent with stereo sound and it's light weight... looking so beautiful with RGB lighting...,[],2024-10-10,62,,
4,Value for money,R30N0WA0KA3KD9,https://www.amazon.in/gp/customer-reviews/R30N0WA0KA3KD9/ref=cm_cr_othr_d_rvw_ttl?ie=UTF8&ASIN=B0D87CJ7WX,"The media could not be loaded.
                
            
                
            
        
    
    








  
  
     Just received today, sound quality good,bass ok, value for money, 🎤 mic works smoothly.",[],2024-10-15,63,,
4,Good,R1G96HGVI3ULI0,https://www.amazon.in/gp/customer-reviews/R1G96HGVI3ULI0/ref=cm_cr_othr_d_rvw_ttl?ie=UTF8&ASIN=B0D87CJ7WX,The product is good. Sound output is not as expected.,[],2024-10-14,64,,
5,Love Love Love it,R26Y04O7HBB7W8,https://www.amazon.in/gp/customer-reviews/R26Y04O7HBB7W8/ref=cm_cr_othr_d_rvw_ttl?ie=UTF8&ASIN=B0D87CJ7WX,"For this amount, the size and Audio quality is just Baaaaangggggg....A must recommend...just buy it eyes closed but keep it protected since its really light weight and may easily fall and break...kind of fragile but totally worth the money both in terms of sound level and quality....",[],2024-12-31,65,,
5,.,R22UXQ7A9QOKT4,https://www.amazon.in/gp/customer-reviews/R22UXQ7A9QOKT4/ref=cm_cr_othr_d_rvw_ttl?ie=UTF8&ASIN=B0D87CJ7WX,Excellent,[],2025-01-25,66,,
5,Party Starter Alert!,R3SMMGS7A8GDFU,https://www.amazon.in/gp/customer-reviews/R3SMMGS7A8GDFU/ref=cm_cr_othr_d_rvw_ttl?ie=UTF8&ASIN=B0D87CJ7WX,"Blown away by the pTron Fusion Beats speaker! 40W sound is loud and clear, perfect for parties. The RGB lights add an amazing ambiance, and the wired mic is a great bonus. Highly recommend for anyone looking for a fun, portable speaker!",['https://m.media-amazon.com/images/I/61wYvUr0qrL._SY88.jpg'],2025-01-02,67,,
1,बकवास bluetooth speaker... मत खरीदना,R3OVGSQRELFPYO,https://www.amazon.in/gp/customer-reviews/R3OVGSQRELFPYO/ref=cm_cr_othr_d_rvw_ttl?ie=UTF8&ASIN=B0D87CJ7WX,बकवास है दोस्तों मत लेना इसको 1 महीने मे ही खराब हो गया चलते चलते बंद हो गया और अब repair भी नहीं हो रहा. बेकार है बहुत. इस से अच्छा किसी लोकल दुकान से ले लो कम से कम वो replace तो कर देगा अगर कुछ खराब हुआ तो...,[],2025-01-25,68,,
4,Good 👍,R3T517SIG0H3RI,https://www.amazon.in/gp/customer-reviews/R3T517SIG0H3RI/ref=cm_cr_othr_d_rvw_ttl?ie=UTF8&ASIN=B0D87CJ7WX,The media could not be loaded.,[],2024-10-18,69,,
5,Worth The Price,R2VMMER938ATGD,https://www.amazon.in/gp/customer-reviews/R2VMMER938ATGD/ref=cm_cr_othr_d_rvw_ttl?ie=UTF8&ASIN=B0D87CJ7WX,"I bought this product last week and it's working properl, bluetooth connectivity is great and sound quality is also good.","['https://m.media-amazon.com/images/I/612i+lITyZL._SY88.jpg', 'https://m.media-amazon.com/images/I/61G1AK0ESdL._SY88.jpg', 'https://m.media-amazon.com/images/I/61VomNhzWGL._SY88.jpg', 'https://m.media-amazon.com/images/I/61gkAXVQIBL._SY88.jpg']",2025-01-12,70,,
2,Don't buy those are looking for singing Purpose,R145OSNED9AFHE,https://www.amazon.in/gp/customer-reviews/R145OSNED9AFHE/ref=cm_cr_othr_d_rvw_ttl?ie=UTF8&ASIN=B0D87CJ7WX,I used and the sound quality is not good people's are looking for singing purposes then this product is not good as the mic quality is bakwas and when we sing with audio it's not in sych so will suggest dont buy this product.,[],2024-10-16,71,,
5,Fabulous karaoke speaker,R3NMFB9ZYDKIA,https://www.amazon.in/gp/customer-reviews/R3NMFB9ZYDKIA/ref=cm_cr_othr_d_rvw_ttl?ie=UTF8&ASIN=B0D87CJ7WX,"Best speaker for family fun, good sound and battery backup, good quality of mic and length of wire is great. Seperate button to change led mode. worth it value for money. Karaoke feature is best feature you would love it. Must buy...","['https://m.media-amazon.com/images/I/61XqoyPhfCL._SY88.jpg', 'https://m.media-amazon.com/images/I/61lrg7iMejL._SY88.jpg', 'https://m.media-amazon.com/images/I/61xea4VQAeL._SY88.jpg']",2025-01-04,72,,
3,Microphone is of very low quality,R3A65V533DVT34,https://www.amazon.in/gp/customer-reviews/R3A65V533DVT34/ref=cm_cr_othr_d_rvw_ttl?ie=UTF8&ASIN=B0D87CJ7WX,Budget speaker how ever the microphone could have been better in comparison to BOAT party pal .. rest is fine,[],2025-01-16,9,,
3,Good 🙂,R3D35WIUHAE62R,https://www.amazon.in/gp/customer-reviews/R3D35WIUHAE62R/ref=cm_cr_othr_d_rvw_ttl?ie=UTF8&ASIN=B0D87CJ7WX,"Nice but can't avoid echo voice. In some karoke, its disturbs",[],2025-01-15,10,,
4,Rocking sound,R1X6JV7V526EV5,https://www.amazon.in/gp/customer-reviews/R1X6JV7V526EV5/ref=cm_cr_othr_d_rvw_ttl?ie=UTF8&ASIN=B0D87CJ7WX,My current product is replacement one the 1st product I received was damaged one but they replaced with good one the sound battery quality are so surprising for this money,[],2025-01-17,11,,
3,Vfm,R2IXPL5E2SG47L,https://www.amazon.in/gp/customer-reviews/R2IXPL5E2SG47L/ref=cm_cr_othr_d_rvw_ttl?ie=UTF8&ASIN=B0D87CJ7WX,Could be better in sound clarity. 🎤 is useless,['https://m.media-amazon.com/images/I/71JE6j1EX7L._SY88.jpg'],2025-01-15,12,,
3,Price ke hisab se bhadiya hai,R2IP5XGGC22000,https://www.amazon.in/gp/customer-reviews/R2IP5XGGC22000/ref=cm_cr_othr_d_rvw_ttl?ie=UTF8&ASIN=B0D87CJ7WX,,['https://m.media-amazon.com/images/I/71g5-NMlfmL._SY88.jpg'],2025-01-12,13,,
3,Nothing important,REMNANDYK3BZT,https://www.amazon.in/gp/customer-reviews/REMNANDYK3BZT/ref=cm_cr_othr_d_rvw_ttl?ie=UTF8&ASIN=B0D87CJ7WX,Avarage speaker. Mic not working proper  batery is good,[],2024-12-22,14,,
3,Battery & mic,R384T3ILEH0E43,https://www.amazon.in/gp/customer-reviews/R384T3ILEH0E43/ref=cm_cr_othr_d_rvw_ttl?ie=UTF8&ASIN=B0D87CJ7WX,Battery backup is not exactly what he is claimedMic voice is not good,[],2024-12-18,15,,
5,Amazing Sound & Great Value for Money! ⭐⭐⭐⭐⭐,RO6VXFXGQADM,https://www.amazon.in/gp/customer-reviews/RO6VXFXGQADM/ref=cm_cr_othr_d_rvw_ttl?ie=UTF8&ASIN=B0D87CJ7WX,"I purchased the pTron Fusion Beats Party Speaker from Amazon, and it has exceeded my expectations. The sound quality is loud and clear, with powerful 40W stereo output that is perfect for parties and gatherings. The RGB lights create a fun and vibrant atmosphere, making it a great addition to any event.A big plus is that this speaker comes with a wired microphone, which works well for karaoke, announcements, or even casual singing sessions. The build quality is sturdy, and the portable design with a strong handle makes it easy to carry anywhere.For the price, this speaker offers fantastic features and excellent performance. If you're looking for an affordable yet powerful party speaker, this is a great choice. Highly recommended!","['https://m.media-amazon.com/images/I/712TUlZScGL._SY88.jpg', 'https://m.media-amazon.com/images/I/71CXBsspUaL._SY88.jpg', 'https://m.media-amazon.com/images/I/71oFc3G8hBL._SY88.jpg']",2025-01-29,16,,
