Unnamed: 0,0
0,https://www.amazon.in//Portronics-SoundDrum-Portable-Bluetooth-Inbuilt-FM/dp/B097D69GJ1/ref=zg_bs_g_1389365031_d_sccl_1/261-0975833-5917763?psc=1
1,https://www.amazon.in//Portronics-Wireless-Bluetooth-Portable-Playtime/dp/B0DNFV8YQB/ref=zg_bs_g_1389365031_d_sccl_2/261-0975833-5917763?psc=1
2,https://www.amazon.in//pTron-Fusion-Bluetooth-Playback-Portable/dp/B0D87CJ7WX/ref=zg_bs_g_1389365031_d_sccl_3/261-0975833-5917763?psc=1
3,https://www.amazon.in//AmazonBasics-Bluetooth-Playtime-Technology-Connectivity/dp/B0BLNMXT67/ref=zg_bs_g_1389365031_d_sccl_4/261-0975833-5917763?psc=1
4,https://www.amazon.in//boAt-Aavante-Bar-610-Connectivity/dp/B0BZ4DJ7GZ/ref=zg_bs_g_1389365031_d_sccl_5/261-0975833-5917763?psc=1
5,https://www.amazon.in//Bluetooth-Tribit-Upgraded-Portable-Waterproof/dp/B078S4P3J9/ref=zg_bs_g_1389365031_d_sccl_6/261-0975833-5917763?psc=1
6,https://www.amazon.in//Zebronics-Zeb-County-Bluetooth-Speaker-Function/dp/B07YNV41FT/ref=zg_bs_g_1389365031_d_sccl_7/261-0975833-5917763?psc=1
7,https://www.amazon.in//boAt-Bluetooth-Resistance-Playtime-Multi-Compatibility/dp/B0BYZ26QGB/ref=zg_bs_g_1389365031_d_sccl_8/261-0975833-5917763?psc=1
8,https://www.amazon.in//boAt-Aavante-Bar-490-Full-Range/dp/B0CH3G9VR2/ref=zg_bs_g_1389365031_d_sccl_9/261-0975833-5917763?psc=1
9,https://www.amazon.in//boAt-Aavante-Bar-Groove-Connectivity/dp/B0CBRPNWH1/ref=zg_bs_g_1389365031_d_sccl_10/261-0975833-5917763?psc=1
10,https://www.amazon.in//Echo-Dot-5th-Gen-Alexa-smart-speaker/dp/B09B8XJDW5/ref=zg_bs_g_1389365031_d_sccl_11/261-0975833-5917763?psc=1
11,https://www.amazon.in//pTron-Launched-Fusion-Bluetooth-Multi-Play/dp/B0D76YBGP6/ref=zg_bs_g_1389365031_d_sccl_12/261-0975833-5917763?psc=1
12,https://www.amazon.in//All-New-release-smart-speaker-Black/dp/B09B917Z8D/ref=zg_bs_g_1389365031_d_sccl_13/261-0975833-5917763?psc=1
13,https://www.amazon.in//Portronics-SoundDrum-Portable-Bluetooth-Handsfree/dp/B09V2W1PRB/ref=zg_bs_g_1389365031_d_sccl_14/261-0975833-5917763?psc=1
14,https://www.amazon.in//pTron-Launched-Fusion-Bluetooth-Multi-Play/dp/B0D7725FG2/ref=zg_bs_g_1389365031_d_sccl_15/261-0975833-5917763?psc=1
15,https://www.amazon.in//boAt-Stone-352-Pro-Bluetooth/dp/B0D6W7F7WH/ref=zg_bs_g_1389365031_d_sccl_16/261-0975833-5917763?psc=1
16,https://www.amazon.in//JBL-Wireless-Portable-Bluetooth-Waterproof/dp/B08FB396L1/ref=zg_bs_g_1389365031_d_sccl_17/261-0975833-5917763?psc=1
17,https://www.amazon.in//boAt-Stone-580-Bluetooth-Multi-Compatibility/dp/B0CC5VH2LW/ref=zg_bs_g_1389365031_d_sccl_18/261-0975833-5917763?psc=1
18,https://www.amazon.in//boAt-Bluetooth-Speaker-Playtime-Midnight/dp/B0CVQ75VM2/ref=zg_bs_g_1389365031_d_sccl_19/261-0975833-5917763?psc=1
19,https://www.amazon.in//AmazonBasics-Bluetooth-Playtime-Technology-Connectivity/dp/B0BLNKMBDS/ref=zg_bs_g_1389365031_d_sccl_20/261-0975833-5917763?psc=1
20,https://www.amazon.in//All-New-release-speaker-Detection-Temperature/dp/B09B8M1M51/ref=zg_bs_g_1389365031_d_sccl_21/261-0975833-5917763?psc=1
21,https://www.amazon.in//Mivi-Bluetooth-Playtime-Exceptional-Mic-Black/dp/B094RCC4L1/ref=zg_bs_g_1389365031_d_sccl_22/261-0975833-5917763?psc=1
22,https://www.amazon.in//Mini-Electroplating-Controlled-Multicolor-Boost/dp/B0DJK5MMGQ/ref=zg_bs_g_1389365031_d_sccl_23/261-0975833-5917763?psc=1
23,https://www.amazon.in//boAt-Stone-193-Pro-Signature/dp/B0DH8CDH9J/ref=zg_bs_g_1389365031_d_sccl_24/261-0975833-5917763?psc=1
24,https://www.amazon.in//ZEBRONICS-3902-Soundbar-Bluetooth-Mountable/dp/B0CR1NWYLD/ref=zg_bs_g_1389365031_d_sccl_25/261-0975833-5917763?psc=1
25,https://www.amazon.in//Mivi-Wireless-Bluetooth-Waterproof-Assistance/dp/B08PGYPQZH/ref=zg_bs_g_1389365031_d_sccl_26/261-0975833-5917763?psc=1
26,https://www.amazon.in//Portronics-SoundDrum-Portable-Bluetooth-Inbuilt-FM/dp/B095HBHKHB/ref=zg_bs_g_1389365031_d_sccl_27/261-0975833-5917763?psc=1
27,https://www.amazon.in//boAt-Partypal-300-Signature-Bluetooth/dp/B0CG5XTL1R/ref=zg_bs_g_1389365031_d_sccl_28/261-0975833-5917763?psc=1
28,https://www.amazon.in//Sony-HT-S20R-Soundbar-Bluetooth-Connectivity/dp/B084685MT1/ref=zg_bs_g_1389365031_d_sccl_29/261-0975833-5917763?psc=1
29,https://www.amazon.in//boAt-Stone-352-Pro-Signature/dp/B0D6W6T95D/ref=zg_bs_g_1389365031_d_sccl_30/261-0975833-5917763?psc=1
30,https://www.amazon.in//GATE-Soundbar-Bluetooth-Radiators-Function/dp/B0DF5C8RNG/ref=zg_bs_g_1389365031_d_sccl_1/262-4334605-4855948?psc=1
31,https://www.amazon.in//pTron-Launched-Fusion-Bluetooth-Multi-Play/dp/B0D772K8X8/ref=zg_bs_g_1389365031_d_sccl_2/262-4334605-4855948?psc=1
32,https://www.amazon.in//boAt-Bluetooth-Compatibility-Playback-Charging/dp/B0CG6LP1MS/ref=zg_bs_g_1389365031_d_sccl_3/262-4334605-4855948?psc=1
33,https://www.amazon.in//Zebronics-Zeb-County-Bluetooth-Speaker-Function/dp/B07YNVQJZY/ref=zg_bs_g_1389365031_d_sccl_4/262-4334605-4855948?psc=1
34,https://www.amazon.in//pTron-Fusion-Bluetooth-Soundbar-Projectors/dp/B0DMWW4JRP/ref=zg_bs_g_1389365031_d_sccl_5/262-4334605-4855948?psc=1
35,https://www.amazon.in//pTron-Fusion-Bluetooth-Speaker-Ignite-Equalizer/dp/B0DH2KTW84/ref=zg_bs_g_1389365031_d_sccl_6/262-4334605-4855948?psc=1
36,https://www.amazon.in//Tribit-StormBox-Bluetooth-360%C2%B0Surround-Waterproof/dp/B0D4Z148NG/ref=zg_bs_g_1389365031_d_sccl_7/262-4334605-4855948?psc=1
37,https://www.amazon.in//Portronics-Wireless-Bluetooth-Playtime-Technology/dp/B0CNXW42H8/ref=zg_bs_g_1389365031_d_sccl_8/262-4334605-4855948?psc=1
38,https://www.amazon.in//boAt-Soundbar-Signature-Multi-Connectivity-Subwoofer/dp/B0BTDNZQWJ/ref=zg_bs_g_1389365031_d_sccl_9/262-4334605-4855948?psc=1
39,https://www.amazon.in//boAt-Stone-193-Pro-Connectivity/dp/B0DH8C24SS/ref=zg_bs_g_1389365031_d_sccl_10/262-4334605-4855948?psc=1
40,https://www.amazon.in//pTron-Launched-Fusion-Bluetooth-Multi-Play/dp/B0D771Y8WP/ref=zg_bs_g_1389365031_d_sccl_11/262-4334605-4855948?psc=1
41,https://www.amazon.in//boAt-Bluetooth-Speaker-Playtime-Tropical/dp/B0CVQDJCYL/ref=zg_bs_g_1389365031_d_sccl_12/262-4334605-4855948?psc=1
42,https://www.amazon.in//Introducing-Echo-Pop-Smart-speaker-black/dp/B09WWT8HFH/ref=zg_bs_g_1389365031_d_sccl_13/262-4334605-4855948?psc=1
43,https://www.amazon.in//EDNITA-Bluetooth-Electroplating-Controlled-Multicolor/dp/B0D9R1F7ZP/ref=zg_bs_g_1389365031_d_sccl_14/262-4334605-4855948?psc=1
44,https://www.amazon.in//Mivi-Fort-Portable-Soundbar-Multi-connectivity/dp/B0DMNHYM33/ref=zg_bs_g_1389365031_d_sccl_15/262-4334605-4855948?psc=1
45,https://www.amazon.in//Zebronics-Zeb-County-Bluetooth-Speaker-Function/dp/B07YNTJ8ZM/ref=zg_bs_g_1389365031_d_sccl_16/262-4334605-4855948?psc=1
46,https://www.amazon.in//ZEBRONICS-90-Portable-Wireless-Bluetooth/dp/B0C6QY4TTP/ref=zg_bs_g_1389365031_d_sccl_17/262-4334605-4855948?psc=1
47,https://www.amazon.in//Mivi-Fort-Q120-subwoofers-Accessibility/dp/B0CPJ12FJV/ref=zg_bs_g_1389365031_d_sccl_18/262-4334605-4855948?psc=1
48,https://www.amazon.in//pTron-Launched-Fusion-Bluetooth-Multi-Play/dp/B0D76ZKKYQ/ref=zg_bs_g_1389365031_d_sccl_19/262-4334605-4855948?psc=1
49,https://www.amazon.in//Wireless-Speaker-Charging-Bedside-Machine/dp/B0CLH74T2W/ref=zg_bs_g_1389365031_d_sccl_20/262-4334605-4855948?psc=1
50,https://www.amazon.in//JBL-Soundbar-Subwoofer-Bluetooth-Connectivity/dp/B0B6441RNK/ref=zg_bs_g_1389365031_d_sccl_21/262-4334605-4855948?psc=1
51,https://www.amazon.in//Boat-Stone-1000-Bluetooth-Monstrous/dp/B072PQRS12/ref=zg_bs_g_1389365031_d_sccl_22/262-4334605-4855948?psc=1
52,https://www.amazon.in//CrossBeats-Bluetooth-SnapCharge-Multiport-Connectivity/dp/B0BTDB3JYN/ref=zg_bs_g_1389365031_d_sccl_23/262-4334605-4855948?psc=1
53,https://www.amazon.in//pTron-Fusion-Bluetooth-Lightweight-Integrated/dp/B0DFYWTDK7/ref=zg_bs_g_1389365031_d_sccl_24/262-4334605-4855948?psc=1
54,https://www.amazon.in//boAt-Aavante-Bar-Azure-Pro/dp/B0DHDDF2LK/ref=zg_bs_g_1389365031_d_sccl_25/262-4334605-4855948?psc=1
55,https://www.amazon.in//Portronics-POR-280-Wireless-Bluetooth-Speaker/dp/B013T21X42/ref=zg_bs_g_1389365031_d_sccl_26/262-4334605-4855948?psc=1
56,https://www.amazon.in//ZEBRONICS-ZEB-SOUND-FEAST-500-waterproof/dp/B098JVB1WD/ref=zg_bs_g_1389365031_d_sccl_27/262-4334605-4855948?psc=1
57,https://www.amazon.in//ZEBRONICS-Theatre-Bluetooth-Powerful-Subwoofer/dp/B0C6T54WWJ/ref=zg_bs_g_1389365031_d_sccl_28/262-4334605-4855948?psc=1
58,https://www.amazon.in//boAt-Stone-352-Resistance-Multi-Compatibility/dp/B0BYZ46VNK/ref=zg_bs_g_1389365031_d_sccl_29/262-4334605-4855948?psc=1
59,https://www.amazon.in//boAt-Stone-Lumos-Bluetooth-Projection/dp/B0D4MHL4SH/ref=zg_bs_g_1389365031_d_sccl_30/262-4334605-4855948?psc=1
