ratingScore,reviewTitle,reviewId,reviewUrl,reviewDescription,reviewImages,date,position,variant,totalCategoryRatings
5,Best sound,R9IY0CDSQN0VF,https://www.amazon.in/gp/customer-reviews/R9IY0CDSQN0VF/ref=cm_cr_othr_d_rvw_ttl?ie=UTF8&ASIN=B072PQRS12,"This Bluetooth speaker is the best one in this price range. I was looking for the best bluetooth speaker for a very long time and have experienced lot of speakers for almost 1 year. Finally got this one. This is the best among everything. And if you are looking for best one under 5000 rupees, then there is no other alternative. This one sounds better than JBL, this speaker easily wins the competition with the sturdy build quality, great sound and decent battery standby. Definitely a highly recommended bluetooth speaker for TV, Audio speakers for big hall, party music, etc. You will never regret the decision at any point.Thanks Boat and Amazon.",[],2024-08-16,1,Colour: Black,
4,Great quality ✅ Battery capacity only 2-3 hrs ❌,RRBUM7OCGTMVB,https://www.amazon.in/gp/customer-reviews/RRBUM7OCGTMVB/ref=cm_cr_othr_d_rvw_ttl?ie=UTF8&ASIN=B072PQRS12,Great quality ✅ Bass ✅ Sound clarity ✅ Charging speed slow; Speaker switches off at 60% charge (switches off after 2 hours continuous usage) ❌,"['https://m.media-amazon.com/images/I/71KuD6-K0gL._SY88.jpg', 'https://m.media-amazon.com/images/I/71UzII6cEzL._SY88.jpg', 'https://m.media-amazon.com/images/I/71V4AAJV7DL._SY88.jpg', 'https://m.media-amazon.com/images/I/71YCDVBAhYL._SY88.jpg', 'https://m.media-amazon.com/images/I/71kSsvOtA4L._SY88.jpg']",2024-12-14,2,Colour: Blue,
5,Great value for the money!,R1PWN35TCP18CB,https://www.amazon.in/gp/customer-reviews/R1PWN35TCP18CB/ref=cm_cr_othr_d_rvw_ttl?ie=UTF8&ASIN=B072PQRS12,"This speaker is awesome and worth the price. It has great soung quality(you can differentiate between different instruments),bass is also good(but not great),the design is good as well(plastic body but the handle is made of rubber and feels like it can break anytime). On low to medium sound levels it easy works for 6-7 hours. On high volume the sound is very loud,enough to shake a big room but the charge is finished sooner(like 3-5 hours) and some times the sound drops drastically. Thats a downgrade. Otherwise the speaker is very good.",[],2024-03-02,3,Colour: Black,
5,Excellent sound quality,R1SQDIDXEXQZAW,https://www.amazon.in/gp/customer-reviews/R1SQDIDXEXQZAW/ref=cm_cr_othr_d_rvw_ttl?ie=UTF8&ASIN=B072PQRS12,Sound quality is good. Looks extremely durable. Bass is just perfect on moderate sound level. Easy to connect with the mobile. Overall its a good product to enjoy music at home.,[],2024-10-06,4,Colour: Black,
5,VERY GOOD SOUND,RA5N00XT1CAQ7,https://www.amazon.in/gp/customer-reviews/RA5N00XT1CAQ7/ref=cm_cr_othr_d_rvw_ttl?ie=UTF8&ASIN=B072PQRS12,Excellent product for this price. Battery lasts well. Bluetooth connectivity is very fast anytime.,[],2024-09-27,5,Colour: Black,
1,Worst Product of Boat,R2H449VTB72NFB,https://www.amazon.in/gp/customer-reviews/R2H449VTB72NFB/ref=cm_cr_othr_d_rvw_ttl?ie=UTF8&ASIN=B072PQRS12,"I always thought Boat is a good brand with a brand value and name. But after buying this speaker I’ll suggest you guys never ever buy this speaker.I bought this Boat Stone 1000 (14W) speaker in 2023 November. Just after 4-5 months it started giving issues like very low battery backup, unable to play in high volume, infact unable to play loud music even after full charge. What will I do with a speaker if it doesn’t play high sound.After facing this problem for some days, I demanded for warranty in Boat Service Center & they replaced a new Speaker and guess what ! That new speaker js not getting charged by any cable, any adapter, not even getting turned On. Its a useless piece, worst piece.I’m badly disappointed by Boat. I think now when they are a successful brand. They’re cost cutting in their products and not even providing good warranty services.Final Review :If you wanna buy this speaker, buy only if you blindly trust Boat.And the worst feature of this speaker is that, they didn’t even provided a USB Type-C charging.C’mon Boat, you’re still providing that 10 years old charging feature.So, think 10 times before buying this product.I’m really disappointed by their service & replaced product. So now I will just claim my money back, because I’m not gonna buy Boat’s product anymore.Bye Boat, your sailors are missing these days.",[],2024-07-30,6,Colour: Black,
4,This product is very osm and good sound quality,R2BRGDAGHZQ6JT,https://www.amazon.in/gp/customer-reviews/R2BRGDAGHZQ6JT/ref=cm_cr_othr_d_rvw_ttl?ie=UTF8&ASIN=B072PQRS12,,['https://m.media-amazon.com/images/I/71nqJlvEWPL._SY88.jpg'],2025-01-15,7,Colour: Black,
3,Highs are boosted too much for my taste. Crackling noise behind voices. Hissing sound via AUX.,RTTN3R80DI6UX,https://www.amazon.in/gp/customer-reviews/RTTN3R80DI6UX/ref=cm_cr_othr_d_rvw_ttl?ie=UTF8&ASIN=B072PQRS12,"- The higher frequencies have been boosted so much that it makes music sound noisy. The sound is really imbalanced and doesn't sound soothing or natural. Its harsh sounding. I do not understand how this speaker got so many positive reviews for sound quality. Bass is adequate but sounds a bit hollow at times. Mids seem just fine but are overpowered by the highs. But the most disappointing aspect of sound quality is a rustling sound that is very audible behind voices. To add to this there is a hissing/buzzing sound in background when the speaker is connected via an AUX cable.- It does get loud. But there is noticeable distortion at higher volumes.- Takes a while to charge.- Build quality is great.- Its large. And as many have said this is not a speaker you would want to carry around in your bag.- You can expect range of just below 10 meters.- The power button didn't register long presses at times.- Mic quality was okay is what I was told by a friend on call.- It looks more like a boom box than a bluetooth speaker. That's fine depending on what you prefer.Overall I would say I prefer the sound signature of the Boat Stone 650 in comparison to this one. Even though its 10 watts compared to 14 watts here. Those 10 watts are more usable, as it sounds more soothing. The Boat Stone 650 was also loud enough for my usage. Do note that it was bass heavy but not in a bad way.Before you make the purchase, you should definitely try these speakers at a local store if you can.",[],2019-10-10,8,Colour: Black,
5,Robust must have,R2KGFYZT9QUC22,https://www.amazon.in/gp/customer-reviews/R2KGFYZT9QUC22/ref=cm_cr_othr_d_rvw_ttl?ie=UTF8&ASIN=B072PQRS12,"Using it for years, it's a great buy",[],2024-11-22,25,Colour: Black,
5,Very nice,R1FBGAMSN96BKM,https://www.amazon.in/gp/customer-reviews/R1FBGAMSN96BKM/ref=cm_cr_othr_d_rvw_ttl?ie=UTF8&ASIN=B072PQRS12,Very nice sound and size and I’m using from 6 year,[],2024-11-17,26,Colour: Black,
4,Best,R3BJ8OV7ACDKFC,https://www.amazon.in/gp/customer-reviews/R3BJ8OV7ACDKFC/ref=cm_cr_othr_d_rvw_ttl?ie=UTF8&ASIN=B072PQRS12,Best for Sound,[],2024-08-20,27,Colour: Black,
5,Best worth it product,R28RFETM59HY79,https://www.amazon.in/gp/customer-reviews/R28RFETM59HY79/ref=cm_cr_othr_d_rvw_ttl?ie=UTF8&ASIN=B072PQRS12,It's been 5 years since I bought and is still serving lik day 1 . Go for this product u will never regret.,['https://m.media-amazon.com/images/I/71a+QC8iz0L._SY88.jpg'],2024-10-27,28,Colour: Black,
4,Boom product,R2PANOF8X9P6IX,https://www.amazon.in/gp/customer-reviews/R2PANOF8X9P6IX/ref=cm_cr_othr_d_rvw_ttl?ie=UTF8&ASIN=B072PQRS12,Nice product with good bass but the midtunes are need some work.,[],2024-08-06,29,Colour: Black,
5,Nice,RDT8J7R9ZPDWY,https://www.amazon.in/gp/customer-reviews/RDT8J7R9ZPDWY/ref=cm_cr_othr_d_rvw_ttl?ie=UTF8&ASIN=B072PQRS12,Good,[],2024-11-16,30,Colour: Black,
4,"Power button problem, but speaker is amazeballs.",R1DPFS6UPUL0X2,https://www.amazon.in/gp/customer-reviews/R1DPFS6UPUL0X2/ref=cm_cr_othr_d_rvw_ttl?ie=UTF8&ASIN=B072PQRS12,"The media could not be loaded.
                
            
                
            
        
    
    








  
  
     I got the speaker today in the replacement of the previous one the previous speaker I ordered which was the same boat stone 1000 was having some audio control problem if I keep it 50% or below that it gets automatically down down and totally decrease the volume by itself. then I replaced and now I got this product here there is a power button problem. I tried turning it on after opening the package but it was not turning on I thought there might be some battery problem then I tried charging it I charge it also but still it was not getting turned on. after trying so many times it suddenly got turned on, and after that again I struggled a lot to turn it back off. no doubt the speaker is really good it's up to the marked I will give it 10 out of 10 in terms of design in terms of voice in terms of sound quality build quality everything is perfectly fine it is just that there but a capacitive buttons are not that good I have experienced this thing in so many boat speakers their voice quality build quality is so good but just the buttons are not that good. although I am not going to use those buttons regularly like 24 volume up and down but still at least I need to turn it on with the button itself and its a big struggle.I have returned this product again and hope that I get a good one in replacement speaker is no doubt a boom.",[],2022-01-20,31,Colour: Black,
2,Low sound,R1G7J18QC4Z876,https://www.amazon.in/gp/customer-reviews/R1G7J18QC4Z876/ref=cm_cr_othr_d_rvw_ttl?ie=UTF8&ASIN=B072PQRS12,"Sound to much low,battery life only 2 hours",[],2025-01-12,32,Colour: Black,
4,80% cost of money,R16G2LHZ4XUVV7,https://www.amazon.in/gp/customer-reviews/R16G2LHZ4XUVV7/ref=cm_cr_othr_d_rvw_ttl?ie=UTF8&ASIN=B072PQRS12,"The media could not be loaded.
                
            
                
            
            
        
    
    








  
  
     This speaker is good but battery time not good 4-5 hous. Charging point not C type",[],2024-03-28,57,Colour: Black,
4,Awsome,R3EL47VYGKMPCV,https://www.amazon.in/gp/customer-reviews/R3EL47VYGKMPCV/ref=cm_cr_othr_d_rvw_ttl?ie=UTF8&ASIN=B072PQRS12,"Awsome sound …: with decent bettery. … and good base ,,, totaly worth it",[],2024-03-16,58,Colour: Black,
5,Lovly sound,RM5C4LWYJSFDG,https://www.amazon.in/gp/customer-reviews/RM5C4LWYJSFDG/ref=cm_cr_othr_d_rvw_ttl?ie=UTF8&ASIN=B072PQRS12,You can Njoy while travelling,[],2024-08-24,59,Colour: Black,
4,"Over all its a good blututh speaker in its price range there is no other competitors in this price,",R1Q9806N38K6SH,https://www.amazon.in/gp/customer-reviews/R1Q9806N38K6SH/ref=cm_cr_othr_d_rvw_ttl?ie=UTF8&ASIN=B072PQRS12,"Highs and mids are very sharp its signature sound of boat bt in my opinion combination of mids and highs are extra sharp compared to lowes, the quality of lows can be much more batter,  its loud sharp crisp clear, and bass is also loud bt the quality of bass in lows should be more pleasing.  Like potronics breez plus is not that loud as boat stone 1000 and the bass is not as powerful as boat stone 1000 bt it has the quality of bass you can hear every singl vibration on it, on the other hand in boat stone you can feel the bass it hits you much more then the breez plus bt the lows are not well balanced with highs and mids, the quality of of lows can be batter then this,",['https://m.media-amazon.com/images/I/81-fx7ER45L._SY88.jpg'],2022-04-03,60,Colour: Black,
2,Aunty Police Bula Legi,R1E5OK0JS68I5N,https://www.amazon.in/gp/customer-reviews/R1E5OK0JS68I5N/ref=cm_cr_othr_d_rvw_ttl?ie=UTF8&ASIN=B072PQRS12,"Well, okay. My present Boat Stone 1000 is the second I got in so many days. I applied for a replacement the very evening I received my first one, with hopes that next one shall be a better one. Oh boy, ain't that some hope? But just like my grades in college, they hold on adamantly to the ""suck-iness"" the first one wedged itself to.Now in all fairness, this monstrosity does deliver on its own. It's LOUD. Very LOUD. Louder than Arnob on Gau-mutra at primetime. But that is all it is.Let's talk about the switches first. Well, they are placed under a thick yet soft plasticity material. But to reach them, you have apply Bahubali pressure. Remember that first Bahubali movie where that dude or his dad( I can't make head or tail of who's who) helped the workers to erect a statue upright? That's how much pressure you need to apply to switch it on/off or change the volume level. Jai Bahubali!Now the Bluetooth. Well, them basic. For real. You will get disruptions even if you are standing closer to it than you stand near your partner. So stick to the aux cable- which I haven't yet tried. I probably never will. I am too lazy to go and open that red box again. Ugh!Talking about how you can receive, talk, cancel phone calls in it, well you can. I mean if you really want to. Please don't. Pretty plis. It's just a gimmick. Save your pretty fingers and just walk up to your phone and do it. I need to reduce my belly anyway.I am obsessed with podcasts. If you do too, check out Serial. It's amazing. This monstrosity is good for them podcasts. The words is pretty clear but don't expect it to give you a mindgasm. It works. That's about it.So essentially in TL:DR• If you want something loud- this is for you.• If you want quality, look elsewhere.• If you want acupuncture or a stressball for free, you are in the right spot. Keep pressing them buttons and you will find nirvana.• If you are looking for something to make keema, you got a hammer now.• If you hate your neighbor, play it facing their bedroom.• If you are ever locked out of your house, use this to break your lock.Tight budget, low pocket money or spent all your pinks in food delivery but you need a speaker? This is for you.Like, subscribe and hit the bell button.",[],2019-10-15,61,Colour: Black,
5,"Very simple, compatible and yet a powerful alternative to your Laptop and TV Speakers",R3PNZAWXZAZUNV,https://www.amazon.in/gp/customer-reviews/R3PNZAWXZAZUNV/ref=cm_cr_othr_d_rvw_ttl?ie=UTF8&ASIN=B072PQRS12,"Using the Boat Stone 1000 14W Bluetooth Speaker for the past 7+ months and that's what remined me to write this review. Overall I am super satisfied with this prodcut.I was looking for an alternative to the faulty Laptop speaker that I have and was looking for a small and compatible desktop speaker which produces pretty powerful and realistic voice/music so that I can get rid off the flat and noisy laptop/TV speaker.This is a mid range priced product but you will never be dissatisfied with the quality and ease of use. Works like a charm. The inbuilt mic quality also is good for Skype/ Zoom/Teams/Webex meetings when you are office calls.BT pairing is pretty easy and like any other BT device.NOTE: When the aux cable is connected the BT is disabled automatically, even if the AUX is disconnected at the audio source side. So if you want to use the BT feature, make sure to remove the AUX cable from this device. And in few minutes the BT will be enabled back and you will hear an audio alert confirming the same.I am using this with my Smart TV & Android Box too which has BT inbuilt. We can eliminate the high volume when watching the TV from a ~10ft distance. After pairing I keep this device on the Sofa next to me so that only I will hear the TV audio without any distortion and without disturbing the whole house. trust me the sound quality is way far better than the standard 20W TV Speaker.Please go for it and share your pleasant experience with everyone. You will never be disappointed with this product.",[],2021-05-12,62,Colour: Black,
4,Yes,R1XLTZDDKY47MB,https://www.amazon.in/gp/customer-reviews/R1XLTZDDKY47MB/ref=cm_cr_othr_d_rvw_ttl?ie=UTF8&ASIN=B072PQRS12,good battery backup.. bass is not there but still it has a good treble,[],2024-02-24,63,Colour: Black,
5,Sound &Bass,R2P3HD7BD0J68Z,https://www.amazon.in/gp/customer-reviews/R2P3HD7BD0J68Z/ref=cm_cr_othr_d_rvw_ttl?ie=UTF8&ASIN=B072PQRS12,"If your bachelor and staying alone, and love with songs, then your selection is much more better.This Speaker has given me full satisfaction, when I'm drunk, over thinking, alone. Just turn on keep any music it's make your mood much more good.Go with this product, I have reveiw many resource about this product overall good ratings.Battery survive up to 2-4 days(if using of 1-2hrs a day)Continues 10hrs play back.",[],2024-01-23,64,Colour: Black,
4,Price,R3IOLKG7YTVR6Q,https://www.amazon.in/gp/customer-reviews/R3IOLKG7YTVR6Q/ref=cm_cr_othr_d_rvw_ttl?ie=UTF8&ASIN=B072PQRS12,"The speaker comes with decent build quality, sound clearly as expected with charging cable which helps in getting charge faster and sound quality is also decent. Overall it's a value for money product.",[],2024-10-08,17,Colour: Black,
4,Good product,R17HRR0UCQEH2O,https://www.amazon.in/gp/customer-reviews/R17HRR0UCQEH2O/ref=cm_cr_othr_d_rvw_ttl?ie=UTF8&ASIN=B072PQRS12,"Very good sound of product and backup is very High, used one yr till now",[],2024-10-13,18,Colour: Black,
4,One of the best speaker,R2YTZQV7TSO6ZY,https://www.amazon.in/gp/customer-reviews/R2YTZQV7TSO6ZY/ref=cm_cr_othr_d_rvw_ttl?ie=UTF8&ASIN=B072PQRS12,It is one of the best speaker but if you can buy a upper version then go for that only means try to buy a upper version because sometimes it feels like there is less output from this one.,[],2024-09-19,19,Colour: Black,
4,बहुत सुन्दर ध्वनि,R15D2WE96ZTJSX,https://www.amazon.in/gp/customer-reviews/R15D2WE96ZTJSX/ref=cm_cr_othr_d_rvw_ttl?ie=UTF8&ASIN=B072PQRS12,Build qualityComfortChangingAll best 👌,[],2024-10-02,20,Colour: Black,
5,Good,R32BTUJC7KFW70,https://www.amazon.in/gp/customer-reviews/R32BTUJC7KFW70/ref=cm_cr_othr_d_rvw_ttl?ie=UTF8&ASIN=B072PQRS12,Good,[],2024-12-13,21,Colour: Black,
5,"Best product, worth it",R4F0G8CGSC17Z,https://www.amazon.in/gp/customer-reviews/R4F0G8CGSC17Z/ref=cm_cr_othr_d_rvw_ttl?ie=UTF8&ASIN=B072PQRS12,"Best product, worth it",[],2024-12-07,22,Colour: Blue,
5,Very good,R1XT2BKWEG7SEU,https://www.amazon.in/gp/customer-reviews/R1XT2BKWEG7SEU/ref=cm_cr_othr_d_rvw_ttl?ie=UTF8&ASIN=B072PQRS12,Super sound 👌,[],2024-12-05,23,Colour: Black,
5,Boat stone 1000 is a party stunner,RBPTA9GYS4E0U,https://www.amazon.in/gp/customer-reviews/RBPTA9GYS4E0U/ref=cm_cr_othr_d_rvw_ttl?ie=UTF8&ASIN=B072PQRS12,I prefer boat in every devices I have boat smartwatch boat aerobes and even I bought this board bluetooth speaker its actually what the money because as we don't have I SUV we have a Omni which don't have bluetooth connection so while travelling I'll take this speaker it has the same sound vibration and gate which should make this a party freak and while hiking and while travelling I use this the most and me and my friends have a blast in every party and every travelling actually it's what the money even in appearance it looks so good and the soundcloud is also good and even they provide board stickers which would give it a retro aesthetic look and it's the best as a user and giving a honest review if you are gonna by speakers just buy this one this is the best,[],2024-07-27,24,Colour: Black,
3,So so,R2QBA6POD5RSR3,https://www.amazon.in/gp/customer-reviews/R2QBA6POD5RSR3/ref=cm_cr_othr_d_rvw_ttl?ie=UTF8&ASIN=B072PQRS12,Battery life not good,[],2024-09-26,33,Colour: Black,
4,Audio quality and output are good but,R18132HOLMLC44,https://www.amazon.in/gp/customer-reviews/R18132HOLMLC44/ref=cm_cr_othr_d_rvw_ttl?ie=UTF8&ASIN=B072PQRS12,"The media could not be loaded.
                
            
                
            
        
    
    








  
  
     Audio output and quality is as described in the product description. Build quality is also good compared with others in the same price range. However it disappoints with button placements.  Multiple buttons places very near to each other. Also they are not as per the icons displayed over them. Power button is placed under the next button icon. And I couldn’t find next button. I am operating it through mobile and laptop so this is not a problem for me. But take your own decision.",['https://m.media-amazon.com/images/I/61FHnNubcEL._SY88.jpg'],2024-02-25,34,Colour: Black,
5,Nice sound,RVPMFE4ES0PES,https://www.amazon.in/gp/customer-reviews/RVPMFE4ES0PES/ref=cm_cr_othr_d_rvw_ttl?ie=UTF8&ASIN=B072PQRS12,Clarity,[],2024-10-28,35,Colour: Black,
4,bhagwanaram1265@gmail.com,R18PBC4FVAS2AY,https://www.amazon.in/gp/customer-reviews/R18PBC4FVAS2AY/ref=cm_cr_othr_d_rvw_ttl?ie=UTF8&ASIN=B072PQRS12,This product is good its sound is good and battery backup is also good,[],2024-06-07,36,Colour: Black,
2,Sound is low and battery is low and no usb no worth,R1RA9HHBKZAK6H,https://www.amazon.in/gp/customer-reviews/R1RA9HHBKZAK6H/ref=cm_cr_othr_d_rvw_ttl?ie=UTF8&ASIN=B072PQRS12,Sound is not good and battery is average not useful product,[],2024-12-25,37,Colour: Black,
5,Good product,R2RXP3Q7HEX7SY,https://www.amazon.in/gp/customer-reviews/R2RXP3Q7HEX7SY/ref=cm_cr_othr_d_rvw_ttl?ie=UTF8&ASIN=B072PQRS12,Good product,[],2024-10-19,38,Colour: Black,
5,Very nice,R28QZ32T2K9DOQ,https://www.amazon.in/gp/customer-reviews/R28QZ32T2K9DOQ/ref=cm_cr_othr_d_rvw_ttl?ie=UTF8&ASIN=B072PQRS12,Very nice,[],2024-10-17,39,Colour: Black,
4,I want to exchange boat speaker,R2YVBIO7QC21FE,https://www.amazon.in/gp/customer-reviews/R2YVBIO7QC21FE/ref=cm_cr_othr_d_rvw_ttl?ie=UTF8&ASIN=B072PQRS12,Prodct sound is good but exchange offer shoud be there of product. which is currently not.,[],2024-05-19,40,Colour: Black,
4,It doesn't support usb type c charging,R2TYBSGJ53AJ27,https://www.amazon.in/gp/customer-reviews/R2TYBSGJ53AJ27/ref=cm_cr_othr_d_rvw_ttl?ie=UTF8&ASIN=B072PQRS12,The product overall is definitely value for money and if you need a budget speaker it is perfect for you.It feels durable and cool but the only problem I have with it is it doesn't support usb type c charging,[],2025-01-06,9,Colour: Black,
4,Very good,R1PAA4IB2TO4UO,https://www.amazon.in/gp/customer-reviews/R1PAA4IB2TO4UO/ref=cm_cr_othr_d_rvw_ttl?ie=UTF8&ASIN=B072PQRS12,Very good sound quality,[],2025-01-09,10,Colour: Blue,
4,Battery issue,RKXUJETQSKY6B,https://www.amazon.in/gp/customer-reviews/RKXUJETQSKY6B/ref=cm_cr_othr_d_rvw_ttl?ie=UTF8&ASIN=B072PQRS12,Battery issue,[],2024-12-16,11,Colour: Black,
5,Good 👍,R1CL4M78JK7HAW,https://www.amazon.in/gp/customer-reviews/R1CL4M78JK7HAW/ref=cm_cr_othr_d_rvw_ttl?ie=UTF8&ASIN=B072PQRS12,Very nice product 👍Good build quality very good power and connect Design is very excellent 👌,[],2025-01-18,12,Colour: Black,
5,Super,R23DJ8MYBE5999,https://www.amazon.in/gp/customer-reviews/R23DJ8MYBE5999/ref=cm_cr_othr_d_rvw_ttl?ie=UTF8&ASIN=B072PQRS12,Super,[],2025-01-29,13,Colour: Black,
5,Nice quality,R16RA222YNKIAB,https://www.amazon.in/gp/customer-reviews/R16RA222YNKIAB/ref=cm_cr_othr_d_rvw_ttl?ie=UTF8&ASIN=B072PQRS12,Amazing item,[],2025-01-28,14,Colour: Black,
5,Super sound,R22GMHF2B2U54V,https://www.amazon.in/gp/customer-reviews/R22GMHF2B2U54V/ref=cm_cr_othr_d_rvw_ttl?ie=UTF8&ASIN=B072PQRS12,Kapda fairy ke liye,[],2025-01-24,15,Colour: Black,
5,Quality,R1Z022EQVSGSCP,https://www.amazon.in/gp/customer-reviews/R1Z022EQVSGSCP/ref=cm_cr_othr_d_rvw_ttl?ie=UTF8&ASIN=B072PQRS12,Good,[],2025-01-25,16,Colour: Black,
4,This is a genuine review after my testing with different kind of music and sound,R3MXEFF03BN39L,https://www.amazon.in/gp/customer-reviews/R3MXEFF03BN39L/ref=cm_cr_othr_d_rvw_ttl?ie=UTF8&ASIN=B072PQRS12,"Definitely it is one of the best speakers at its price range. Being in the 2.5 k range it outsmarts other speakers of same priceFirst thing its a bit large and i like it about it. it's not something that gets into a small back pack.Design wise i am not that happy. could be more eye pleasing, anyway that's a subjective thought.Coming to the sound it's monstrous. You can clearly hear the sound from one end of the house to other. The loudness when increased to max comes with its consequence, little noise and it's obvious.This thing is not bass beast. Yes you can feel the bass but personally I felt the bass is not a sweet deep kind but a rough and crude type. But it's there a increases with volume and Equalizer settingSound quality based on clarity is very good. Charging is with normal 10W capacity. Takes some time to charge to full capacity. And it doesn't get drain fast.It's a bit heavy and will stay in its place on the table sturdy and stable.The build look like hard core but the switches are a bit clumsy and the outer panel of switch is made of silicone i think and that can come off in the long term wear and tear. But it's easy to fix it back with a feviquick",[],2022-03-21,41,Colour: Black,
4,Enduring Performance:A Stellar Speaker for Long-lasting Audio Bliss!,R3UFB4W8H5FH2G,https://www.amazon.in/gp/customer-reviews/R3UFB4W8H5FH2G/ref=cm_cr_othr_d_rvw_ttl?ie=UTF8&ASIN=B072PQRS12,"For almost two years, this remarkable speaker has been my trusted audio companion, providing outstanding performance without any issues. The sound quality remains pristine, delivering immersive and balanced audio that captivates my senses. Whether I'm enjoying music or movies, the speaker consistently impresses. While the battery life has shown a slight decline over time, it's a minor concern as the speaker can still be powered through the included charging cable. Overall, this speaker has proven to be a reliable and enduring choice, offering hours of delightful sound. If you're seeking a speaker that delivers long-lasting performance and exceptional audio quality, this one is a solid recommendation.",[],2023-07-17,42,Colour: Black,
5,Best quality,R3IR9U6DM9BXCP,https://www.amazon.in/gp/customer-reviews/R3IR9U6DM9BXCP/ref=cm_cr_othr_d_rvw_ttl?ie=UTF8&ASIN=B072PQRS12,One year use after .best performance.,['https://m.media-amazon.com/images/I/71NX9LuKlTL._SY88.jpg'],2024-09-30,43,Colour: Black,
4,Packs a loud punch at the price . Recommended,R14YZQJ0VA5ZLB,https://www.amazon.in/gp/customer-reviews/R14YZQJ0VA5ZLB/ref=cm_cr_othr_d_rvw_ttl?ie=UTF8&ASIN=B072PQRS12,"The best thing about these speakers is the volume . I have used this in outdoor settings and the volume and base are both very good. In fact, I had to lower the volume to not disturb the neighbours. Only issue is Bluetooth connectivity and I got around to that after a few tries.At this price point, its a solid bluetooth speaker",[],2023-12-19,44,Colour: Black,
5,Amazing sound,R1Z7VO6L68HH7C,https://www.amazon.in/gp/customer-reviews/R1Z7VO6L68HH7C/ref=cm_cr_othr_d_rvw_ttl?ie=UTF8&ASIN=B072PQRS12,"After 1 years used, this is very much good 😊",['https://m.media-amazon.com/images/I/71fU4fGTjdL._SY88.jpg'],2024-09-14,45,Colour: Black,
2,Read this before you buy it,R1PPK3SCMTORR2,https://www.amazon.in/gp/customer-reviews/R1PPK3SCMTORR2/ref=cm_cr_othr_d_rvw_ttl?ie=UTF8&ASIN=B072PQRS12,"Dislikes =1. The buttons are on the left hand side. So, you can not access the buttons if it is prepped against a wall. Natural place for the buttons is on the top.2. There is no visual display at all. No indication of how loud the loudspeaker is. So, be prepared to be SHOCKED with loud sounds, as soon as you hook up your music device to the loudspeaker. Ideally, you should have been able to turn a knob to all the way to zero, before you hook up the music device, and after connection, you would increase the volume. Not possible here. There is no visual display of any type.3. The previous point would have been taken care of, had the volume been controlled with a round dial knob. You could still see how loud the loudspeaker is going to be. But, that's not the case here. The volume is controlled with clicky buttons. And remember, there is no visual display of how many times you have clicked the button, therefore how loud now the loudspeaker is going to be, etc.4. The buttons are shamefully clumsy. This is because they are covered with rubber sheath. This protects them from getting wet, but at the same time, you don't get the satisfactory haptic feedback of whether the button has been adequately pressed or not. I find myself, more often than not, depressing the buttons excessively, just to be sure. This is going to decrease the longevity of the buttons. Because there is no visual or shape related indication of volume, I have to press the button many times around to get the correct volume level. This shall accelerate the demise of the buttons.5. The connectivity for the aux-cable is on the back, housed inside a niche. The niche is adequately covered with a rubber tag, like you see on DSL cameras' ports to avoid dust going in. But because the aux port is behind, you have to keep the music device behind the loudspeaker. Not very handy if you wish to change the songs, or interact with your music device. If you keep the music device in front of the loudspeaker, then the cable has to go around the loudspeaker, or  snake its way from above the loudspeaker. This increases the chances of knocking the loudspeaker down. It could have been avoided had the aux port been in the front.6. When you turn it off, the loudspeaker announces ""Adios Amigos"", in a man's voice in American accent. EVERY SINGLE TIME. Fairly unnecessary and annoying to say the least. If you have to turn the speaker off in a jiffy, it is not very helpful to wait for the man to greet you goodbye, much less in a foreign language (Spanish) and in a foreign accent.7. Sound quality is not great. But you get what you pay for.LIKES:It is cheap and affordable.",[],2019-08-19,46,Colour: Black,
4,Very good quality,R27KEOV680OL4T,https://www.amazon.in/gp/customer-reviews/R27KEOV680OL4T/ref=cm_cr_othr_d_rvw_ttl?ie=UTF8&ASIN=B072PQRS12,Its a good quality speaker,[],2024-05-13,47,Colour: Black,
4,Battery,R1ZMGAAGZKQ6M8,https://www.amazon.in/gp/customer-reviews/R1ZMGAAGZKQ6M8/ref=cm_cr_othr_d_rvw_ttl?ie=UTF8&ASIN=B072PQRS12,Should be better,[],2024-05-10,48,Colour: Black,
4,"If you get it for ₹2000 or less, go for it! You would not get a better one than this in that price.",R3C29G5ZAQJDVW,https://www.amazon.in/gp/customer-reviews/R3C29G5ZAQJDVW/ref=cm_cr_othr_d_rvw_ttl?ie=UTF8&ASIN=B072PQRS12,"Whoa! First of all I bought it on a sale for ₹2000 so never spend a rupee more on it. When there's a sale, this would be on the list and get it for maximum of ₹2000 rupees. I say this just because it is totally worth the money and I don't recommend to put in more than that. Coming to its details, it's build quality is good( except those buttons on one of its side, you'll crack your finger bone in attempt to use them). Basically I love high bass, if you're on the same plate, this is for you. It hadls got great bass with pure sound quality (except on maximum volume.. By maximum I meant when your connected device is on maximum and speaker is on maximum)**pros+Great bass and sound quality+The loudness is very high and good for small parties😉! ( indoor or outdoor)+Asthetic appearance, good built quality and easy to carry with the given rubber handle, but it easily breaks if you pull it strongly+Battery life is very much good when used continuously or used with breaks. The thing is you must switch it off when not in use, in order to give maximum backup( although it has got a feature to turn off automatically when no device is connected for about 10mins but switching it off manually saves even that 10min of battery life)**cons+Sometimes there would be this Bluetooth connectivity problem but you must give it a multiple tries and it would surely connect+As said, those buttons on it are really tough to press, you'll need to press multiple times and with great force, for them to work+Not so easy to carry everywhere due to its size+On maximum-maximum volume (you know why I wrote ""max"" twice)  the sound gets distorted and bass gets polluted",[],2019-10-02,49,Colour: Black,
1,Don't buy this product,R2AF5468VZHL59,https://www.amazon.in/gp/customer-reviews/R2AF5468VZHL59/ref=cm_cr_othr_d_rvw_ttl?ie=UTF8&ASIN=B072PQRS12,"Battery problem, full volume me charge up down hoke speaker powar off ho jata hay,sound quality is good",[],2025-01-28,50,Colour: Black,
3,China piece but works,R39ZRVW3XH7M46,https://www.amazon.in/gp/customer-reviews/R39ZRVW3XH7M46/ref=cm_cr_othr_d_rvw_ttl?ie=UTF8&ASIN=B072PQRS12,Suddenly shutdown if volume increased over 60%. Runs ok on charging,[],2024-07-20,51,Colour: Black,
5,Excellent purchase,R1CVU6DRGTIU4R,https://www.amazon.in/gp/customer-reviews/R1CVU6DRGTIU4R/ref=cm_cr_othr_d_rvw_ttl?ie=UTF8&ASIN=B072PQRS12,Excellent purchase,[],2024-09-06,52,Colour: Black,
4,It’s been 2 years of usage okay,R1JP9AJV1GRG3V,https://www.amazon.in/gp/customer-reviews/R1JP9AJV1GRG3V/ref=cm_cr_othr_d_rvw_ttl?ie=UTF8&ASIN=B072PQRS12,Since 2 year using okay type I had faced a issue with charging port but service support is poor the boat service Center where I gone he charged me and did not even provide bill,['https://m.media-amazon.com/images/I/71VM0CNNjHL._SY88.jpg'],2024-01-18,53,Colour: Blue,
4,Very good speaker,R3OV3OK26PQCTF,https://www.amazon.in/gp/customer-reviews/R3OV3OK26PQCTF/ref=cm_cr_othr_d_rvw_ttl?ie=UTF8&ASIN=B072PQRS12,I got this for 2300 and it's worth the money. Very nice sound quality and bass is also very nice.,[],2024-02-23,54,Colour: Black,
1,Battery work only 1-2 hrs only,R32NUL2LNEY2V,https://www.amazon.in/gp/customer-reviews/R32NUL2LNEY2V/ref=cm_cr_othr_d_rvw_ttl?ie=UTF8&ASIN=B072PQRS12,Battery charge karne ke baad bhi1-2 hr hi chalti he battery bas,[],2025-01-29,55,Colour: Black,
4,"Got it on sale at ₹1,999.Good Sound, Power button issue",R2RTLFGW5PCON7,https://www.amazon.in/gp/customer-reviews/R2RTLFGW5PCON7/ref=cm_cr_othr_d_rvw_ttl?ie=UTF8&ASIN=B072PQRS12,"Product is great for the price of ₹1,999 great fullfilling sound gets more than loud for the room at 100% but sound gets a bit distorted so optimal at 70-80%. For outdoor party also great.Plastic built is decent, handle is good makes it easier to carry.Only major issue was power button is weird sometimes have to hold press multiple times for it to work bit irritating the buttons overall not so reliable and the flap for charging is rigid needs a tool or something to open every time have to charge or connect Aux (good for water resistance but not user friendly).Overall kept it for the sound and the price I got for will suggest if you can deal with the buttons.",[],2022-08-15,56,Colour: Black,
5,Must buy!!!!!🕺 ....valu for money,R3M5PEEQAVJ4RZ,https://www.amazon.in/gp/customer-reviews/R3M5PEEQAVJ4RZ/ref=cm_cr_othr_d_rvw_ttl?ie=UTF8&ASIN=B072PQRS12,"first thing u would do is to connect it through Bluetooth with your mobile phone. u'll think that sound quality is not that good, as u'll be playing song at low volume but it's not the case when you'll turn the volume up or to the Maximum (i was bit hesitant to do this because it was already extremely loud at 80%.) because man, its loud af. this beast is made for rocking the house parties and absolutely suitable for outdoor purpose.if you are expecting that it will provide you lot of bass and good quality sound at 10% or 20% volume (considering by your smart phone) then it's not gonna happen still u can enjoy the song. it's the best one in the market in this price slot. you are getting much more than what you are paying.! so buy it if you're looking for any speaker which is loud enough to rock the party. actually you can also use it with your tv set it produces good quality output sound. you won't regret after getting this order. but mind it, if you're buying it for house parties or for dance practices then it's the best pick in the market but not suitable for one person's enjoyment (not considering person who like to enjoy lonely at high volume) if you want then you can search for any other speaker which is of 6 or 3 watt. that's the best advice i have good luck.! amazing creation by boat.!","['https://images-na.ssl-images-amazon.com/images/I/71t-z6pRiML._SY88.jpg', 'https://images-na.ssl-images-amazon.com/images/I/811oWxcEilL._SY88.jpg', 'https://images-na.ssl-images-amazon.com/images/I/A1FMlnncRSL._SY88.jpg']",2021-06-25,73,Colour: Black,
3,From the Hard critique,RZAJ812GKT2TX,https://www.amazon.in/gp/customer-reviews/RZAJ812GKT2TX/ref=cm_cr_othr_d_rvw_ttl?ie=UTF8&ASIN=B072PQRS12,"Overall BETTER PRODUCTBASS IS NICEBATTERY IS NOT THAT LONG LASTING IF YOU PLAY IT ON HIGH VOLUME, HARDLY 30 MINUTESotherwise it can go up to 10 hours.Sometimes MALFUNCTION is observed.USB TYPE CHARGER .BUILD QUALITY 💪💪💪",[],2024-03-07,74,Colour: Black,
5,Battery lasts for a long time,R29H6E11YNIGG5,https://www.amazon.in/gp/customer-reviews/R29H6E11YNIGG5/ref=cm_cr_othr_d_rvw_ttl?ie=UTF8&ASIN=B072PQRS12,"I have been using this for a month now.Pros:I use it for around 8 hours a day and the charge lasts for two days.The audio quality is amazing.Keeping the volume in my phone to the maximum and managing the volume in the speaker was better for me rather than controlling the volume from phone.It has survived me for one month so definitely won’t break for anyone else tooCould easily carry everywhereCons:The charging point is very hard to open. I understand it’s for resisting water but still I have to use both of my hands and try for a solid 5 minutes to open it. Maybe I’m doing it wrongly. But it isn’t a big issue as I open it only every two daysThe buttons are a bit hard to press. But once you get used to it, it will be better.Conclusion:My main need was to have a device that had a good audio quality and I didn’t want to charge everyday.It ticks all my requirements and more.",[],2022-07-05,75,Colour: Black,
4,Value for money? Yeah..Absolutely perfect? Nah,RJB7XBZJ6K8JI,https://www.amazon.in/gp/customer-reviews/RJB7XBZJ6K8JI/ref=cm_cr_othr_d_rvw_ttl?ie=UTF8&ASIN=B072PQRS12,"The media could not be loaded.
                
            
                
            
        
    
    








  
  
     Ill Start with delivery.I got the product in 3 days and amazon never failed to deliver early,Packing was fine.INSIDE THE BOX - The speaker was well protected,One of the reason i didn't gave a star is because the USB and Aux cable provided was low quality considering a quality brand product that was bad.BUILD- Boat products are known for its best build quality and no change in here too.The build is the best.The design is classy still i wish some vinyl or design would do better.SOUND-Well considering its price and size.The sound out is great.The vocals,treble is great.Bass is good but it depends on what level of bass you are looking for.It got a decent level of bass something you would expect from that size drivers.Nothing more.The thump is present and you will enjoy it.I have included a sample video.CONNENCTIVITY- As i said earlier i bought another Aux cable the i got with this is bad quality.Aux works fine and Bluetooth connectivity is good.BATTERY- Battery backup is close to what they promised.It is more than enough unless you play in full volume nonstop for many hours.Verdict-So i loved it.Its compact,Delivers good sound and looks premium and durable.NB-Guys it's water resistant only not waterproof.I have seen some videos people actually dumping it in water to test.Don't do it.Enjoy the music.","['https://images-na.ssl-images-amazon.com/images/I/715C-NXLXWL._SY88.jpg', 'https://images-na.ssl-images-amazon.com/images/I/71qP0IgkNGL._SY88.jpg', 'https://images-na.ssl-images-amazon.com/images/I/81C2YAu8dgL._SY88.jpg']",2020-05-22,76,Colour: Blue,
4,Battery Life too short,R3SBZPIE8J32BP,https://www.amazon.in/gp/customer-reviews/R3SBZPIE8J32BP/ref=cm_cr_othr_d_rvw_ttl?ie=UTF8&ASIN=B072PQRS12,"It is 3 years since I bought this speaker but now its battery has given up... even despite charging it for hours, it only works for about 15 mins. Otherwise, this is a great speaker...",[],2023-10-03,77,Colour: Black,
4,Review after  some time,R31DPAA7800XKY,https://www.amazon.in/gp/customer-reviews/R31DPAA7800XKY/ref=cm_cr_othr_d_rvw_ttl?ie=UTF8&ASIN=B072PQRS12,"The media could not be loaded.
                
            
                
            
        
    
    








  
  
     Good sound... Decent bass.. Battery life is amzingOverall very good product In this price range.",[],2024-02-05,78,Colour: Black,
4,Nice,ROUUG3ZUWFG9I,https://www.amazon.in/gp/customer-reviews/ROUUG3ZUWFG9I/ref=cm_cr_othr_d_rvw_ttl?ie=UTF8&ASIN=B072PQRS12,Battery backup very slow,[],2024-03-17,79,Colour: Black,
4,Look,R3NCJTFWBBG5QK,https://www.amazon.in/gp/customer-reviews/R3NCJTFWBBG5QK/ref=cm_cr_othr_d_rvw_ttl?ie=UTF8&ASIN=B072PQRS12,"All over it's good. Voice, unique design , value for money it's nice. Can buy it for small parties.",[],2023-12-10,80,Colour: Black,
5,Good bass,R2RH0UNGPM6V2M,https://www.amazon.in/gp/customer-reviews/R2RH0UNGPM6V2M/ref=cm_cr_othr_d_rvw_ttl?ie=UTF8&ASIN=B072PQRS12,Good,[],2024-08-24,65,Colour: Blue,
1,Automatic going off charging issue,R1JTOI5M5PKGF3,https://www.amazon.in/gp/customer-reviews/R1JTOI5M5PKGF3/ref=cm_cr_othr_d_rvw_ttl?ie=UTF8&ASIN=B072PQRS12,Charging issueAutomatic going off,[],2025-01-26,66,Colour: Black,
5,"Best sound! Rugged, loud and clear!!!",R1SIW5ZRB3Y2HZ,https://www.amazon.in/gp/customer-reviews/R1SIW5ZRB3Y2HZ/ref=cm_cr_othr_d_rvw_ttl?ie=UTF8&ASIN=B072PQRS12,"This Bluetooth speaker is the best one in this price range. I was looking for the best bluetooth speaker for a very long time and have experienced lot of speakers for almost 1 year. Finally got this one. This is the best among everything. And if you are looking for best one under 5000 rupees, then there is no other alternative. This one sounds better than JBL, this speaker easily wins the competition with the sturdy build quality, great sound and decent battery standby. Definitely a highly recommended bluetooth speaker for TV, Audio speakers for big hall, party music, etc. You will never regret the decision at any point.Thanks Boat and Amazon.",[],2023-06-30,67,Colour: Blue,
4,Amazon's Delivery Assurity Trust 🥳.,RXC7930YTNUKX,https://www.amazon.in/gp/customer-reviews/RXC7930YTNUKX/ref=cm_cr_othr_d_rvw_ttl?ie=UTF8&ASIN=B072PQRS12,"I ordered this one on fk during Big Billion Days Sale and Amazon's Great Indian Festival Sale but they were unable to deliver that item till 10 day then I placed a new order on Amazon and they delivered my product in 3-4 days as promised, I bought it in a deal at 2k or less.Now about product :-This speaker meets the expectations at that price point. Sound quality is good, has goosebumps but everything is not the best, LoL. So I'm considering it as best but it's a best buy till now, maybe other product will be better than this.Battery backup is best.And build quality is really appreciable, plastic body, rubbered buttons, Charging Jack has Plastic rubber cap.You can also connect it with TV, since my MI TV has no good sound so I connect to it. In connectivity, it has no problems till now.If you're thinking to buy wait and keep eye for a deal on this product and buy, at 2k price point it's best buy till now, thanks 🙏.",[],2021-03-18,68,Colour: Black,
3,Bluetooth range issue,R3LN5L6WRGL908,https://www.amazon.in/gp/customer-reviews/R3LN5L6WRGL908/ref=cm_cr_othr_d_rvw_ttl?ie=UTF8&ASIN=B072PQRS12,Sound quality is good but pathetic Bluetooth range & no sd card slot,[],2024-05-31,69,Colour: Blue,
5,Definitely a good speaker in this price range,RANFLB2F5G0DG,https://www.amazon.in/gp/customer-reviews/RANFLB2F5G0DG/ref=cm_cr_othr_d_rvw_ttl?ie=UTF8&ASIN=B072PQRS12,I was very confused before the purchase but once I turned on gave me goosebumps for the price I paid it met my expectations and even surpassed for 1900 after Amazon pay ICICI credit card 5 percentage rewards definitely recommended before this one I used UE roll and I have a thought for go to UE again wonderboom but last minute I turned down to this due to budget but i am damn sure boat stone 1000 will take down UE wonderboom in all aspects bass mid treble everything was just fine anyone planning to buy this don't hesitate just go for it.,[],2023-08-04,70,Colour: Blue,
1,Battery not good,R1UTQN4DC4ZXM1,https://www.amazon.in/gp/customer-reviews/R1UTQN4DC4ZXM1/ref=cm_cr_othr_d_rvw_ttl?ie=UTF8&ASIN=B072PQRS12,Battery backup is very low,[],2025-01-22,71,Colour: Black,
3,Regarding JBL speaker,R3OAQMQ623E7E5,https://www.amazon.in/gp/customer-reviews/R3OAQMQ623E7E5/ref=cm_cr_othr_d_rvw_ttl?ie=UTF8&ASIN=B072PQRS12,"The media could not be loaded.
                
            
                
            
        
    
    








  
  
     It's not working  properly I want some one to come & fix the problem or I need an exchange.from the day one it's been not working.you hve given a year of warranty so so the needful",[],2024-04-16,72,Colour: Blue,
