reviewedIn,userId,userProfileLink,ratingScore,reviewTitle,reviewId,reviewUrl,reviewReaction,reviewDescription,isVerified,isAmazonVine,reviewImages,date,position,variant,variantAttributes,totalCategoryRatings,totalCategoryReviews,reviewCategoryUrl,filterByRating,filterByKeyword,productAsin,productOriginalAsin,variantAsin,product,input,country,countryCode
Reviewed in India on 14 January 2025,amzn1.account.AGJN26NTUYUOKZPGOBSRIHWMUAOQ,https://www.amazon.in/gp/profile/amzn1.account.AGJN26NTUYUOKZPGOBSRIHWMUAOQ/ref=cm_cr_othr_d_gw_tr?ie=UTF8,5,Compact yet powerful!,R21Y5WI1JIEKN9,https://www.amazon.in/gp/customer-reviews/R21Y5WI1JIEKN9/ref=cm_cr_othr_d_rvw_ttl?ie=UTF8&ASIN=B0D76YBGP6,3 people found this helpful,"The media could not be loaded.
                
            
                
            
        
    
    








  
  
     This pTron Mini Bluetooth Speaker with mic is such a cute and fun speaker. The sound quality is good for a small room and is clear and punchy at 16w. The wireless mic connects easily to the speaker and you can have a small karaoke party. There are funny changing voices in the mic. Speaker is lightweight yet well built. Works for around 4-5 hours on BT Mode and RGB lights on. Overall value for money product.",True,False,"['https://m.media-amazon.com/images/I/71+o8JaRKsL._SY88.jpg', 'https://m.media-amazon.com/images/I/7198zkL8mJL._SY88.jpg']",2025-01-14,1,Colour: Cream Pink,"[{'key': 'Colour', 'value': 'Cream Pink'}]",,,https://www.amazon.in/product-reviews/B0D76YBGP6?pageNumber=1&filterByStar=all_stars&sortBy=helpful&formatType=all_formats&asin=B0D76YBGP6&reftag=cm_cr_arp_d_paging_btm_next_1&scope=reviewsAjax0,allStars,,B0D76YBGP6,B0D76YBGP6,B0D76YBGP6,"{'price': None, 'listPrice': None}",https://www.amazon.in//pTron-Launched-Fusion-Bluetooth-Multi-Play/dp/B0D76YBGP6/ref=zg_bs_g_1389365031_d_sccl_12/261-0975833-5917763?psc=1,India,
Reviewed in India on 26 December 2024,amzn1.account.AGLHPRURAYV5FFO6DPL74W5IMFDA,https://www.amazon.in/gp/profile/amzn1.account.AGLHPRURAYV5FFO6DPL74W5IMFDA/ref=cm_cr_othr_d_gw_tr?ie=UTF8,5,Addictive fun!,R3HHT32EJJR1X7,https://www.amazon.in/gp/customer-reviews/R3HHT32EJJR1X7/ref=cm_cr_othr_d_rvw_ttl?ie=UTF8&ASIN=B0D76YBGP6,5 people found this helpful,"I recently bought this small Bluetooth speaker with a microphone for my kids, and it's been a hit! The sound quality is excellent for its size, and the volume control is perfect for little ears. The built-in microphone is a game-changer, allowing my kids to sing along to their favorite songs and even practice speeches. It's lightweight and durable, ideal for playtime both indoors and outdoors. Pairing with devices is easy, and the bright, kid-friendly design makes it even more appealing. Highly recommend for any young music lover!",True,False,[],2024-12-26,2,Colour: Pink,"[{'key': 'Colour', 'value': 'Pink'}]",,,https://www.amazon.in/product-reviews/B0D76YBGP6?pageNumber=1&filterByStar=all_stars&sortBy=helpful&formatType=all_formats&asin=B0D76YBGP6&reftag=cm_cr_arp_d_paging_btm_next_1&scope=reviewsAjax0,allStars,,B0D76YBGP6,B0D76YBGP6,B0D76YBGP6,"{'price': None, 'listPrice': None}",https://www.amazon.in//pTron-Launched-Fusion-Bluetooth-Multi-Play/dp/B0D76YBGP6/ref=zg_bs_g_1389365031_d_sccl_12/261-0975833-5917763?psc=1,India,
Reviewed in India on 28 November 2024,amzn1.account.AFNZD3M5KWQ6FOQS2ONC5XDRFINQ,https://www.amazon.in/gp/profile/amzn1.account.AFNZD3M5KWQ6FOQS2ONC5XDRFINQ/ref=cm_cr_othr_d_gw_tr?ie=UTF8,4,"GOOD PRODUCT, VALUE FOR MONEY",R39M9FM8BXHNLQ,https://www.amazon.in/gp/customer-reviews/R39M9FM8BXHNLQ/ref=cm_cr_othr_d_rvw_ttl?ie=UTF8&ASIN=B0D76YBGP6,5 people found this helpful,"GOOD PRODUCT, VALUE FOR MONEYDOSE MY JOB, SPEACKER QUALITY IS GOOD, ALSO MICROPHONE QUALITY IS GOOD,GOOD FOR CHILDERN PLAYING, ALL THE FEATURES ARE WORKING FINE, RECOMENDED",True,False,[],2024-11-28,3,Colour: Blue,"[{'key': 'Colour', 'value': 'Blue'}]",,,https://www.amazon.in/product-reviews/B0D76YBGP6?pageNumber=1&filterByStar=all_stars&sortBy=helpful&formatType=all_formats&asin=B0D76YBGP6&reftag=cm_cr_arp_d_paging_btm_next_1&scope=reviewsAjax0,allStars,,B0D76YBGP6,B0D76YBGP6,B0D76YBGP6,"{'price': None, 'listPrice': None}",https://www.amazon.in//pTron-Launched-Fusion-Bluetooth-Multi-Play/dp/B0D76YBGP6/ref=zg_bs_g_1389365031_d_sccl_12/261-0975833-5917763?psc=1,India,
Reviewed in India on 15 January 2025,amzn1.account.AF7WQOFWNNYWZ36U5O6MCKPJRK4Q,https://www.amazon.in/gp/profile/amzn1.account.AF7WQOFWNNYWZ36U5O6MCKPJRK4Q/ref=cm_cr_othr_d_gw_tr?ie=UTF8,5,Awesome product in little price range .,RSNOTJYUO8JM5,https://www.amazon.in/gp/customer-reviews/RSNOTJYUO8JM5/ref=cm_cr_othr_d_rvw_ttl?ie=UTF8&ASIN=B0D76YBGP6,One person found this helpful,Awesome sound quality with a great battery life. Compact in size which make it easy to carry with you. The overall performance is wonderful.,True,False,[],2025-01-15,4,Colour: Cream/Black,"[{'key': 'Colour', 'value': 'Cream/Black'}]",,,https://www.amazon.in/product-reviews/B0D76YBGP6?pageNumber=1&filterByStar=all_stars&sortBy=helpful&formatType=all_formats&asin=B0D76YBGP6&reftag=cm_cr_arp_d_paging_btm_next_1&scope=reviewsAjax0,allStars,,B0D76YBGP6,B0D76YBGP6,B0D76YBGP6,"{'price': None, 'listPrice': None}",https://www.amazon.in//pTron-Launched-Fusion-Bluetooth-Multi-Play/dp/B0D76YBGP6/ref=zg_bs_g_1389365031_d_sccl_12/261-0975833-5917763?psc=1,India,
Reviewed in India on 13 October 2024,amzn1.account.AFRURSSKDOZYNWCTA2EVOHDDUXRA,https://www.amazon.in/gp/profile/amzn1.account.AFRURSSKDOZYNWCTA2EVOHDDUXRA/ref=cm_cr_othr_d_gw_tr?ie=UTF8,5,Good product pesa vasool item,R2K5ZX1RLPKPDS,https://www.amazon.in/gp/customer-reviews/R2K5ZX1RLPKPDS/ref=cm_cr_othr_d_rvw_ttl?ie=UTF8&ASIN=B0D76YBGP6,13 people found this helpful,"The media could not be loaded.
                
            
                
            
            
        
    
    








  
  
     I saw this a few days ago and I ordered it. It is a very good value for money product. After getting it, my kids are very happy.This is very good in terms of entertainment value The quality of the mic that comes with it is also very good, its grip quality is also good, this mic has four-five modes in which the sound can be opened in different ways and it is also very easy to carry Once charged, the battery lasts for two days and charging is also very fast . The mic functionality is great The sound & Bass quality of this speaker is also very good, it produces a good echo sound . good RGB LED light like diskoThankyou Amazon for this Amazing product...",True,False,"['https://m.media-amazon.com/images/I/711PjMuudyL._SY88.jpg', 'https://m.media-amazon.com/images/I/71MPraTHxnL._SY88.jpg', 'https://m.media-amazon.com/images/I/71yyqBXTarL._SY88.jpg']",2024-10-13,5,Colour: Black,"[{'key': 'Colour', 'value': 'Black'}]",,,https://www.amazon.in/product-reviews/B0D76YBGP6?pageNumber=1&filterByStar=all_stars&sortBy=helpful&formatType=all_formats&asin=B0D76YBGP6&reftag=cm_cr_arp_d_paging_btm_next_1&scope=reviewsAjax0,allStars,,B0D76YBGP6,B0D76YBGP6,B0D76YBGP6,"{'price': None, 'listPrice': None}",https://www.amazon.in//pTron-Launched-Fusion-Bluetooth-Multi-Play/dp/B0D76YBGP6/ref=zg_bs_g_1389365031_d_sccl_12/261-0975833-5917763?psc=1,India,
Reviewed in India on 2 January 2025,amzn1.account.AG4T6X6XSM52VMM6SGMIL25AU27A,https://www.amazon.in/gp/profile/amzn1.account.AG4T6X6XSM52VMM6SGMIL25AU27A/ref=cm_cr_othr_d_gw_tr?ie=UTF8,5,Sounds Quality is very Nice,R3BWQDD4CNJI6L,https://www.amazon.in/gp/customer-reviews/R3BWQDD4CNJI6L/ref=cm_cr_othr_d_rvw_ttl?ie=UTF8&ASIN=B0D76YBGP6,2 people found this helpful,"Loudness of Sound is very good, it's very fantastic product for Enjoying party because voice effect is super when singing song , multiple voice effect Make unique this product, karaoke is Good, battery Life Span is sufficient aa per price, it's value for money light effect Make unique this product, overall very fantastic product of ptron as per current price,its friendly user.bass quality is superb.",True,False,['https://m.media-amazon.com/images/I/61xdCB8MIXL._SY88.jpg'],2025-01-02,6,Colour: Cream Pink,"[{'key': 'Colour', 'value': 'Cream Pink'}]",,,https://www.amazon.in/product-reviews/B0D76YBGP6?pageNumber=1&filterByStar=all_stars&sortBy=helpful&formatType=all_formats&asin=B0D76YBGP6&reftag=cm_cr_arp_d_paging_btm_next_1&scope=reviewsAjax0,allStars,,B0D76YBGP6,B0D76YBGP6,B0D76YBGP6,"{'price': None, 'listPrice': None}",https://www.amazon.in//pTron-Launched-Fusion-Bluetooth-Multi-Play/dp/B0D76YBGP6/ref=zg_bs_g_1389365031_d_sccl_12/261-0975833-5917763?psc=1,India,
Reviewed in India on 24 December 2024,amzn1.account.AFLKF274OHDCSSN4CEY377RORF4A,https://www.amazon.in/gp/profile/amzn1.account.AFLKF274OHDCSSN4CEY377RORF4A/ref=cm_cr_othr_d_gw_tr?ie=UTF8,3,Mic is not working,R3ISTK7QM5SACX,https://www.amazon.in/gp/customer-reviews/R3ISTK7QM5SACX/ref=cm_cr_othr_d_rvw_ttl?ie=UTF8&ASIN=B0D76YBGP6,,"We can connect the bluetooth, sound quality is good but mic is not working and I got damaged product",True,False,['https://m.media-amazon.com/images/I/611CeOO61fL._SY88.jpg'],2024-12-24,7,Colour: Light Blue,"[{'key': 'Colour', 'value': 'Light Blue'}]",,,https://www.amazon.in/product-reviews/B0D76YBGP6?pageNumber=1&filterByStar=all_stars&sortBy=helpful&formatType=all_formats&asin=B0D76YBGP6&reftag=cm_cr_arp_d_paging_btm_next_1&scope=reviewsAjax0,allStars,,B0D76YBGP6,B0D76YBGP6,B0D76YBGP6,"{'price': None, 'listPrice': None}",https://www.amazon.in//pTron-Launched-Fusion-Bluetooth-Multi-Play/dp/B0D76YBGP6/ref=zg_bs_g_1389365031_d_sccl_12/261-0975833-5917763?psc=1,India,
Reviewed in India on 14 December 2024,amzn1.account.AGSTTVKBVSKPYCTRHL3TNC4CTLOA,https://www.amazon.in/gp/profile/amzn1.account.AGSTTVKBVSKPYCTRHL3TNC4CTLOA/ref=cm_cr_othr_d_gw_tr?ie=UTF8,4,Excellent Product @1299/-,R15LT7L8LJK4IO,https://www.amazon.in/gp/customer-reviews/R15LT7L8LJK4IO/ref=cm_cr_othr_d_rvw_ttl?ie=UTF8&ASIN=B0D76YBGP6,One person found this helpful,The mic is excellent.It has nice clarity and loud as well. Gr8 product for children as well karoke lovers.Definitely u can go for this product. Low budget mic with speaker are very bad in terms of clarity. But this product won't disappoint u. So don't go for cheap products with 500-600 range.Cons- volume decrease button is there but not so effective.,True,False,"['https://m.media-amazon.com/images/I/61VMDIhxdQL._SY88.jpg', 'https://m.media-amazon.com/images/I/71vMZLkl8uL._SY88.jpg']",2024-12-14,8,Colour: Cream Pink,"[{'key': 'Colour', 'value': 'Cream Pink'}]",,,https://www.amazon.in/product-reviews/B0D76YBGP6?pageNumber=1&filterByStar=all_stars&sortBy=helpful&formatType=all_formats&asin=B0D76YBGP6&reftag=cm_cr_arp_d_paging_btm_next_1&scope=reviewsAjax0,allStars,,B0D76YBGP6,B0D76YBGP6,B0D76YBGP6,"{'price': None, 'listPrice': None}",https://www.amazon.in//pTron-Launched-Fusion-Bluetooth-Multi-Play/dp/B0D76YBGP6/ref=zg_bs_g_1389365031_d_sccl_12/261-0975833-5917763?psc=1,India,
Reviewed in India on 24 November 2024,amzn1.account.AHGD6C34YWUY772HKXJENN26OCOA,https://www.amazon.in/gp/profile/amzn1.account.AHGD6C34YWUY772HKXJENN26OCOA/ref=cm_cr_othr_d_gw_tr?ie=UTF8,4,Speaker,R1SKKBGUZL0C19,https://www.amazon.in/gp/customer-reviews/R1SKKBGUZL0C19/ref=cm_cr_othr_d_rvw_ttl?ie=UTF8&ASIN=B0D76YBGP6,,Received without a charger code,True,False,[],2024-11-24,25,Colour: Black,"[{'key': 'Colour', 'value': 'Black'}]",,,https://www.amazon.in/product-reviews/B0D76YBGP6?pageNumber=4&filterByStar=all_stars&sortBy=helpful&formatType=all_formats&asin=B0D76YBGP6&reftag=cm_cr_arp_d_paging_btm_next_4&scope=reviewsAjax0,allStars,,B0D76YBGP6,B0D76YBGP6,B0D76YBGP6,"{'price': None, 'listPrice': None}",https://www.amazon.in//pTron-Launched-Fusion-Bluetooth-Multi-Play/dp/B0D76YBGP6/ref=zg_bs_g_1389365031_d_sccl_12/261-0975833-5917763?psc=1,India,
Reviewed in India on 29 November 2024,amzn1.account.AHYKZBJOLTT2BUO63TMNG7TFBLTA,https://www.amazon.in/gp/profile/amzn1.account.AHYKZBJOLTT2BUO63TMNG7TFBLTA/ref=cm_cr_othr_d_gw_tr?ie=UTF8,4,Good product,R2WP376OJ7ELPW,https://www.amazon.in/gp/customer-reviews/R2WP376OJ7ELPW/ref=cm_cr_othr_d_rvw_ttl?ie=UTF8&ASIN=B0D76YBGP6,One person found this helpful,Good sound,True,False,[],2024-11-29,26,Colour: Cream Pink,"[{'key': 'Colour', 'value': 'Cream Pink'}]",,,https://www.amazon.in/product-reviews/B0D76YBGP6?pageNumber=4&filterByStar=all_stars&sortBy=helpful&formatType=all_formats&asin=B0D76YBGP6&reftag=cm_cr_arp_d_paging_btm_next_4&scope=reviewsAjax0,allStars,,B0D76YBGP6,B0D76YBGP6,B0D76YBGP6,"{'price': None, 'listPrice': None}",https://www.amazon.in//pTron-Launched-Fusion-Bluetooth-Multi-Play/dp/B0D76YBGP6/ref=zg_bs_g_1389365031_d_sccl_12/261-0975833-5917763?psc=1,India,
Reviewed in India on 27 January 2025,amzn1.account.AFOBYKLK2E4XMT2RDASB4GSVXKEA,https://www.amazon.in/gp/profile/amzn1.account.AFOBYKLK2E4XMT2RDASB4GSVXKEA/ref=cm_cr_othr_d_gw_tr?ie=UTF8,5,Awesome product 👏,R1KOQOVLWFP8KF,https://www.amazon.in/gp/customer-reviews/R1KOQOVLWFP8KF/ref=cm_cr_othr_d_rvw_ttl?ie=UTF8&ASIN=B0D76YBGP6,,Very nice product. Good quality product with customer delight👍,True,False,[],2025-01-27,27,Colour: Cream Pink,"[{'key': 'Colour', 'value': 'Cream Pink'}]",,,https://www.amazon.in/product-reviews/B0D76YBGP6?pageNumber=4&filterByStar=all_stars&sortBy=helpful&formatType=all_formats&asin=B0D76YBGP6&reftag=cm_cr_arp_d_paging_btm_next_4&scope=reviewsAjax0,allStars,,B0D76YBGP6,B0D76YBGP6,B0D76YBGP6,"{'price': None, 'listPrice': None}",https://www.amazon.in//pTron-Launched-Fusion-Bluetooth-Multi-Play/dp/B0D76YBGP6/ref=zg_bs_g_1389365031_d_sccl_12/261-0975833-5917763?psc=1,India,
Reviewed in India on 15 November 2024,amzn1.account.AGEYYO26B4TGIGLROC3TKO4TAIAQ,https://www.amazon.in/gp/profile/amzn1.account.AGEYYO26B4TGIGLROC3TKO4TAIAQ/ref=cm_cr_othr_d_gw_tr?ie=UTF8,4,Overall Good experience,R2TVHY08A6HCI2,https://www.amazon.in/gp/customer-reviews/R2TVHY08A6HCI2/ref=cm_cr_othr_d_rvw_ttl?ie=UTF8&ASIN=B0D76YBGP6,One person found this helpful,"The Speaker offers great sound quality and fun with its wirelessmic and rgb, but its 6-hour playtime could be longer.",True,False,[],2024-11-15,28,Colour: Light Blue,"[{'key': 'Colour', 'value': 'Light Blue'}]",,,https://www.amazon.in/product-reviews/B0D76YBGP6?pageNumber=4&filterByStar=all_stars&sortBy=helpful&formatType=all_formats&asin=B0D76YBGP6&reftag=cm_cr_arp_d_paging_btm_next_4&scope=reviewsAjax0,allStars,,B0D76YBGP6,B0D76YBGP6,B0D76YBGP6,"{'price': None, 'listPrice': None}",https://www.amazon.in//pTron-Launched-Fusion-Bluetooth-Multi-Play/dp/B0D76YBGP6/ref=zg_bs_g_1389365031_d_sccl_12/261-0975833-5917763?psc=1,India,
Reviewed in India on 25 January 2025,amzn1.account.AGVM7B7AZDOYRGKDRJVO35SCHUWQ,https://www.amazon.in/gp/profile/amzn1.account.AGVM7B7AZDOYRGKDRJVO35SCHUWQ/ref=cm_cr_othr_d_gw_tr?ie=UTF8,5,Karioke Speaker for kids,R29K7TU2CIQ802,https://www.amazon.in/gp/customer-reviews/R29K7TU2CIQ802/ref=cm_cr_othr_d_rvw_ttl?ie=UTF8&ASIN=B0D76YBGP6,,The product is good and my daughter loves it..good quality...,True,False,[],2025-01-25,29,Colour: Pink,"[{'key': 'Colour', 'value': 'Pink'}]",,,https://www.amazon.in/product-reviews/B0D76YBGP6?pageNumber=4&filterByStar=all_stars&sortBy=helpful&formatType=all_formats&asin=B0D76YBGP6&reftag=cm_cr_arp_d_paging_btm_next_4&scope=reviewsAjax0,allStars,,B0D76YBGP6,B0D76YBGP6,B0D76YBGP6,"{'price': None, 'listPrice': None}",https://www.amazon.in//pTron-Launched-Fusion-Bluetooth-Multi-Play/dp/B0D76YBGP6/ref=zg_bs_g_1389365031_d_sccl_12/261-0975833-5917763?psc=1,India,
Reviewed in India on 22 November 2024,amzn1.account.AEPL6WMSLK72323PCLKSMT5F4OPA,https://www.amazon.in/gp/profile/amzn1.account.AEPL6WMSLK72323PCLKSMT5F4OPA/ref=cm_cr_othr_d_gw_tr?ie=UTF8,4,Good quality,R15NNIJ9469OEP,https://www.amazon.in/gp/customer-reviews/R15NNIJ9469OEP/ref=cm_cr_othr_d_rvw_ttl?ie=UTF8&ASIN=B0D76YBGP6,,Good one,True,False,[],2024-11-22,30,Colour: Black,"[{'key': 'Colour', 'value': 'Black'}]",,,https://www.amazon.in/product-reviews/B0D76YBGP6?pageNumber=4&filterByStar=all_stars&sortBy=helpful&formatType=all_formats&asin=B0D76YBGP6&reftag=cm_cr_arp_d_paging_btm_next_4&scope=reviewsAjax0,allStars,,B0D76YBGP6,B0D76YBGP6,B0D76YBGP6,"{'price': None, 'listPrice': None}",https://www.amazon.in//pTron-Launched-Fusion-Bluetooth-Multi-Play/dp/B0D76YBGP6/ref=zg_bs_g_1389365031_d_sccl_12/261-0975833-5917763?psc=1,India,
Reviewed in India on 22 October 2024,amzn1.account.AGA3GYGIE3C5R4ALB3W2EZOWFX5A,https://www.amazon.in/gp/profile/amzn1.account.AGA3GYGIE3C5R4ALB3W2EZOWFX5A/ref=cm_cr_othr_d_gw_tr?ie=UTF8,4,Too Small - Lot of echo by default,R4YMGR3FW54PF,https://www.amazon.in/gp/customer-reviews/R4YMGR3FW54PF/ref=cm_cr_othr_d_rvw_ttl?ie=UTF8&ASIN=B0D76YBGP6,8 people found this helpful,UPDATE: Accidentally found out how to turn off the echo. Updated the rating to 4 Stars.The mic size is too small compared to what is shown in the description.There is a LOT of echo by default. There is no way to turn it off. This makes the product unusable. It is not mentioned anywhere in the description.,True,False,[],2024-10-22,31,Colour: Black /Cream,"[{'key': 'Colour', 'value': 'Black /Cream'}]",,,https://www.amazon.in/product-reviews/B0D76YBGP6?pageNumber=4&filterByStar=all_stars&sortBy=helpful&formatType=all_formats&asin=B0D76YBGP6&reftag=cm_cr_arp_d_paging_btm_next_4&scope=reviewsAjax0,allStars,,B0D76YBGP6,B0D76YBGP6,B0D76YBGP6,"{'price': None, 'listPrice': None}",https://www.amazon.in//pTron-Launched-Fusion-Bluetooth-Multi-Play/dp/B0D76YBGP6/ref=zg_bs_g_1389365031_d_sccl_12/261-0975833-5917763?psc=1,India,
Reviewed in India on 28 January 2025,amzn1.account.AFZR7N3MIOTOD47EECZ747INNYNQ,https://www.amazon.in/gp/profile/amzn1.account.AFZR7N3MIOTOD47EECZ747INNYNQ/ref=cm_cr_othr_d_gw_tr?ie=UTF8,5,Good,R3EJQS7Q7HYVII,https://www.amazon.in/gp/customer-reviews/R3EJQS7Q7HYVII/ref=cm_cr_othr_d_rvw_ttl?ie=UTF8&ASIN=B0D76YBGP6,,nice,True,False,[],2025-01-28,32,Colour: Pink,"[{'key': 'Colour', 'value': 'Pink'}]",,,https://www.amazon.in/product-reviews/B0D76YBGP6?pageNumber=4&filterByStar=all_stars&sortBy=helpful&formatType=all_formats&asin=B0D76YBGP6&reftag=cm_cr_arp_d_paging_btm_next_4&scope=reviewsAjax0,allStars,,B0D76YBGP6,B0D76YBGP6,B0D76YBGP6,"{'price': None, 'listPrice': None}",https://www.amazon.in//pTron-Launched-Fusion-Bluetooth-Multi-Play/dp/B0D76YBGP6/ref=zg_bs_g_1389365031_d_sccl_12/261-0975833-5917763?psc=1,India,
Reviewed in India on 7 December 2024,amzn1.account.AG5VKWZDLVMRAGTNZOTLVF63NPTQ,https://www.amazon.in/gp/profile/amzn1.account.AG5VKWZDLVMRAGTNZOTLVF63NPTQ/ref=cm_cr_othr_d_gw_tr?ie=UTF8,4,Amazing Speaker,RPV24LOA1XTEF,https://www.amazon.in/gp/customer-reviews/RPV24LOA1XTEF/ref=cm_cr_othr_d_rvw_ttl?ie=UTF8&ASIN=B0D76YBGP6,,This product is very nice.speaker output also very melodic.,True,False,[],2024-12-07,17,Colour: Jet Black,"[{'key': 'Colour', 'value': 'Jet Black'}]",,,https://www.amazon.in/product-reviews/B0D76YBGP6?pageNumber=3&filterByStar=all_stars&sortBy=helpful&formatType=all_formats&asin=B0D76YBGP6&reftag=cm_cr_arp_d_paging_btm_next_3&scope=reviewsAjax0,allStars,,B0D76YBGP6,B0D76YBGP6,B0D76YBGP6,"{'price': None, 'listPrice': None}",https://www.amazon.in//pTron-Launched-Fusion-Bluetooth-Multi-Play/dp/B0D76YBGP6/ref=zg_bs_g_1389365031_d_sccl_12/261-0975833-5917763?psc=1,India,
Reviewed in India on 23 January 2025,amzn1.account.AFDA2FLNT44UR4MJJYRX77PHXSPQ,https://www.amazon.in/gp/profile/amzn1.account.AFDA2FLNT44UR4MJJYRX77PHXSPQ/ref=cm_cr_othr_d_gw_tr?ie=UTF8,3,"Low volume, battery drains quickly, don't buy",R33IQQ2SUJ6ULW,https://www.amazon.in/gp/customer-reviews/R33IQQ2SUJ6ULW/ref=cm_cr_othr_d_rvw_ttl?ie=UTF8&ASIN=B0D76YBGP6,,"Volume is not up to the satisfaction, battery drains quickly, no return or replacement if product is ok",True,False,[],2025-01-23,18,Colour: Pink,"[{'key': 'Colour', 'value': 'Pink'}]",,,https://www.amazon.in/product-reviews/B0D76YBGP6?pageNumber=3&filterByStar=all_stars&sortBy=helpful&formatType=all_formats&asin=B0D76YBGP6&reftag=cm_cr_arp_d_paging_btm_next_3&scope=reviewsAjax0,allStars,,B0D76YBGP6,B0D76YBGP6,B0D76YBGP6,"{'price': None, 'listPrice': None}",https://www.amazon.in//pTron-Launched-Fusion-Bluetooth-Multi-Play/dp/B0D76YBGP6/ref=zg_bs_g_1389365031_d_sccl_12/261-0975833-5917763?psc=1,India,
Reviewed in India on 2 December 2024,amzn1.account.AGJETL4ZDSEKDZIJCVZER2XNLCZQ,https://www.amazon.in/gp/profile/amzn1.account.AGJETL4ZDSEKDZIJCVZER2XNLCZQ/ref=cm_cr_othr_d_gw_tr?ie=UTF8,4,"Sound quality is good, Normal bluetooth speaker",RE6GF2B72K6EI,https://www.amazon.in/gp/customer-reviews/RE6GF2B72K6EI/ref=cm_cr_othr_d_rvw_ttl?ie=UTF8&ASIN=B0D76YBGP6,,"MIC is best, speaker Sound quality is good, Normal bluetooth speaker do not expect fine quality",True,False,[],2024-12-02,19,Colour: Blue,"[{'key': 'Colour', 'value': 'Blue'}]",,,https://www.amazon.in/product-reviews/B0D76YBGP6?pageNumber=3&filterByStar=all_stars&sortBy=helpful&formatType=all_formats&asin=B0D76YBGP6&reftag=cm_cr_arp_d_paging_btm_next_3&scope=reviewsAjax0,allStars,,B0D76YBGP6,B0D76YBGP6,B0D76YBGP6,"{'price': None, 'listPrice': None}",https://www.amazon.in//pTron-Launched-Fusion-Bluetooth-Multi-Play/dp/B0D76YBGP6/ref=zg_bs_g_1389365031_d_sccl_12/261-0975833-5917763?psc=1,India,
Reviewed in India on 26 January 2025,amzn1.account.AH3MGV2XX4C3VIB3CGZLCWKERLZA,https://www.amazon.in/gp/profile/amzn1.account.AH3MGV2XX4C3VIB3CGZLCWKERLZA/ref=cm_cr_othr_d_gw_tr?ie=UTF8,3,Sound of the 🎤 is very good,R6DT0R877JTVD,https://www.amazon.in/gp/customer-reviews/R6DT0R877JTVD/ref=cm_cr_othr_d_rvw_ttl?ie=UTF8&ASIN=B0D76YBGP6,,It's size is too small,True,False,[],2025-01-26,20,Colour: Blue,"[{'key': 'Colour', 'value': 'Blue'}]",,,https://www.amazon.in/product-reviews/B0D76YBGP6?pageNumber=3&filterByStar=all_stars&sortBy=helpful&formatType=all_formats&asin=B0D76YBGP6&reftag=cm_cr_arp_d_paging_btm_next_3&scope=reviewsAjax0,allStars,,B0D76YBGP6,B0D76YBGP6,B0D76YBGP6,"{'price': None, 'listPrice': None}",https://www.amazon.in//pTron-Launched-Fusion-Bluetooth-Multi-Play/dp/B0D76YBGP6/ref=zg_bs_g_1389365031_d_sccl_12/261-0975833-5917763?psc=1,India,
Reviewed in India on 28 November 2024,amzn1.account.AEQONUX2EJ3NYGLXAMXEBNB4TKVQ,https://www.amazon.in/gp/profile/amzn1.account.AEQONUX2EJ3NYGLXAMXEBNB4TKVQ/ref=cm_cr_othr_d_gw_tr?ie=UTF8,4,Very good product,R84Q8ZKSXL5UD,https://www.amazon.in/gp/customer-reviews/R84Q8ZKSXL5UD/ref=cm_cr_othr_d_rvw_ttl?ie=UTF8&ASIN=B0D76YBGP6,,It's very good product 👍I am Satisfy with this product,True,False,[],2024-11-28,21,Colour: Black,"[{'key': 'Colour', 'value': 'Black'}]",,,https://www.amazon.in/product-reviews/B0D76YBGP6?pageNumber=3&filterByStar=all_stars&sortBy=helpful&formatType=all_formats&asin=B0D76YBGP6&reftag=cm_cr_arp_d_paging_btm_next_3&scope=reviewsAjax0,allStars,,B0D76YBGP6,B0D76YBGP6,B0D76YBGP6,"{'price': None, 'listPrice': None}",https://www.amazon.in//pTron-Launched-Fusion-Bluetooth-Multi-Play/dp/B0D76YBGP6/ref=zg_bs_g_1389365031_d_sccl_12/261-0975833-5917763?psc=1,India,
Reviewed in India on 29 January 2025,amzn1.account.AEFEQGJNPWFRQN4V56JCLNSVROEA,https://www.amazon.in/gp/profile/amzn1.account.AEFEQGJNPWFRQN4V56JCLNSVROEA/ref=cm_cr_othr_d_gw_tr?ie=UTF8,5,Quality and need,RB6IM1DTHRL41,https://www.amazon.in/gp/customer-reviews/RB6IM1DTHRL41/ref=cm_cr_othr_d_rvw_ttl?ie=UTF8&ASIN=B0D76YBGP6,,Sir the product is very good.Can I get an additional mic .for this product?,True,False,[],2025-01-29,22,Colour: Cream Pink,"[{'key': 'Colour', 'value': 'Cream Pink'}]",,,https://www.amazon.in/product-reviews/B0D76YBGP6?pageNumber=3&filterByStar=all_stars&sortBy=helpful&formatType=all_formats&asin=B0D76YBGP6&reftag=cm_cr_arp_d_paging_btm_next_3&scope=reviewsAjax0,allStars,,B0D76YBGP6,B0D76YBGP6,B0D76YBGP6,"{'price': None, 'listPrice': None}",https://www.amazon.in//pTron-Launched-Fusion-Bluetooth-Multi-Play/dp/B0D76YBGP6/ref=zg_bs_g_1389365031_d_sccl_12/261-0975833-5917763?psc=1,India,
Reviewed in India on 27 January 2025,amzn1.account.AFGDPH5VGLGJ6W6ZWBVX47IDYOGA,https://www.amazon.in/gp/profile/amzn1.account.AFGDPH5VGLGJ6W6ZWBVX47IDYOGA/ref=cm_cr_othr_d_gw_tr?ie=UTF8,5,Very good sound.,RO9MSZ9UALDH9,https://www.amazon.in/gp/customer-reviews/RO9MSZ9UALDH9/ref=cm_cr_othr_d_rvw_ttl?ie=UTF8&ASIN=B0D76YBGP6,,It was a birthday gift for my grand daughter. It enjoyed it. Using it while playing with her friends and singing.,True,False,[],2025-01-27,23,Colour: Pink,"[{'key': 'Colour', 'value': 'Pink'}]",,,https://www.amazon.in/product-reviews/B0D76YBGP6?pageNumber=3&filterByStar=all_stars&sortBy=helpful&formatType=all_formats&asin=B0D76YBGP6&reftag=cm_cr_arp_d_paging_btm_next_3&scope=reviewsAjax0,allStars,,B0D76YBGP6,B0D76YBGP6,B0D76YBGP6,"{'price': None, 'listPrice': None}",https://www.amazon.in//pTron-Launched-Fusion-Bluetooth-Multi-Play/dp/B0D76YBGP6/ref=zg_bs_g_1389365031_d_sccl_12/261-0975833-5917763?psc=1,India,
Reviewed in India on 26 January 2025,amzn1.account.AH5D5UZIAIJCNAT4LZWK6QQ5VV4Q,https://www.amazon.in/gp/profile/amzn1.account.AH5D5UZIAIJCNAT4LZWK6QQ5VV4Q/ref=cm_cr_othr_d_gw_tr?ie=UTF8,5,Eska valum kam v to mujhe dusra chahiye,RKMCD01K92XST,https://www.amazon.in/gp/customer-reviews/RKMCD01K92XST/ref=cm_cr_othr_d_rvw_ttl?ie=UTF8&ASIN=B0D76YBGP6,,Mai es product ko valum jayda tha esliye maine order KiyaMujhe dusra chahiye,True,False,['https://m.media-amazon.com/images/I/616ghkJYAPL._SY88.jpg'],2025-01-26,24,Colour: Light Pink,"[{'key': 'Colour', 'value': 'Light Pink'}]",,,https://www.amazon.in/product-reviews/B0D76YBGP6?pageNumber=3&filterByStar=all_stars&sortBy=helpful&formatType=all_formats&asin=B0D76YBGP6&reftag=cm_cr_arp_d_paging_btm_next_3&scope=reviewsAjax0,allStars,,B0D76YBGP6,B0D76YBGP6,B0D76YBGP6,"{'price': None, 'listPrice': None}",https://www.amazon.in//pTron-Launched-Fusion-Bluetooth-Multi-Play/dp/B0D76YBGP6/ref=zg_bs_g_1389365031_d_sccl_12/261-0975833-5917763?psc=1,India,
Reviewed in India on 30 September 2024,amzn1.account.AGB7GW2WW76NSNO46VUOQWH6S72A,https://www.amazon.in/gp/profile/amzn1.account.AGB7GW2WW76NSNO46VUOQWH6S72A/ref=cm_cr_othr_d_gw_tr?ie=UTF8,4,Loud and echoes a bit,R3OH7TUSYWK4X4,https://www.amazon.in/gp/customer-reviews/R3OH7TUSYWK4X4/ref=cm_cr_othr_d_rvw_ttl?ie=UTF8&ASIN=B0D76YBGP6,12 people found this helpful,"The media could not be loaded.
                
            
                
            
            
        
    
    








  
  
     Well my kids are extremely happy with the product and the product is just so mini and light weight just perfect for kids ,looks great,feels great and easy to use and easy on the pockets as well. The down side is it echoes.",True,False,[],2024-09-30,65,Colour: Pink,"[{'key': 'Colour', 'value': 'Pink'}]",,,https://www.amazon.in/product-reviews/B0D76YBGP6?pageNumber=9&filterByStar=all_stars&sortBy=helpful&formatType=all_formats&asin=B0D76YBGP6&reftag=cm_cr_arp_d_paging_btm_next_9&scope=reviewsAjax0,allStars,,B0D76YBGP6,B0D76YBGP6,B0D76YBGP6,"{'price': None, 'listPrice': None}",https://www.amazon.in//pTron-Launched-Fusion-Bluetooth-Multi-Play/dp/B0D76YBGP6/ref=zg_bs_g_1389365031_d_sccl_12/261-0975833-5917763?psc=1,India,
Reviewed in India on 15 October 2024,amzn1.account.AE62GQ2TCKS6QIESMVD6BGKPBIKQ,https://www.amazon.in/gp/profile/amzn1.account.AE62GQ2TCKS6QIESMVD6BGKPBIKQ/ref=cm_cr_othr_d_gw_tr?ie=UTF8,4,Nice sound👍,R3MTUUYMX9BMFO,https://www.amazon.in/gp/customer-reviews/R3MTUUYMX9BMFO/ref=cm_cr_othr_d_rvw_ttl?ie=UTF8&ASIN=B0D76YBGP6,,Good sound but no base👎children Love's this music box👍,True,False,[],2024-10-15,66,Colour: Cream Blue,"[{'key': 'Colour', 'value': 'Cream Blue'}]",,,https://www.amazon.in/product-reviews/B0D76YBGP6?pageNumber=9&filterByStar=all_stars&sortBy=helpful&formatType=all_formats&asin=B0D76YBGP6&reftag=cm_cr_arp_d_paging_btm_next_9&scope=reviewsAjax0,allStars,,B0D76YBGP6,B0D76YBGP6,B0D76YBGP6,"{'price': None, 'listPrice': None}",https://www.amazon.in//pTron-Launched-Fusion-Bluetooth-Multi-Play/dp/B0D76YBGP6/ref=zg_bs_g_1389365031_d_sccl_12/261-0975833-5917763?psc=1,India,
Reviewed in India on 20 October 2024,amzn1.account.AGYCPBN4LD66ACFGAFBNPQHHOY3A,https://www.amazon.in/gp/profile/amzn1.account.AGYCPBN4LD66ACFGAFBNPQHHOY3A/ref=cm_cr_othr_d_gw_tr?ie=UTF8,4,Thumbs up!,RT71L0P962F6H,https://www.amazon.in/gp/customer-reviews/RT71L0P962F6H/ref=cm_cr_othr_d_rvw_ttl?ie=UTF8&ASIN=B0D76YBGP6,,Highly satisfied. Recommended to others.,True,False,[],2024-10-20,67,Colour: Black,"[{'key': 'Colour', 'value': 'Black'}]",,,https://www.amazon.in/product-reviews/B0D76YBGP6?pageNumber=9&filterByStar=all_stars&sortBy=helpful&formatType=all_formats&asin=B0D76YBGP6&reftag=cm_cr_arp_d_paging_btm_next_9&scope=reviewsAjax0,allStars,,B0D76YBGP6,B0D76YBGP6,B0D76YBGP6,"{'price': None, 'listPrice': None}",https://www.amazon.in//pTron-Launched-Fusion-Bluetooth-Multi-Play/dp/B0D76YBGP6/ref=zg_bs_g_1389365031_d_sccl_12/261-0975833-5917763?psc=1,India,
Reviewed in India on 10 October 2024,amzn1.account.AFRYWCEC5MUEPVONMDVJBDJH45TA,https://www.amazon.in/gp/profile/amzn1.account.AFRYWCEC5MUEPVONMDVJBDJH45TA/ref=cm_cr_othr_d_gw_tr?ie=UTF8,4,Ptron bluetooth speaker with mic,R1HU39CLVYIS1P,https://www.amazon.in/gp/customer-reviews/R1HU39CLVYIS1P/ref=cm_cr_othr_d_rvw_ttl?ie=UTF8&ASIN=B0D76YBGP6,,Worth buying. The quality of speaker is good. Easy to operate. Worth it for this price.,True,False,[],2024-10-10,68,Colour: Pink,"[{'key': 'Colour', 'value': 'Pink'}]",,,https://www.amazon.in/product-reviews/B0D76YBGP6?pageNumber=9&filterByStar=all_stars&sortBy=helpful&formatType=all_formats&asin=B0D76YBGP6&reftag=cm_cr_arp_d_paging_btm_next_9&scope=reviewsAjax0,allStars,,B0D76YBGP6,B0D76YBGP6,B0D76YBGP6,"{'price': None, 'listPrice': None}",https://www.amazon.in//pTron-Launched-Fusion-Bluetooth-Multi-Play/dp/B0D76YBGP6/ref=zg_bs_g_1389365031_d_sccl_12/261-0975833-5917763?psc=1,India,
Reviewed in India on 9 October 2024,amzn1.account.AFGEIQ3R5WIH4CFVQYFB2UANHEUA,https://www.amazon.in/gp/profile/amzn1.account.AFGEIQ3R5WIH4CFVQYFB2UANHEUA/ref=cm_cr_othr_d_gw_tr?ie=UTF8,4,Best for karaoke,RU682TW0UBBJQ,https://www.amazon.in/gp/customer-reviews/RU682TW0UBBJQ/ref=cm_cr_othr_d_rvw_ttl?ie=UTF8&ASIN=B0D76YBGP6,One person found this helpful,Mic is working very nice.. according to size of speaker gives a good mic 🎤 volume.but littlebit for songs sound quality is average.this is best for karaoke.. entertainment in home.,True,False,[],2024-10-09,69,Colour: Black,"[{'key': 'Colour', 'value': 'Black'}]",,,https://www.amazon.in/product-reviews/B0D76YBGP6?pageNumber=9&filterByStar=all_stars&sortBy=helpful&formatType=all_formats&asin=B0D76YBGP6&reftag=cm_cr_arp_d_paging_btm_next_9&scope=reviewsAjax0,allStars,,B0D76YBGP6,B0D76YBGP6,B0D76YBGP6,"{'price': None, 'listPrice': None}",https://www.amazon.in//pTron-Launched-Fusion-Bluetooth-Multi-Play/dp/B0D76YBGP6/ref=zg_bs_g_1389365031_d_sccl_12/261-0975833-5917763?psc=1,India,
Reviewed in India on 15 November 2024,amzn1.account.AGMTQAUZBJWQ5WS5ZGMFAZUUC4BA,https://www.amazon.in/gp/profile/amzn1.account.AGMTQAUZBJWQ5WS5ZGMFAZUUC4BA/ref=cm_cr_othr_d_gw_tr?ie=UTF8,3,Mic is not good at all. Sound output bad,R2ZU07F8H4MOD,https://www.amazon.in/gp/customer-reviews/R2ZU07F8H4MOD/ref=cm_cr_othr_d_rvw_ttl?ie=UTF8&ASIN=B0D76YBGP6,,Cordless mic is very low in quality. Not capturing voice properly. BT range is not good. This is only good to listen songs as a speaker. Karaoke is totally a rubbish.,True,False,[],2024-11-15,70,Colour: Jet Black,"[{'key': 'Colour', 'value': 'Jet Black'}]",,,https://www.amazon.in/product-reviews/B0D76YBGP6?pageNumber=9&filterByStar=all_stars&sortBy=helpful&formatType=all_formats&asin=B0D76YBGP6&reftag=cm_cr_arp_d_paging_btm_next_9&scope=reviewsAjax0,allStars,,B0D76YBGP6,B0D76YBGP6,B0D76YBGP6,"{'price': None, 'listPrice': None}",https://www.amazon.in//pTron-Launched-Fusion-Bluetooth-Multi-Play/dp/B0D76YBGP6/ref=zg_bs_g_1389365031_d_sccl_12/261-0975833-5917763?psc=1,India,
Reviewed in India on 7 October 2024,amzn1.account.AGYVKYILWV2NZE6SY6TUSPTFQTZA,https://www.amazon.in/gp/profile/amzn1.account.AGYVKYILWV2NZE6SY6TUSPTFQTZA/ref=cm_cr_othr_d_gw_tr?ie=UTF8,4,Compact and make quality is good,R13R0FMIT2O0SZ,https://www.amazon.in/gp/customer-reviews/R13R0FMIT2O0SZ/ref=cm_cr_othr_d_rvw_ttl?ie=UTF8&ASIN=B0D76YBGP6,,"Good for kids and small working cabins, and relaxation places. Mic quality is not so good.",True,False,[],2024-10-07,71,Colour: Black,"[{'key': 'Colour', 'value': 'Black'}]",,,https://www.amazon.in/product-reviews/B0D76YBGP6?pageNumber=9&filterByStar=all_stars&sortBy=helpful&formatType=all_formats&asin=B0D76YBGP6&reftag=cm_cr_arp_d_paging_btm_next_9&scope=reviewsAjax0,allStars,,B0D76YBGP6,B0D76YBGP6,B0D76YBGP6,"{'price': None, 'listPrice': None}",https://www.amazon.in//pTron-Launched-Fusion-Bluetooth-Multi-Play/dp/B0D76YBGP6/ref=zg_bs_g_1389365031_d_sccl_12/261-0975833-5917763?psc=1,India,
Reviewed in India on 20 September 2024,amzn1.account.AHZTIHDZWXXGRV4FVCDOLBGJOMDA,https://www.amazon.in/gp/profile/amzn1.account.AHZTIHDZWXXGRV4FVCDOLBGJOMDA/ref=cm_cr_othr_d_gw_tr?ie=UTF8,4,For kids,RI0ZFXG6D0UJ8,https://www.amazon.in/gp/customer-reviews/RI0ZFXG6D0UJ8/ref=cm_cr_othr_d_rvw_ttl?ie=UTF8&ASIN=B0D76YBGP6,One person found this helpful,Nice product bil quality 👍🏼 my kid is  enjoying 😎 sound nd bace equal nd clear audio nd 1 disadvantage is no option for USB only bluetooth nd sd card 😔 fainaly product is 💯 super,True,False,['https://m.media-amazon.com/images/I/61DV3Tc2LxL._SY88.jpg'],2024-09-20,72,Colour: Black,"[{'key': 'Colour', 'value': 'Black'}]",,,https://www.amazon.in/product-reviews/B0D76YBGP6?pageNumber=9&filterByStar=all_stars&sortBy=helpful&formatType=all_formats&asin=B0D76YBGP6&reftag=cm_cr_arp_d_paging_btm_next_9&scope=reviewsAjax0,allStars,,B0D76YBGP6,B0D76YBGP6,B0D76YBGP6,"{'price': None, 'listPrice': None}",https://www.amazon.in//pTron-Launched-Fusion-Bluetooth-Multi-Play/dp/B0D76YBGP6/ref=zg_bs_g_1389365031_d_sccl_12/261-0975833-5917763?psc=1,India,
Reviewed in India on 31 December 2024,amzn1.account.AHERXZZNPHUNIT4IMZIIRBRG36KA,https://www.amazon.in/gp/profile/amzn1.account.AHERXZZNPHUNIT4IMZIIRBRG36KA/ref=cm_cr_othr_d_gw_tr?ie=UTF8,5,Party speaker,RXF7ULL1N3LMA,https://www.amazon.in/gp/customer-reviews/RXF7ULL1N3LMA/ref=cm_cr_othr_d_rvw_ttl?ie=UTF8&ASIN=B0D76YBGP6,,"Size, colur, texture soo beautiful, quality is good, easy to carry for short party 🎉🥳",True,False,['https://m.media-amazon.com/images/I/715GGkuK-7L._SY88.jpg'],2024-12-31,57,Colour: Cream Pink,"[{'key': 'Colour', 'value': 'Cream Pink'}]",,,https://www.amazon.in/product-reviews/B0D76YBGP6?pageNumber=8&filterByStar=all_stars&sortBy=helpful&formatType=all_formats&asin=B0D76YBGP6&reftag=cm_cr_arp_d_paging_btm_next_8&scope=reviewsAjax0,allStars,,B0D76YBGP6,B0D76YBGP6,B0D76YBGP6,"{'price': None, 'listPrice': None}",https://www.amazon.in//pTron-Launched-Fusion-Bluetooth-Multi-Play/dp/B0D76YBGP6/ref=zg_bs_g_1389365031_d_sccl_12/261-0975833-5917763?psc=1,India,
Reviewed in India on 5 January 2025,amzn1.account.AFDLBVCUCADXCA6462IP7LI5G7BQ,https://www.amazon.in/gp/profile/amzn1.account.AFDLBVCUCADXCA6462IP7LI5G7BQ/ref=cm_cr_othr_d_gw_tr?ie=UTF8,5,Ptron speeker,R2XJCHU8RNAXD0,https://www.amazon.in/gp/customer-reviews/R2XJCHU8RNAXD0/ref=cm_cr_othr_d_rvw_ttl?ie=UTF8&ASIN=B0D76YBGP6,,Mind-blowing product literally chota packet bada dhamal thnku Amazon,True,False,[],2025-01-05,58,Colour: Pink,"[{'key': 'Colour', 'value': 'Pink'}]",,,https://www.amazon.in/product-reviews/B0D76YBGP6?pageNumber=8&filterByStar=all_stars&sortBy=helpful&formatType=all_formats&asin=B0D76YBGP6&reftag=cm_cr_arp_d_paging_btm_next_8&scope=reviewsAjax0,allStars,,B0D76YBGP6,B0D76YBGP6,B0D76YBGP6,"{'price': None, 'listPrice': None}",https://www.amazon.in//pTron-Launched-Fusion-Bluetooth-Multi-Play/dp/B0D76YBGP6/ref=zg_bs_g_1389365031_d_sccl_12/261-0975833-5917763?psc=1,India,
Reviewed in India on 21 October 2024,amzn1.account.AGGCKPR7R445GU7ZYMWMCFD5QAWA,https://www.amazon.in/gp/profile/amzn1.account.AGGCKPR7R445GU7ZYMWMCFD5QAWA/ref=cm_cr_othr_d_gw_tr?ie=UTF8,4,Good Product,R3CAJX597SLD33,https://www.amazon.in/gp/customer-reviews/R3CAJX597SLD33/ref=cm_cr_othr_d_rvw_ttl?ie=UTF8&ASIN=B0D76YBGP6,,"Easy to use, Mic and Speaker Both are Good",True,False,[],2024-10-21,59,Colour: Blue,"[{'key': 'Colour', 'value': 'Blue'}]",,,https://www.amazon.in/product-reviews/B0D76YBGP6?pageNumber=8&filterByStar=all_stars&sortBy=helpful&formatType=all_formats&asin=B0D76YBGP6&reftag=cm_cr_arp_d_paging_btm_next_8&scope=reviewsAjax0,allStars,,B0D76YBGP6,B0D76YBGP6,B0D76YBGP6,"{'price': None, 'listPrice': None}",https://www.amazon.in//pTron-Launched-Fusion-Bluetooth-Multi-Play/dp/B0D76YBGP6/ref=zg_bs_g_1389365031_d_sccl_12/261-0975833-5917763?psc=1,India,
Reviewed in India on 14 October 2024,amzn1.account.AH6DRKZMMHWKRV7O6PV63FGPZM5A,https://www.amazon.in/gp/profile/amzn1.account.AH6DRKZMMHWKRV7O6PV63FGPZM5A/ref=cm_cr_othr_d_gw_tr?ie=UTF8,4,Place mic at some distance,RCQQY4PBTG1RR,https://www.amazon.in/gp/customer-reviews/RCQQY4PBTG1RR/ref=cm_cr_othr_d_rvw_ttl?ie=UTF8&ASIN=B0D76YBGP6,,Mike should be at some distance from speaker so there won't be disturbance. Good product and little echo is coming. Should be manageable.,True,False,[],2024-10-14,60,Colour: Cream Blue,"[{'key': 'Colour', 'value': 'Cream Blue'}]",,,https://www.amazon.in/product-reviews/B0D76YBGP6?pageNumber=8&filterByStar=all_stars&sortBy=helpful&formatType=all_formats&asin=B0D76YBGP6&reftag=cm_cr_arp_d_paging_btm_next_8&scope=reviewsAjax0,allStars,,B0D76YBGP6,B0D76YBGP6,B0D76YBGP6,"{'price': None, 'listPrice': None}",https://www.amazon.in//pTron-Launched-Fusion-Bluetooth-Multi-Play/dp/B0D76YBGP6/ref=zg_bs_g_1389365031_d_sccl_12/261-0975833-5917763?psc=1,India,
Reviewed in India on 29 November 2024,amzn1.account.AERTOZZ43KW6JU3FNTQ3USEWHHLQ,https://www.amazon.in/gp/profile/amzn1.account.AERTOZZ43KW6JU3FNTQ3USEWHHLQ/ref=cm_cr_othr_d_gw_tr?ie=UTF8,5,"I bought 10W, it's loud.",R1C51ZT7X13VEY,https://www.amazon.in/gp/customer-reviews/R1C51ZT7X13VEY/ref=cm_cr_othr_d_rvw_ttl?ie=UTF8&ASIN=B0D76YBGP6,,"10W sound is loud enough and interesting. We can play music connecting to Bluetooth. Speaker plays music and at the same time we can play along using the speaker meaning both sound are played together making an interesting mess. That's very interesting. My son really enjoyed and it was making the entire home loud in the first two days. This product was so successful in a way my sister also ordered another one, a different similar product which wasn't loud enough. Anyway go for it.. it's interesting.",True,False,[],2024-11-29,61,Colour: Pink,"[{'key': 'Colour', 'value': 'Pink'}]",,,https://www.amazon.in/product-reviews/B0D76YBGP6?pageNumber=8&filterByStar=all_stars&sortBy=helpful&formatType=all_formats&asin=B0D76YBGP6&reftag=cm_cr_arp_d_paging_btm_next_8&scope=reviewsAjax0,allStars,,B0D76YBGP6,B0D76YBGP6,B0D76YBGP6,"{'price': None, 'listPrice': None}",https://www.amazon.in//pTron-Launched-Fusion-Bluetooth-Multi-Play/dp/B0D76YBGP6/ref=zg_bs_g_1389365031_d_sccl_12/261-0975833-5917763?psc=1,India,
Reviewed in India on 18 November 2024,amzn1.account.AHEPNSEYJWKHCG5MN46HJ4NWV6SA,https://www.amazon.in/gp/profile/amzn1.account.AHEPNSEYJWKHCG5MN46HJ4NWV6SA/ref=cm_cr_othr_d_gw_tr?ie=UTF8,5,Amazing sound and mic,R2WGP8B426ESZ7,https://www.amazon.in/gp/customer-reviews/R2WGP8B426ESZ7/ref=cm_cr_othr_d_rvw_ttl?ie=UTF8&ASIN=B0D76YBGP6,,"Received yesterday and used today for gift distribution program at my school almost for an hour. And listeners asked me to purchase this product for them immediately.What a super quality product is this. All functions like connectivity, sound volume, adjustable echo system are just awesome. Mic and sound sizes and shapes are very pretty.1) it is very helpful for speeches. ( I have purchased it especially for speeches)2) Useful for music listening3) karaoke singing can be done also.It would be injustice with this product if I would not give 5 stars.So 5 stars from me to this 'छोटा पॅकेट, बडा धमाका.'",True,False,[],2024-11-18,62,Colour: Blue,"[{'key': 'Colour', 'value': 'Blue'}]",,,https://www.amazon.in/product-reviews/B0D76YBGP6?pageNumber=8&filterByStar=all_stars&sortBy=helpful&formatType=all_formats&asin=B0D76YBGP6&reftag=cm_cr_arp_d_paging_btm_next_8&scope=reviewsAjax0,allStars,,B0D76YBGP6,B0D76YBGP6,B0D76YBGP6,"{'price': None, 'listPrice': None}",https://www.amazon.in//pTron-Launched-Fusion-Bluetooth-Multi-Play/dp/B0D76YBGP6/ref=zg_bs_g_1389365031_d_sccl_12/261-0975833-5917763?psc=1,India,
Reviewed in India on 27 November 2024,amzn1.account.AHQYTKPOCXDLN7T5U442UNVL7GXQ,https://www.amazon.in/gp/profile/amzn1.account.AHQYTKPOCXDLN7T5U442UNVL7GXQ/ref=cm_cr_othr_d_gw_tr?ie=UTF8,3,Sound is average,R344Q9BUZSQ65,https://www.amazon.in/gp/customer-reviews/R344Q9BUZSQ65/ref=cm_cr_othr_d_rvw_ttl?ie=UTF8&ASIN=B0D76YBGP6,One person found this helpful,"Its not works like 20 watt, secondly the sound quality is very basic compare to orher products of similar capacity. Also there is no return policy...so order carefully",True,False,['https://m.media-amazon.com/images/I/71AGVcw1w-L._SY88.jpg'],2024-11-27,63,Colour: Cream/Black,"[{'key': 'Colour', 'value': 'Cream/Black'}]",,,https://www.amazon.in/product-reviews/B0D76YBGP6?pageNumber=8&filterByStar=all_stars&sortBy=helpful&formatType=all_formats&asin=B0D76YBGP6&reftag=cm_cr_arp_d_paging_btm_next_8&scope=reviewsAjax0,allStars,,B0D76YBGP6,B0D76YBGP6,B0D76YBGP6,"{'price': None, 'listPrice': None}",https://www.amazon.in//pTron-Launched-Fusion-Bluetooth-Multi-Play/dp/B0D76YBGP6/ref=zg_bs_g_1389365031_d_sccl_12/261-0975833-5917763?psc=1,India,
Reviewed in India on 17 December 2024,amzn1.account.AFYCOOHOYQ32MXOHWU7MIRQ75IWA,https://www.amazon.in/gp/profile/amzn1.account.AFYCOOHOYQ32MXOHWU7MIRQ75IWA/ref=cm_cr_othr_d_gw_tr?ie=UTF8,5,Awesome product,R32PIP1ZZLLV5G,https://www.amazon.in/gp/customer-reviews/R32PIP1ZZLLV5G/ref=cm_cr_othr_d_rvw_ttl?ie=UTF8&ASIN=B0D76YBGP6,,"The product is very nice and can be used in many ways. For parties, practice for your kids elocution, prayer etc. A must buy product.",True,False,[],2024-12-17,64,Colour: Jet Black,"[{'key': 'Colour', 'value': 'Jet Black'}]",,,https://www.amazon.in/product-reviews/B0D76YBGP6?pageNumber=8&filterByStar=all_stars&sortBy=helpful&formatType=all_formats&asin=B0D76YBGP6&reftag=cm_cr_arp_d_paging_btm_next_8&scope=reviewsAjax0,allStars,,B0D76YBGP6,B0D76YBGP6,B0D76YBGP6,"{'price': None, 'listPrice': None}",https://www.amazon.in//pTron-Launched-Fusion-Bluetooth-Multi-Play/dp/B0D76YBGP6/ref=zg_bs_g_1389365031_d_sccl_12/261-0975833-5917763?psc=1,India,
Reviewed in India on 6 October 2024,amzn1.account.AEPLC63JZ2SD5L2N66LYH4ZQKLCA,https://www.amazon.in/gp/profile/amzn1.account.AEPLC63JZ2SD5L2N66LYH4ZQKLCA/ref=cm_cr_othr_d_gw_tr?ie=UTF8,4,Value for money buy it🤵,R3AJBDV4QAKHQH,https://www.amazon.in/gp/customer-reviews/R3AJBDV4QAKHQH/ref=cm_cr_othr_d_rvw_ttl?ie=UTF8&ASIN=B0D76YBGP6,11 people found this helpful,"The media could not be loaded.
                
            
                
            
        
    
    








  
  
     very nice value for money battery backup 60% volume upto 5- 6 hour and 100% battery backup used to approx 3hour is amazing I'm using 1 week this speaker is valuable for money 📸💯💯💯1 rating minus because packaging not good but over all amazing go for it.",True,False,['https://m.media-amazon.com/images/I/61GcRg+0GsL._SY88.jpg'],2024-10-06,49,Colour: Light Cream,"[{'key': 'Colour', 'value': 'Light Cream'}]",,,https://www.amazon.in/product-reviews/B0D76YBGP6?pageNumber=7&filterByStar=all_stars&sortBy=helpful&formatType=all_formats&asin=B0D76YBGP6&reftag=cm_cr_arp_d_paging_btm_next_7&scope=reviewsAjax0,allStars,,B0D76YBGP6,B0D76YBGP6,B0D76YBGP6,"{'price': None, 'listPrice': None}",https://www.amazon.in//pTron-Launched-Fusion-Bluetooth-Multi-Play/dp/B0D76YBGP6/ref=zg_bs_g_1389365031_d_sccl_12/261-0975833-5917763?psc=1,India,
Reviewed in India on 19 December 2024,amzn1.account.AG337CVE62ZZOUGGSJGTBKM562PQ,https://www.amazon.in/gp/profile/amzn1.account.AG337CVE62ZZOUGGSJGTBKM562PQ/ref=cm_cr_othr_d_gw_tr?ie=UTF8,3,Nice product,R3SY4E51CT6K8W,https://www.amazon.in/gp/customer-reviews/R3SY4E51CT6K8W/ref=cm_cr_othr_d_rvw_ttl?ie=UTF8&ASIN=B0D76YBGP6,,Good product,True,False,[],2024-12-19,50,Colour: Black,"[{'key': 'Colour', 'value': 'Black'}]",,,https://www.amazon.in/product-reviews/B0D76YBGP6?pageNumber=7&filterByStar=all_stars&sortBy=helpful&formatType=all_formats&asin=B0D76YBGP6&reftag=cm_cr_arp_d_paging_btm_next_7&scope=reviewsAjax0,allStars,,B0D76YBGP6,B0D76YBGP6,B0D76YBGP6,"{'price': None, 'listPrice': None}",https://www.amazon.in//pTron-Launched-Fusion-Bluetooth-Multi-Play/dp/B0D76YBGP6/ref=zg_bs_g_1389365031_d_sccl_12/261-0975833-5917763?psc=1,India,
Reviewed in India on 21 October 2024,amzn1.account.AHMH76ELWFQD2FQKMLVZCAH2MPFA,https://www.amazon.in/gp/profile/amzn1.account.AHMH76ELWFQD2FQKMLVZCAH2MPFA/ref=cm_cr_othr_d_gw_tr?ie=UTF8,4,Nice Product,R1LVJY94SQSVTH,https://www.amazon.in/gp/customer-reviews/R1LVJY94SQSVTH/ref=cm_cr_othr_d_rvw_ttl?ie=UTF8&ASIN=B0D76YBGP6,,"Very good product in the budget, good bass and speaker sound",True,False,[],2024-10-21,51,Colour: Blue,"[{'key': 'Colour', 'value': 'Blue'}]",,,https://www.amazon.in/product-reviews/B0D76YBGP6?pageNumber=7&filterByStar=all_stars&sortBy=helpful&formatType=all_formats&asin=B0D76YBGP6&reftag=cm_cr_arp_d_paging_btm_next_7&scope=reviewsAjax0,allStars,,B0D76YBGP6,B0D76YBGP6,B0D76YBGP6,"{'price': None, 'listPrice': None}",https://www.amazon.in//pTron-Launched-Fusion-Bluetooth-Multi-Play/dp/B0D76YBGP6/ref=zg_bs_g_1389365031_d_sccl_12/261-0975833-5917763?psc=1,India,
Reviewed in India on 4 January 2025,amzn1.account.AHMUF53QJOWCAFQI72VXCXH2QMBA,https://www.amazon.in/gp/profile/amzn1.account.AHMUF53QJOWCAFQI72VXCXH2QMBA/ref=cm_cr_othr_d_gw_tr?ie=UTF8,5,Best,R3IQ6OR3WXMPSX,https://www.amazon.in/gp/customer-reviews/R3IQ6OR3WXMPSX/ref=cm_cr_othr_d_rvw_ttl?ie=UTF8&ASIN=B0D76YBGP6,,Best quality product in this price range.very good build quality,True,False,[],2025-01-04,52,Colour: Light Blue,"[{'key': 'Colour', 'value': 'Light Blue'}]",,,https://www.amazon.in/product-reviews/B0D76YBGP6?pageNumber=7&filterByStar=all_stars&sortBy=helpful&formatType=all_formats&asin=B0D76YBGP6&reftag=cm_cr_arp_d_paging_btm_next_7&scope=reviewsAjax0,allStars,,B0D76YBGP6,B0D76YBGP6,B0D76YBGP6,"{'price': None, 'listPrice': None}",https://www.amazon.in//pTron-Launched-Fusion-Bluetooth-Multi-Play/dp/B0D76YBGP6/ref=zg_bs_g_1389365031_d_sccl_12/261-0975833-5917763?psc=1,India,
Reviewed in India on 28 November 2024,amzn1.account.AFUAS6NIVM6OZ2XNCU4DUZ4W5EMQ,https://www.amazon.in/gp/profile/amzn1.account.AFUAS6NIVM6OZ2XNCU4DUZ4W5EMQ/ref=cm_cr_othr_d_gw_tr?ie=UTF8,5,Loads of fun,R180W6ZP2A1FT4,https://www.amazon.in/gp/customer-reviews/R180W6ZP2A1FT4/ref=cm_cr_othr_d_rvw_ttl?ie=UTF8&ASIN=B0D76YBGP6,2 people found this helpful,"It’s portable, the sound (@80% volume) is clear and decent, the mic works. Bluetooth connects seamlessly, as do the mic and speakers both. The dhinchak lights are cute. Battery doesn’t seem bad so far (but I’ve had it less than a month), and charging doesn’t seem to take much time. Overall it is easy to use and very basic and uncomplicated (in a good way).Expecting more from a speaker priced below ₹1000 would be unfair. Overall, quite fun. Perfect for small gatherings/family nights in limited space.",True,False,[],2024-11-28,53,Colour: Light Cream,"[{'key': 'Colour', 'value': 'Light Cream'}]",,,https://www.amazon.in/product-reviews/B0D76YBGP6?pageNumber=7&filterByStar=all_stars&sortBy=helpful&formatType=all_formats&asin=B0D76YBGP6&reftag=cm_cr_arp_d_paging_btm_next_7&scope=reviewsAjax0,allStars,,B0D76YBGP6,B0D76YBGP6,B0D76YBGP6,"{'price': None, 'listPrice': None}",https://www.amazon.in//pTron-Launched-Fusion-Bluetooth-Multi-Play/dp/B0D76YBGP6/ref=zg_bs_g_1389365031_d_sccl_12/261-0975833-5917763?psc=1,India,
Reviewed in India on 5 December 2024,amzn1.account.AG42IHWPSD6LPMS5A2AVUHSCXVQA,https://www.amazon.in/gp/profile/amzn1.account.AG42IHWPSD6LPMS5A2AVUHSCXVQA/ref=cm_cr_othr_d_gw_tr?ie=UTF8,3,For Average use,R3TZXDJERKXLJ7,https://www.amazon.in/gp/customer-reviews/R3TZXDJERKXLJ7/ref=cm_cr_othr_d_rvw_ttl?ie=UTF8&ASIN=B0D76YBGP6,,1) Average battery life and sound quality2) Echo is annoying in mic mode for all type of voice ( No options to disable or turn it off the echo),True,False,[],2024-12-05,54,Colour: Black,"[{'key': 'Colour', 'value': 'Black'}]",,,https://www.amazon.in/product-reviews/B0D76YBGP6?pageNumber=7&filterByStar=all_stars&sortBy=helpful&formatType=all_formats&asin=B0D76YBGP6&reftag=cm_cr_arp_d_paging_btm_next_7&scope=reviewsAjax0,allStars,,B0D76YBGP6,B0D76YBGP6,B0D76YBGP6,"{'price': None, 'listPrice': None}",https://www.amazon.in//pTron-Launched-Fusion-Bluetooth-Multi-Play/dp/B0D76YBGP6/ref=zg_bs_g_1389365031_d_sccl_12/261-0975833-5917763?psc=1,India,
Reviewed in India on 10 January 2025,amzn1.account.AFM4VOE6ZHCYRBRNYHSE6T4YD5XA,https://www.amazon.in/gp/profile/amzn1.account.AFM4VOE6ZHCYRBRNYHSE6T4YD5XA/ref=cm_cr_othr_d_gw_tr?ie=UTF8,5,Nice product for childeren,R23QS44I9VF1CV,https://www.amazon.in/gp/customer-reviews/R23QS44I9VF1CV/ref=cm_cr_othr_d_rvw_ttl?ie=UTF8&ASIN=B0D76YBGP6,,Good product in plresonable price,True,False,[],2025-01-10,55,Colour: Pink,"[{'key': 'Colour', 'value': 'Pink'}]",,,https://www.amazon.in/product-reviews/B0D76YBGP6?pageNumber=7&filterByStar=all_stars&sortBy=helpful&formatType=all_formats&asin=B0D76YBGP6&reftag=cm_cr_arp_d_paging_btm_next_7&scope=reviewsAjax0,allStars,,B0D76YBGP6,B0D76YBGP6,B0D76YBGP6,"{'price': None, 'listPrice': None}",https://www.amazon.in//pTron-Launched-Fusion-Bluetooth-Multi-Play/dp/B0D76YBGP6/ref=zg_bs_g_1389365031_d_sccl_12/261-0975833-5917763?psc=1,India,
Reviewed in India on 21 October 2024,amzn1.account.AEKZJUS4CS2ZWJ5RTTW5342MAXZA,https://www.amazon.in/gp/profile/amzn1.account.AEKZJUS4CS2ZWJ5RTTW5342MAXZA/ref=cm_cr_othr_d_gw_tr?ie=UTF8,4,Pros,RP0BHUITX7S6N,https://www.amazon.in/gp/customer-reviews/RP0BHUITX7S6N/ref=cm_cr_othr_d_rvw_ttl?ie=UTF8&ASIN=B0D76YBGP6,,Sound quality and portabilityOnly one issue is - Echo,True,False,[],2024-10-21,56,Colour: Light Pink,"[{'key': 'Colour', 'value': 'Light Pink'}]",,,https://www.amazon.in/product-reviews/B0D76YBGP6?pageNumber=7&filterByStar=all_stars&sortBy=helpful&formatType=all_formats&asin=B0D76YBGP6&reftag=cm_cr_arp_d_paging_btm_next_7&scope=reviewsAjax0,allStars,,B0D76YBGP6,B0D76YBGP6,B0D76YBGP6,"{'price': None, 'listPrice': None}",https://www.amazon.in//pTron-Launched-Fusion-Bluetooth-Multi-Play/dp/B0D76YBGP6/ref=zg_bs_g_1389365031_d_sccl_12/261-0975833-5917763?psc=1,India,
Reviewed in India on 17 January 2025,amzn1.account.AF6P76QNGP6HACZ3FPT2JTPP6EEA,https://www.amazon.in/gp/profile/amzn1.account.AF6P76QNGP6HACZ3FPT2JTPP6EEA/ref=cm_cr_othr_d_gw_tr?ie=UTF8,4,Owsam,R1JZDUHXLZ145Q,https://www.amazon.in/gp/customer-reviews/R1JZDUHXLZ145Q/ref=cm_cr_othr_d_rvw_ttl?ie=UTF8&ASIN=B0D76YBGP6,,I like this product. This is a wonderful thing.,True,False,[],2025-01-17,9,Colour: Black,"[{'key': 'Colour', 'value': 'Black'}]",,,https://www.amazon.in/product-reviews/B0D76YBGP6?pageNumber=2&filterByStar=all_stars&sortBy=helpful&formatType=all_formats&asin=B0D76YBGP6&reftag=cm_cr_arp_d_paging_btm_next_2&scope=reviewsAjax0,allStars,,B0D76YBGP6,B0D76YBGP6,B0D76YBGP6,"{'price': None, 'listPrice': None}",https://www.amazon.in//pTron-Launched-Fusion-Bluetooth-Multi-Play/dp/B0D76YBGP6/ref=zg_bs_g_1389365031_d_sccl_12/261-0975833-5917763?psc=1,India,
Reviewed in India on 2 January 2025,amzn1.account.AG5RVV442ZNUMBYUYQKJ7XKMANRQ,https://www.amazon.in/gp/profile/amzn1.account.AG5RVV442ZNUMBYUYQKJ7XKMANRQ/ref=cm_cr_othr_d_gw_tr?ie=UTF8,4,Good Product,R11EA4Y9QA6JDK,https://www.amazon.in/gp/customer-reviews/R11EA4Y9QA6JDK/ref=cm_cr_othr_d_rvw_ttl?ie=UTF8&ASIN=B0D76YBGP6,,Good sound quality,True,False,[],2025-01-02,10,Colour: Black,"[{'key': 'Colour', 'value': 'Black'}]",,,https://www.amazon.in/product-reviews/B0D76YBGP6?pageNumber=2&filterByStar=all_stars&sortBy=helpful&formatType=all_formats&asin=B0D76YBGP6&reftag=cm_cr_arp_d_paging_btm_next_2&scope=reviewsAjax0,allStars,,B0D76YBGP6,B0D76YBGP6,B0D76YBGP6,"{'price': None, 'listPrice': None}",https://www.amazon.in//pTron-Launched-Fusion-Bluetooth-Multi-Play/dp/B0D76YBGP6/ref=zg_bs_g_1389365031_d_sccl_12/261-0975833-5917763?psc=1,India,
Reviewed in India on 20 December 2024,amzn1.account.AFC4Q3GABNN2QNECYHBKQHU6PMZQ,https://www.amazon.in/gp/profile/amzn1.account.AFC4Q3GABNN2QNECYHBKQHU6PMZQ/ref=cm_cr_othr_d_gw_tr?ie=UTF8,4,Very nice product for kids and adults also can use because really nice sound quality for this price,RE8EEOTLXZG94,https://www.amazon.in/gp/customer-reviews/RE8EEOTLXZG94/ref=cm_cr_othr_d_rvw_ttl?ie=UTF8&ASIN=B0D76YBGP6,,Sound quality and the outlook was really great,True,False,['https://m.media-amazon.com/images/I/71IwIMXantL._SY88.jpg'],2024-12-20,11,Colour: Blue,"[{'key': 'Colour', 'value': 'Blue'}]",,,https://www.amazon.in/product-reviews/B0D76YBGP6?pageNumber=2&filterByStar=all_stars&sortBy=helpful&formatType=all_formats&asin=B0D76YBGP6&reftag=cm_cr_arp_d_paging_btm_next_2&scope=reviewsAjax0,allStars,,B0D76YBGP6,B0D76YBGP6,B0D76YBGP6,"{'price': None, 'listPrice': None}",https://www.amazon.in//pTron-Launched-Fusion-Bluetooth-Multi-Play/dp/B0D76YBGP6/ref=zg_bs_g_1389365031_d_sccl_12/261-0975833-5917763?psc=1,India,
Reviewed in India on 19 December 2024,amzn1.account.AFHH3VDO4BGQJU6YRMN7FJXQRJSQ,https://www.amazon.in/gp/profile/amzn1.account.AFHH3VDO4BGQJU6YRMN7FJXQRJSQ/ref=cm_cr_othr_d_gw_tr?ie=UTF8,4,Good products,R2CXOHARP1QWMA,https://www.amazon.in/gp/customer-reviews/R2CXOHARP1QWMA/ref=cm_cr_othr_d_rvw_ttl?ie=UTF8&ASIN=B0D76YBGP6,,Very good product at such reasonable price,True,False,[],2024-12-19,12,Colour: Light Cream,"[{'key': 'Colour', 'value': 'Light Cream'}]",,,https://www.amazon.in/product-reviews/B0D76YBGP6?pageNumber=2&filterByStar=all_stars&sortBy=helpful&formatType=all_formats&asin=B0D76YBGP6&reftag=cm_cr_arp_d_paging_btm_next_2&scope=reviewsAjax0,allStars,,B0D76YBGP6,B0D76YBGP6,B0D76YBGP6,"{'price': None, 'listPrice': None}",https://www.amazon.in//pTron-Launched-Fusion-Bluetooth-Multi-Play/dp/B0D76YBGP6/ref=zg_bs_g_1389365031_d_sccl_12/261-0975833-5917763?psc=1,India,
Reviewed in India on 24 January 2025,amzn1.account.AEYOXHUW6XJXZPAMSR3SXRS5T3ZA,https://www.amazon.in/gp/profile/amzn1.account.AEYOXHUW6XJXZPAMSR3SXRS5T3ZA/ref=cm_cr_othr_d_gw_tr?ie=UTF8,3,Ok ok,R3K4ZU5DT0A6OC,https://www.amazon.in/gp/customer-reviews/R3K4ZU5DT0A6OC/ref=cm_cr_othr_d_rvw_ttl?ie=UTF8&ASIN=B0D76YBGP6,,Ok for sound. But mic is missing. When I ask Amazon costomer care they told no refund and no replacement because our side is perfectly alright. But I have a full video of unboxing. Money loss 😞,True,False,[],2025-01-24,13,Colour: Light Blue,"[{'key': 'Colour', 'value': 'Light Blue'}]",,,https://www.amazon.in/product-reviews/B0D76YBGP6?pageNumber=2&filterByStar=all_stars&sortBy=helpful&formatType=all_formats&asin=B0D76YBGP6&reftag=cm_cr_arp_d_paging_btm_next_2&scope=reviewsAjax0,allStars,,B0D76YBGP6,B0D76YBGP6,B0D76YBGP6,"{'price': None, 'listPrice': None}",https://www.amazon.in//pTron-Launched-Fusion-Bluetooth-Multi-Play/dp/B0D76YBGP6/ref=zg_bs_g_1389365031_d_sccl_12/261-0975833-5917763?psc=1,India,
Reviewed in India on 14 December 2024,amzn1.account.AHY2R7IAGEJDB4SCWZJ7KTKXBDLA,https://www.amazon.in/gp/profile/amzn1.account.AHY2R7IAGEJDB4SCWZJ7KTKXBDLA/ref=cm_cr_othr_d_gw_tr?ie=UTF8,4,Ok ok,R127NKQJPG542S,https://www.amazon.in/gp/customer-reviews/R127NKQJPG542S/ref=cm_cr_othr_d_rvw_ttl?ie=UTF8&ASIN=B0D76YBGP6,,Ok ok,True,False,[],2024-12-14,14,Colour: Blue,"[{'key': 'Colour', 'value': 'Blue'}]",,,https://www.amazon.in/product-reviews/B0D76YBGP6?pageNumber=2&filterByStar=all_stars&sortBy=helpful&formatType=all_formats&asin=B0D76YBGP6&reftag=cm_cr_arp_d_paging_btm_next_2&scope=reviewsAjax0,allStars,,B0D76YBGP6,B0D76YBGP6,B0D76YBGP6,"{'price': None, 'listPrice': None}",https://www.amazon.in//pTron-Launched-Fusion-Bluetooth-Multi-Play/dp/B0D76YBGP6/ref=zg_bs_g_1389365031_d_sccl_12/261-0975833-5917763?psc=1,India,
Reviewed in India on 11 December 2024,amzn1.account.AFXRTYKOJP2LPNU3INRLRNLTDHXQ,https://www.amazon.in/gp/profile/amzn1.account.AFXRTYKOJP2LPNU3INRLRNLTDHXQ/ref=cm_cr_othr_d_gw_tr?ie=UTF8,4,Best but  lowest volume level are still feels louder,R2S8Y7BBM1P0TN,https://www.amazon.in/gp/customer-reviews/R2S8Y7BBM1P0TN/ref=cm_cr_othr_d_rvw_ttl?ie=UTF8&ASIN=B0D76YBGP6,,Best,True,False,[],2024-12-11,15,Colour: Jade Black,"[{'key': 'Colour', 'value': 'Jade Black'}]",,,https://www.amazon.in/product-reviews/B0D76YBGP6?pageNumber=2&filterByStar=all_stars&sortBy=helpful&formatType=all_formats&asin=B0D76YBGP6&reftag=cm_cr_arp_d_paging_btm_next_2&scope=reviewsAjax0,allStars,,B0D76YBGP6,B0D76YBGP6,B0D76YBGP6,"{'price': None, 'listPrice': None}",https://www.amazon.in//pTron-Launched-Fusion-Bluetooth-Multi-Play/dp/B0D76YBGP6/ref=zg_bs_g_1389365031_d_sccl_12/261-0975833-5917763?psc=1,India,
Reviewed in India on 2 December 2024,amzn1.account.AG665RHJT3Q2CCQ45H6CFZF26CIA,https://www.amazon.in/gp/profile/amzn1.account.AG665RHJT3Q2CCQ45H6CFZF26CIA/ref=cm_cr_othr_d_gw_tr?ie=UTF8,4,Good product,RBQMJGMVEGF9Y,https://www.amazon.in/gp/customer-reviews/RBQMJGMVEGF9Y/ref=cm_cr_othr_d_rvw_ttl?ie=UTF8&ASIN=B0D76YBGP6,,I was searching for blutooth speaker and i happy that I got it. I was hesitant to try ptron brand but I gave a try. It's worth buying from ptron.very well built.,True,False,[],2024-12-02,16,Colour: Pink,"[{'key': 'Colour', 'value': 'Pink'}]",,,https://www.amazon.in/product-reviews/B0D76YBGP6?pageNumber=2&filterByStar=all_stars&sortBy=helpful&formatType=all_formats&asin=B0D76YBGP6&reftag=cm_cr_arp_d_paging_btm_next_2&scope=reviewsAjax0,allStars,,B0D76YBGP6,B0D76YBGP6,B0D76YBGP6,"{'price': None, 'listPrice': None}",https://www.amazon.in//pTron-Launched-Fusion-Bluetooth-Multi-Play/dp/B0D76YBGP6/ref=zg_bs_g_1389365031_d_sccl_12/261-0975833-5917763?psc=1,India,
Reviewed in India on 4 January 2025,amzn1.account.AE2OXEVUFFWGAH6FTIXLGXSUUXSA,https://www.amazon.in/gp/profile/amzn1.account.AE2OXEVUFFWGAH6FTIXLGXSUUXSA/ref=cm_cr_othr_d_gw_tr?ie=UTF8,5,Amazing quality,R2YQE4PYJXCTGW,https://www.amazon.in/gp/customer-reviews/R2YQE4PYJXCTGW/ref=cm_cr_othr_d_rvw_ttl?ie=UTF8&ASIN=B0D76YBGP6,,"Nice product, great volume. Loved the quality and the sturdyness of this product. My Daughter liked it and have been using for some time.",True,False,[],2025-01-04,41,Colour: Cream Pink,"[{'key': 'Colour', 'value': 'Cream Pink'}]",,,https://www.amazon.in/product-reviews/B0D76YBGP6?pageNumber=6&filterByStar=all_stars&sortBy=helpful&formatType=all_formats&asin=B0D76YBGP6&reftag=cm_cr_arp_d_paging_btm_next_6&scope=reviewsAjax0,allStars,,B0D76YBGP6,B0D76YBGP6,B0D76YBGP6,"{'price': None, 'listPrice': None}",https://www.amazon.in//pTron-Launched-Fusion-Bluetooth-Multi-Play/dp/B0D76YBGP6/ref=zg_bs_g_1389365031_d_sccl_12/261-0975833-5917763?psc=1,India,
Reviewed in India on 10 January 2025,amzn1.account.AGAEDAOYPLKEFMNTLRDVVNSU3SJA,https://www.amazon.in/gp/profile/amzn1.account.AGAEDAOYPLKEFMNTLRDVVNSU3SJA/ref=cm_cr_othr_d_gw_tr?ie=UTF8,5,Good,RK8FR18VHFA0V,https://www.amazon.in/gp/customer-reviews/RK8FR18VHFA0V/ref=cm_cr_othr_d_rvw_ttl?ie=UTF8&ASIN=B0D76YBGP6,,Very good product using it for 1 month sound quality is good in this price,True,False,[],2025-01-10,42,Colour: Cream Pink,"[{'key': 'Colour', 'value': 'Cream Pink'}]",,,https://www.amazon.in/product-reviews/B0D76YBGP6?pageNumber=6&filterByStar=all_stars&sortBy=helpful&formatType=all_formats&asin=B0D76YBGP6&reftag=cm_cr_arp_d_paging_btm_next_6&scope=reviewsAjax0,allStars,,B0D76YBGP6,B0D76YBGP6,B0D76YBGP6,"{'price': None, 'listPrice': None}",https://www.amazon.in//pTron-Launched-Fusion-Bluetooth-Multi-Play/dp/B0D76YBGP6/ref=zg_bs_g_1389365031_d_sccl_12/261-0975833-5917763?psc=1,India,
Reviewed in India on 5 November 2024,amzn1.account.AE3FVBC7KTADCXVUJ4DYRQORTE3A,https://www.amazon.in/gp/profile/amzn1.account.AE3FVBC7KTADCXVUJ4DYRQORTE3A/ref=cm_cr_othr_d_gw_tr?ie=UTF8,4,Great music,RX3Y7O4OFQKSZ,https://www.amazon.in/gp/customer-reviews/RX3Y7O4OFQKSZ/ref=cm_cr_othr_d_rvw_ttl?ie=UTF8&ASIN=B0D76YBGP6,One person found this helpful,Its a great product. Only thing is that Mic sound is very high compare to music running on this. Recommended.,True,False,[],2024-11-05,43,Colour: Black,"[{'key': 'Colour', 'value': 'Black'}]",,,https://www.amazon.in/product-reviews/B0D76YBGP6?pageNumber=6&filterByStar=all_stars&sortBy=helpful&formatType=all_formats&asin=B0D76YBGP6&reftag=cm_cr_arp_d_paging_btm_next_6&scope=reviewsAjax0,allStars,,B0D76YBGP6,B0D76YBGP6,B0D76YBGP6,"{'price': None, 'listPrice': None}",https://www.amazon.in//pTron-Launched-Fusion-Bluetooth-Multi-Play/dp/B0D76YBGP6/ref=zg_bs_g_1389365031_d_sccl_12/261-0975833-5917763?psc=1,India,
Reviewed in India on 15 October 2024,amzn1.account.AFOZYGYFQRZKCN5OC7W44LJPHGAQ,https://www.amazon.in/gp/profile/amzn1.account.AFOZYGYFQRZKCN5OC7W44LJPHGAQ/ref=cm_cr_othr_d_gw_tr?ie=UTF8,4,Good One Product But...,R1FUUUFEZFULHR,https://www.amazon.in/gp/customer-reviews/R1FUUUFEZFULHR/ref=cm_cr_othr_d_rvw_ttl?ie=UTF8&ASIN=B0D76YBGP6,One person found this helpful,Seller I request to you please check once you can send any product to customer...BECAUSE I received today this product  all is OK no problem but I not get charging C cable with item and user manu book not received.. So what can I do...,True,False,"['https://m.media-amazon.com/images/I/619ak8yhvrL._SY88.jpg', 'https://m.media-amazon.com/images/I/61GSSU8lCaL._SY88.jpg', 'https://m.media-amazon.com/images/I/61qLdc2l8oL._SY88.jpg']",2024-10-15,44,Colour: Black /Cream,"[{'key': 'Colour', 'value': 'Black /Cream'}]",,,https://www.amazon.in/product-reviews/B0D76YBGP6?pageNumber=6&filterByStar=all_stars&sortBy=helpful&formatType=all_formats&asin=B0D76YBGP6&reftag=cm_cr_arp_d_paging_btm_next_6&scope=reviewsAjax0,allStars,,B0D76YBGP6,B0D76YBGP6,B0D76YBGP6,"{'price': None, 'listPrice': None}",https://www.amazon.in//pTron-Launched-Fusion-Bluetooth-Multi-Play/dp/B0D76YBGP6/ref=zg_bs_g_1389365031_d_sccl_12/261-0975833-5917763?psc=1,India,
Reviewed in India on 1 January 2025,amzn1.account.AHKH3NZIJ4RPK2DB2DJI2DJ25BPA,https://www.amazon.in/gp/profile/amzn1.account.AHKH3NZIJ4RPK2DB2DJI2DJ25BPA/ref=cm_cr_othr_d_gw_tr?ie=UTF8,5,Great product,RQYEKROVS27UY,https://www.amazon.in/gp/customer-reviews/RQYEKROVS27UY/ref=cm_cr_othr_d_rvw_ttl?ie=UTF8&ASIN=B0D76YBGP6,,I bought this for my kid's birthday. He is enjoying a lot with this mic and speaker. Quality is also good. Thank you,True,False,[],2025-01-01,45,Colour: Blue,"[{'key': 'Colour', 'value': 'Blue'}]",,,https://www.amazon.in/product-reviews/B0D76YBGP6?pageNumber=6&filterByStar=all_stars&sortBy=helpful&formatType=all_formats&asin=B0D76YBGP6&reftag=cm_cr_arp_d_paging_btm_next_6&scope=reviewsAjax0,allStars,,B0D76YBGP6,B0D76YBGP6,B0D76YBGP6,"{'price': None, 'listPrice': None}",https://www.amazon.in//pTron-Launched-Fusion-Bluetooth-Multi-Play/dp/B0D76YBGP6/ref=zg_bs_g_1389365031_d_sccl_12/261-0975833-5917763?psc=1,India,
Reviewed in India on 2 January 2025,amzn1.account.AH7EWLYBG7BPZYMDDX3C4EYN22NA,https://www.amazon.in/gp/profile/amzn1.account.AH7EWLYBG7BPZYMDDX3C4EYN22NA/ref=cm_cr_othr_d_gw_tr?ie=UTF8,5,Premium products,R1QS75PLC8ILRC,https://www.amazon.in/gp/customer-reviews/R1QS75PLC8ILRC/ref=cm_cr_othr_d_rvw_ttl?ie=UTF8&ASIN=B0D76YBGP6,,"Fusion bliss has a premium sound quality, battery back up is more than enough & the karaoke mic also works fluently",True,False,[],2025-01-02,46,Colour: Light Blue,"[{'key': 'Colour', 'value': 'Light Blue'}]",,,https://www.amazon.in/product-reviews/B0D76YBGP6?pageNumber=6&filterByStar=all_stars&sortBy=helpful&formatType=all_formats&asin=B0D76YBGP6&reftag=cm_cr_arp_d_paging_btm_next_6&scope=reviewsAjax0,allStars,,B0D76YBGP6,B0D76YBGP6,B0D76YBGP6,"{'price': None, 'listPrice': None}",https://www.amazon.in//pTron-Launched-Fusion-Bluetooth-Multi-Play/dp/B0D76YBGP6/ref=zg_bs_g_1389365031_d_sccl_12/261-0975833-5917763?psc=1,India,
Reviewed in India on 30 December 2024,amzn1.account.AFXNZZIARJMUKXNKRFPRJLVXNFNA,https://www.amazon.in/gp/profile/amzn1.account.AFXNZZIARJMUKXNKRFPRJLVXNFNA/ref=cm_cr_othr_d_gw_tr?ie=UTF8,5,Amazing,R24XWU3L600PTE,https://www.amazon.in/gp/customer-reviews/R24XWU3L600PTE/ref=cm_cr_othr_d_rvw_ttl?ie=UTF8&ASIN=B0D76YBGP6,,"Quality is so good, Chinese product will come around 500-600 but this one is really good at this price, loud sound, easy control",True,False,[],2024-12-30,47,Colour: Blue,"[{'key': 'Colour', 'value': 'Blue'}]",,,https://www.amazon.in/product-reviews/B0D76YBGP6?pageNumber=6&filterByStar=all_stars&sortBy=helpful&formatType=all_formats&asin=B0D76YBGP6&reftag=cm_cr_arp_d_paging_btm_next_6&scope=reviewsAjax0,allStars,,B0D76YBGP6,B0D76YBGP6,B0D76YBGP6,"{'price': None, 'listPrice': None}",https://www.amazon.in//pTron-Launched-Fusion-Bluetooth-Multi-Play/dp/B0D76YBGP6/ref=zg_bs_g_1389365031_d_sccl_12/261-0975833-5917763?psc=1,India,
Reviewed in India on 6 January 2025,amzn1.account.AHLCSSFBXL2KUQNSTOZKXBNH5G5Q,https://www.amazon.in/gp/profile/amzn1.account.AHLCSSFBXL2KUQNSTOZKXBNH5G5Q/ref=cm_cr_othr_d_gw_tr?ie=UTF8,5,Simply amazing,R28DUGGVDB93QA,https://www.amazon.in/gp/customer-reviews/R28DUGGVDB93QA/ref=cm_cr_othr_d_rvw_ttl?ie=UTF8&ASIN=B0D76YBGP6,,"For the price great product and Mike really works well, you will be more than satisfied",True,False,['https://m.media-amazon.com/images/I/61pJ4glxYRL._SY88.jpg'],2025-01-06,48,Colour: Light Blue,"[{'key': 'Colour', 'value': 'Light Blue'}]",,,https://www.amazon.in/product-reviews/B0D76YBGP6?pageNumber=6&filterByStar=all_stars&sortBy=helpful&formatType=all_formats&asin=B0D76YBGP6&reftag=cm_cr_arp_d_paging_btm_next_6&scope=reviewsAjax0,allStars,,B0D76YBGP6,B0D76YBGP6,B0D76YBGP6,"{'price': None, 'listPrice': None}",https://www.amazon.in//pTron-Launched-Fusion-Bluetooth-Multi-Play/dp/B0D76YBGP6/ref=zg_bs_g_1389365031_d_sccl_12/261-0975833-5917763?psc=1,India,
Reviewed in India on 25 January 2025,amzn1.account.AGDKFICZGLMOAEJFCHDMY7IM3TXQ,https://www.amazon.in/gp/profile/amzn1.account.AGDKFICZGLMOAEJFCHDMY7IM3TXQ/ref=cm_cr_othr_d_gw_tr?ie=UTF8,5,Excellent,R10UG2VK6NCDQP,https://www.amazon.in/gp/customer-reviews/R10UG2VK6NCDQP/ref=cm_cr_othr_d_rvw_ttl?ie=UTF8&ASIN=B0D76YBGP6,,Just go for it trust me,True,False,[],2025-01-25,33,Colour: Black,"[{'key': 'Colour', 'value': 'Black'}]",,,https://www.amazon.in/product-reviews/B0D76YBGP6?pageNumber=5&filterByStar=all_stars&sortBy=helpful&formatType=all_formats&asin=B0D76YBGP6&reftag=cm_cr_arp_d_paging_btm_next_5&scope=reviewsAjax0,allStars,,B0D76YBGP6,B0D76YBGP6,B0D76YBGP6,"{'price': None, 'listPrice': None}",https://www.amazon.in//pTron-Launched-Fusion-Bluetooth-Multi-Play/dp/B0D76YBGP6/ref=zg_bs_g_1389365031_d_sccl_12/261-0975833-5917763?psc=1,India,
Reviewed in India on 7 January 2025,amzn1.account.AEDT7H6SWTRA7MFUEGDF4EBXWIVA,https://www.amazon.in/gp/profile/amzn1.account.AEDT7H6SWTRA7MFUEGDF4EBXWIVA/ref=cm_cr_othr_d_gw_tr?ie=UTF8,3,missing item,R1ROIVT7ZC8ZIO,https://www.amazon.in/gp/customer-reviews/R1ROIVT7ZC8ZIO/ref=cm_cr_othr_d_rvw_ttl?ie=UTF8&ASIN=B0D76YBGP6,,the USB charging cable is missing,True,False,['https://m.media-amazon.com/images/I/71Xt6KxXVdL._SY88.jpg'],2025-01-07,34,Colour: Blue,"[{'key': 'Colour', 'value': 'Blue'}]",,,https://www.amazon.in/product-reviews/B0D76YBGP6?pageNumber=5&filterByStar=all_stars&sortBy=helpful&formatType=all_formats&asin=B0D76YBGP6&reftag=cm_cr_arp_d_paging_btm_next_5&scope=reviewsAjax0,allStars,,B0D76YBGP6,B0D76YBGP6,B0D76YBGP6,"{'price': None, 'listPrice': None}",https://www.amazon.in//pTron-Launched-Fusion-Bluetooth-Multi-Play/dp/B0D76YBGP6/ref=zg_bs_g_1389365031_d_sccl_12/261-0975833-5917763?psc=1,India,
Reviewed in India on 11 November 2024,amzn1.account.AHT6LATT3FUKGKNJKXMD56ZN4BGQ,https://www.amazon.in/gp/profile/amzn1.account.AHT6LATT3FUKGKNJKXMD56ZN4BGQ/ref=cm_cr_othr_d_gw_tr?ie=UTF8,4,Sup,R1AMAYGKW0JL9D,https://www.amazon.in/gp/customer-reviews/R1AMAYGKW0JL9D/ref=cm_cr_othr_d_rvw_ttl?ie=UTF8&ASIN=B0D76YBGP6,,Sound like lion,True,False,[],2024-11-11,35,Colour: Pink,"[{'key': 'Colour', 'value': 'Pink'}]",,,https://www.amazon.in/product-reviews/B0D76YBGP6?pageNumber=5&filterByStar=all_stars&sortBy=helpful&formatType=all_formats&asin=B0D76YBGP6&reftag=cm_cr_arp_d_paging_btm_next_5&scope=reviewsAjax0,allStars,,B0D76YBGP6,B0D76YBGP6,B0D76YBGP6,"{'price': None, 'listPrice': None}",https://www.amazon.in//pTron-Launched-Fusion-Bluetooth-Multi-Play/dp/B0D76YBGP6/ref=zg_bs_g_1389365031_d_sccl_12/261-0975833-5917763?psc=1,India,
Reviewed in India on 14 November 2024,amzn1.account.AEPEUNLMV6T574FPIMAKGYOMXDKQ,https://www.amazon.in/gp/profile/amzn1.account.AEPEUNLMV6T574FPIMAKGYOMXDKQ/ref=cm_cr_othr_d_gw_tr?ie=UTF8,4,Super,R1SPWPXO63WE1T,https://www.amazon.in/gp/customer-reviews/R1SPWPXO63WE1T/ref=cm_cr_othr_d_rvw_ttl?ie=UTF8&ASIN=B0D76YBGP6,,Nice mic sound is very good,True,False,[],2024-11-14,36,Colour: Black,"[{'key': 'Colour', 'value': 'Black'}]",,,https://www.amazon.in/product-reviews/B0D76YBGP6?pageNumber=5&filterByStar=all_stars&sortBy=helpful&formatType=all_formats&asin=B0D76YBGP6&reftag=cm_cr_arp_d_paging_btm_next_5&scope=reviewsAjax0,allStars,,B0D76YBGP6,B0D76YBGP6,B0D76YBGP6,"{'price': None, 'listPrice': None}",https://www.amazon.in//pTron-Launched-Fusion-Bluetooth-Multi-Play/dp/B0D76YBGP6/ref=zg_bs_g_1389365031_d_sccl_12/261-0975833-5917763?psc=1,India,
Reviewed in India on 24 January 2025,amzn1.account.AF45SNWACDEFO2KIMCPZI5FJLNVQ,https://www.amazon.in/gp/profile/amzn1.account.AF45SNWACDEFO2KIMCPZI5FJLNVQ/ref=cm_cr_othr_d_gw_tr?ie=UTF8,5,10/1,R3GJ85ATC2X08P,https://www.amazon.in/gp/customer-reviews/R3GJ85ATC2X08P/ref=cm_cr_othr_d_rvw_ttl?ie=UTF8&ASIN=B0D76YBGP6,,Amazing product!,True,False,[],2025-01-24,37,Colour: Light Cream,"[{'key': 'Colour', 'value': 'Light Cream'}]",,,https://www.amazon.in/product-reviews/B0D76YBGP6?pageNumber=5&filterByStar=all_stars&sortBy=helpful&formatType=all_formats&asin=B0D76YBGP6&reftag=cm_cr_arp_d_paging_btm_next_5&scope=reviewsAjax0,allStars,,B0D76YBGP6,B0D76YBGP6,B0D76YBGP6,"{'price': None, 'listPrice': None}",https://www.amazon.in//pTron-Launched-Fusion-Bluetooth-Multi-Play/dp/B0D76YBGP6/ref=zg_bs_g_1389365031_d_sccl_12/261-0975833-5917763?psc=1,India,
Reviewed in India on 2 November 2024,amzn1.account.AGOBX2HVQMGR3OXQHVJ6XBANA5NQ,https://www.amazon.in/gp/profile/amzn1.account.AGOBX2HVQMGR3OXQHVJ6XBANA5NQ/ref=cm_cr_othr_d_gw_tr?ie=UTF8,4,Perfect for kids n travel companion,R1VH7YXSWJUJQE,https://www.amazon.in/gp/customer-reviews/R1VH7YXSWJUJQE/ref=cm_cr_othr_d_rvw_ttl?ie=UTF8&ASIN=B0D76YBGP6,4 people found this helpful,Very neat product when it comes to kids to have their own portable gadget to showcase their talent. Quality of sound is good n it's sturdy product,True,False,[],2024-11-02,38,Colour: Blue,"[{'key': 'Colour', 'value': 'Blue'}]",,,https://www.amazon.in/product-reviews/B0D76YBGP6?pageNumber=5&filterByStar=all_stars&sortBy=helpful&formatType=all_formats&asin=B0D76YBGP6&reftag=cm_cr_arp_d_paging_btm_next_5&scope=reviewsAjax0,allStars,,B0D76YBGP6,B0D76YBGP6,B0D76YBGP6,"{'price': None, 'listPrice': None}",https://www.amazon.in//pTron-Launched-Fusion-Bluetooth-Multi-Play/dp/B0D76YBGP6/ref=zg_bs_g_1389365031_d_sccl_12/261-0975833-5917763?psc=1,India,
Reviewed in India on 13 November 2024,amzn1.account.AFNU7HYRXLJWEC34FH2GW6ZUDVXA,https://www.amazon.in/gp/profile/amzn1.account.AFNU7HYRXLJWEC34FH2GW6ZUDVXA/ref=cm_cr_othr_d_gw_tr?ie=UTF8,4,Super,R3JAC7V5I1A5Q,https://www.amazon.in/gp/customer-reviews/R3JAC7V5I1A5Q/ref=cm_cr_othr_d_rvw_ttl?ie=UTF8&ASIN=B0D76YBGP6,,Nice product,True,False,[],2024-11-13,39,Colour: Black,"[{'key': 'Colour', 'value': 'Black'}]",,,https://www.amazon.in/product-reviews/B0D76YBGP6?pageNumber=5&filterByStar=all_stars&sortBy=helpful&formatType=all_formats&asin=B0D76YBGP6&reftag=cm_cr_arp_d_paging_btm_next_5&scope=reviewsAjax0,allStars,,B0D76YBGP6,B0D76YBGP6,B0D76YBGP6,"{'price': None, 'listPrice': None}",https://www.amazon.in//pTron-Launched-Fusion-Bluetooth-Multi-Play/dp/B0D76YBGP6/ref=zg_bs_g_1389365031_d_sccl_12/261-0975833-5917763?psc=1,India,
Reviewed in India on 16 January 2025,amzn1.account.AE6CLGK4YKGKP7VOK5WDFHUMYDAA,https://www.amazon.in/gp/profile/amzn1.account.AE6CLGK4YKGKP7VOK5WDFHUMYDAA/ref=cm_cr_othr_d_gw_tr?ie=UTF8,5,Slik to carry with beautiful look,R3BUT20FM7KH8,https://www.amazon.in/gp/customer-reviews/R3BUT20FM7KH8/ref=cm_cr_othr_d_rvw_ttl?ie=UTF8&ASIN=B0D76YBGP6,,"Clear & lound sound quality, best for gifting.",True,False,[],2025-01-16,40,Colour: Cream Blue,"[{'key': 'Colour', 'value': 'Cream Blue'}]",,,https://www.amazon.in/product-reviews/B0D76YBGP6?pageNumber=5&filterByStar=all_stars&sortBy=helpful&formatType=all_formats&asin=B0D76YBGP6&reftag=cm_cr_arp_d_paging_btm_next_5&scope=reviewsAjax0,allStars,,B0D76YBGP6,B0D76YBGP6,B0D76YBGP6,"{'price': None, 'listPrice': None}",https://www.amazon.in//pTron-Launched-Fusion-Bluetooth-Multi-Play/dp/B0D76YBGP6/ref=zg_bs_g_1389365031_d_sccl_12/261-0975833-5917763?psc=1,India,
Reviewed in India on 27 November 2024,amzn1.account.AGAZ3PW47SM4IYGX4HMCABCI2YTA,https://www.amazon.in/gp/profile/amzn1.account.AGAZ3PW47SM4IYGX4HMCABCI2YTA/ref=cm_cr_othr_d_gw_tr?ie=UTF8,3,Small in size,R1644O0S8U2WK2,https://www.amazon.in/gp/customer-reviews/R1644O0S8U2WK2/ref=cm_cr_othr_d_rvw_ttl?ie=UTF8&ASIN=B0D76YBGP6,,"Size wise very small, but speaker is ok",True,False,[],2024-11-27,73,Colour: Jet Black,"[{'key': 'Colour', 'value': 'Jet Black'}]",,,https://www.amazon.in/product-reviews/B0D76YBGP6?pageNumber=10&filterByStar=all_stars&sortBy=helpful&formatType=all_formats&asin=B0D76YBGP6&reftag=cm_cr_arp_d_paging_btm_next_10&scope=reviewsAjax0,allStars,,B0D76YBGP6,B0D76YBGP6,B0D76YBGP6,"{'price': None, 'listPrice': None}",https://www.amazon.in//pTron-Launched-Fusion-Bluetooth-Multi-Play/dp/B0D76YBGP6/ref=zg_bs_g_1389365031_d_sccl_12/261-0975833-5917763?psc=1,India,
Reviewed in India on 2 October 2024,amzn1.account.AHFJBZXVKVQRGTGFLFFM2ED55K6Q,https://www.amazon.in/gp/profile/amzn1.account.AHFJBZXVKVQRGTGFLFFM2ED55K6Q/ref=cm_cr_othr_d_gw_tr?ie=UTF8,4,My son love it,R25NX3XEP2KZ6R,https://www.amazon.in/gp/customer-reviews/R25NX3XEP2KZ6R/ref=cm_cr_othr_d_rvw_ttl?ie=UTF8&ASIN=B0D76YBGP6,One person found this helpful,"I would've given 5stars if they had given something to control eco , apart from that works fine, worth buying,if you have children go for it",True,False,[],2024-10-02,74,Colour: Blue,"[{'key': 'Colour', 'value': 'Blue'}]",,,https://www.amazon.in/product-reviews/B0D76YBGP6?pageNumber=10&filterByStar=all_stars&sortBy=helpful&formatType=all_formats&asin=B0D76YBGP6&reftag=cm_cr_arp_d_paging_btm_next_10&scope=reviewsAjax0,allStars,,B0D76YBGP6,B0D76YBGP6,B0D76YBGP6,"{'price': None, 'listPrice': None}",https://www.amazon.in//pTron-Launched-Fusion-Bluetooth-Multi-Play/dp/B0D76YBGP6/ref=zg_bs_g_1389365031_d_sccl_12/261-0975833-5917763?psc=1,India,
Reviewed in India on 12 December 2024,amzn1.account.AGXDQW7M6HSWUHSYTIEI5D3IPE3Q,https://www.amazon.in/gp/profile/amzn1.account.AGXDQW7M6HSWUHSYTIEI5D3IPE3Q/ref=cm_cr_othr_d_gw_tr?ie=UTF8,5,Great Sound.,R3O4PSQA9CSPZA,https://www.amazon.in/gp/customer-reviews/R3O4PSQA9CSPZA/ref=cm_cr_othr_d_rvw_ttl?ie=UTF8&ASIN=B0D76YBGP6,One person found this helpful,"This speaker is fantastic! Great sound, fun RGB lights, and long battery life. The karaoke mic and voice effects are a nice bonus. The quality is very good. Highly recommended!",True,False,"['https://m.media-amazon.com/images/I/61TwapeupuL._SY88.jpg', 'https://m.media-amazon.com/images/I/61rjGPqGJVL._SY88.jpg']",2024-12-12,75,Colour: Light Cream,"[{'key': 'Colour', 'value': 'Light Cream'}]",,,https://www.amazon.in/product-reviews/B0D76YBGP6?pageNumber=10&filterByStar=all_stars&sortBy=helpful&formatType=all_formats&asin=B0D76YBGP6&reftag=cm_cr_arp_d_paging_btm_next_10&scope=reviewsAjax0,allStars,,B0D76YBGP6,B0D76YBGP6,B0D76YBGP6,"{'price': None, 'listPrice': None}",https://www.amazon.in//pTron-Launched-Fusion-Bluetooth-Multi-Play/dp/B0D76YBGP6/ref=zg_bs_g_1389365031_d_sccl_12/261-0975833-5917763?psc=1,India,
Reviewed in India on 2 January 2025,amzn1.account.AGOPZ6UWFGX46NKAIFRNNMC2TKZA,https://www.amazon.in/gp/profile/amzn1.account.AGOPZ6UWFGX46NKAIFRNNMC2TKZA/ref=cm_cr_othr_d_gw_tr?ie=UTF8,5,Excellent product with best price,R347PR25FZ2Q6G,https://www.amazon.in/gp/customer-reviews/R347PR25FZ2Q6G/ref=cm_cr_othr_d_rvw_ttl?ie=UTF8&ASIN=B0D76YBGP6,,Excellent product,True,False,[],2025-01-02,76,Colour: Blue,"[{'key': 'Colour', 'value': 'Blue'}]",,,https://www.amazon.in/product-reviews/B0D76YBGP6?pageNumber=10&filterByStar=all_stars&sortBy=helpful&formatType=all_formats&asin=B0D76YBGP6&reftag=cm_cr_arp_d_paging_btm_next_10&scope=reviewsAjax0,allStars,,B0D76YBGP6,B0D76YBGP6,B0D76YBGP6,"{'price': None, 'listPrice': None}",https://www.amazon.in//pTron-Launched-Fusion-Bluetooth-Multi-Play/dp/B0D76YBGP6/ref=zg_bs_g_1389365031_d_sccl_12/261-0975833-5917763?psc=1,India,
Reviewed in India on 8 January 2025,amzn1.account.AHCR5MYL53BN5XLDGHPPHNPZRG2Q,https://www.amazon.in/gp/profile/amzn1.account.AHCR5MYL53BN5XLDGHPPHNPZRG2Q/ref=cm_cr_othr_d_gw_tr?ie=UTF8,5,good product,RCUMP2OTGW71I,https://www.amazon.in/gp/customer-reviews/RCUMP2OTGW71I/ref=cm_cr_othr_d_rvw_ttl?ie=UTF8&ASIN=B0D76YBGP6,One person found this helpful,"The media could not be loaded.
                
            
                
            
        
    
    








  
  
     value for money but the speaker is just 10w even though loud enough for that.",True,False,"['https://m.media-amazon.com/images/I/715R0VYKW1L._SY88.jpg', 'https://m.media-amazon.com/images/I/7185MNpglWL._SY88.jpg']",2025-01-08,77,Colour: Blue,"[{'key': 'Colour', 'value': 'Blue'}]",,,https://www.amazon.in/product-reviews/B0D76YBGP6?pageNumber=10&filterByStar=all_stars&sortBy=helpful&formatType=all_formats&asin=B0D76YBGP6&reftag=cm_cr_arp_d_paging_btm_next_10&scope=reviewsAjax0,allStars,,B0D76YBGP6,B0D76YBGP6,B0D76YBGP6,"{'price': None, 'listPrice': None}",https://www.amazon.in//pTron-Launched-Fusion-Bluetooth-Multi-Play/dp/B0D76YBGP6/ref=zg_bs_g_1389365031_d_sccl_12/261-0975833-5917763?psc=1,India,
Reviewed in India on 1 January 2025,amzn1.account.AECPGMIZUO5N76W4VWIIW6E77W5Q,https://www.amazon.in/gp/profile/amzn1.account.AECPGMIZUO5N76W4VWIIW6E77W5Q/ref=cm_cr_othr_d_gw_tr?ie=UTF8,5,Superb,R3DM0ULKBFNW17,https://www.amazon.in/gp/customer-reviews/R3DM0ULKBFNW17/ref=cm_cr_othr_d_rvw_ttl?ie=UTF8&ASIN=B0D76YBGP6,,Superb product sound quality is good,True,False,[],2025-01-01,78,Colour: Cream Pink,"[{'key': 'Colour', 'value': 'Cream Pink'}]",,,https://www.amazon.in/product-reviews/B0D76YBGP6?pageNumber=10&filterByStar=all_stars&sortBy=helpful&formatType=all_formats&asin=B0D76YBGP6&reftag=cm_cr_arp_d_paging_btm_next_10&scope=reviewsAjax0,allStars,,B0D76YBGP6,B0D76YBGP6,B0D76YBGP6,"{'price': None, 'listPrice': None}",https://www.amazon.in//pTron-Launched-Fusion-Bluetooth-Multi-Play/dp/B0D76YBGP6/ref=zg_bs_g_1389365031_d_sccl_12/261-0975833-5917763?psc=1,India,
Reviewed in India on 1 September 2024,amzn1.account.AH56YIJVH6X4FDT6BPJ3UJXFPEWQ,https://www.amazon.in/gp/profile/amzn1.account.AH56YIJVH6X4FDT6BPJ3UJXFPEWQ/ref=cm_cr_othr_d_gw_tr?ie=UTF8,5,Party Starter,R2AELSEHCJQ8UN,https://www.amazon.in/gp/customer-reviews/R2AELSEHCJQ8UN/ref=cm_cr_othr_d_rvw_ttl?ie=UTF8&ASIN=B0D76YBGP6,6 people found this helpful,"The media could not be loaded.
                
            
                
            
        
    
    








  
  
     Got this cute little baby delivered 10 days back. And all i can say is this is a party starter. The sound. The Lights. The Mic. Everything is just what you need to get a party started.The sound on this is very crisp and clear. You can also feel the bass.The RGB light is so cool to watch.It's Performance Justifies it's price.The battery takes and hour or so get charged and lasts around 5-6 hours with the RGB on.Also it's quite heavy and that thanks to the vegan leather strap. It's easy to carry everywhere and anywhere.And how can i even forget about the microphone. It's just hilarious. It's not a proper karaoke mic or something like that. It's just a fun mic.You're gonna love it.",True,False,"['https://m.media-amazon.com/images/I/71e6hiFd+BL._SY88.jpg', 'https://m.media-amazon.com/images/I/81HiUoVQinL._SY88.jpg', 'https://m.media-amazon.com/images/I/81zGOP4KKSL._SY88.jpg']",2024-09-01,79,Colour: Cream Blue,"[{'key': 'Colour', 'value': 'Cream Blue'}]",,,https://www.amazon.in/product-reviews/B0D76YBGP6?pageNumber=10&filterByStar=all_stars&sortBy=helpful&formatType=all_formats&asin=B0D76YBGP6&reftag=cm_cr_arp_d_paging_btm_next_10&scope=reviewsAjax0,allStars,,B0D76YBGP6,B0D76YBGP6,B0D76YBGP6,"{'price': None, 'listPrice': None}",https://www.amazon.in//pTron-Launched-Fusion-Bluetooth-Multi-Play/dp/B0D76YBGP6/ref=zg_bs_g_1389365031_d_sccl_12/261-0975833-5917763?psc=1,India,
Reviewed in India on 7 September 2024,amzn1.account.AHXMV5JYNG7L2343RWKXFIO67TJQ,https://www.amazon.in/gp/profile/amzn1.account.AHXMV5JYNG7L2343RWKXFIO67TJQ/ref=cm_cr_othr_d_gw_tr?ie=UTF8,5,Fantastic Karaoke Speaker – Great Sound and Fun for All!,RKE8TLRTDRGHJ,https://www.amazon.in/gp/customer-reviews/RKE8TLRTDRGHJ/ref=cm_cr_othr_d_rvw_ttl?ie=UTF8&ASIN=B0D76YBGP6,5 people found this helpful,"I recently purchased this karaoke speaker, and it has been a total game-changer for our family gatherings and parties! The sound quality is amazing, with clear highs and deep bass, making every song sound incredible. The built-in microphone is easy to use, and the speaker has plenty of volume to fill the room, whether you're indoors or outdoors.The Bluetooth connection works seamlessly, and we were able to stream music from our phones without any issues. The light effects add a fun, festive vibe to the experience, making it even more enjoyable. I also love the long battery life – we’ve had hours of singing without needing to recharge.Overall, this karaoke speaker is a must-have for anyone looking to liven up their parties. It's durable, portable, and provides fantastic sound quality. Highly recommend!",True,False,[],2024-09-07,80,Colour: Cream Blue,"[{'key': 'Colour', 'value': 'Cream Blue'}]",,,https://www.amazon.in/product-reviews/B0D76YBGP6?pageNumber=10&filterByStar=all_stars&sortBy=helpful&formatType=all_formats&asin=B0D76YBGP6&reftag=cm_cr_arp_d_paging_btm_next_10&scope=reviewsAjax0,allStars,,B0D76YBGP6,B0D76YBGP6,B0D76YBGP6,"{'price': None, 'listPrice': None}",https://www.amazon.in//pTron-Launched-Fusion-Bluetooth-Multi-Play/dp/B0D76YBGP6/ref=zg_bs_g_1389365031_d_sccl_12/261-0975833-5917763?psc=1,India,
