reviewedIn,userId,userProfileLink,ratingScore,reviewTitle,reviewId,reviewUrl,reviewReaction,reviewDescription,isVerified,isAmazonVine,reviewImages,date,position,variant,variantAttributes,totalCategoryRatings,totalCategoryReviews,reviewCategoryUrl,filterByRating,filterByKeyword,productAsin,productOriginalAsin,variantAsin,product,input,country,countryCode
Reviewed in India on 6 October 2024,amzn1.account.AFZO42M2B3CIPNCYZMAJVUP2KQ7A,https://www.amazon.in/gp/profile/amzn1.account.AFZO42M2B3CIPNCYZMAJVUP2KQ7A/ref=cm_cr_othr_d_gw_tr?ie=UTF8,5,Fantastic Portable Speaker with disco lighting,R3VVTO6H4RI1MM,https://www.amazon.in/gp/customer-reviews/R3VVTO6H4RI1MM/ref=cm_cr_othr_d_rvw_ttl?ie=UTF8&ASIN=B0CC5VH2LW,13 people found this helpful,"The media could not be loaded.
                
            
                
            
            
        
    
    








  
  
     I recently purchased the Boat Stone 580 from Amazon, and it was delivered in just one day, which was quite impressive. Here’s my detailed review after a few days of use:Build Quality & Design:The speaker has a sturdy, rugged design, perfect for outdoor use. It feels solid and durable, which gives the confidence that it can handle some rough conditions. The compact size makes it easy to carry, and the overall aesthetic is modern and stylish.Sound Quality:The sound quality is excellent for its size. The bass is deep and punchy, delivering a rich listening experience, especially for bass-heavy music. Even at higher volumes, the sound remains clear, with minimal distortion. It's great for both indoor and outdoor settings.Battery Life:The battery life is commendable, lasting around 7-8 hours on a full charge, depending on the volume level. It’s ideal for extended listening sessions without needing frequent recharges.Connectivity:The Bluetooth connectivity is seamless. Pairing the speaker with my devices was quick and hassle-free. It also has an AUX option, which is handy when you want to save battery on your device.Water Resistance:One of the standout features is its IPX5 water resistance. While I haven’t tested it under harsh conditions, it's reassuring to know that the speaker can withstand some splashes.Conclusion:Overall, the Boat Stone 580 is a fantastic portable speaker that offers great value for money. With its durable build, impressive sound quality, and reliable battery life, it’s perfect for those who enjoy music on the go. The quick delivery from Amazon was a nice bonus!",True,False,[],2024-10-06,1,Colour: Midnight Black,"[{'key': 'Colour', 'value': 'Midnight Black'}]",,,https://www.amazon.in/product-reviews/B0CC5VH2LW?pageNumber=1&filterByStar=all_stars&sortBy=helpful&formatType=all_formats&asin=B0CC5VH2LW&reftag=cm_cr_arp_d_paging_btm_next_1&scope=reviewsAjax0,allStars,,B0CC5VH2LW,B0CC5VH2LW,B0CC5VH2LW,"{'price': None, 'listPrice': None}",https://www.amazon.in//boAt-Stone-580-Bluetooth-Multi-Compatibility/dp/B0CC5VH2LW/ref=zg_bs_g_1389365031_d_sccl_18/261-0975833-5917763?psc=1,India,
Reviewed in India on 11 December 2024,amzn1.account.AGB5FPTP7BOTJQBFMDMNEV2ZV3SA,https://www.amazon.in/gp/profile/amzn1.account.AGB5FPTP7BOTJQBFMDMNEV2ZV3SA/ref=cm_cr_othr_d_gw_tr?ie=UTF8,1,The product is useless,R36QDWLTD4DZ8I,https://www.amazon.in/gp/customer-reviews/R36QDWLTD4DZ8I/ref=cm_cr_othr_d_rvw_ttl?ie=UTF8&ASIN=B0CC5VH2LW,12 people found this helpful,The product is not good don't buy it does not have a 30 min battery backup after a full charge they shows it has a 7hrs backup they are trying to fool you the sound quality is nice but it is not loud for the money don't buy it there is not even a return option for this,True,False,[],2024-12-11,2,Colour: Midnight Black,"[{'key': 'Colour', 'value': 'Midnight Black'}]",,,https://www.amazon.in/product-reviews/B0CC5VH2LW?pageNumber=1&filterByStar=all_stars&sortBy=helpful&formatType=all_formats&asin=B0CC5VH2LW&reftag=cm_cr_arp_d_paging_btm_next_1&scope=reviewsAjax0,allStars,,B0CC5VH2LW,B0CC5VH2LW,B0CC5VH2LW,"{'price': None, 'listPrice': None}",https://www.amazon.in//boAt-Stone-580-Bluetooth-Multi-Compatibility/dp/B0CC5VH2LW/ref=zg_bs_g_1389365031_d_sccl_18/261-0975833-5917763?psc=1,India,
Reviewed in India on 9 January 2025,amzn1.account.AFEA6KH5TYRH33DERHRH2QQ45LSA,https://www.amazon.in/gp/profile/amzn1.account.AFEA6KH5TYRH33DERHRH2QQ45LSA/ref=cm_cr_othr_d_gw_tr?ie=UTF8,4,Value for money,R3S7YGBJ0OCXMM,https://www.amazon.in/gp/customer-reviews/R3S7YGBJ0OCXMM/ref=cm_cr_othr_d_rvw_ttl?ie=UTF8&ASIN=B0CC5VH2LW,2 people found this helpful,"Sound quality is goodBass niceVolume average,and indoor ok.Battary backup is very good 8 to 10 hours average volume.Build quality super.Totally value for money",True,False,[],2025-01-09,3,Colour: Midnight Black,"[{'key': 'Colour', 'value': 'Midnight Black'}]",,,https://www.amazon.in/product-reviews/B0CC5VH2LW?pageNumber=1&filterByStar=all_stars&sortBy=helpful&formatType=all_formats&asin=B0CC5VH2LW&reftag=cm_cr_arp_d_paging_btm_next_1&scope=reviewsAjax0,allStars,,B0CC5VH2LW,B0CC5VH2LW,B0CC5VH2LW,"{'price': None, 'listPrice': None}",https://www.amazon.in//boAt-Stone-580-Bluetooth-Multi-Compatibility/dp/B0CC5VH2LW/ref=zg_bs_g_1389365031_d_sccl_18/261-0975833-5917763?psc=1,India,
Reviewed in India on 28 January 2025,amzn1.account.AG2RVEKL5PW6O3YFEVGFQFT5Y5GA,https://www.amazon.in/gp/profile/amzn1.account.AG2RVEKL5PW6O3YFEVGFQFT5Y5GA/ref=cm_cr_othr_d_gw_tr?ie=UTF8,5,Good voice,R2PHGJZBQ98522,https://www.amazon.in/gp/customer-reviews/R2PHGJZBQ98522/ref=cm_cr_othr_d_rvw_ttl?ie=UTF8&ASIN=B0CC5VH2LW,,Charging speed good sound very nice,True,False,[],2025-01-28,4,Colour: Midnight Black,"[{'key': 'Colour', 'value': 'Midnight Black'}]",,,https://www.amazon.in/product-reviews/B0CC5VH2LW?pageNumber=1&filterByStar=all_stars&sortBy=helpful&formatType=all_formats&asin=B0CC5VH2LW&reftag=cm_cr_arp_d_paging_btm_next_1&scope=reviewsAjax0,allStars,,B0CC5VH2LW,B0CC5VH2LW,B0CC5VH2LW,"{'price': None, 'listPrice': None}",https://www.amazon.in//boAt-Stone-580-Bluetooth-Multi-Compatibility/dp/B0CC5VH2LW/ref=zg_bs_g_1389365031_d_sccl_18/261-0975833-5917763?psc=1,India,
Reviewed in India on 28 December 2024,amzn1.account.AE7ZXJZTYCIRI5PITNLD2GTA5SVA,https://www.amazon.in/gp/profile/amzn1.account.AE7ZXJZTYCIRI5PITNLD2GTA5SVA/ref=cm_cr_othr_d_gw_tr?ie=UTF8,5,Good Quality Product,R262HVW11ENEHZ,https://www.amazon.in/gp/customer-reviews/R262HVW11ENEHZ/ref=cm_cr_othr_d_rvw_ttl?ie=UTF8&ASIN=B0CC5VH2LW,,It's been 3 months since I've bought this and it's working great. The sound quality is low but it's ok for me.,True,False,[],2024-12-28,5,Colour: Midnight Black,"[{'key': 'Colour', 'value': 'Midnight Black'}]",,,https://www.amazon.in/product-reviews/B0CC5VH2LW?pageNumber=1&filterByStar=all_stars&sortBy=helpful&formatType=all_formats&asin=B0CC5VH2LW&reftag=cm_cr_arp_d_paging_btm_next_1&scope=reviewsAjax0,allStars,,B0CC5VH2LW,B0CC5VH2LW,B0CC5VH2LW,"{'price': None, 'listPrice': None}",https://www.amazon.in//boAt-Stone-580-Bluetooth-Multi-Compatibility/dp/B0CC5VH2LW/ref=zg_bs_g_1389365031_d_sccl_18/261-0975833-5917763?psc=1,India,
Reviewed in India on 8 November 2024,amzn1.account.AHLTNPJODTAYE5PDP62RZZ4OA6UA,https://www.amazon.in/gp/profile/amzn1.account.AHLTNPJODTAYE5PDP62RZZ4OA6UA/ref=cm_cr_othr_d_gw_tr?ie=UTF8,3,After one year used.,R2H7R2DQCG23LV,https://www.amazon.in/gp/customer-reviews/R2H7R2DQCG23LV/ref=cm_cr_othr_d_rvw_ttl?ie=UTF8&ASIN=B0CC5VH2LW,3 people found this helpful,"The media could not be loaded.
                
            
                
            
            
        
    
    








  
  
     Good Connectivity. Battery life is not good. Slow charging speed. Music audio also change after someday use. Built quality is good.",True,False,"['https://m.media-amazon.com/images/I/715MzKKlxbL._SY88.jpg', 'https://m.media-amazon.com/images/I/71Ms8qZ7W-L._SY88.jpg']",2024-11-08,6,Colour: Pine Green,"[{'key': 'Colour', 'value': 'Pine Green'}]",,,https://www.amazon.in/product-reviews/B0CC5VH2LW?pageNumber=1&filterByStar=all_stars&sortBy=helpful&formatType=all_formats&asin=B0CC5VH2LW&reftag=cm_cr_arp_d_paging_btm_next_1&scope=reviewsAjax0,allStars,,B0CC5VH2LW,B0CC5VH2LW,B0CC5VH2LW,"{'price': None, 'listPrice': None}",https://www.amazon.in//boAt-Stone-580-Bluetooth-Multi-Compatibility/dp/B0CC5VH2LW/ref=zg_bs_g_1389365031_d_sccl_18/261-0975833-5917763?psc=1,India,
Reviewed in India on 8 December 2024,amzn1.account.AH52BJZ6ZDBB7FLCUL65R7E5GCHQ,https://www.amazon.in/gp/profile/amzn1.account.AH52BJZ6ZDBB7FLCUL65R7E5GCHQ/ref=cm_cr_othr_d_gw_tr?ie=UTF8,1,Worst product ever!!!,R3127BWG8FGTYC,https://www.amazon.in/gp/customer-reviews/R3127BWG8FGTYC/ref=cm_cr_othr_d_rvw_ttl?ie=UTF8&ASIN=B0CC5VH2LW,,"It’s been only 3 months since I bought this device and it’s now working now. It won’t turn on even when it’s charged to its full capacity.The battery life as per the manufacturer gives 8hrs playback time but the battery dies within 30 mins after a full charge. This is the worst product ever , pls don’t buy this.",True,False,['https://m.media-amazon.com/images/I/714XplOVTsL._SY88.jpg'],2024-12-08,7,Colour: Midnight Black,"[{'key': 'Colour', 'value': 'Midnight Black'}]",,,https://www.amazon.in/product-reviews/B0CC5VH2LW?pageNumber=1&filterByStar=all_stars&sortBy=helpful&formatType=all_formats&asin=B0CC5VH2LW&reftag=cm_cr_arp_d_paging_btm_next_1&scope=reviewsAjax0,allStars,,B0CC5VH2LW,B0CC5VH2LW,B0CC5VH2LW,"{'price': None, 'listPrice': None}",https://www.amazon.in//boAt-Stone-580-Bluetooth-Multi-Compatibility/dp/B0CC5VH2LW/ref=zg_bs_g_1389365031_d_sccl_18/261-0975833-5917763?psc=1,India,
Reviewed in India on 8 December 2024,amzn1.account.AFNOSGCJOUUAGLPKQJAWOPRIIVQA,https://www.amazon.in/gp/profile/amzn1.account.AFNOSGCJOUUAGLPKQJAWOPRIIVQA/ref=cm_cr_othr_d_gw_tr?ie=UTF8,5,Amazing,R13HAV4R0NJC8T,https://www.amazon.in/gp/customer-reviews/R13HAV4R0NJC8T/ref=cm_cr_othr_d_rvw_ttl?ie=UTF8&ASIN=B0CC5VH2LW,,Good back up and sound quality value of money,True,False,[],2024-12-08,8,Colour: Pine Green,"[{'key': 'Colour', 'value': 'Pine Green'}]",,,https://www.amazon.in/product-reviews/B0CC5VH2LW?pageNumber=1&filterByStar=all_stars&sortBy=helpful&formatType=all_formats&asin=B0CC5VH2LW&reftag=cm_cr_arp_d_paging_btm_next_1&scope=reviewsAjax0,allStars,,B0CC5VH2LW,B0CC5VH2LW,B0CC5VH2LW,"{'price': None, 'listPrice': None}",https://www.amazon.in//boAt-Stone-580-Bluetooth-Multi-Compatibility/dp/B0CC5VH2LW/ref=zg_bs_g_1389365031_d_sccl_18/261-0975833-5917763?psc=1,India,
Reviewed in India on 31 December 2024,amzn1.account.AGG5PEGONYJBA74RBEGSUEKESWAQ,https://www.amazon.in/gp/profile/amzn1.account.AGG5PEGONYJBA74RBEGSUEKESWAQ/ref=cm_cr_othr_d_gw_tr?ie=UTF8,2,Bass is not good,R3AINQ3W3E7EA0,https://www.amazon.in/gp/customer-reviews/R3AINQ3W3E7EA0/ref=cm_cr_othr_d_rvw_ttl?ie=UTF8&ASIN=B0CC5VH2LW,,Product bass and power on / off sound is not good,True,False,['https://m.media-amazon.com/images/I/713+A6l6X-L._SY88.jpg'],2024-12-31,41,Colour: Midnight Black,"[{'key': 'Colour', 'value': 'Midnight Black'}]",,,https://www.amazon.in/product-reviews/B0CC5VH2LW?pageNumber=6&filterByStar=all_stars&sortBy=helpful&formatType=all_formats&asin=B0CC5VH2LW&reftag=cm_cr_arp_d_paging_btm_next_6&scope=reviewsAjax0,allStars,,B0CC5VH2LW,B0CC5VH2LW,B0CC5VH2LW,"{'price': None, 'listPrice': None}",https://www.amazon.in//boAt-Stone-580-Bluetooth-Multi-Compatibility/dp/B0CC5VH2LW/ref=zg_bs_g_1389365031_d_sccl_18/261-0975833-5917763?psc=1,India,
Reviewed in India on 8 September 2024,amzn1.account.AFP4VIGC5WY4S45SO3Z5P6NWLQAQ,https://www.amazon.in/gp/profile/amzn1.account.AFP4VIGC5WY4S45SO3Z5P6NWLQAQ/ref=cm_cr_othr_d_gw_tr?ie=UTF8,4,"Baas are superb, but Pendrive not connect..",R36MB96RAQ5N74,https://www.amazon.in/gp/customer-reviews/R36MB96RAQ5N74/ref=cm_cr_othr_d_rvw_ttl?ie=UTF8&ASIN=B0CC5VH2LW,One person found this helpful,Good Baas Quality.multifunction deviceNot too loudPD not connect,True,False,[],2024-09-08,42,Colour: Midnight Black,"[{'key': 'Colour', 'value': 'Midnight Black'}]",,,https://www.amazon.in/product-reviews/B0CC5VH2LW?pageNumber=6&filterByStar=all_stars&sortBy=helpful&formatType=all_formats&asin=B0CC5VH2LW&reftag=cm_cr_arp_d_paging_btm_next_6&scope=reviewsAjax0,allStars,,B0CC5VH2LW,B0CC5VH2LW,B0CC5VH2LW,"{'price': None, 'listPrice': None}",https://www.amazon.in//boAt-Stone-580-Bluetooth-Multi-Compatibility/dp/B0CC5VH2LW/ref=zg_bs_g_1389365031_d_sccl_18/261-0975833-5917763?psc=1,India,
Reviewed in India on 27 December 2024,amzn1.account.AEF26KDJPQQVXVUFU3PPO5LJSG2A,https://www.amazon.in/gp/profile/amzn1.account.AEF26KDJPQQVXVUFU3PPO5LJSG2A/ref=cm_cr_othr_d_gw_tr?ie=UTF8,5,Good Product,R1RZYPZ7FVZBQE,https://www.amazon.in/gp/customer-reviews/R1RZYPZ7FVZBQE/ref=cm_cr_othr_d_rvw_ttl?ie=UTF8&ASIN=B0CC5VH2LW,,Good sound quality.,True,False,['https://m.media-amazon.com/images/I/71rPYJ5vMrL._SY88.jpg'],2024-12-27,43,Colour: Midnight Black,"[{'key': 'Colour', 'value': 'Midnight Black'}]",,,https://www.amazon.in/product-reviews/B0CC5VH2LW?pageNumber=6&filterByStar=all_stars&sortBy=helpful&formatType=all_formats&asin=B0CC5VH2LW&reftag=cm_cr_arp_d_paging_btm_next_6&scope=reviewsAjax0,allStars,,B0CC5VH2LW,B0CC5VH2LW,B0CC5VH2LW,"{'price': None, 'listPrice': None}",https://www.amazon.in//boAt-Stone-580-Bluetooth-Multi-Compatibility/dp/B0CC5VH2LW/ref=zg_bs_g_1389365031_d_sccl_18/261-0975833-5917763?psc=1,India,
Reviewed in India on 31 December 2024,amzn1.account.AFPH5FACS57GF6MUOYG2B46TY4JQ,https://www.amazon.in/gp/profile/amzn1.account.AFPH5FACS57GF6MUOYG2B46TY4JQ/ref=cm_cr_othr_d_gw_tr?ie=UTF8,1,Product volume buttons are not working,R14KV8SC17S6JS,https://www.amazon.in/gp/customer-reviews/R14KV8SC17S6JS/ref=cm_cr_othr_d_rvw_ttl?ie=UTF8&ASIN=B0CC5VH2LW,,"The volume buttons does not work on connecting in pendrive mode.It comes with 10 days replacement but there is no option available for same.Only option is to chat with AI bot, watch video or contact seller which no. does not connect.Have been asked to contact service center, where people are asking to come after 3 Jan. Though the replacement time I have is till 1 Jan.Its unnecessary botheration with no solution.No ways one can contact customer care or get help.Dn't buy Boat online, without checking.... its fooling people",True,False,[],2024-12-31,44,Colour: Midnight Black,"[{'key': 'Colour', 'value': 'Midnight Black'}]",,,https://www.amazon.in/product-reviews/B0CC5VH2LW?pageNumber=6&filterByStar=all_stars&sortBy=helpful&formatType=all_formats&asin=B0CC5VH2LW&reftag=cm_cr_arp_d_paging_btm_next_6&scope=reviewsAjax0,allStars,,B0CC5VH2LW,B0CC5VH2LW,B0CC5VH2LW,"{'price': None, 'listPrice': None}",https://www.amazon.in//boAt-Stone-580-Bluetooth-Multi-Compatibility/dp/B0CC5VH2LW/ref=zg_bs_g_1389365031_d_sccl_18/261-0975833-5917763?psc=1,India,
Reviewed in India on 21 August 2024,amzn1.account.AFRA2OR4IELU6HKST4MKV6OWLWSA,https://www.amazon.in/gp/profile/amzn1.account.AFRA2OR4IELU6HKST4MKV6OWLWSA/ref=cm_cr_othr_d_gw_tr?ie=UTF8,4,Best sound quality in this segment,R273CDAO11JJ3R,https://www.amazon.in/gp/customer-reviews/R273CDAO11JJ3R/ref=cm_cr_othr_d_rvw_ttl?ie=UTF8&ASIN=B0CC5VH2LW,,"Connectivity is awesome, sound quality is good, overall good product, value for money",True,False,['https://m.media-amazon.com/images/I/71MVBuZD28L._SY88.jpg'],2024-08-21,45,Colour: Pine Green,"[{'key': 'Colour', 'value': 'Pine Green'}]",,,https://www.amazon.in/product-reviews/B0CC5VH2LW?pageNumber=6&filterByStar=all_stars&sortBy=helpful&formatType=all_formats&asin=B0CC5VH2LW&reftag=cm_cr_arp_d_paging_btm_next_6&scope=reviewsAjax0,allStars,,B0CC5VH2LW,B0CC5VH2LW,B0CC5VH2LW,"{'price': None, 'listPrice': None}",https://www.amazon.in//boAt-Stone-580-Bluetooth-Multi-Compatibility/dp/B0CC5VH2LW/ref=zg_bs_g_1389365031_d_sccl_18/261-0975833-5917763?psc=1,India,
Reviewed in India on 21 December 2024,amzn1.account.AFAWVLTGUFUNTTOGFA5V3EPNETNA,https://www.amazon.in/gp/profile/amzn1.account.AFAWVLTGUFUNTTOGFA5V3EPNETNA/ref=cm_cr_othr_d_gw_tr?ie=UTF8,5,Best Speaker under 2000,R2AR7112W4F8KJ,https://www.amazon.in/gp/customer-reviews/R2AR7112W4F8KJ/ref=cm_cr_othr_d_rvw_ttl?ie=UTF8&ASIN=B0CC5VH2LW,,Sound quality was best and clear,True,False,[],2024-12-21,46,Colour: Pine Green,"[{'key': 'Colour', 'value': 'Pine Green'}]",,,https://www.amazon.in/product-reviews/B0CC5VH2LW?pageNumber=6&filterByStar=all_stars&sortBy=helpful&formatType=all_formats&asin=B0CC5VH2LW&reftag=cm_cr_arp_d_paging_btm_next_6&scope=reviewsAjax0,allStars,,B0CC5VH2LW,B0CC5VH2LW,B0CC5VH2LW,"{'price': None, 'listPrice': None}",https://www.amazon.in//boAt-Stone-580-Bluetooth-Multi-Compatibility/dp/B0CC5VH2LW/ref=zg_bs_g_1389365031_d_sccl_18/261-0975833-5917763?psc=1,India,
Reviewed in India on 9 August 2024,amzn1.account.AGTG4CURBNIDMAN4ASECA2PSNSNQ,https://www.amazon.in/gp/profile/amzn1.account.AGTG4CURBNIDMAN4ASECA2PSNSNQ/ref=cm_cr_othr_d_gw_tr?ie=UTF8,4,Sound quality,RLX6RU4K90LXA,https://www.amazon.in/gp/customer-reviews/RLX6RU4K90LXA/ref=cm_cr_othr_d_rvw_ttl?ie=UTF8&ASIN=B0CC5VH2LW,2 people found this helpful,"The media could not be loaded.
                
            
                
            
            
        
    
    








  
  
     Sound is good as per the price means worth it.",True,False,[],2024-08-09,47,Colour: Midnight Black,"[{'key': 'Colour', 'value': 'Midnight Black'}]",,,https://www.amazon.in/product-reviews/B0CC5VH2LW?pageNumber=6&filterByStar=all_stars&sortBy=helpful&formatType=all_formats&asin=B0CC5VH2LW&reftag=cm_cr_arp_d_paging_btm_next_6&scope=reviewsAjax0,allStars,,B0CC5VH2LW,B0CC5VH2LW,B0CC5VH2LW,"{'price': None, 'listPrice': None}",https://www.amazon.in//boAt-Stone-580-Bluetooth-Multi-Compatibility/dp/B0CC5VH2LW/ref=zg_bs_g_1389365031_d_sccl_18/261-0975833-5917763?psc=1,India,
Reviewed in India on 29 July 2024,amzn1.account.AEZKN2QRWLUFSTTSGHLMMYEG4MZA,https://www.amazon.in/gp/profile/amzn1.account.AEZKN2QRWLUFSTTSGHLMMYEG4MZA/ref=cm_cr_othr_d_gw_tr?ie=UTF8,3,Ok but expensive,R1H5JHCQ6X902C,https://www.amazon.in/gp/customer-reviews/R1H5JHCQ6X902C/ref=cm_cr_othr_d_rvw_ttl?ie=UTF8&ASIN=B0CC5VH2LW,One person found this helpful,The quality is just okay but the price is quite higher side. More good options are available in the same price range.,True,False,[],2024-07-29,48,Colour: Midnight Black,"[{'key': 'Colour', 'value': 'Midnight Black'}]",,,https://www.amazon.in/product-reviews/B0CC5VH2LW?pageNumber=6&filterByStar=all_stars&sortBy=helpful&formatType=all_formats&asin=B0CC5VH2LW&reftag=cm_cr_arp_d_paging_btm_next_6&scope=reviewsAjax0,allStars,,B0CC5VH2LW,B0CC5VH2LW,B0CC5VH2LW,"{'price': None, 'listPrice': None}",https://www.amazon.in//boAt-Stone-580-Bluetooth-Multi-Compatibility/dp/B0CC5VH2LW/ref=zg_bs_g_1389365031_d_sccl_18/261-0975833-5917763?psc=1,India,
Reviewed in India on 11 May 2024,amzn1.account.AEYEWINRJ5RWXQYEVG4JE33JLILA,https://www.amazon.in/gp/profile/amzn1.account.AEYEWINRJ5RWXQYEVG4JE33JLILA/ref=cm_cr_othr_d_gw_tr?ie=UTF8,3,"No Bass, good sound clarity loud speaker",R3G9MZXK7X8W88,https://www.amazon.in/gp/customer-reviews/R3G9MZXK7X8W88/ref=cm_cr_othr_d_rvw_ttl?ie=UTF8&ASIN=B0CC5VH2LW,One person found this helpful,"This speaker has got no bass at all but sound quality very clear and crisp, quite loud even with 12w power. Radio works well, overall its bit pricey for 2k.",True,False,[],2024-05-11,57,Colour: Pine Green,"[{'key': 'Colour', 'value': 'Pine Green'}]",,,https://www.amazon.in/product-reviews/B0CC5VH2LW?pageNumber=8&filterByStar=all_stars&sortBy=helpful&formatType=all_formats&asin=B0CC5VH2LW&reftag=cm_cr_arp_d_paging_btm_next_8&scope=reviewsAjax0,allStars,,B0CC5VH2LW,B0CC5VH2LW,B0CC5VH2LW,"{'price': None, 'listPrice': None}",https://www.amazon.in//boAt-Stone-580-Bluetooth-Multi-Compatibility/dp/B0CC5VH2LW/ref=zg_bs_g_1389365031_d_sccl_18/261-0975833-5917763?psc=1,India,
Reviewed in India on 16 May 2024,amzn1.account.AELF6G5DUYPGMPGXNXFSRP5G6OIA,https://www.amazon.in/gp/profile/amzn1.account.AELF6G5DUYPGMPGXNXFSRP5G6OIA/ref=cm_cr_othr_d_gw_tr?ie=UTF8,3,Good but not match the price range,R3UH421PQUY2WZ,https://www.amazon.in/gp/customer-reviews/R3UH421PQUY2WZ/ref=cm_cr_othr_d_rvw_ttl?ie=UTF8&ASIN=B0CC5VH2LW,2 people found this helpful,Sound quality is normal not good as other speakers but easy to carry bass is good over packaging,True,False,[],2024-05-16,58,Colour: Midnight Black,"[{'key': 'Colour', 'value': 'Midnight Black'}]",,,https://www.amazon.in/product-reviews/B0CC5VH2LW?pageNumber=8&filterByStar=all_stars&sortBy=helpful&formatType=all_formats&asin=B0CC5VH2LW&reftag=cm_cr_arp_d_paging_btm_next_8&scope=reviewsAjax0,allStars,,B0CC5VH2LW,B0CC5VH2LW,B0CC5VH2LW,"{'price': None, 'listPrice': None}",https://www.amazon.in//boAt-Stone-580-Bluetooth-Multi-Compatibility/dp/B0CC5VH2LW/ref=zg_bs_g_1389365031_d_sccl_18/261-0975833-5917763?psc=1,India,
Reviewed in India on 21 November 2024,amzn1.account.AEXKPRMRG5YSVYUNUSDPVQQPPQYQ,https://www.amazon.in/gp/profile/amzn1.account.AEXKPRMRG5YSVYUNUSDPVQQPPQYQ/ref=cm_cr_othr_d_gw_tr?ie=UTF8,5,👍👌,R1N3P2RN7MLI4Z,https://www.amazon.in/gp/customer-reviews/R1N3P2RN7MLI4Z/ref=cm_cr_othr_d_rvw_ttl?ie=UTF8&ASIN=B0CC5VH2LW,,കൊള്ളാം,True,False,[],2024-11-21,59,Colour: Pine Green,"[{'key': 'Colour', 'value': 'Pine Green'}]",,,https://www.amazon.in/product-reviews/B0CC5VH2LW?pageNumber=8&filterByStar=all_stars&sortBy=helpful&formatType=all_formats&asin=B0CC5VH2LW&reftag=cm_cr_arp_d_paging_btm_next_8&scope=reviewsAjax0,allStars,,B0CC5VH2LW,B0CC5VH2LW,B0CC5VH2LW,"{'price': None, 'listPrice': None}",https://www.amazon.in//boAt-Stone-580-Bluetooth-Multi-Compatibility/dp/B0CC5VH2LW/ref=zg_bs_g_1389365031_d_sccl_18/261-0975833-5917763?psc=1,India,
Reviewed in India on 17 October 2024,amzn1.account.AEMJLHMTDA34OQAU5MYF5D2FHO5A,https://www.amazon.in/gp/profile/amzn1.account.AEMJLHMTDA34OQAU5MYF5D2FHO5A/ref=cm_cr_othr_d_gw_tr?ie=UTF8,2,Sound quality is poor,R13BY2CUJUAXRE,https://www.amazon.in/gp/customer-reviews/R13BY2CUJUAXRE/ref=cm_cr_othr_d_rvw_ttl?ie=UTF8&ASIN=B0CC5VH2LW,One person found this helpful,Product is doesn't working properly sound quality is poor,True,False,['https://m.media-amazon.com/images/I/71KJ35wiA3L._SY88.jpg'],2024-10-17,60,Colour: Pine Green,"[{'key': 'Colour', 'value': 'Pine Green'}]",,,https://www.amazon.in/product-reviews/B0CC5VH2LW?pageNumber=8&filterByStar=all_stars&sortBy=helpful&formatType=all_formats&asin=B0CC5VH2LW&reftag=cm_cr_arp_d_paging_btm_next_8&scope=reviewsAjax0,allStars,,B0CC5VH2LW,B0CC5VH2LW,B0CC5VH2LW,"{'price': None, 'listPrice': None}",https://www.amazon.in//boAt-Stone-580-Bluetooth-Multi-Compatibility/dp/B0CC5VH2LW/ref=zg_bs_g_1389365031_d_sccl_18/261-0975833-5917763?psc=1,India,
Reviewed in India on 22 October 2024,amzn1.account.AH6FEVAS3DC6VBZ3QIEOVYDMYB3Q,https://www.amazon.in/gp/profile/amzn1.account.AH6FEVAS3DC6VBZ3QIEOVYDMYB3Q/ref=cm_cr_othr_d_gw_tr?ie=UTF8,2,FM not work properly,ROF0BG2DP38O9,https://www.amazon.in/gp/customer-reviews/ROF0BG2DP38O9/ref=cm_cr_othr_d_rvw_ttl?ie=UTF8&ASIN=B0CC5VH2LW,One person found this helpful,FM not work properly,True,False,[],2024-10-22,61,Colour: Midnight Black,"[{'key': 'Colour', 'value': 'Midnight Black'}]",,,https://www.amazon.in/product-reviews/B0CC5VH2LW?pageNumber=8&filterByStar=all_stars&sortBy=helpful&formatType=all_formats&asin=B0CC5VH2LW&reftag=cm_cr_arp_d_paging_btm_next_8&scope=reviewsAjax0,allStars,,B0CC5VH2LW,B0CC5VH2LW,B0CC5VH2LW,"{'price': None, 'listPrice': None}",https://www.amazon.in//boAt-Stone-580-Bluetooth-Multi-Compatibility/dp/B0CC5VH2LW/ref=zg_bs_g_1389365031_d_sccl_18/261-0975833-5917763?psc=1,India,
Reviewed in India on 26 October 2024,amzn1.account.AGJZYABNFFSXWMUUJJ7OCR64IREQ,https://www.amazon.in/gp/profile/amzn1.account.AGJZYABNFFSXWMUUJJ7OCR64IREQ/ref=cm_cr_othr_d_gw_tr?ie=UTF8,5,Best,R5QPZI4CH6EUT,https://www.amazon.in/gp/customer-reviews/R5QPZI4CH6EUT/ref=cm_cr_othr_d_rvw_ttl?ie=UTF8&ASIN=B0CC5VH2LW,,Good for indoor onlyFm works good sound quality is bestSound is little bit less as compared to jbl in same segmentBt otherwise satisfied,True,False,[],2024-10-26,62,Colour: Midnight Black,"[{'key': 'Colour', 'value': 'Midnight Black'}]",,,https://www.amazon.in/product-reviews/B0CC5VH2LW?pageNumber=8&filterByStar=all_stars&sortBy=helpful&formatType=all_formats&asin=B0CC5VH2LW&reftag=cm_cr_arp_d_paging_btm_next_8&scope=reviewsAjax0,allStars,,B0CC5VH2LW,B0CC5VH2LW,B0CC5VH2LW,"{'price': None, 'listPrice': None}",https://www.amazon.in//boAt-Stone-580-Bluetooth-Multi-Compatibility/dp/B0CC5VH2LW/ref=zg_bs_g_1389365031_d_sccl_18/261-0975833-5917763?psc=1,India,
Reviewed in India on 19 October 2024,amzn1.account.AFGSLFRHU2BTUO4TQM24QZI5DIEQ,https://www.amazon.in/gp/profile/amzn1.account.AFGSLFRHU2BTUO4TQM24QZI5DIEQ/ref=cm_cr_othr_d_gw_tr?ie=UTF8,2,Product is okay,R288XLO4YZVZGB,https://www.amazon.in/gp/customer-reviews/R288XLO4YZVZGB/ref=cm_cr_othr_d_rvw_ttl?ie=UTF8&ASIN=B0CC5VH2LW,One person found this helpful,Sound quality is very low.,True,False,['https://m.media-amazon.com/images/I/71jEudvkEdL._SY88.jpg'],2024-10-19,63,Colour: Midnight Black,"[{'key': 'Colour', 'value': 'Midnight Black'}]",,,https://www.amazon.in/product-reviews/B0CC5VH2LW?pageNumber=8&filterByStar=all_stars&sortBy=helpful&formatType=all_formats&asin=B0CC5VH2LW&reftag=cm_cr_arp_d_paging_btm_next_8&scope=reviewsAjax0,allStars,,B0CC5VH2LW,B0CC5VH2LW,B0CC5VH2LW,"{'price': None, 'listPrice': None}",https://www.amazon.in//boAt-Stone-580-Bluetooth-Multi-Compatibility/dp/B0CC5VH2LW/ref=zg_bs_g_1389365031_d_sccl_18/261-0975833-5917763?psc=1,India,
Reviewed in India on 21 August 2024,amzn1.account.AGYI7VND2JTPTCJZWZSX7C5KMLZQ,https://www.amazon.in/gp/profile/amzn1.account.AGYI7VND2JTPTCJZWZSX7C5KMLZQ/ref=cm_cr_othr_d_gw_tr?ie=UTF8,2,Waste of money,R1F4MLA16OS2CZ,https://www.amazon.in/gp/customer-reviews/R1F4MLA16OS2CZ/ref=cm_cr_othr_d_rvw_ttl?ie=UTF8&ASIN=B0CC5VH2LW,,This product is just waste of money.boat should discontinue this product......FM receiver is faulty....at same time 2 station get overlapped......Sound quality is poor as compared to other product..even 5W is more powerful then this 12W product,True,False,[],2024-08-21,64,Colour: Pine Green,"[{'key': 'Colour', 'value': 'Pine Green'}]",,,https://www.amazon.in/product-reviews/B0CC5VH2LW?pageNumber=8&filterByStar=all_stars&sortBy=helpful&formatType=all_formats&asin=B0CC5VH2LW&reftag=cm_cr_arp_d_paging_btm_next_8&scope=reviewsAjax0,allStars,,B0CC5VH2LW,B0CC5VH2LW,B0CC5VH2LW,"{'price': None, 'listPrice': None}",https://www.amazon.in//boAt-Stone-580-Bluetooth-Multi-Compatibility/dp/B0CC5VH2LW/ref=zg_bs_g_1389365031_d_sccl_18/261-0975833-5917763?psc=1,India,
Reviewed in India on 24 April 2024,amzn1.account.AHAXUWKRZPWAN64URHTRN7MS2HNA,https://www.amazon.in/gp/profile/amzn1.account.AHAXUWKRZPWAN64URHTRN7MS2HNA/ref=cm_cr_othr_d_gw_tr?ie=UTF8,3,Good,R5WLT5JPE5KDK,https://www.amazon.in/gp/customer-reviews/R5WLT5JPE5KDK/ref=cm_cr_othr_d_rvw_ttl?ie=UTF8&ASIN=B0CC5VH2LW,,Sound quality good but not as expected.Battery backup nice.Light weight.,True,False,[],2024-04-24,73,Colour: Pine Green,"[{'key': 'Colour', 'value': 'Pine Green'}]",,,https://www.amazon.in/product-reviews/B0CC5VH2LW?pageNumber=10&filterByStar=all_stars&sortBy=helpful&formatType=all_formats&asin=B0CC5VH2LW&reftag=cm_cr_arp_d_paging_btm_next_10&scope=reviewsAjax0,allStars,,B0CC5VH2LW,B0CC5VH2LW,B0CC5VH2LW,"{'price': None, 'listPrice': None}",https://www.amazon.in//boAt-Stone-580-Bluetooth-Multi-Compatibility/dp/B0CC5VH2LW/ref=zg_bs_g_1389365031_d_sccl_18/261-0975833-5917763?psc=1,India,
Reviewed in India on 1 October 2024,amzn1.account.AGDIARL6XML44MEWVQB5AMMKG6GQ,https://www.amazon.in/gp/profile/amzn1.account.AGDIARL6XML44MEWVQB5AMMKG6GQ/ref=cm_cr_othr_d_gw_tr?ie=UTF8,1,Their warranty is a fraud,R2EDG0MFVWSMB5,https://www.amazon.in/gp/customer-reviews/R2EDG0MFVWSMB5/ref=cm_cr_othr_d_rvw_ttl?ie=UTF8&ASIN=B0CC5VH2LW,17 people found this helpful,"The media could not be loaded.
                
            
                
            
            
        
    
    








  
  
     I received this speaker in April month 2024 ' now it is the month of September and I had warranty of 1 year of this speaker. My speaker was working good but one day it stopped automatically without any physical damage . When I applied for warranty they just did not provide any warranty and send my product back to me and told me that there is some internal damage and we cannot help you. So I will recommend everyone to please do not buy from boat, their just make fool of customer. No warranty and no customer service.",True,False,[],2024-10-01,74,Colour: Midnight Black,"[{'key': 'Colour', 'value': 'Midnight Black'}]",,,https://www.amazon.in/product-reviews/B0CC5VH2LW?pageNumber=10&filterByStar=all_stars&sortBy=helpful&formatType=all_formats&asin=B0CC5VH2LW&reftag=cm_cr_arp_d_paging_btm_next_10&scope=reviewsAjax0,allStars,,B0CC5VH2LW,B0CC5VH2LW,B0CC5VH2LW,"{'price': None, 'listPrice': None}",https://www.amazon.in//boAt-Stone-580-Bluetooth-Multi-Compatibility/dp/B0CC5VH2LW/ref=zg_bs_g_1389365031_d_sccl_18/261-0975833-5917763?psc=1,India,
Reviewed in India on 5 May 2024,amzn1.account.AGIZF53WA2N7ZRRPKRDRU45HAC7A,https://www.amazon.in/gp/profile/amzn1.account.AGIZF53WA2N7ZRRPKRDRU45HAC7A/ref=cm_cr_othr_d_gw_tr?ie=UTF8,3,Not as expected in sound and bass,R1ZT7EFW43QLDT,https://www.amazon.in/gp/customer-reviews/R1ZT7EFW43QLDT/ref=cm_cr_othr_d_rvw_ttl?ie=UTF8&ASIN=B0CC5VH2LW,One person found this helpful,Not as expected,True,False,['https://m.media-amazon.com/images/I/81SuQWRwS3L._SY88.jpg'],2024-05-05,75,Colour: Midnight Black,"[{'key': 'Colour', 'value': 'Midnight Black'}]",,,https://www.amazon.in/product-reviews/B0CC5VH2LW?pageNumber=10&filterByStar=all_stars&sortBy=helpful&formatType=all_formats&asin=B0CC5VH2LW&reftag=cm_cr_arp_d_paging_btm_next_10&scope=reviewsAjax0,allStars,,B0CC5VH2LW,B0CC5VH2LW,B0CC5VH2LW,"{'price': None, 'listPrice': None}",https://www.amazon.in//boAt-Stone-580-Bluetooth-Multi-Compatibility/dp/B0CC5VH2LW/ref=zg_bs_g_1389365031_d_sccl_18/261-0975833-5917763?psc=1,India,
Reviewed in India on 7 January 2025,amzn1.account.AGO7MDKCL7WDRVWF4SC2PMIZA5WQ,https://www.amazon.in/gp/profile/amzn1.account.AGO7MDKCL7WDRVWF4SC2PMIZA5WQ/ref=cm_cr_othr_d_gw_tr?ie=UTF8,1,No value for money 👎,R3B2RWO9MJQRNM,https://www.amazon.in/gp/customer-reviews/R3B2RWO9MJQRNM/ref=cm_cr_othr_d_rvw_ttl?ie=UTF8&ASIN=B0CC5VH2LW,,Battery life is only 2 hours and after 8days of purchase speaker stopped working,True,False,[],2025-01-07,76,Colour: Midnight Black,"[{'key': 'Colour', 'value': 'Midnight Black'}]",,,https://www.amazon.in/product-reviews/B0CC5VH2LW?pageNumber=10&filterByStar=all_stars&sortBy=helpful&formatType=all_formats&asin=B0CC5VH2LW&reftag=cm_cr_arp_d_paging_btm_next_10&scope=reviewsAjax0,allStars,,B0CC5VH2LW,B0CC5VH2LW,B0CC5VH2LW,"{'price': None, 'listPrice': None}",https://www.amazon.in//boAt-Stone-580-Bluetooth-Multi-Compatibility/dp/B0CC5VH2LW/ref=zg_bs_g_1389365031_d_sccl_18/261-0975833-5917763?psc=1,India,
Reviewed in India on 20 December 2024,amzn1.account.AEXE65HFA5GNZT46WKUE5XRSYBRQ,https://www.amazon.in/gp/profile/amzn1.account.AEXE65HFA5GNZT46WKUE5XRSYBRQ/ref=cm_cr_othr_d_gw_tr?ie=UTF8,1,Quality issues/Crackling sound at max volume,R2ILLA11MSSY0T,https://www.amazon.in/gp/customer-reviews/R2ILLA11MSSY0T/ref=cm_cr_othr_d_rvw_ttl?ie=UTF8&ASIN=B0CC5VH2LW,4 people found this helpful,"The media could not be loaded.
                
            
                
            
            
        
    
    








  
  
     The speaker looks decent.But the sound quality is poor.Max volume is very low and it has a crackling sound to it at even almost max volume.I want to return this product and would like a refund but the AI chatbot couldn't help.Hence putting up the review.",True,False,"['https://m.media-amazon.com/images/I/71ZMK6oiYvL._SY88.jpg', 'https://m.media-amazon.com/images/I/71leOVxM6bL._SY88.jpg']",2024-12-20,77,Colour: Midnight Black,"[{'key': 'Colour', 'value': 'Midnight Black'}]",,,https://www.amazon.in/product-reviews/B0CC5VH2LW?pageNumber=10&filterByStar=all_stars&sortBy=helpful&formatType=all_formats&asin=B0CC5VH2LW&reftag=cm_cr_arp_d_paging_btm_next_10&scope=reviewsAjax0,allStars,,B0CC5VH2LW,B0CC5VH2LW,B0CC5VH2LW,"{'price': None, 'listPrice': None}",https://www.amazon.in//boAt-Stone-580-Bluetooth-Multi-Compatibility/dp/B0CC5VH2LW/ref=zg_bs_g_1389365031_d_sccl_18/261-0975833-5917763?psc=1,India,
Reviewed in India on 22 October 2024,amzn1.account.AEOEA6MAOYKQCCZXENNR6SRXKENA,https://www.amazon.in/gp/profile/amzn1.account.AEOEA6MAOYKQCCZXENNR6SRXKENA/ref=cm_cr_othr_d_gw_tr?ie=UTF8,5,Bluetooth speakers,R7ZW4ERSEO4GJ,https://www.amazon.in/gp/customer-reviews/R7ZW4ERSEO4GJ/ref=cm_cr_othr_d_rvw_ttl?ie=UTF8&ASIN=B0CC5VH2LW,,Boat bluetooth speakers are owsm ....with clear voice nd good battery backup.,True,False,[],2024-10-22,78,Colour: Midnight Black,"[{'key': 'Colour', 'value': 'Midnight Black'}]",,,https://www.amazon.in/product-reviews/B0CC5VH2LW?pageNumber=10&filterByStar=all_stars&sortBy=helpful&formatType=all_formats&asin=B0CC5VH2LW&reftag=cm_cr_arp_d_paging_btm_next_10&scope=reviewsAjax0,allStars,,B0CC5VH2LW,B0CC5VH2LW,B0CC5VH2LW,"{'price': None, 'listPrice': None}",https://www.amazon.in//boAt-Stone-580-Bluetooth-Multi-Compatibility/dp/B0CC5VH2LW/ref=zg_bs_g_1389365031_d_sccl_18/261-0975833-5917763?psc=1,India,
Reviewed in India on 16 December 2024,amzn1.account.AFH5GRLTBZRVSXKRVBOFJTEG3A2A,https://www.amazon.in/gp/profile/amzn1.account.AFH5GRLTBZRVSXKRVBOFJTEG3A2A/ref=cm_cr_othr_d_gw_tr?ie=UTF8,1,This product is not reliable,R1P8OKJ12NTYM6,https://www.amazon.in/gp/customer-reviews/R1P8OKJ12NTYM6/ref=cm_cr_othr_d_rvw_ttl?ie=UTF8&ASIN=B0CC5VH2LW,,I purchased this product last week only but it is not working . Not able to switch it on even the charging is done quite a long time,True,False,[],2024-12-16,79,Colour: Midnight Black,"[{'key': 'Colour', 'value': 'Midnight Black'}]",,,https://www.amazon.in/product-reviews/B0CC5VH2LW?pageNumber=10&filterByStar=all_stars&sortBy=helpful&formatType=all_formats&asin=B0CC5VH2LW&reftag=cm_cr_arp_d_paging_btm_next_10&scope=reviewsAjax0,allStars,,B0CC5VH2LW,B0CC5VH2LW,B0CC5VH2LW,"{'price': None, 'listPrice': None}",https://www.amazon.in//boAt-Stone-580-Bluetooth-Multi-Compatibility/dp/B0CC5VH2LW/ref=zg_bs_g_1389365031_d_sccl_18/261-0975833-5917763?psc=1,India,
Reviewed in India on 21 October 2024,amzn1.account.AG5G2ASV7KLAUDXSKMQ4AHRWDDMQ,https://www.amazon.in/gp/profile/amzn1.account.AG5G2ASV7KLAUDXSKMQ4AHRWDDMQ/ref=cm_cr_othr_d_gw_tr?ie=UTF8,5,Sound quality not reaches,R1EBW2RDUNSW7R,https://www.amazon.in/gp/customer-reviews/R1EBW2RDUNSW7R/ref=cm_cr_othr_d_rvw_ttl?ie=UTF8&ASIN=B0CC5VH2LW,One person found this helpful,"This product not having sound quality as per expectations,so want to return & refund",True,False,[],2024-10-21,80,Colour: Midnight Black,"[{'key': 'Colour', 'value': 'Midnight Black'}]",,,https://www.amazon.in/product-reviews/B0CC5VH2LW?pageNumber=10&filterByStar=all_stars&sortBy=helpful&formatType=all_formats&asin=B0CC5VH2LW&reftag=cm_cr_arp_d_paging_btm_next_10&scope=reviewsAjax0,allStars,,B0CC5VH2LW,B0CC5VH2LW,B0CC5VH2LW,"{'price': None, 'listPrice': None}",https://www.amazon.in//boAt-Stone-580-Bluetooth-Multi-Compatibility/dp/B0CC5VH2LW/ref=zg_bs_g_1389365031_d_sccl_18/261-0975833-5917763?psc=1,India,
Reviewed in India on 3 December 2024,amzn1.account.AFAELDAZX5KF3PIL6M5BWKMYDPRA,https://www.amazon.in/gp/profile/amzn1.account.AFAELDAZX5KF3PIL6M5BWKMYDPRA/ref=cm_cr_othr_d_gw_tr?ie=UTF8,4,This is not boat stone this is boat bomb,R1Z3Y7QPNME7DQ,https://www.amazon.in/gp/customer-reviews/R1Z3Y7QPNME7DQ/ref=cm_cr_othr_d_rvw_ttl?ie=UTF8&ASIN=B0CC5VH2LW,,The media could not be loaded.,True,False,[],2024-12-03,17,Colour: Midnight Black,"[{'key': 'Colour', 'value': 'Midnight Black'}]",,,https://www.amazon.in/product-reviews/B0CC5VH2LW?pageNumber=3&filterByStar=all_stars&sortBy=helpful&formatType=all_formats&asin=B0CC5VH2LW&reftag=cm_cr_arp_d_paging_btm_next_3&scope=reviewsAjax0,allStars,,B0CC5VH2LW,B0CC5VH2LW,B0CC5VH2LW,"{'price': None, 'listPrice': None}",https://www.amazon.in//boAt-Stone-580-Bluetooth-Multi-Compatibility/dp/B0CC5VH2LW/ref=zg_bs_g_1389365031_d_sccl_18/261-0975833-5917763?psc=1,India,
Reviewed in India on 5 December 2024,amzn1.account.AEI5MSTMV6CM3SYDFXVQ3QNBWAQA,https://www.amazon.in/gp/profile/amzn1.account.AEI5MSTMV6CM3SYDFXVQ3QNBWAQA/ref=cm_cr_othr_d_gw_tr?ie=UTF8,3,FM SCANNING DOESNT WORKING PROPERLY,RCUB0U6OQZG3J,https://www.amazon.in/gp/customer-reviews/RCUB0U6OQZG3J/ref=cm_cr_othr_d_rvw_ttl?ie=UTF8&ASIN=B0CC5VH2LW,3 people found this helpful,FM SCANNING DOESNT WORKING PROPERLY BUT SOUND QUALITY GOOD. GOOD PRODUCT,True,False,['https://m.media-amazon.com/images/I/51k6jCBTUxL._SY88.jpg'],2024-12-05,18,Colour: Midnight Black,"[{'key': 'Colour', 'value': 'Midnight Black'}]",,,https://www.amazon.in/product-reviews/B0CC5VH2LW?pageNumber=3&filterByStar=all_stars&sortBy=helpful&formatType=all_formats&asin=B0CC5VH2LW&reftag=cm_cr_arp_d_paging_btm_next_3&scope=reviewsAjax0,allStars,,B0CC5VH2LW,B0CC5VH2LW,B0CC5VH2LW,"{'price': None, 'listPrice': None}",https://www.amazon.in//boAt-Stone-580-Bluetooth-Multi-Compatibility/dp/B0CC5VH2LW/ref=zg_bs_g_1389365031_d_sccl_18/261-0975833-5917763?psc=1,India,
Reviewed in India on 1 November 2024,amzn1.account.AFTSMJ7EXEC2BTQ5J7AC6VRI5XHQ,https://www.amazon.in/gp/profile/amzn1.account.AFTSMJ7EXEC2BTQ5J7AC6VRI5XHQ/ref=cm_cr_othr_d_gw_tr?ie=UTF8,4,Wou!,R3PEMCA1DOZM5N,https://www.amazon.in/gp/customer-reviews/R3PEMCA1DOZM5N/ref=cm_cr_othr_d_rvw_ttl?ie=UTF8&ASIN=B0CC5VH2LW,,Very Nice Product.Sound is very good and clear.Front  colour light attracts everybody attention.When hearing you can realize every instruments tones very clear..Excellent Product by BoAt.....Just Go for It.,True,False,[],2024-11-01,19,Colour: Midnight Black,"[{'key': 'Colour', 'value': 'Midnight Black'}]",,,https://www.amazon.in/product-reviews/B0CC5VH2LW?pageNumber=3&filterByStar=all_stars&sortBy=helpful&formatType=all_formats&asin=B0CC5VH2LW&reftag=cm_cr_arp_d_paging_btm_next_3&scope=reviewsAjax0,allStars,,B0CC5VH2LW,B0CC5VH2LW,B0CC5VH2LW,"{'price': None, 'listPrice': None}",https://www.amazon.in//boAt-Stone-580-Bluetooth-Multi-Compatibility/dp/B0CC5VH2LW/ref=zg_bs_g_1389365031_d_sccl_18/261-0975833-5917763?psc=1,India,
Reviewed in India on 12 December 2024,amzn1.account.AGWH56IX5PBYUIIBNV2LOUXHSEUA,https://www.amazon.in/gp/profile/amzn1.account.AGWH56IX5PBYUIIBNV2LOUXHSEUA/ref=cm_cr_othr_d_gw_tr?ie=UTF8,4,Good sound quality,R147820XTU7FTW,https://www.amazon.in/gp/customer-reviews/R147820XTU7FTW/ref=cm_cr_othr_d_rvw_ttl?ie=UTF8&ASIN=B0CC5VH2LW,4 people found this helpful,The media could not be loaded.,True,False,[],2024-12-12,20,Colour: Midnight Black,"[{'key': 'Colour', 'value': 'Midnight Black'}]",,,https://www.amazon.in/product-reviews/B0CC5VH2LW?pageNumber=3&filterByStar=all_stars&sortBy=helpful&formatType=all_formats&asin=B0CC5VH2LW&reftag=cm_cr_arp_d_paging_btm_next_3&scope=reviewsAjax0,allStars,,B0CC5VH2LW,B0CC5VH2LW,B0CC5VH2LW,"{'price': None, 'listPrice': None}",https://www.amazon.in//boAt-Stone-580-Bluetooth-Multi-Compatibility/dp/B0CC5VH2LW/ref=zg_bs_g_1389365031_d_sccl_18/261-0975833-5917763?psc=1,India,
Reviewed in India on 27 September 2024,amzn1.account.AHXPSILWEWCX7XIXM2BZ3DOMGDKQ,https://www.amazon.in/gp/profile/amzn1.account.AHXPSILWEWCX7XIXM2BZ3DOMGDKQ/ref=cm_cr_othr_d_gw_tr?ie=UTF8,5,I loved it.,R2EAZST9B23RPJ,https://www.amazon.in/gp/customer-reviews/R2EAZST9B23RPJ/ref=cm_cr_othr_d_rvw_ttl?ie=UTF8&ASIN=B0CC5VH2LW,9 people found this helpful,"The media could not be loaded.
                
            
                
            
        
    
    








  
  
     If you are dealing with sadness, or something that's burning go for this product. You can have it for parties if you like, but it's peaceful for a single room, Just adjust it on bass mode from your mobile and you will love it. The best feature is the FM mode, atleast it connect you the unknown moods of RJ's. Yaar, I have big speakers and bhut saare products hai, music system hai, lekin yaar bhut Sukoon hai isme, better than earbuds, after ik ghanta usme dard hota kaan vagera, but isme thora slow bjau aur apni favourite playlist laga lo, mat pucho kitna shi feel hota hai. Specially, people jo ghar k bahar hai PG ya fir khi p jo akele rehte hai vo le. It's peaceful. Bhai, mai bhut dil s bta rha hu. Dil khush ho gya yaar sun k.. Laundo, k lia specially le lena, thanks me later. Isse chota vala bekar hai, uska quality vgera nhi accha hai, y achha hai, bhut shi hai. Bhut accha hai ye. Thanks me in your prayers, later after purchasing. Raat m dil khush ho jaata hai ispe sun k. Better than big speakers of my house. I love it. 🍁🍸The beast product for yourself. Yaar, jisko akelapan vgeraa feel hota hai, vo jarur lena. Bas you will love it.",True,False,"['https://m.media-amazon.com/images/I/61IAn3nEhWL._SY88.jpg', 'https://m.media-amazon.com/images/I/61kLPuXWd0L._SY88.jpg', 'https://m.media-amazon.com/images/I/61kdmCShW-L._SY88.jpg', 'https://m.media-amazon.com/images/I/71C0ILPZmCL._SY88.jpg']",2024-09-27,21,Colour: Midnight Black,"[{'key': 'Colour', 'value': 'Midnight Black'}]",,,https://www.amazon.in/product-reviews/B0CC5VH2LW?pageNumber=3&filterByStar=all_stars&sortBy=helpful&formatType=all_formats&asin=B0CC5VH2LW&reftag=cm_cr_arp_d_paging_btm_next_3&scope=reviewsAjax0,allStars,,B0CC5VH2LW,B0CC5VH2LW,B0CC5VH2LW,"{'price': None, 'listPrice': None}",https://www.amazon.in//boAt-Stone-580-Bluetooth-Multi-Compatibility/dp/B0CC5VH2LW/ref=zg_bs_g_1389365031_d_sccl_18/261-0975833-5917763?psc=1,India,
Reviewed in India on 26 October 2024,amzn1.account.AH64AHAP67QPC6OFSGJQUZKWUEBA,https://www.amazon.in/gp/profile/amzn1.account.AH64AHAP67QPC6OFSGJQUZKWUEBA/ref=cm_cr_othr_d_gw_tr?ie=UTF8,4,"It is very loud,",RBUUWL6TAQ7LZ,https://www.amazon.in/gp/customer-reviews/RBUUWL6TAQ7LZ/ref=cm_cr_othr_d_rvw_ttl?ie=UTF8&ASIN=B0CC5VH2LW,2 people found this helpful,"The media could not be loaded.
                
            
                
            
        
    
    








  
  
     The speaker is velu for money and this sound is amazing, crazy, I love this product.Thank you Amazon and boat😍😘",True,False,[],2024-10-26,22,Colour: Midnight Black,"[{'key': 'Colour', 'value': 'Midnight Black'}]",,,https://www.amazon.in/product-reviews/B0CC5VH2LW?pageNumber=3&filterByStar=all_stars&sortBy=helpful&formatType=all_formats&asin=B0CC5VH2LW&reftag=cm_cr_arp_d_paging_btm_next_3&scope=reviewsAjax0,allStars,,B0CC5VH2LW,B0CC5VH2LW,B0CC5VH2LW,"{'price': None, 'listPrice': None}",https://www.amazon.in//boAt-Stone-580-Bluetooth-Multi-Compatibility/dp/B0CC5VH2LW/ref=zg_bs_g_1389365031_d_sccl_18/261-0975833-5917763?psc=1,India,
Reviewed in India on 11 April 2024,amzn1.account.AHA3ECH7GTZ7B7F2NJHR6N5WSOJQ,https://www.amazon.in/gp/profile/amzn1.account.AHA3ECH7GTZ7B7F2NJHR6N5WSOJQ/ref=cm_cr_othr_d_gw_tr?ie=UTF8,4,"Looks cool, good build quality",R5PPCW34TYBML,https://www.amazon.in/gp/customer-reviews/R5PPCW34TYBML/ref=cm_cr_othr_d_rvw_ttl?ie=UTF8&ASIN=B0CC5VH2LW,64 people found this helpful,"The media could not be loaded.
                
            
                
            
            
        
    
    








  
  
     After using one day of boat stone 580, I can say that the speaker is good in looks and build quality is awesome. Here are some pros and cons of the Boat Stone 580 :Pros :1. Good build quality2. Look is cool3. Easy to carry with the strap4. Connectivity is also good5. RGB is just greatCons :1. Loudness is too low, with 30-40% volume you can barely hear the sound.2. Minute sound distortion above 90% volume3. Bass is descent not too high and not too low. At 100% volume its just 🤯💥Conclusion: In my opinion if you want a speaker for personal use in one room with 2-5 person then go for it.Sound quality is 4 out 5Bass : 4 out of 5Looks and design: 5 out of 5Build quality 5 out of 5If I found any problem after using 1-3 months then I will sure update the problem.",True,False,['https://m.media-amazon.com/images/I/71tLME8Ou8L._SY88.jpg'],2024-04-11,23,Colour: Midnight Black,"[{'key': 'Colour', 'value': 'Midnight Black'}]",,,https://www.amazon.in/product-reviews/B0CC5VH2LW?pageNumber=3&filterByStar=all_stars&sortBy=helpful&formatType=all_formats&asin=B0CC5VH2LW&reftag=cm_cr_arp_d_paging_btm_next_3&scope=reviewsAjax0,allStars,,B0CC5VH2LW,B0CC5VH2LW,B0CC5VH2LW,"{'price': None, 'listPrice': None}",https://www.amazon.in//boAt-Stone-580-Bluetooth-Multi-Compatibility/dp/B0CC5VH2LW/ref=zg_bs_g_1389365031_d_sccl_18/261-0975833-5917763?psc=1,India,
Reviewed in India on 27 October 2024,amzn1.account.AEFDTVSQAWNVT5RUQF55UOL2Z76Q,https://www.amazon.in/gp/profile/amzn1.account.AEFDTVSQAWNVT5RUQF55UOL2Z76Q/ref=cm_cr_othr_d_gw_tr?ie=UTF8,4,Nice,R38EJDRL7TNNU7,https://www.amazon.in/gp/customer-reviews/R38EJDRL7TNNU7/ref=cm_cr_othr_d_rvw_ttl?ie=UTF8&ASIN=B0CC5VH2LW,,Good product but battery health is not good,True,False,[],2024-10-27,24,Colour: Pine Green,"[{'key': 'Colour', 'value': 'Pine Green'}]",,,https://www.amazon.in/product-reviews/B0CC5VH2LW?pageNumber=3&filterByStar=all_stars&sortBy=helpful&formatType=all_formats&asin=B0CC5VH2LW&reftag=cm_cr_arp_d_paging_btm_next_3&scope=reviewsAjax0,allStars,,B0CC5VH2LW,B0CC5VH2LW,B0CC5VH2LW,"{'price': None, 'listPrice': None}",https://www.amazon.in//boAt-Stone-580-Bluetooth-Multi-Compatibility/dp/B0CC5VH2LW/ref=zg_bs_g_1389365031_d_sccl_18/261-0975833-5917763?psc=1,India,
Reviewed in India on 26 January 2025,amzn1.account.AFCBDR5G3TE3GRNYOPWBJGDTXYTA,https://www.amazon.in/gp/profile/amzn1.account.AFCBDR5G3TE3GRNYOPWBJGDTXYTA/ref=cm_cr_othr_d_gw_tr?ie=UTF8,1,Defective item,RSBJEKMM5WL9H,https://www.amazon.in/gp/customer-reviews/RSBJEKMM5WL9H/ref=cm_cr_othr_d_rvw_ttl?ie=UTF8&ASIN=B0CC5VH2LW,,Received defective product and unable to connect bluetuth as well,True,False,['https://m.media-amazon.com/images/I/81C9M9t4ZdL._SY88.jpg'],2025-01-26,65,Colour: Midnight Black,"[{'key': 'Colour', 'value': 'Midnight Black'}]",,,https://www.amazon.in/product-reviews/B0CC5VH2LW?pageNumber=9&filterByStar=all_stars&sortBy=helpful&formatType=all_formats&asin=B0CC5VH2LW&reftag=cm_cr_arp_d_paging_btm_next_9&scope=reviewsAjax0,allStars,,B0CC5VH2LW,B0CC5VH2LW,B0CC5VH2LW,"{'price': None, 'listPrice': None}",https://www.amazon.in//boAt-Stone-580-Bluetooth-Multi-Compatibility/dp/B0CC5VH2LW/ref=zg_bs_g_1389365031_d_sccl_18/261-0975833-5917763?psc=1,India,
Reviewed in India on 25 November 2024,amzn1.account.AHPJZ6YDZEC43QCI6N4LMHNHH4HQ,https://www.amazon.in/gp/profile/amzn1.account.AHPJZ6YDZEC43QCI6N4LMHNHH4HQ/ref=cm_cr_othr_d_gw_tr?ie=UTF8,1,Worst product- full Chinese,R3GFB9PWFHF3Q7,https://www.amazon.in/gp/customer-reviews/R3GFB9PWFHF3Q7/ref=cm_cr_othr_d_rvw_ttl?ie=UTF8&ASIN=B0CC5VH2LW,One person found this helpful,Stopped working within 5 days. There was no option available in amazon to return or replace the product. It was redirecting to boat service centre. I don’t know who would like to go to service centre for repair within 5 days. Now I understand why everybody says- boat is Chinese company. I’ll never buy anything again from boat. And never expected such poor service from amazon.,True,False,[],2024-11-25,66,Colour: Pine Green,"[{'key': 'Colour', 'value': 'Pine Green'}]",,,https://www.amazon.in/product-reviews/B0CC5VH2LW?pageNumber=9&filterByStar=all_stars&sortBy=helpful&formatType=all_formats&asin=B0CC5VH2LW&reftag=cm_cr_arp_d_paging_btm_next_9&scope=reviewsAjax0,allStars,,B0CC5VH2LW,B0CC5VH2LW,B0CC5VH2LW,"{'price': None, 'listPrice': None}",https://www.amazon.in//boAt-Stone-580-Bluetooth-Multi-Compatibility/dp/B0CC5VH2LW/ref=zg_bs_g_1389365031_d_sccl_18/261-0975833-5917763?psc=1,India,
Reviewed in India on 13 November 2023,amzn1.account.AG4LNFLKKP6H3SEPISPT5LZ6MQUA,https://www.amazon.in/gp/profile/amzn1.account.AG4LNFLKKP6H3SEPISPT5LZ6MQUA/ref=cm_cr_othr_d_gw_tr?ie=UTF8,4,Hello I'm reviewing this product after three day of use ..,R245E1XDQEEED8,https://www.amazon.in/gp/customer-reviews/R245E1XDQEEED8/ref=cm_cr_othr_d_rvw_ttl?ie=UTF8&ASIN=B0CC5VH2LW,,"Sound is good and loaudness is normal.Bass and pitch of sound is perfect in this price segment.Body is also steardy.RGB is not looking cool, it is worst part of it ..It is better to use without RGB.This will helps us to enjoy the songs to long time.Charging time is too much..",True,False,[],2023-11-13,67,Colour: Pine Green,"[{'key': 'Colour', 'value': 'Pine Green'}]",,,https://www.amazon.in/product-reviews/B0CC5VH2LW?pageNumber=9&filterByStar=all_stars&sortBy=helpful&formatType=all_formats&asin=B0CC5VH2LW&reftag=cm_cr_arp_d_paging_btm_next_9&scope=reviewsAjax0,allStars,,B0CC5VH2LW,B0CC5VH2LW,B0CC5VH2LW,"{'price': None, 'listPrice': None}",https://www.amazon.in//boAt-Stone-580-Bluetooth-Multi-Compatibility/dp/B0CC5VH2LW/ref=zg_bs_g_1389365031_d_sccl_18/261-0975833-5917763?psc=1,India,
Reviewed in India on 8 November 2024,amzn1.account.AGKL5GPFJBS6IEPKJ2VU4KBXCLOA,https://www.amazon.in/gp/profile/amzn1.account.AGKL5GPFJBS6IEPKJ2VU4KBXCLOA/ref=cm_cr_othr_d_gw_tr?ie=UTF8,5,I got good product.,R2FPEKPCXFS7TB,https://www.amazon.in/gp/customer-reviews/R2FPEKPCXFS7TB/ref=cm_cr_othr_d_rvw_ttl?ie=UTF8&ASIN=B0CC5VH2LW,,Sound is good. Prouduct is good.,True,False,[],2024-11-08,68,Colour: Midnight Black,"[{'key': 'Colour', 'value': 'Midnight Black'}]",,,https://www.amazon.in/product-reviews/B0CC5VH2LW?pageNumber=9&filterByStar=all_stars&sortBy=helpful&formatType=all_formats&asin=B0CC5VH2LW&reftag=cm_cr_arp_d_paging_btm_next_9&scope=reviewsAjax0,allStars,,B0CC5VH2LW,B0CC5VH2LW,B0CC5VH2LW,"{'price': None, 'listPrice': None}",https://www.amazon.in//boAt-Stone-580-Bluetooth-Multi-Compatibility/dp/B0CC5VH2LW/ref=zg_bs_g_1389365031_d_sccl_18/261-0975833-5917763?psc=1,India,
Reviewed in India on 12 December 2024,amzn1.account.AEPU3AKPX2R456XR5KGUO7KFXCGQ,https://www.amazon.in/gp/profile/amzn1.account.AEPU3AKPX2R456XR5KGUO7KFXCGQ/ref=cm_cr_othr_d_gw_tr?ie=UTF8,1,Sound not coming sometimes,R2W22R1NJ4QV2X,https://www.amazon.in/gp/customer-reviews/R2W22R1NJ4QV2X/ref=cm_cr_othr_d_rvw_ttl?ie=UTF8&ASIN=B0CC5VH2LW,,Audio is not coming sometimes. I have to switch blue tooth off and switch it on again for the audio.I hate this product.I want to return this product but there is no return policy,True,False,[],2024-12-12,69,Colour: Midnight Black,"[{'key': 'Colour', 'value': 'Midnight Black'}]",,,https://www.amazon.in/product-reviews/B0CC5VH2LW?pageNumber=9&filterByStar=all_stars&sortBy=helpful&formatType=all_formats&asin=B0CC5VH2LW&reftag=cm_cr_arp_d_paging_btm_next_9&scope=reviewsAjax0,allStars,,B0CC5VH2LW,B0CC5VH2LW,B0CC5VH2LW,"{'price': None, 'listPrice': None}",https://www.amazon.in//boAt-Stone-580-Bluetooth-Multi-Compatibility/dp/B0CC5VH2LW/ref=zg_bs_g_1389365031_d_sccl_18/261-0975833-5917763?psc=1,India,
Reviewed in India on 27 April 2024,amzn1.account.AEZURHBW5GCTR5GXLIKUPH5ELLIA,https://www.amazon.in/gp/profile/amzn1.account.AEZURHBW5GCTR5GXLIKUPH5ELLIA/ref=cm_cr_othr_d_gw_tr?ie=UTF8,4,Sounds and good quality,R3128TKUQXKR0,https://www.amazon.in/gp/customer-reviews/R3128TKUQXKR0/ref=cm_cr_othr_d_rvw_ttl?ie=UTF8&ASIN=B0CC5VH2LW,,"Super quality and clarity wort of money,Extremely nice and light weight 😍",True,False,[],2024-04-27,70,Colour: Pine Green,"[{'key': 'Colour', 'value': 'Pine Green'}]",,,https://www.amazon.in/product-reviews/B0CC5VH2LW?pageNumber=9&filterByStar=all_stars&sortBy=helpful&formatType=all_formats&asin=B0CC5VH2LW&reftag=cm_cr_arp_d_paging_btm_next_9&scope=reviewsAjax0,allStars,,B0CC5VH2LW,B0CC5VH2LW,B0CC5VH2LW,"{'price': None, 'listPrice': None}",https://www.amazon.in//boAt-Stone-580-Bluetooth-Multi-Compatibility/dp/B0CC5VH2LW/ref=zg_bs_g_1389365031_d_sccl_18/261-0975833-5917763?psc=1,India,
Reviewed in India on 23 September 2023,amzn1.account.AFX6JIBTFSV7AHQLWSCGJKKJBFJA,https://www.amazon.in/gp/profile/amzn1.account.AFX6JIBTFSV7AHQLWSCGJKKJBFJA/ref=cm_cr_othr_d_gw_tr?ie=UTF8,3,Average sound quality product,R87YJQY7K2YIA,https://www.amazon.in/gp/customer-reviews/R87YJQY7K2YIA/ref=cm_cr_othr_d_rvw_ttl?ie=UTF8&ASIN=B0CC5VH2LW,2 people found this helpful,If one is keen to sound quality like detailing bass treble then this product is not for him but in the price of 1700 I think it's an ok product with nice looking design and lighting also looks great.Battery backup is good but bass is not good.sound gets distorted on full volume.So 3 star from me.if one is looking for decent sound pls increase the budget.,True,False,['https://m.media-amazon.com/images/I/71r323ofdfL._SY88.jpg'],2023-09-23,71,Colour: Pine Green,"[{'key': 'Colour', 'value': 'Pine Green'}]",,,https://www.amazon.in/product-reviews/B0CC5VH2LW?pageNumber=9&filterByStar=all_stars&sortBy=helpful&formatType=all_formats&asin=B0CC5VH2LW&reftag=cm_cr_arp_d_paging_btm_next_9&scope=reviewsAjax0,allStars,,B0CC5VH2LW,B0CC5VH2LW,B0CC5VH2LW,"{'price': None, 'listPrice': None}",https://www.amazon.in//boAt-Stone-580-Bluetooth-Multi-Compatibility/dp/B0CC5VH2LW/ref=zg_bs_g_1389365031_d_sccl_18/261-0975833-5917763?psc=1,India,
Reviewed in India on 2 January 2025,amzn1.account.AFVAYWBWDWCL3FGOU5KS6REZRIOA,https://www.amazon.in/gp/profile/amzn1.account.AFVAYWBWDWCL3FGOU5KS6REZRIOA/ref=cm_cr_othr_d_gw_tr?ie=UTF8,1,Used and broken product delevered,R22807HC9C3PLV,https://www.amazon.in/gp/customer-reviews/R22807HC9C3PLV/ref=cm_cr_othr_d_rvw_ttl?ie=UTF8&ASIN=B0CC5VH2LW,,"The used product is delevered,so many scratches on the product, the handle is broken and it fixed with feviquick,worst experience with Amazon,",True,False,"['https://m.media-amazon.com/images/I/71Rp6FbGBgL._SY88.jpg', 'https://m.media-amazon.com/images/I/71Sfcd3yDNL._SY88.jpg', 'https://m.media-amazon.com/images/I/81Hv5KwjjyL._SY88.jpg']",2025-01-02,72,Colour: Midnight Black,"[{'key': 'Colour', 'value': 'Midnight Black'}]",,,https://www.amazon.in/product-reviews/B0CC5VH2LW?pageNumber=9&filterByStar=all_stars&sortBy=helpful&formatType=all_formats&asin=B0CC5VH2LW&reftag=cm_cr_arp_d_paging_btm_next_9&scope=reviewsAjax0,allStars,,B0CC5VH2LW,B0CC5VH2LW,B0CC5VH2LW,"{'price': None, 'listPrice': None}",https://www.amazon.in//boAt-Stone-580-Bluetooth-Multi-Compatibility/dp/B0CC5VH2LW/ref=zg_bs_g_1389365031_d_sccl_18/261-0975833-5917763?psc=1,India,
Reviewed in India on 14 December 2024,amzn1.account.AHDNZYBNCTW6AJXXX6J7OXVMZANA,https://www.amazon.in/gp/profile/amzn1.account.AHDNZYBNCTW6AJXXX6J7OXVMZANA/ref=cm_cr_othr_d_gw_tr?ie=UTF8,5,Good,RQCTNS6LX3L1T,https://www.amazon.in/gp/customer-reviews/RQCTNS6LX3L1T/ref=cm_cr_othr_d_rvw_ttl?ie=UTF8&ASIN=B0CC5VH2LW,,V good,True,False,['https://m.media-amazon.com/images/I/81FN-alAbNL._SY88.jpg'],2024-12-14,49,Colour: Midnight Black,"[{'key': 'Colour', 'value': 'Midnight Black'}]",,,https://www.amazon.in/product-reviews/B0CC5VH2LW?pageNumber=7&filterByStar=all_stars&sortBy=helpful&formatType=all_formats&asin=B0CC5VH2LW&reftag=cm_cr_arp_d_paging_btm_next_7&scope=reviewsAjax0,allStars,,B0CC5VH2LW,B0CC5VH2LW,B0CC5VH2LW,"{'price': None, 'listPrice': None}",https://www.amazon.in//boAt-Stone-580-Bluetooth-Multi-Compatibility/dp/B0CC5VH2LW/ref=zg_bs_g_1389365031_d_sccl_18/261-0975833-5917763?psc=1,India,
Reviewed in India on 2 September 2023,amzn1.account.AEJFTIBYGDS37C3YSPOHTDMAIBDA,https://www.amazon.in/gp/profile/amzn1.account.AEJFTIBYGDS37C3YSPOHTDMAIBDA/ref=cm_cr_othr_d_gw_tr?ie=UTF8,5,Best quality speaker,R1QAONFLDSG7FU,https://www.amazon.in/gp/customer-reviews/R1QAONFLDSG7FU/ref=cm_cr_othr_d_rvw_ttl?ie=UTF8&ASIN=B0CC5VH2LW,34 people found this helpful,"The media could not be loaded.
                
            
                
            
        
    
    








  
  
     This little speaker packs a powerful punch when it comes to sound quality.First and foremost, the sound quality is exceptional. Despite its compact size, the Boat 12W delivers clear and crisp audio with a surprising amount of bass. Whether I'm listening to my favorite music, watching movies, or even taking calls, the sound is consistently impressive. The 12W output ensures that the volume can go loud enough to fill a room without any distortion.The battery life is quite impressive. I can use it for hours on a single charge, making it perfect for outdoor gatherings, picnics, or just enjoying music throughout the day without worrying about constantly recharging. Overall, the Boat 12W wireless speaker is a fantastic addition to my audio setup. It delivers great sound quality, offers seamless connectivity, and has excellent battery life. If you're looking for a portable speaker with impressive audio performance, I highly recommend giving the Boat 12W a try. It's a great value for the price.",True,False,['https://m.media-amazon.com/images/I/71OJpdrYS8L._SY88.jpg'],2023-09-02,50,Colour: Midnight Black,"[{'key': 'Colour', 'value': 'Midnight Black'}]",,,https://www.amazon.in/product-reviews/B0CC5VH2LW?pageNumber=7&filterByStar=all_stars&sortBy=helpful&formatType=all_formats&asin=B0CC5VH2LW&reftag=cm_cr_arp_d_paging_btm_next_7&scope=reviewsAjax0,allStars,,B0CC5VH2LW,B0CC5VH2LW,B0CC5VH2LW,"{'price': None, 'listPrice': None}",https://www.amazon.in//boAt-Stone-580-Bluetooth-Multi-Compatibility/dp/B0CC5VH2LW/ref=zg_bs_g_1389365031_d_sccl_18/261-0975833-5917763?psc=1,India,
Reviewed in India on 26 December 2024,amzn1.account.AFZGAWPXFEQR4E3PB4JMHJTMFZ2Q,https://www.amazon.in/gp/profile/amzn1.account.AFZGAWPXFEQR4E3PB4JMHJTMFZ2Q/ref=cm_cr_othr_d_gw_tr?ie=UTF8,5,സൂപ്പർ സൗണ്ട്,R6YI5S14R2IYG,https://www.amazon.in/gp/customer-reviews/R6YI5S14R2IYG/ref=cm_cr_othr_d_rvw_ttl?ie=UTF8&ASIN=B0CC5VH2LW,One person found this helpful,"The media could not be loaded.
                
            
                
            
        
    
    








  
  
     Nice",True,False,[],2024-12-26,51,Colour: Midnight Black,"[{'key': 'Colour', 'value': 'Midnight Black'}]",,,https://www.amazon.in/product-reviews/B0CC5VH2LW?pageNumber=7&filterByStar=all_stars&sortBy=helpful&formatType=all_formats&asin=B0CC5VH2LW&reftag=cm_cr_arp_d_paging_btm_next_7&scope=reviewsAjax0,allStars,,B0CC5VH2LW,B0CC5VH2LW,B0CC5VH2LW,"{'price': None, 'listPrice': None}",https://www.amazon.in//boAt-Stone-580-Bluetooth-Multi-Compatibility/dp/B0CC5VH2LW/ref=zg_bs_g_1389365031_d_sccl_18/261-0975833-5917763?psc=1,India,
Reviewed in India on 24 December 2023,amzn1.account.AH3R2WRLIBMXYPDLPE22IZGFYSEQ,https://www.amazon.in/gp/profile/amzn1.account.AH3R2WRLIBMXYPDLPE22IZGFYSEQ/ref=cm_cr_othr_d_gw_tr?ie=UTF8,4,The grills attracts dust,R1NXFKU18WR5KJ,https://www.amazon.in/gp/customer-reviews/R1NXFKU18WR5KJ/ref=cm_cr_othr_d_rvw_ttl?ie=UTF8&ASIN=B0CC5VH2LW,2 people found this helpful,I liked the light feature but there are some cons to this product such asProsVery good performance battery even after using daily it gives a good backupCool lighting effectsWorks well in a closed roomClear audioConsThe grill aka front attracts. A lot of dust and can only be removed by blowing air at itThe holding wire length is smallLow audio on outsideLow build quality the bass rubber came of after 40 50 uses,True,False,[],2023-12-24,52,Colour: Midnight Black,"[{'key': 'Colour', 'value': 'Midnight Black'}]",,,https://www.amazon.in/product-reviews/B0CC5VH2LW?pageNumber=7&filterByStar=all_stars&sortBy=helpful&formatType=all_formats&asin=B0CC5VH2LW&reftag=cm_cr_arp_d_paging_btm_next_7&scope=reviewsAjax0,allStars,,B0CC5VH2LW,B0CC5VH2LW,B0CC5VH2LW,"{'price': None, 'listPrice': None}",https://www.amazon.in//boAt-Stone-580-Bluetooth-Multi-Compatibility/dp/B0CC5VH2LW/ref=zg_bs_g_1389365031_d_sccl_18/261-0975833-5917763?psc=1,India,
Reviewed in India on 28 October 2024,amzn1.account.AFAESQXPC3BZWBAASFKKAQ3GC4MA,https://www.amazon.in/gp/profile/amzn1.account.AFAESQXPC3BZWBAASFKKAQ3GC4MA/ref=cm_cr_othr_d_gw_tr?ie=UTF8,2,Not good sound,R1P70N7OIYGRCX,https://www.amazon.in/gp/customer-reviews/R1P70N7OIYGRCX/ref=cm_cr_othr_d_rvw_ttl?ie=UTF8&ASIN=B0CC5VH2LW,One person found this helpful,Sound quality not Good. Bass is also not good.Wastage of money. Don't buy,True,False,[],2024-10-28,53,Colour: Midnight Black,"[{'key': 'Colour', 'value': 'Midnight Black'}]",,,https://www.amazon.in/product-reviews/B0CC5VH2LW?pageNumber=7&filterByStar=all_stars&sortBy=helpful&formatType=all_formats&asin=B0CC5VH2LW&reftag=cm_cr_arp_d_paging_btm_next_7&scope=reviewsAjax0,allStars,,B0CC5VH2LW,B0CC5VH2LW,B0CC5VH2LW,"{'price': None, 'listPrice': None}",https://www.amazon.in//boAt-Stone-580-Bluetooth-Multi-Compatibility/dp/B0CC5VH2LW/ref=zg_bs_g_1389365031_d_sccl_18/261-0975833-5917763?psc=1,India,
Reviewed in India on 27 November 2024,amzn1.account.AEI7VLYRPOUGYGDUVLRQI7SDBFZQ,https://www.amazon.in/gp/profile/amzn1.account.AEI7VLYRPOUGYGDUVLRQI7SDBFZQ/ref=cm_cr_othr_d_gw_tr?ie=UTF8,5,Best quality,R3U4SXHBCIUNZR,https://www.amazon.in/gp/customer-reviews/R3U4SXHBCIUNZR/ref=cm_cr_othr_d_rvw_ttl?ie=UTF8&ASIN=B0CC5VH2LW,,Perfect sound system under this budget,True,False,[],2024-11-27,54,Colour: Pine Green,"[{'key': 'Colour', 'value': 'Pine Green'}]",,,https://www.amazon.in/product-reviews/B0CC5VH2LW?pageNumber=7&filterByStar=all_stars&sortBy=helpful&formatType=all_formats&asin=B0CC5VH2LW&reftag=cm_cr_arp_d_paging_btm_next_7&scope=reviewsAjax0,allStars,,B0CC5VH2LW,B0CC5VH2LW,B0CC5VH2LW,"{'price': None, 'listPrice': None}",https://www.amazon.in//boAt-Stone-580-Bluetooth-Multi-Compatibility/dp/B0CC5VH2LW/ref=zg_bs_g_1389365031_d_sccl_18/261-0975833-5917763?psc=1,India,
Reviewed in India on 31 October 2024,amzn1.account.AFTEB3JAOB5NJ5MWPSS2HM4XUWZQ,https://www.amazon.in/gp/profile/amzn1.account.AFTEB3JAOB5NJ5MWPSS2HM4XUWZQ/ref=cm_cr_othr_d_gw_tr?ie=UTF8,2,Sound not good as accepted,R1LRQHPBBWVFL3,https://www.amazon.in/gp/customer-reviews/R1LRQHPBBWVFL3/ref=cm_cr_othr_d_rvw_ttl?ie=UTF8&ASIN=B0CC5VH2LW,,Sound and base quality is not up to boat brand. Very disappointed.,True,False,[],2024-10-31,55,Colour: Midnight Black,"[{'key': 'Colour', 'value': 'Midnight Black'}]",,,https://www.amazon.in/product-reviews/B0CC5VH2LW?pageNumber=7&filterByStar=all_stars&sortBy=helpful&formatType=all_formats&asin=B0CC5VH2LW&reftag=cm_cr_arp_d_paging_btm_next_7&scope=reviewsAjax0,allStars,,B0CC5VH2LW,B0CC5VH2LW,B0CC5VH2LW,"{'price': None, 'listPrice': None}",https://www.amazon.in//boAt-Stone-580-Bluetooth-Multi-Compatibility/dp/B0CC5VH2LW/ref=zg_bs_g_1389365031_d_sccl_18/261-0975833-5917763?psc=1,India,
Reviewed in India on 29 November 2024,amzn1.account.AGO5XEMICWCOZAFEF4OQZS7OKYZA,https://www.amazon.in/gp/profile/amzn1.account.AGO5XEMICWCOZAFEF4OQZS7OKYZA/ref=cm_cr_othr_d_gw_tr?ie=UTF8,5,Nice,R1L73BS7N8O2A6,https://www.amazon.in/gp/customer-reviews/R1L73BS7N8O2A6/ref=cm_cr_othr_d_rvw_ttl?ie=UTF8&ASIN=B0CC5VH2LW,,Very nice,True,False,[],2024-11-29,56,Colour: Midnight Black,"[{'key': 'Colour', 'value': 'Midnight Black'}]",,,https://www.amazon.in/product-reviews/B0CC5VH2LW?pageNumber=7&filterByStar=all_stars&sortBy=helpful&formatType=all_formats&asin=B0CC5VH2LW&reftag=cm_cr_arp_d_paging_btm_next_7&scope=reviewsAjax0,allStars,,B0CC5VH2LW,B0CC5VH2LW,B0CC5VH2LW,"{'price': None, 'listPrice': None}",https://www.amazon.in//boAt-Stone-580-Bluetooth-Multi-Compatibility/dp/B0CC5VH2LW/ref=zg_bs_g_1389365031_d_sccl_18/261-0975833-5917763?psc=1,India,
Reviewed in India on 9 October 2024,amzn1.account.AERLPB3J3ELP7RYG4NHRFMABSVIA,https://www.amazon.in/gp/profile/amzn1.account.AERLPB3J3ELP7RYG4NHRFMABSVIA/ref=cm_cr_othr_d_gw_tr?ie=UTF8,4,Good,RAZ1Q0RVVELYS,https://www.amazon.in/gp/customer-reviews/RAZ1Q0RVVELYS/ref=cm_cr_othr_d_rvw_ttl?ie=UTF8&ASIN=B0CC5VH2LW,3 people found this helpful,The media could not be loaded.,True,False,['https://m.media-amazon.com/images/I/71Pk8hRrHpL._SY88.jpg'],2024-10-09,33,Colour: Midnight Black,"[{'key': 'Colour', 'value': 'Midnight Black'}]",,,https://www.amazon.in/product-reviews/B0CC5VH2LW?pageNumber=5&filterByStar=all_stars&sortBy=helpful&formatType=all_formats&asin=B0CC5VH2LW&reftag=cm_cr_arp_d_paging_btm_next_5&scope=reviewsAjax0,allStars,,B0CC5VH2LW,B0CC5VH2LW,B0CC5VH2LW,"{'price': None, 'listPrice': None}",https://www.amazon.in//boAt-Stone-580-Bluetooth-Multi-Compatibility/dp/B0CC5VH2LW/ref=zg_bs_g_1389365031_d_sccl_18/261-0975833-5917763?psc=1,India,
Reviewed in India on 1 October 2024,amzn1.account.AFCLP6WQ55QN4I5JCI4VCIQOB5ZA,https://www.amazon.in/gp/profile/amzn1.account.AFCLP6WQ55QN4I5JCI4VCIQOB5ZA/ref=cm_cr_othr_d_gw_tr?ie=UTF8,3,Poor build quality,R2IROM616QYSSW,https://www.amazon.in/gp/customer-reviews/R2IROM616QYSSW/ref=cm_cr_othr_d_rvw_ttl?ie=UTF8&ASIN=B0CC5VH2LW,,Sound quality is decent.Build quality is not good at all,True,False,[],2024-10-01,34,Colour: Pine Green,"[{'key': 'Colour', 'value': 'Pine Green'}]",,,https://www.amazon.in/product-reviews/B0CC5VH2LW?pageNumber=5&filterByStar=all_stars&sortBy=helpful&formatType=all_formats&asin=B0CC5VH2LW&reftag=cm_cr_arp_d_paging_btm_next_5&scope=reviewsAjax0,allStars,,B0CC5VH2LW,B0CC5VH2LW,B0CC5VH2LW,"{'price': None, 'listPrice': None}",https://www.amazon.in//boAt-Stone-580-Bluetooth-Multi-Compatibility/dp/B0CC5VH2LW/ref=zg_bs_g_1389365031_d_sccl_18/261-0975833-5917763?psc=1,India,
Reviewed in India on 8 January 2025,amzn1.account.AEXZ4MHXDEBIBP6DROJHTOCUK6ZQ,https://www.amazon.in/gp/profile/amzn1.account.AEXZ4MHXDEBIBP6DROJHTOCUK6ZQ/ref=cm_cr_othr_d_gw_tr?ie=UTF8,5,BoAt speaker very very nice but no USB,R3RS0BVGEJ90BA,https://www.amazon.in/gp/customer-reviews/R3RS0BVGEJ90BA/ref=cm_cr_othr_d_rvw_ttl?ie=UTF8&ASIN=B0CC5VH2LW,,Like,True,False,[],2025-01-08,35,Colour: Pine Green,"[{'key': 'Colour', 'value': 'Pine Green'}]",,,https://www.amazon.in/product-reviews/B0CC5VH2LW?pageNumber=5&filterByStar=all_stars&sortBy=helpful&formatType=all_formats&asin=B0CC5VH2LW&reftag=cm_cr_arp_d_paging_btm_next_5&scope=reviewsAjax0,allStars,,B0CC5VH2LW,B0CC5VH2LW,B0CC5VH2LW,"{'price': None, 'listPrice': None}",https://www.amazon.in//boAt-Stone-580-Bluetooth-Multi-Compatibility/dp/B0CC5VH2LW/ref=zg_bs_g_1389365031_d_sccl_18/261-0975833-5917763?psc=1,India,
Reviewed in India on 3 October 2024,amzn1.account.AGCLUDHESXF3KJBXSYKEKP7S4OUQ,https://www.amazon.in/gp/profile/amzn1.account.AGCLUDHESXF3KJBXSYKEKP7S4OUQ/ref=cm_cr_othr_d_gw_tr?ie=UTF8,2,Disappointing Sound Quality for the Price,RM89AO74I2N5U,https://www.amazon.in/gp/customer-reviews/RM89AO74I2N5U/ref=cm_cr_othr_d_rvw_ttl?ie=UTF8&ASIN=B0CC5VH2LW,,"I recently purchased this Boat Bluetooth speaker expecting good performance based on its price, but unfortunately, I am quite disappointed. The sound quality is not as impressive as I had hoped, especially considering the cost. The bass feels weak, and the overall audio experience doesn't live up to the price tag.I have tried adjusting the settings, but it still falls short compared to other speakers in the same range. While the design and portability are decent, the sound quality is where it really matters, and this speaker just doesn't deliver.I would recommend looking for other options unless you can get it at a much lower price. It’s not worth the premium price in my opinion.",True,False,[],2024-10-03,36,Colour: Midnight Black,"[{'key': 'Colour', 'value': 'Midnight Black'}]",,,https://www.amazon.in/product-reviews/B0CC5VH2LW?pageNumber=5&filterByStar=all_stars&sortBy=helpful&formatType=all_formats&asin=B0CC5VH2LW&reftag=cm_cr_arp_d_paging_btm_next_5&scope=reviewsAjax0,allStars,,B0CC5VH2LW,B0CC5VH2LW,B0CC5VH2LW,"{'price': None, 'listPrice': None}",https://www.amazon.in//boAt-Stone-580-Bluetooth-Multi-Compatibility/dp/B0CC5VH2LW/ref=zg_bs_g_1389365031_d_sccl_18/261-0975833-5917763?psc=1,India,
Reviewed in India on 8 January 2025,amzn1.account.AE5HMH5ERHE7R2MMVEOB2RC4ECFA,https://www.amazon.in/gp/profile/amzn1.account.AE5HMH5ERHE7R2MMVEOB2RC4ECFA/ref=cm_cr_othr_d_gw_tr?ie=UTF8,5,So attractive 😻,R27XDGJVJ7UOGM,https://www.amazon.in/gp/customer-reviews/R27XDGJVJ7UOGM/ref=cm_cr_othr_d_rvw_ttl?ie=UTF8&ASIN=B0CC5VH2LW,,,True,False,['https://m.media-amazon.com/images/I/71HmTsvgk5L._SY88.jpg'],2025-01-08,37,Colour: Midnight Black,"[{'key': 'Colour', 'value': 'Midnight Black'}]",,,https://www.amazon.in/product-reviews/B0CC5VH2LW?pageNumber=5&filterByStar=all_stars&sortBy=helpful&formatType=all_formats&asin=B0CC5VH2LW&reftag=cm_cr_arp_d_paging_btm_next_5&scope=reviewsAjax0,allStars,,B0CC5VH2LW,B0CC5VH2LW,B0CC5VH2LW,"{'price': None, 'listPrice': None}",https://www.amazon.in//boAt-Stone-580-Bluetooth-Multi-Compatibility/dp/B0CC5VH2LW/ref=zg_bs_g_1389365031_d_sccl_18/261-0975833-5917763?psc=1,India,
Reviewed in India on 14 January 2025,amzn1.account.AFYYBVZDY623EW2JLTTOV7L5ZB5Q,https://www.amazon.in/gp/profile/amzn1.account.AFYYBVZDY623EW2JLTTOV7L5ZB5Q/ref=cm_cr_othr_d_gw_tr?ie=UTF8,5,Nice quality,R1DO0K0JC361ZC,https://www.amazon.in/gp/customer-reviews/R1DO0K0JC361ZC/ref=cm_cr_othr_d_rvw_ttl?ie=UTF8&ASIN=B0CC5VH2LW,,Best base,True,False,[],2025-01-14,38,Colour: Midnight Black,"[{'key': 'Colour', 'value': 'Midnight Black'}]",,,https://www.amazon.in/product-reviews/B0CC5VH2LW?pageNumber=5&filterByStar=all_stars&sortBy=helpful&formatType=all_formats&asin=B0CC5VH2LW&reftag=cm_cr_arp_d_paging_btm_next_5&scope=reviewsAjax0,allStars,,B0CC5VH2LW,B0CC5VH2LW,B0CC5VH2LW,"{'price': None, 'listPrice': None}",https://www.amazon.in//boAt-Stone-580-Bluetooth-Multi-Compatibility/dp/B0CC5VH2LW/ref=zg_bs_g_1389365031_d_sccl_18/261-0975833-5917763?psc=1,India,
Reviewed in India on 11 January 2025,amzn1.account.AEI7GAAPYAACSW2TPYX6YDLNCTKA,https://www.amazon.in/gp/profile/amzn1.account.AEI7GAAPYAACSW2TPYX6YDLNCTKA/ref=cm_cr_othr_d_gw_tr?ie=UTF8,5,Excellent Product Worth it 👍🏻,RUJCDKJFHLF33,https://www.amazon.in/gp/customer-reviews/RUJCDKJFHLF33/ref=cm_cr_othr_d_rvw_ttl?ie=UTF8&ASIN=B0CC5VH2LW,,"The media could not be loaded.
                
            
                
            
            
        
    
    








  
  
     All the Features is working nicely Thank you",True,False,[],2025-01-11,39,Colour: Midnight Black,"[{'key': 'Colour', 'value': 'Midnight Black'}]",,,https://www.amazon.in/product-reviews/B0CC5VH2LW?pageNumber=5&filterByStar=all_stars&sortBy=helpful&formatType=all_formats&asin=B0CC5VH2LW&reftag=cm_cr_arp_d_paging_btm_next_5&scope=reviewsAjax0,allStars,,B0CC5VH2LW,B0CC5VH2LW,B0CC5VH2LW,"{'price': None, 'listPrice': None}",https://www.amazon.in//boAt-Stone-580-Bluetooth-Multi-Compatibility/dp/B0CC5VH2LW/ref=zg_bs_g_1389365031_d_sccl_18/261-0975833-5917763?psc=1,India,
Reviewed in India on 23 September 2024,amzn1.account.AGCKVIN7CL3U5ODASPOIC3ROYROA,https://www.amazon.in/gp/profile/amzn1.account.AGCKVIN7CL3U5ODASPOIC3ROYROA/ref=cm_cr_othr_d_gw_tr?ie=UTF8,4,Nice product,R3LK968LL5TT4T,https://www.amazon.in/gp/customer-reviews/R3LK968LL5TT4T/ref=cm_cr_othr_d_rvw_ttl?ie=UTF8&ASIN=B0CC5VH2LW,,Okay,True,False,[],2024-09-23,40,Colour: Midnight Black,"[{'key': 'Colour', 'value': 'Midnight Black'}]",,,https://www.amazon.in/product-reviews/B0CC5VH2LW?pageNumber=5&filterByStar=all_stars&sortBy=helpful&formatType=all_formats&asin=B0CC5VH2LW&reftag=cm_cr_arp_d_paging_btm_next_5&scope=reviewsAjax0,allStars,,B0CC5VH2LW,B0CC5VH2LW,B0CC5VH2LW,"{'price': None, 'listPrice': None}",https://www.amazon.in//boAt-Stone-580-Bluetooth-Multi-Compatibility/dp/B0CC5VH2LW/ref=zg_bs_g_1389365031_d_sccl_18/261-0975833-5917763?psc=1,India,
Reviewed in India on 24 January 2025,amzn1.account.AHJEGX4LHXWF5HCF2SR255KY2M7A,https://www.amazon.in/gp/profile/amzn1.account.AHJEGX4LHXWF5HCF2SR255KY2M7A/ref=cm_cr_othr_d_gw_tr?ie=UTF8,4,Sound,R10T7RPJOEIQP5,https://www.amazon.in/gp/customer-reviews/R10T7RPJOEIQP5/ref=cm_cr_othr_d_rvw_ttl?ie=UTF8&ASIN=B0CC5VH2LW,,Nice & good,True,False,[],2025-01-24,9,Colour: Midnight Black,"[{'key': 'Colour', 'value': 'Midnight Black'}]",,,https://www.amazon.in/product-reviews/B0CC5VH2LW?pageNumber=2&filterByStar=all_stars&sortBy=helpful&formatType=all_formats&asin=B0CC5VH2LW&reftag=cm_cr_arp_d_paging_btm_next_2&scope=reviewsAjax0,allStars,,B0CC5VH2LW,B0CC5VH2LW,B0CC5VH2LW,"{'price': None, 'listPrice': None}",https://www.amazon.in//boAt-Stone-580-Bluetooth-Multi-Compatibility/dp/B0CC5VH2LW/ref=zg_bs_g_1389365031_d_sccl_18/261-0975833-5917763?psc=1,India,
Reviewed in India on 18 January 2025,amzn1.account.AEDH6AZQ33QYKIZLC34URNMVNG4Q,https://www.amazon.in/gp/profile/amzn1.account.AEDH6AZQ33QYKIZLC34URNMVNG4Q/ref=cm_cr_othr_d_gw_tr?ie=UTF8,4,Boat,R23GLKZ7TUVDLP,https://www.amazon.in/gp/customer-reviews/R23GLKZ7TUVDLP/ref=cm_cr_othr_d_rvw_ttl?ie=UTF8&ASIN=B0CC5VH2LW,,Looks good but sound is low for open area,True,False,[],2025-01-18,10,Colour: Midnight Black,"[{'key': 'Colour', 'value': 'Midnight Black'}]",,,https://www.amazon.in/product-reviews/B0CC5VH2LW?pageNumber=2&filterByStar=all_stars&sortBy=helpful&formatType=all_formats&asin=B0CC5VH2LW&reftag=cm_cr_arp_d_paging_btm_next_2&scope=reviewsAjax0,allStars,,B0CC5VH2LW,B0CC5VH2LW,B0CC5VH2LW,"{'price': None, 'listPrice': None}",https://www.amazon.in//boAt-Stone-580-Bluetooth-Multi-Compatibility/dp/B0CC5VH2LW/ref=zg_bs_g_1389365031_d_sccl_18/261-0975833-5917763?psc=1,India,
Reviewed in India on 14 January 2025,amzn1.account.AG2XASKFS4VQY44ZBQ7UQYHIJQHA,https://www.amazon.in/gp/profile/amzn1.account.AG2XASKFS4VQY44ZBQ7UQYHIJQHA/ref=cm_cr_othr_d_gw_tr?ie=UTF8,4,Best product,R2BVP6K83FVLYE,https://www.amazon.in/gp/customer-reviews/R2BVP6K83FVLYE/ref=cm_cr_othr_d_rvw_ttl?ie=UTF8&ASIN=B0CC5VH2LW,,"Value of money, sweet and sober sound quality 🙏 thanks you boat and amazon..",True,False,[],2025-01-14,11,Colour: Pine Green,"[{'key': 'Colour', 'value': 'Pine Green'}]",,,https://www.amazon.in/product-reviews/B0CC5VH2LW?pageNumber=2&filterByStar=all_stars&sortBy=helpful&formatType=all_formats&asin=B0CC5VH2LW&reftag=cm_cr_arp_d_paging_btm_next_2&scope=reviewsAjax0,allStars,,B0CC5VH2LW,B0CC5VH2LW,B0CC5VH2LW,"{'price': None, 'listPrice': None}",https://www.amazon.in//boAt-Stone-580-Bluetooth-Multi-Compatibility/dp/B0CC5VH2LW/ref=zg_bs_g_1389365031_d_sccl_18/261-0975833-5917763?psc=1,India,
Reviewed in India on 19 January 2025,amzn1.account.AF5QPQ2BMVHLUWPOVEOQFGGGK5BQ,https://www.amazon.in/gp/profile/amzn1.account.AF5QPQ2BMVHLUWPOVEOQFGGGK5BQ/ref=cm_cr_othr_d_gw_tr?ie=UTF8,4,So good,R36LVDQIEQJNBY,https://www.amazon.in/gp/customer-reviews/R36LVDQIEQJNBY/ref=cm_cr_othr_d_rvw_ttl?ie=UTF8&ASIN=B0CC5VH2LW,,Amazing,True,False,[],2025-01-19,12,Colour: Midnight Black,"[{'key': 'Colour', 'value': 'Midnight Black'}]",,,https://www.amazon.in/product-reviews/B0CC5VH2LW?pageNumber=2&filterByStar=all_stars&sortBy=helpful&formatType=all_formats&asin=B0CC5VH2LW&reftag=cm_cr_arp_d_paging_btm_next_2&scope=reviewsAjax0,allStars,,B0CC5VH2LW,B0CC5VH2LW,B0CC5VH2LW,"{'price': None, 'listPrice': None}",https://www.amazon.in//boAt-Stone-580-Bluetooth-Multi-Compatibility/dp/B0CC5VH2LW/ref=zg_bs_g_1389365031_d_sccl_18/261-0975833-5917763?psc=1,India,
Reviewed in India on 29 December 2024,amzn1.account.AHZBCSU5V3I5SISDLFHNIMWWF5CA,https://www.amazon.in/gp/profile/amzn1.account.AHZBCSU5V3I5SISDLFHNIMWWF5CA/ref=cm_cr_othr_d_gw_tr?ie=UTF8,4,Good product at this price range....,R1KOQ3KTB9Z9H2,https://www.amazon.in/gp/customer-reviews/R1KOQ3KTB9Z9H2/ref=cm_cr_othr_d_rvw_ttl?ie=UTF8&ASIN=B0CC5VH2LW,,"Have sufficient bass and treble, rgb light looks unnecessary, if there was no light the battery backup would have been more. Good product for price under 2k.",True,False,['https://m.media-amazon.com/images/I/71ks3DrsAcL._SY88.jpg'],2024-12-29,13,Colour: Midnight Black,"[{'key': 'Colour', 'value': 'Midnight Black'}]",,,https://www.amazon.in/product-reviews/B0CC5VH2LW?pageNumber=2&filterByStar=all_stars&sortBy=helpful&formatType=all_formats&asin=B0CC5VH2LW&reftag=cm_cr_arp_d_paging_btm_next_2&scope=reviewsAjax0,allStars,,B0CC5VH2LW,B0CC5VH2LW,B0CC5VH2LW,"{'price': None, 'listPrice': None}",https://www.amazon.in//boAt-Stone-580-Bluetooth-Multi-Compatibility/dp/B0CC5VH2LW/ref=zg_bs_g_1389365031_d_sccl_18/261-0975833-5917763?psc=1,India,
Reviewed in India on 1 December 2024,amzn1.account.AF2QPWXGU6GOKG4VBHK7R6ERH5BA,https://www.amazon.in/gp/profile/amzn1.account.AF2QPWXGU6GOKG4VBHK7R6ERH5BA/ref=cm_cr_othr_d_gw_tr?ie=UTF8,4,Not bad,RESSN67ASZ6BI,https://www.amazon.in/gp/customer-reviews/RESSN67ASZ6BI/ref=cm_cr_othr_d_rvw_ttl?ie=UTF8&ASIN=B0CC5VH2LW,,"Dont expect  excellence performance, Normal performanceFM radio is Nice",True,False,[],2024-12-01,14,Colour: Midnight Black,"[{'key': 'Colour', 'value': 'Midnight Black'}]",,,https://www.amazon.in/product-reviews/B0CC5VH2LW?pageNumber=2&filterByStar=all_stars&sortBy=helpful&formatType=all_formats&asin=B0CC5VH2LW&reftag=cm_cr_arp_d_paging_btm_next_2&scope=reviewsAjax0,allStars,,B0CC5VH2LW,B0CC5VH2LW,B0CC5VH2LW,"{'price': None, 'listPrice': None}",https://www.amazon.in//boAt-Stone-580-Bluetooth-Multi-Compatibility/dp/B0CC5VH2LW/ref=zg_bs_g_1389365031_d_sccl_18/261-0975833-5917763?psc=1,India,
Reviewed in India on 24 December 2024,amzn1.account.AGVXKPH4WUBJKVV3NHALCNBVFULQ,https://www.amazon.in/gp/profile/amzn1.account.AGVXKPH4WUBJKVV3NHALCNBVFULQ/ref=cm_cr_othr_d_gw_tr?ie=UTF8,4,Nice like the product money value,R1CJ2MEYSHFQVN,https://www.amazon.in/gp/customer-reviews/R1CJ2MEYSHFQVN/ref=cm_cr_othr_d_rvw_ttl?ie=UTF8&ASIN=B0CC5VH2LW,5 people found this helpful,The media could not be loaded.,True,False,[],2024-12-24,15,Colour: Midnight Black,"[{'key': 'Colour', 'value': 'Midnight Black'}]",,,https://www.amazon.in/product-reviews/B0CC5VH2LW?pageNumber=2&filterByStar=all_stars&sortBy=helpful&formatType=all_formats&asin=B0CC5VH2LW&reftag=cm_cr_arp_d_paging_btm_next_2&scope=reviewsAjax0,allStars,,B0CC5VH2LW,B0CC5VH2LW,B0CC5VH2LW,"{'price': None, 'listPrice': None}",https://www.amazon.in//boAt-Stone-580-Bluetooth-Multi-Compatibility/dp/B0CC5VH2LW/ref=zg_bs_g_1389365031_d_sccl_18/261-0975833-5917763?psc=1,India,
Reviewed in India on 13 December 2024,amzn1.account.AHS3I2KMSYY4BW67APZDDZ6AN6MQ,https://www.amazon.in/gp/profile/amzn1.account.AHS3I2KMSYY4BW67APZDDZ6AN6MQ/ref=cm_cr_othr_d_gw_tr?ie=UTF8,4,Sound quality best &3 types light awesome,R2RLBWPW4L6PIE,https://www.amazon.in/gp/customer-reviews/R2RLBWPW4L6PIE/ref=cm_cr_othr_d_rvw_ttl?ie=UTF8&ASIN=B0CC5VH2LW,,"The media could not be loaded.
                
            
                
            
            
        
    
    








  
  
     👍🏻👍🏻👍🏻👍🏻🆗",True,False,[],2024-12-13,16,Colour: Pine Green,"[{'key': 'Colour', 'value': 'Pine Green'}]",,,https://www.amazon.in/product-reviews/B0CC5VH2LW?pageNumber=2&filterByStar=all_stars&sortBy=helpful&formatType=all_formats&asin=B0CC5VH2LW&reftag=cm_cr_arp_d_paging_btm_next_2&scope=reviewsAjax0,allStars,,B0CC5VH2LW,B0CC5VH2LW,B0CC5VH2LW,"{'price': None, 'listPrice': None}",https://www.amazon.in//boAt-Stone-580-Bluetooth-Multi-Compatibility/dp/B0CC5VH2LW/ref=zg_bs_g_1389365031_d_sccl_18/261-0975833-5917763?psc=1,India,
Reviewed in India on 30 October 2024,amzn1.account.AGSVTFPHTBSS2TRCICVQOAIWV64Q,https://www.amazon.in/gp/profile/amzn1.account.AGSVTFPHTBSS2TRCICVQOAIWV64Q/ref=cm_cr_othr_d_gw_tr?ie=UTF8,4,Good product,R1MKWAD6C0E4KE,https://www.amazon.in/gp/customer-reviews/R1MKWAD6C0E4KE/ref=cm_cr_othr_d_rvw_ttl?ie=UTF8&ASIN=B0CC5VH2LW,,Value for money,True,False,[],2024-10-30,25,Colour: Midnight Black,"[{'key': 'Colour', 'value': 'Midnight Black'}]",,,https://www.amazon.in/product-reviews/B0CC5VH2LW?pageNumber=4&filterByStar=all_stars&sortBy=helpful&formatType=all_formats&asin=B0CC5VH2LW&reftag=cm_cr_arp_d_paging_btm_next_4&scope=reviewsAjax0,allStars,,B0CC5VH2LW,B0CC5VH2LW,B0CC5VH2LW,"{'price': None, 'listPrice': None}",https://www.amazon.in//boAt-Stone-580-Bluetooth-Multi-Compatibility/dp/B0CC5VH2LW/ref=zg_bs_g_1389365031_d_sccl_18/261-0975833-5917763?psc=1,India,
Reviewed in India on 26 January 2025,amzn1.account.AEWJ5ZZRA44CC2CHKYWGGI4LOPMQ,https://www.amazon.in/gp/profile/amzn1.account.AEWJ5ZZRA44CC2CHKYWGGI4LOPMQ/ref=cm_cr_othr_d_gw_tr?ie=UTF8,5,Superb product,RLXCB1UFSETWG,https://www.amazon.in/gp/customer-reviews/RLXCB1UFSETWG/ref=cm_cr_othr_d_rvw_ttl?ie=UTF8&ASIN=B0CC5VH2LW,,,True,False,['https://m.media-amazon.com/images/I/71+jMFx7icL._SY88.jpg'],2025-01-26,26,Colour: Midnight Black,"[{'key': 'Colour', 'value': 'Midnight Black'}]",,,https://www.amazon.in/product-reviews/B0CC5VH2LW?pageNumber=4&filterByStar=all_stars&sortBy=helpful&formatType=all_formats&asin=B0CC5VH2LW&reftag=cm_cr_arp_d_paging_btm_next_4&scope=reviewsAjax0,allStars,,B0CC5VH2LW,B0CC5VH2LW,B0CC5VH2LW,"{'price': None, 'listPrice': None}",https://www.amazon.in//boAt-Stone-580-Bluetooth-Multi-Compatibility/dp/B0CC5VH2LW/ref=zg_bs_g_1389365031_d_sccl_18/261-0975833-5917763?psc=1,India,
Reviewed in India on 24 January 2025,amzn1.account.AGRH5ZQVVACBYFC5CZJGVHQLB25A,https://www.amazon.in/gp/profile/amzn1.account.AGRH5ZQVVACBYFC5CZJGVHQLB25A/ref=cm_cr_othr_d_gw_tr?ie=UTF8,5,Super quality,RS3Z6Z5VCQK5N,https://www.amazon.in/gp/customer-reviews/RS3Z6Z5VCQK5N/ref=cm_cr_othr_d_rvw_ttl?ie=UTF8&ASIN=B0CC5VH2LW,,Nice product,True,False,[],2025-01-24,27,Colour: Pine Green,"[{'key': 'Colour', 'value': 'Pine Green'}]",,,https://www.amazon.in/product-reviews/B0CC5VH2LW?pageNumber=4&filterByStar=all_stars&sortBy=helpful&formatType=all_formats&asin=B0CC5VH2LW&reftag=cm_cr_arp_d_paging_btm_next_4&scope=reviewsAjax0,allStars,,B0CC5VH2LW,B0CC5VH2LW,B0CC5VH2LW,"{'price': None, 'listPrice': None}",https://www.amazon.in//boAt-Stone-580-Bluetooth-Multi-Compatibility/dp/B0CC5VH2LW/ref=zg_bs_g_1389365031_d_sccl_18/261-0975833-5917763?psc=1,India,
Reviewed in India on 11 October 2024,amzn1.account.AFM3SBPUD7RFK2IT6EKDZ4FFY3HQ,https://www.amazon.in/gp/profile/amzn1.account.AFM3SBPUD7RFK2IT6EKDZ4FFY3HQ/ref=cm_cr_othr_d_gw_tr?ie=UTF8,3,Good,R11N4XZOGX99WP,https://www.amazon.in/gp/customer-reviews/R11N4XZOGX99WP/ref=cm_cr_othr_d_rvw_ttl?ie=UTF8&ASIN=B0CC5VH2LW,One person found this helpful,Sound was good. Button pattern is not easy. Also fm need to inser cable not goodPacking was so poor. Delivery agent behaviour not good. To catch the product we need pitient,True,False,[],2024-10-11,28,Colour: Midnight Black,"[{'key': 'Colour', 'value': 'Midnight Black'}]",,,https://www.amazon.in/product-reviews/B0CC5VH2LW?pageNumber=4&filterByStar=all_stars&sortBy=helpful&formatType=all_formats&asin=B0CC5VH2LW&reftag=cm_cr_arp_d_paging_btm_next_4&scope=reviewsAjax0,allStars,,B0CC5VH2LW,B0CC5VH2LW,B0CC5VH2LW,"{'price': None, 'listPrice': None}",https://www.amazon.in//boAt-Stone-580-Bluetooth-Multi-Compatibility/dp/B0CC5VH2LW/ref=zg_bs_g_1389365031_d_sccl_18/261-0975833-5917763?psc=1,India,
Reviewed in India on 18 October 2024,amzn1.account.AHSZJTLJMPIOWOGYUFYSQ6URMT6Q,https://www.amazon.in/gp/profile/amzn1.account.AHSZJTLJMPIOWOGYUFYSQ6URMT6Q/ref=cm_cr_othr_d_gw_tr?ie=UTF8,4,Boat speaker,R3I9Z4RVRKTHA9,https://www.amazon.in/gp/customer-reviews/R3I9Z4RVRKTHA9/ref=cm_cr_othr_d_rvw_ttl?ie=UTF8&ASIN=B0CC5VH2LW,One person found this helpful,"Very good Product, I am satisfied.",True,False,[],2024-10-18,29,Colour: Midnight Black,"[{'key': 'Colour', 'value': 'Midnight Black'}]",,,https://www.amazon.in/product-reviews/B0CC5VH2LW?pageNumber=4&filterByStar=all_stars&sortBy=helpful&formatType=all_formats&asin=B0CC5VH2LW&reftag=cm_cr_arp_d_paging_btm_next_4&scope=reviewsAjax0,allStars,,B0CC5VH2LW,B0CC5VH2LW,B0CC5VH2LW,"{'price': None, 'listPrice': None}",https://www.amazon.in//boAt-Stone-580-Bluetooth-Multi-Compatibility/dp/B0CC5VH2LW/ref=zg_bs_g_1389365031_d_sccl_18/261-0975833-5917763?psc=1,India,
Reviewed in India on 21 October 2024,amzn1.account.AEYLCZEVLTUTLNZPCXOOEUEJKHNQ,https://www.amazon.in/gp/profile/amzn1.account.AEYLCZEVLTUTLNZPCXOOEUEJKHNQ/ref=cm_cr_othr_d_gw_tr?ie=UTF8,4,It's a good one,RFJJN3CV4160M,https://www.amazon.in/gp/customer-reviews/RFJJN3CV4160M/ref=cm_cr_othr_d_rvw_ttl?ie=UTF8&ASIN=B0CC5VH2LW,,Good one,True,False,[],2024-10-21,30,Colour: Midnight Black,"[{'key': 'Colour', 'value': 'Midnight Black'}]",,,https://www.amazon.in/product-reviews/B0CC5VH2LW?pageNumber=4&filterByStar=all_stars&sortBy=helpful&formatType=all_formats&asin=B0CC5VH2LW&reftag=cm_cr_arp_d_paging_btm_next_4&scope=reviewsAjax0,allStars,,B0CC5VH2LW,B0CC5VH2LW,B0CC5VH2LW,"{'price': None, 'listPrice': None}",https://www.amazon.in//boAt-Stone-580-Bluetooth-Multi-Compatibility/dp/B0CC5VH2LW/ref=zg_bs_g_1389365031_d_sccl_18/261-0975833-5917763?psc=1,India,
Reviewed in India on 14 September 2024,amzn1.account.AEUNKBLZNQ7LEEPZIRLJIMF6DB7A,https://www.amazon.in/gp/profile/amzn1.account.AEUNKBLZNQ7LEEPZIRLJIMF6DB7A/ref=cm_cr_othr_d_gw_tr?ie=UTF8,1,Sudipto,REUNZB10OO4VL,https://www.amazon.in/gp/customer-reviews/REUNZB10OO4VL/ref=cm_cr_othr_d_rvw_ttl?ie=UTF8&ASIN=B0CC5VH2LW,8 people found this helpful,"after using 1 year I am writing this review, after buying this I got some speaker issue  3 months after , when I am claiming my warranty they don't provide me service. also the helpline numbers are always busy. after that I make this speaker problem fixed from a nearby shop, sound was good but , but it's playback time isn't 8 hours, after getting full charge it will play in full sound only 2 or 4 minutes then speaker's charge was  ends, don't waste your money on any of boat speaker, I am here for buying a new speaker Aman it's too bad,1 वर्ष उपयोग करने के बाद मैं यह समीक्षा लिख रहा हूँ, इसे खरीदने के 3 महीने बाद मुझे स्पीकर में कुछ समस्या आई, जब मैं अपनी वारंटी का दावा कर रहा था तो उन्होंने मुझे सेवा प्रदान नहीं की। इसके अलावा हेल्पलाइन नंबर हमेशा व्यस्त रहते हैं। उसके बाद मैंने इस स्पीकर की समस्या को पास की एक दुकान से ठीक करवाया, ध्वनि अच्छी थी, लेकिन इसका प्लेबैक समय 8 घंटे नहीं था, पूरा चार्ज होने के बाद यह केवल 2 या 4 मिनट तक पूरी ध्वनि में चलता था, फिर स्पीकर का चार्ज समाप्त हो जाता था, किसी भी बोट स्पीकर पर अपना पैसा बर्बाद न करें, मैं यहाँ एक नया स्पीकर खरीदने आया हूँ अमन यह बहुत बुरा है,1 বছর ব্যবহার করার পরে আমি এই পর্যালোচনাটি লিখছি, এটি কেনার পরে আমি 3 মাস পরে কিছু স্পিকার সমস্যা পেয়েছি, যখন আমি আমার ওয়ারেন্টি দাবি করছি তারা আমাকে পরিষেবা সরবরাহ করে না।  এছাড়াও হেল্পলাইন নম্বর সবসময় ব্যস্ত.  তার পর আমি পাশের দোকান থেকে এই স্পীকারের সমস্যাটা ঠিক করি, সাউন্ড ভালো ছিল কিন্তু প্লেব্যাকের সময় 8 ঘন্টা নয়, ফুল চার্জ হওয়ার পর এটি ফুল সাউন্ডে বাজবে মাত্র 2 বা 4 মিনিট তখন স্পিকারের চার্জ শেষ হয়ে যায়, কোন বোট স্পীকারে আপনার টাকা নষ্ট করবেন না, আমি এখানে একটি নতুন স্পিকার কিনতে এসেছি আমান এটা খুব খারাপ,",True,False,['https://m.media-amazon.com/images/I/61iMR1KjFTL._SY88.jpg'],2024-09-14,31,Colour: Pine Green,"[{'key': 'Colour', 'value': 'Pine Green'}]",,,https://www.amazon.in/product-reviews/B0CC5VH2LW?pageNumber=4&filterByStar=all_stars&sortBy=helpful&formatType=all_formats&asin=B0CC5VH2LW&reftag=cm_cr_arp_d_paging_btm_next_4&scope=reviewsAjax0,allStars,,B0CC5VH2LW,B0CC5VH2LW,B0CC5VH2LW,"{'price': None, 'listPrice': None}",https://www.amazon.in//boAt-Stone-580-Bluetooth-Multi-Compatibility/dp/B0CC5VH2LW/ref=zg_bs_g_1389365031_d_sccl_18/261-0975833-5917763?psc=1,India,
Reviewed in India on 28 January 2025,amzn1.account.AGVRP56RENOBE5ZNM76VKV2IFS7Q,https://www.amazon.in/gp/profile/amzn1.account.AGVRP56RENOBE5ZNM76VKV2IFS7Q/ref=cm_cr_othr_d_gw_tr?ie=UTF8,5,Good Product 👍,R2Q55L5ZU8QJ12,https://www.amazon.in/gp/customer-reviews/R2Q55L5ZU8QJ12/ref=cm_cr_othr_d_rvw_ttl?ie=UTF8&ASIN=B0CC5VH2LW,,"The media could not be loaded.
                
            
                
            
        
    
    








  
  
     Nice Base",True,False,['https://m.media-amazon.com/images/I/71GOn9NCjBL._SY88.jpg'],2025-01-28,32,Colour: Midnight Black,"[{'key': 'Colour', 'value': 'Midnight Black'}]",,,https://www.amazon.in/product-reviews/B0CC5VH2LW?pageNumber=4&filterByStar=all_stars&sortBy=helpful&formatType=all_formats&asin=B0CC5VH2LW&reftag=cm_cr_arp_d_paging_btm_next_4&scope=reviewsAjax0,allStars,,B0CC5VH2LW,B0CC5VH2LW,B0CC5VH2LW,"{'price': None, 'listPrice': None}",https://www.amazon.in//boAt-Stone-580-Bluetooth-Multi-Compatibility/dp/B0CC5VH2LW/ref=zg_bs_g_1389365031_d_sccl_18/261-0975833-5917763?psc=1,India,
