reviewedIn,userId,userProfileLink,ratingScore,reviewTitle,reviewId,reviewUrl,reviewReaction,reviewDescription,isVerified,isAmazonVine,reviewImages,date,position,variant,variantAttributes,totalCategoryRatings,totalCategoryReviews,reviewCategoryUrl,filterByRating,filterByKeyword,productAsin,productOriginalAsin,variantAsin,product,input,country,countryCode
Reviewed in India on 14 December 2024,amzn1.account.AEBHSIROJBKYWTNNEIWLA2XGEZWA,https://www.amazon.in/gp/profile/amzn1.account.AEBHSIROJBKYWTNNEIWLA2XGEZWA/ref=cm_cr_othr_d_gw_tr?ie=UTF8,5,Really Good product at thie price,R16A2BBQ9M53VZ,https://www.amazon.in/gp/customer-reviews/R16A2BBQ9M53VZ/ref=cm_cr_othr_d_rvw_ttl?ie=UTF8&ASIN=B0CVQ75VM2,,It has a really good sound in open area. High volume.It's worth buying.,True,False,['https://m.media-amazon.com/images/I/71rhX4pyI9L._SY88.jpg'],2024-12-14,1,Colour: Midnight Black,"[{'key': 'Colour', 'value': 'Midnight Black'}]",,,https://www.amazon.in/product-reviews/B0CVQ75VM2?pageNumber=1&filterByStar=all_stars&sortBy=helpful&formatType=all_formats&asin=B0CVQ75VM2&reftag=cm_cr_arp_d_paging_btm_next_1&scope=reviewsAjax0,allStars,,B0CVQ75VM2,B0CVQ75VM2,B0CVQ75VM2,"{'price': None, 'listPrice': None}",https://www.amazon.in//boAt-Bluetooth-Speaker-Playtime-Midnight/dp/B0CVQ75VM2/ref=zg_bs_g_1389365031_d_sccl_19/261-0975833-5917763?psc=1,India,
Reviewed in India on 21 March 2024,amzn1.account.AGANZMCXOQC4DAOQZZY2MMTAHHCQ,https://www.amazon.in/gp/profile/amzn1.account.AGANZMCXOQC4DAOQZZY2MMTAHHCQ/ref=cm_cr_othr_d_gw_tr?ie=UTF8,4,Good product,RLN5H6VRXOTTM,https://www.amazon.in/gp/customer-reviews/RLN5H6VRXOTTM/ref=cm_cr_othr_d_rvw_ttl?ie=UTF8&ASIN=B0CVQ75VM2,One person found this helpful,"Bass is little less, rest it's good one.Can do the job in home.",True,False,[],2024-03-21,2,Colour: Tropical Blue,"[{'key': 'Colour', 'value': 'Tropical Blue'}]",,,https://www.amazon.in/product-reviews/B0CVQ75VM2?pageNumber=1&filterByStar=all_stars&sortBy=helpful&formatType=all_formats&asin=B0CVQ75VM2&reftag=cm_cr_arp_d_paging_btm_next_1&scope=reviewsAjax0,allStars,,B0CVQ75VM2,B0CVQ75VM2,B0CVQ75VM2,"{'price': None, 'listPrice': None}",https://www.amazon.in//boAt-Bluetooth-Speaker-Playtime-Midnight/dp/B0CVQ75VM2/ref=zg_bs_g_1389365031_d_sccl_19/261-0975833-5917763?psc=1,India,
Reviewed in India on 13 January 2025,amzn1.account.AFDANZ7KBJW3HFZOTUHWEGTEGMYA,https://www.amazon.in/gp/profile/amzn1.account.AFDANZ7KBJW3HFZOTUHWEGTEGMYA/ref=cm_cr_othr_d_gw_tr?ie=UTF8,5,Terrific purchase,R35LA6NMJ9QS47,https://www.amazon.in/gp/customer-reviews/R35LA6NMJ9QS47/ref=cm_cr_othr_d_rvw_ttl?ie=UTF8&ASIN=B0CVQ75VM2,One person found this helpful,Sound quality is awesome 😎👍 AUX mode me Very Loud sound and very good. You will love it...,True,False,"['https://m.media-amazon.com/images/I/719MBolaNSL._SY88.jpg', 'https://m.media-amazon.com/images/I/71FUNX-ZoAL._SY88.jpg']",2025-01-13,3,Colour: Midnight Black,"[{'key': 'Colour', 'value': 'Midnight Black'}]",,,https://www.amazon.in/product-reviews/B0CVQ75VM2?pageNumber=1&filterByStar=all_stars&sortBy=helpful&formatType=all_formats&asin=B0CVQ75VM2&reftag=cm_cr_arp_d_paging_btm_next_1&scope=reviewsAjax0,allStars,,B0CVQ75VM2,B0CVQ75VM2,B0CVQ75VM2,"{'price': None, 'listPrice': None}",https://www.amazon.in//boAt-Bluetooth-Speaker-Playtime-Midnight/dp/B0CVQ75VM2/ref=zg_bs_g_1389365031_d_sccl_19/261-0975833-5917763?psc=1,India,
Reviewed in India on 24 December 2024,amzn1.account.AE62DCQVZXGJRLDVQSFMROKTRJ5A,https://www.amazon.in/gp/profile/amzn1.account.AE62DCQVZXGJRLDVQSFMROKTRJ5A/ref=cm_cr_othr_d_gw_tr?ie=UTF8,1,WORST BASS.,R2S77T9BNRWTFG,https://www.amazon.in/gp/customer-reviews/R2S77T9BNRWTFG/ref=cm_cr_othr_d_rvw_ttl?ie=UTF8&ASIN=B0CVQ75VM2,One person found this helpful,MOST IMPORTANT..If you are looking for a speaker with bass then please stay away from this speaker. This speaker has the worst bass effect i have ever found in a popular brand speaker. I regret buying this. I wasted my money.,True,False,['https://m.media-amazon.com/images/I/61RiVpBkJ3L._SY88.jpg'],2024-12-24,4,Colour: Tropical Blue,"[{'key': 'Colour', 'value': 'Tropical Blue'}]",,,https://www.amazon.in/product-reviews/B0CVQ75VM2?pageNumber=1&filterByStar=all_stars&sortBy=helpful&formatType=all_formats&asin=B0CVQ75VM2&reftag=cm_cr_arp_d_paging_btm_next_1&scope=reviewsAjax0,allStars,,B0CVQ75VM2,B0CVQ75VM2,B0CVQ75VM2,"{'price': None, 'listPrice': None}",https://www.amazon.in//boAt-Bluetooth-Speaker-Playtime-Midnight/dp/B0CVQ75VM2/ref=zg_bs_g_1389365031_d_sccl_19/261-0975833-5917763?psc=1,India,
Reviewed in India on 6 April 2024,amzn1.account.AE7CNSNFJG2LDEEI3QO5HO3LBUKQ,https://www.amazon.in/gp/profile/amzn1.account.AE7CNSNFJG2LDEEI3QO5HO3LBUKQ/ref=cm_cr_othr_d_gw_tr?ie=UTF8,5,A Game Changer for Laptop Movie Nights!,R1TCYT2WLTKHK5,https://www.amazon.in/gp/customer-reviews/R1TCYT2WLTKHK5/ref=cm_cr_othr_d_rvw_ttl?ie=UTF8&ASIN=B0CVQ75VM2,7 people found this helpful,"I recently purchased the boAt Stone Spinx Pro Bluetooth Speaker, and let me tell you, it's been a game changer for my movie nights! As someone who loves to binge-watch shows and movies on my laptop, I've always found the built-in audio to be lackluster. But with this powerful portable speaker, I can finally enjoy immersive sound quality from the comfort of my bed or couch.The 20W RMS sound output is truly impressive, delivering crisp highs and deep lows that bring every scene to life. Whether it's the explosive action sequences or the subtle nuances of dialogue, this speaker handles it all with ease. Plus, the Bluetooth connectivity makes it super convenient to set up, allowing me to seamlessly stream audio from my laptop without any hassle.Not only does the boAt Stone Spinx Pro enhance my viewing experience, but its portability also means I can take it with me wherever I go. Whether I'm traveling or just moving from room to room, I can always count on this speaker to deliver stunning audio quality.Overall, I couldn't be happier with my purchase. If you're like me and enjoy watching movies or shows on your laptop, do yourself a favor and invest in the boAt Stone Spinx Pro Bluetooth Speaker. Highly recommended for anyone looking to elevate their audio experience!",True,False,"['https://m.media-amazon.com/images/I/71CQNJWj6eL._SY88.jpg', 'https://m.media-amazon.com/images/I/71yLCzAkX2L._SY88.jpg']",2024-04-06,5,Colour: Midnight Black,"[{'key': 'Colour', 'value': 'Midnight Black'}]",,,https://www.amazon.in/product-reviews/B0CVQ75VM2?pageNumber=1&filterByStar=all_stars&sortBy=helpful&formatType=all_formats&asin=B0CVQ75VM2&reftag=cm_cr_arp_d_paging_btm_next_1&scope=reviewsAjax0,allStars,,B0CVQ75VM2,B0CVQ75VM2,B0CVQ75VM2,"{'price': None, 'listPrice': None}",https://www.amazon.in//boAt-Bluetooth-Speaker-Playtime-Midnight/dp/B0CVQ75VM2/ref=zg_bs_g_1389365031_d_sccl_19/261-0975833-5917763?psc=1,India,
Reviewed in India on 11 December 2024,amzn1.account.AEIFXLCSAU3JRYD7LL7VI5T2BW6A,https://www.amazon.in/gp/profile/amzn1.account.AEIFXLCSAU3JRYD7LL7VI5T2BW6A/ref=cm_cr_othr_d_gw_tr?ie=UTF8,3,Mediocre in every sense of the word.,R3FGFNHU3HOUY8,https://www.amazon.in/gp/customer-reviews/R3FGFNHU3HOUY8/ref=cm_cr_othr_d_rvw_ttl?ie=UTF8&ASIN=B0CVQ75VM2,2 people found this helpful,Mediocre sound quality for the priceMediocre treble with little-to-no room for bass.Mediocre battery life.Mediocre water resistanceIt's large and hefty which does not correlate to the performance at all. Usually speakers this large are louder and with more bass.I've seen speaker much smaller that are louder and with more bass and battery life (that were also cheaper btw😂).So everything is mediocre except perhaps the build quality which is good,True,False,[],2024-12-11,6,Colour: Midnight Black,"[{'key': 'Colour', 'value': 'Midnight Black'}]",,,https://www.amazon.in/product-reviews/B0CVQ75VM2?pageNumber=1&filterByStar=all_stars&sortBy=helpful&formatType=all_formats&asin=B0CVQ75VM2&reftag=cm_cr_arp_d_paging_btm_next_1&scope=reviewsAjax0,allStars,,B0CVQ75VM2,B0CVQ75VM2,B0CVQ75VM2,"{'price': None, 'listPrice': None}",https://www.amazon.in//boAt-Bluetooth-Speaker-Playtime-Midnight/dp/B0CVQ75VM2/ref=zg_bs_g_1389365031_d_sccl_19/261-0975833-5917763?psc=1,India,
Reviewed in India on 15 January 2025,amzn1.account.AE6L2VRUDQARXOMTSST3NNFJTWYA,https://www.amazon.in/gp/profile/amzn1.account.AE6L2VRUDQARXOMTSST3NNFJTWYA/ref=cm_cr_othr_d_gw_tr?ie=UTF8,4,Great product,R204A717INDH6G,https://www.amazon.in/gp/customer-reviews/R204A717INDH6G/ref=cm_cr_othr_d_rvw_ttl?ie=UTF8&ASIN=B0CVQ75VM2,One person found this helpful,"The media could not be loaded.
                
            
                
            
        
    
    








  
  
     SatisfiedSound quality awesomeBuilt quality 💪 is goodValue for money",True,False,"['https://m.media-amazon.com/images/I/61CT2-1gekL._SY88.jpg', 'https://m.media-amazon.com/images/I/61M1PmAdSOL._SY88.jpg', 'https://m.media-amazon.com/images/I/71mDPmd0GlL._SY88.jpg', 'https://m.media-amazon.com/images/I/71mZ8SIFFAL._SY88.jpg']",2025-01-15,7,Colour: Midnight Black,"[{'key': 'Colour', 'value': 'Midnight Black'}]",,,https://www.amazon.in/product-reviews/B0CVQ75VM2?pageNumber=1&filterByStar=all_stars&sortBy=helpful&formatType=all_formats&asin=B0CVQ75VM2&reftag=cm_cr_arp_d_paging_btm_next_1&scope=reviewsAjax0,allStars,,B0CVQ75VM2,B0CVQ75VM2,B0CVQ75VM2,"{'price': None, 'listPrice': None}",https://www.amazon.in//boAt-Bluetooth-Speaker-Playtime-Midnight/dp/B0CVQ75VM2/ref=zg_bs_g_1389365031_d_sccl_19/261-0975833-5917763?psc=1,India,
Reviewed in India on 14 January 2025,amzn1.account.AGGBSDCQOBICDU6HWUELNT2M4IHA,https://www.amazon.in/gp/profile/amzn1.account.AGGBSDCQOBICDU6HWUELNT2M4IHA/ref=cm_cr_othr_d_gw_tr?ie=UTF8,5,Super speaker,R8WNEDZHL7VSM,https://www.amazon.in/gp/customer-reviews/R8WNEDZHL7VSM/ref=cm_cr_othr_d_rvw_ttl?ie=UTF8&ASIN=B0CVQ75VM2,,"Boat understand value of money, bluetooth connectivity, design, quality and weight of item is easy to carry.There should be light off function also.",True,False,[],2025-01-14,8,Colour: Tropical Blue,"[{'key': 'Colour', 'value': 'Tropical Blue'}]",,,https://www.amazon.in/product-reviews/B0CVQ75VM2?pageNumber=1&filterByStar=all_stars&sortBy=helpful&formatType=all_formats&asin=B0CVQ75VM2&reftag=cm_cr_arp_d_paging_btm_next_1&scope=reviewsAjax0,allStars,,B0CVQ75VM2,B0CVQ75VM2,B0CVQ75VM2,"{'price': None, 'listPrice': None}",https://www.amazon.in//boAt-Bluetooth-Speaker-Playtime-Midnight/dp/B0CVQ75VM2/ref=zg_bs_g_1389365031_d_sccl_19/261-0975833-5917763?psc=1,India,
Reviewed in India on 1 November 2024,amzn1.account.AFCPUDATBZWS7WB4LNDWBGNHC4YA,https://www.amazon.in/gp/profile/amzn1.account.AFCPUDATBZWS7WB4LNDWBGNHC4YA/ref=cm_cr_othr_d_gw_tr?ie=UTF8,4,Ok product,R3KQLJ5DK3V7QN,https://www.amazon.in/gp/customer-reviews/R3KQLJ5DK3V7QN/ref=cm_cr_othr_d_rvw_ttl?ie=UTF8&ASIN=B0CVQ75VM2,,Price is high...it is ok under 2000 not 3300,True,False,[],2024-11-01,17,Colour: Tropical Blue,"[{'key': 'Colour', 'value': 'Tropical Blue'}]",,,https://www.amazon.in/product-reviews/B0CVQ75VM2?pageNumber=3&filterByStar=all_stars&sortBy=helpful&formatType=all_formats&asin=B0CVQ75VM2&reftag=cm_cr_arp_d_paging_btm_next_3&scope=reviewsAjax0,allStars,,B0CVQ75VM2,B0CVQ75VM2,B0CVQ75VM2,"{'price': None, 'listPrice': None}",https://www.amazon.in//boAt-Bluetooth-Speaker-Playtime-Midnight/dp/B0CVQ75VM2/ref=zg_bs_g_1389365031_d_sccl_19/261-0975833-5917763?psc=1,India,
Reviewed in India on 16 November 2024,amzn1.account.AFVSE5CMQZXQAFXBPFTYAAR6V5NA,https://www.amazon.in/gp/profile/amzn1.account.AFVSE5CMQZXQAFXBPFTYAAR6V5NA/ref=cm_cr_othr_d_gw_tr?ie=UTF8,4,Quality is the best. 🥰,R14WG32LL12IZU,https://www.amazon.in/gp/customer-reviews/R14WG32LL12IZU/ref=cm_cr_othr_d_rvw_ttl?ie=UTF8&ASIN=B0CVQ75VM2,5 people found this helpful,The media could not be loaded.,True,False,[],2024-11-16,18,Colour: Tropical Blue,"[{'key': 'Colour', 'value': 'Tropical Blue'}]",,,https://www.amazon.in/product-reviews/B0CVQ75VM2?pageNumber=3&filterByStar=all_stars&sortBy=helpful&formatType=all_formats&asin=B0CVQ75VM2&reftag=cm_cr_arp_d_paging_btm_next_3&scope=reviewsAjax0,allStars,,B0CVQ75VM2,B0CVQ75VM2,B0CVQ75VM2,"{'price': None, 'listPrice': None}",https://www.amazon.in//boAt-Bluetooth-Speaker-Playtime-Midnight/dp/B0CVQ75VM2/ref=zg_bs_g_1389365031_d_sccl_19/261-0975833-5917763?psc=1,India,
Reviewed in India on 13 October 2024,amzn1.account.AE4IHWUNZP6AAE4R6BGIK3JZFE5Q,https://www.amazon.in/gp/profile/amzn1.account.AE4IHWUNZP6AAE4R6BGIK3JZFE5Q/ref=cm_cr_othr_d_gw_tr?ie=UTF8,4,Average,R2L3Q6CL37PNSG,https://www.amazon.in/gp/customer-reviews/R2L3Q6CL37PNSG/ref=cm_cr_othr_d_rvw_ttl?ie=UTF8&ASIN=B0CVQ75VM2,One person found this helpful,"Product is good, portable, superb connectivity, Lighting attractive but price is little bit high",True,False,[],2024-10-13,19,Colour: Midnight Black,"[{'key': 'Colour', 'value': 'Midnight Black'}]",,,https://www.amazon.in/product-reviews/B0CVQ75VM2?pageNumber=3&filterByStar=all_stars&sortBy=helpful&formatType=all_formats&asin=B0CVQ75VM2&reftag=cm_cr_arp_d_paging_btm_next_3&scope=reviewsAjax0,allStars,,B0CVQ75VM2,B0CVQ75VM2,B0CVQ75VM2,"{'price': None, 'listPrice': None}",https://www.amazon.in//boAt-Bluetooth-Speaker-Playtime-Midnight/dp/B0CVQ75VM2/ref=zg_bs_g_1389365031_d_sccl_19/261-0975833-5917763?psc=1,India,
Reviewed in India on 17 January 2025,amzn1.account.AGQZJR4FELXYY3P2JK23T4WARMIA,https://www.amazon.in/gp/profile/amzn1.account.AGQZJR4FELXYY3P2JK23T4WARMIA/ref=cm_cr_othr_d_gw_tr?ie=UTF8,5,Exllent quality,RRKML6P6J0OLY,https://www.amazon.in/gp/customer-reviews/RRKML6P6J0OLY/ref=cm_cr_othr_d_rvw_ttl?ie=UTF8&ASIN=B0CVQ75VM2,,Superb,True,False,[],2025-01-17,20,Colour: Tropical Blue,"[{'key': 'Colour', 'value': 'Tropical Blue'}]",,,https://www.amazon.in/product-reviews/B0CVQ75VM2?pageNumber=3&filterByStar=all_stars&sortBy=helpful&formatType=all_formats&asin=B0CVQ75VM2&reftag=cm_cr_arp_d_paging_btm_next_3&scope=reviewsAjax0,allStars,,B0CVQ75VM2,B0CVQ75VM2,B0CVQ75VM2,"{'price': None, 'listPrice': None}",https://www.amazon.in//boAt-Bluetooth-Speaker-Playtime-Midnight/dp/B0CVQ75VM2/ref=zg_bs_g_1389365031_d_sccl_19/261-0975833-5917763?psc=1,India,
Reviewed in India on 20 November 2024,amzn1.account.AHPDLU3GKVRZWVWVH23WNDDIS3GQ,https://www.amazon.in/gp/profile/amzn1.account.AHPDLU3GKVRZWVWVH23WNDDIS3GQ/ref=cm_cr_othr_d_gw_tr?ie=UTF8,3,Carrying arrangement poor,R2PKJNYQ2F2DVB,https://www.amazon.in/gp/customer-reviews/R2PKJNYQ2F2DVB/ref=cm_cr_othr_d_rvw_ttl?ie=UTF8&ASIN=B0CVQ75VM2,,Please provide holding strips and carrying arrangement,True,False,[],2024-11-20,21,Colour: Tropical Blue,"[{'key': 'Colour', 'value': 'Tropical Blue'}]",,,https://www.amazon.in/product-reviews/B0CVQ75VM2?pageNumber=3&filterByStar=all_stars&sortBy=helpful&formatType=all_formats&asin=B0CVQ75VM2&reftag=cm_cr_arp_d_paging_btm_next_3&scope=reviewsAjax0,allStars,,B0CVQ75VM2,B0CVQ75VM2,B0CVQ75VM2,"{'price': None, 'listPrice': None}",https://www.amazon.in//boAt-Bluetooth-Speaker-Playtime-Midnight/dp/B0CVQ75VM2/ref=zg_bs_g_1389365031_d_sccl_19/261-0975833-5917763?psc=1,India,
Reviewed in India on 9 November 2024,amzn1.account.AFTAAJUWXK62U76JELNU46DJXWGQ,https://www.amazon.in/gp/profile/amzn1.account.AFTAAJUWXK62U76JELNU46DJXWGQ/ref=cm_cr_othr_d_gw_tr?ie=UTF8,3,Sound quality is so good,R13J0BMG5OO3U,https://www.amazon.in/gp/customer-reviews/R13J0BMG5OO3U/ref=cm_cr_othr_d_rvw_ttl?ie=UTF8&ASIN=B0CVQ75VM2,2 people found this helpful,"Sound quality is good, but it is not giving backup upto 8 hours. And there is no sound as per 20 watts. No battery backup is good",True,False,[],2024-11-09,22,Colour: Midnight Black,"[{'key': 'Colour', 'value': 'Midnight Black'}]",,,https://www.amazon.in/product-reviews/B0CVQ75VM2?pageNumber=3&filterByStar=all_stars&sortBy=helpful&formatType=all_formats&asin=B0CVQ75VM2&reftag=cm_cr_arp_d_paging_btm_next_3&scope=reviewsAjax0,allStars,,B0CVQ75VM2,B0CVQ75VM2,B0CVQ75VM2,"{'price': None, 'listPrice': None}",https://www.amazon.in//boAt-Bluetooth-Speaker-Playtime-Midnight/dp/B0CVQ75VM2/ref=zg_bs_g_1389365031_d_sccl_19/261-0975833-5917763?psc=1,India,
Reviewed in India on 30 September 2024,amzn1.account.AEUBBZ25U6T44EAZCZ5XELZWL62Q,https://www.amazon.in/gp/profile/amzn1.account.AEUBBZ25U6T44EAZCZ5XELZWL62Q/ref=cm_cr_othr_d_gw_tr?ie=UTF8,4,Best product in this price,R2I8NAYO23MM35,https://www.amazon.in/gp/customer-reviews/R2I8NAYO23MM35/ref=cm_cr_othr_d_rvw_ttl?ie=UTF8&ASIN=B0CVQ75VM2,,"Nice color and feel, bass and sound quaility is fine.",True,False,[],2024-09-30,23,Colour: Tropical Blue,"[{'key': 'Colour', 'value': 'Tropical Blue'}]",,,https://www.amazon.in/product-reviews/B0CVQ75VM2?pageNumber=3&filterByStar=all_stars&sortBy=helpful&formatType=all_formats&asin=B0CVQ75VM2&reftag=cm_cr_arp_d_paging_btm_next_3&scope=reviewsAjax0,allStars,,B0CVQ75VM2,B0CVQ75VM2,B0CVQ75VM2,"{'price': None, 'listPrice': None}",https://www.amazon.in//boAt-Bluetooth-Speaker-Playtime-Midnight/dp/B0CVQ75VM2/ref=zg_bs_g_1389365031_d_sccl_19/261-0975833-5917763?psc=1,India,
Reviewed in India on 3 September 2024,amzn1.account.AEGWOUKFYWWROFKRMNBRTJPPV7AA,https://www.amazon.in/gp/profile/amzn1.account.AEGWOUKFYWWROFKRMNBRTJPPV7AA/ref=cm_cr_othr_d_gw_tr?ie=UTF8,4,Boat stone spinx pro,R1ZP5ULYER16A9,https://www.amazon.in/gp/customer-reviews/R1ZP5ULYER16A9/ref=cm_cr_othr_d_rvw_ttl?ie=UTF8&ASIN=B0CVQ75VM2,,"Overall good and best bass booster, only one problem is battery back up but satisfied backup.and if boat will provide a premium strip for this than it look will be too much premium.🥰🥰",True,False,[],2024-09-03,24,Colour: Tropical Blue,"[{'key': 'Colour', 'value': 'Tropical Blue'}]",,,https://www.amazon.in/product-reviews/B0CVQ75VM2?pageNumber=3&filterByStar=all_stars&sortBy=helpful&formatType=all_formats&asin=B0CVQ75VM2&reftag=cm_cr_arp_d_paging_btm_next_3&scope=reviewsAjax0,allStars,,B0CVQ75VM2,B0CVQ75VM2,B0CVQ75VM2,"{'price': None, 'listPrice': None}",https://www.amazon.in//boAt-Bluetooth-Speaker-Playtime-Midnight/dp/B0CVQ75VM2/ref=zg_bs_g_1389365031_d_sccl_19/261-0975833-5917763?psc=1,India,
Reviewed in India on 31 December 2024,amzn1.account.AE5BWQMQPKQDFM5DF4NHQHDSSO7A,https://www.amazon.in/gp/profile/amzn1.account.AE5BWQMQPKQDFM5DF4NHQHDSSO7A/ref=cm_cr_othr_d_gw_tr?ie=UTF8,5,Very good product,R2OM8WWNCDWUR5,https://www.amazon.in/gp/customer-reviews/R2OM8WWNCDWUR5/ref=cm_cr_othr_d_rvw_ttl?ie=UTF8&ASIN=B0CVQ75VM2,,Amazing product at this price,True,False,[],2024-12-31,25,Colour: Tropical Blue,"[{'key': 'Colour', 'value': 'Tropical Blue'}]",,,https://www.amazon.in/product-reviews/B0CVQ75VM2?pageNumber=4&filterByStar=all_stars&sortBy=helpful&formatType=all_formats&asin=B0CVQ75VM2&reftag=cm_cr_arp_d_paging_btm_next_4&scope=reviewsAjax0,allStars,,B0CVQ75VM2,B0CVQ75VM2,B0CVQ75VM2,"{'price': None, 'listPrice': None}",https://www.amazon.in//boAt-Bluetooth-Speaker-Playtime-Midnight/dp/B0CVQ75VM2/ref=zg_bs_g_1389365031_d_sccl_19/261-0975833-5917763?psc=1,India,
Reviewed in India on 28 December 2024,amzn1.account.AHOBECCXSZJV7MFO4DGTZQ2ETZ6Q,https://www.amazon.in/gp/profile/amzn1.account.AHOBECCXSZJV7MFO4DGTZQ2ETZ6Q/ref=cm_cr_othr_d_gw_tr?ie=UTF8,5,Amazng product,RCYA5EP35E74E,https://www.amazon.in/gp/customer-reviews/RCYA5EP35E74E/ref=cm_cr_othr_d_rvw_ttl?ie=UTF8&ASIN=B0CVQ75VM2,,AmaznggggggGo for it,True,False,[],2024-12-28,26,Colour: Tropical Blue,"[{'key': 'Colour', 'value': 'Tropical Blue'}]",,,https://www.amazon.in/product-reviews/B0CVQ75VM2?pageNumber=4&filterByStar=all_stars&sortBy=helpful&formatType=all_formats&asin=B0CVQ75VM2&reftag=cm_cr_arp_d_paging_btm_next_4&scope=reviewsAjax0,allStars,,B0CVQ75VM2,B0CVQ75VM2,B0CVQ75VM2,"{'price': None, 'listPrice': None}",https://www.amazon.in//boAt-Bluetooth-Speaker-Playtime-Midnight/dp/B0CVQ75VM2/ref=zg_bs_g_1389365031_d_sccl_19/261-0975833-5917763?psc=1,India,
Reviewed in India on 19 January 2025,amzn1.account.AGHBC4NKHZETQYGF23TAINLYYNDQ,https://www.amazon.in/gp/profile/amzn1.account.AGHBC4NKHZETQYGF23TAINLYYNDQ/ref=cm_cr_othr_d_gw_tr?ie=UTF8,2,Portable,R16HVAG1D72OHE,https://www.amazon.in/gp/customer-reviews/R16HVAG1D72OHE/ref=cm_cr_othr_d_rvw_ttl?ie=UTF8&ASIN=B0CVQ75VM2,,"The bass isn’t so good… but in this price range it’s worth the buy!😍 This is good for slow music or watching movies in laptop. Quality , charging ability 👍👍Go for it..",True,False,[],2025-01-19,27,Colour: Midnight Black,"[{'key': 'Colour', 'value': 'Midnight Black'}]",,,https://www.amazon.in/product-reviews/B0CVQ75VM2?pageNumber=4&filterByStar=all_stars&sortBy=helpful&formatType=all_formats&asin=B0CVQ75VM2&reftag=cm_cr_arp_d_paging_btm_next_4&scope=reviewsAjax0,allStars,,B0CVQ75VM2,B0CVQ75VM2,B0CVQ75VM2,"{'price': None, 'listPrice': None}",https://www.amazon.in//boAt-Bluetooth-Speaker-Playtime-Midnight/dp/B0CVQ75VM2/ref=zg_bs_g_1389365031_d_sccl_19/261-0975833-5917763?psc=1,India,
Reviewed in India on 30 December 2024,amzn1.account.AGEU3EN3EBFEFV3FVIH75XNIMAHQ,https://www.amazon.in/gp/profile/amzn1.account.AGEU3EN3EBFEFV3FVIH75XNIMAHQ/ref=cm_cr_othr_d_gw_tr?ie=UTF8,2,Neither have a deeper base nor a Spatial Audio,R2FUQHR7A1B1CV,https://www.amazon.in/gp/customer-reviews/R2FUQHR7A1B1CV/ref=cm_cr_othr_d_rvw_ttl?ie=UTF8&ASIN=B0CVQ75VM2,2 people found this helpful,design tell you it has 360 degree speaker and you can also see it as separate bass radiator.. but doesn’t do any better!!It’s just like a usual 1k pricing speaker.. plus 500 for additional technology.,True,False,[],2024-12-30,28,Colour: Midnight Black,"[{'key': 'Colour', 'value': 'Midnight Black'}]",,,https://www.amazon.in/product-reviews/B0CVQ75VM2?pageNumber=4&filterByStar=all_stars&sortBy=helpful&formatType=all_formats&asin=B0CVQ75VM2&reftag=cm_cr_arp_d_paging_btm_next_4&scope=reviewsAjax0,allStars,,B0CVQ75VM2,B0CVQ75VM2,B0CVQ75VM2,"{'price': None, 'listPrice': None}",https://www.amazon.in//boAt-Bluetooth-Speaker-Playtime-Midnight/dp/B0CVQ75VM2/ref=zg_bs_g_1389365031_d_sccl_19/261-0975833-5917763?psc=1,India,
Reviewed in India on 20 December 2024,amzn1.account.AFM5ICX7JTT2WLQ264FG6JYPEIDA,https://www.amazon.in/gp/profile/amzn1.account.AFM5ICX7JTT2WLQ264FG6JYPEIDA/ref=cm_cr_othr_d_gw_tr?ie=UTF8,5,Super super,R3JF27J350N39F,https://www.amazon.in/gp/customer-reviews/R3JF27J350N39F/ref=cm_cr_othr_d_rvw_ttl?ie=UTF8&ASIN=B0CVQ75VM2,,Very nice,True,False,[],2024-12-20,29,Colour: Tropical Blue,"[{'key': 'Colour', 'value': 'Tropical Blue'}]",,,https://www.amazon.in/product-reviews/B0CVQ75VM2?pageNumber=4&filterByStar=all_stars&sortBy=helpful&formatType=all_formats&asin=B0CVQ75VM2&reftag=cm_cr_arp_d_paging_btm_next_4&scope=reviewsAjax0,allStars,,B0CVQ75VM2,B0CVQ75VM2,B0CVQ75VM2,"{'price': None, 'listPrice': None}",https://www.amazon.in//boAt-Bluetooth-Speaker-Playtime-Midnight/dp/B0CVQ75VM2/ref=zg_bs_g_1389365031_d_sccl_19/261-0975833-5917763?psc=1,India,
Reviewed in India on 11 December 2024,amzn1.account.AH4FPMXKBKSEUQ4AGDYAJZMBSEFA,https://www.amazon.in/gp/profile/amzn1.account.AH4FPMXKBKSEUQ4AGDYAJZMBSEFA/ref=cm_cr_othr_d_gw_tr?ie=UTF8,5,Superb quality speaker 👍,RUDZQ4RXU0IQ0,https://www.amazon.in/gp/customer-reviews/RUDZQ4RXU0IQ0/ref=cm_cr_othr_d_rvw_ttl?ie=UTF8&ASIN=B0CVQ75VM2,,Best product quality in this price and also base are 👍,True,False,[],2024-12-11,30,Colour: Midnight Black,"[{'key': 'Colour', 'value': 'Midnight Black'}]",,,https://www.amazon.in/product-reviews/B0CVQ75VM2?pageNumber=4&filterByStar=all_stars&sortBy=helpful&formatType=all_formats&asin=B0CVQ75VM2&reftag=cm_cr_arp_d_paging_btm_next_4&scope=reviewsAjax0,allStars,,B0CVQ75VM2,B0CVQ75VM2,B0CVQ75VM2,"{'price': None, 'listPrice': None}",https://www.amazon.in//boAt-Bluetooth-Speaker-Playtime-Midnight/dp/B0CVQ75VM2/ref=zg_bs_g_1389365031_d_sccl_19/261-0975833-5917763?psc=1,India,
Reviewed in India on 1 October 2024,amzn1.account.AGO42UIEXKBQQ5TFLAB2W6MDXJAA,https://www.amazon.in/gp/profile/amzn1.account.AGO42UIEXKBQQ5TFLAB2W6MDXJAA/ref=cm_cr_othr_d_gw_tr?ie=UTF8,3,Avg,RKV2YWCBZUMNF,https://www.amazon.in/gp/customer-reviews/RKV2YWCBZUMNF/ref=cm_cr_othr_d_rvw_ttl?ie=UTF8&ASIN=B0CVQ75VM2,2 people found this helpful,"Bass is not good, voice is clear but doesn't give you feeling of a speaker",True,False,[],2024-10-01,31,Colour: Tropical Blue,"[{'key': 'Colour', 'value': 'Tropical Blue'}]",,,https://www.amazon.in/product-reviews/B0CVQ75VM2?pageNumber=4&filterByStar=all_stars&sortBy=helpful&formatType=all_formats&asin=B0CVQ75VM2&reftag=cm_cr_arp_d_paging_btm_next_4&scope=reviewsAjax0,allStars,,B0CVQ75VM2,B0CVQ75VM2,B0CVQ75VM2,"{'price': None, 'listPrice': None}",https://www.amazon.in//boAt-Bluetooth-Speaker-Playtime-Midnight/dp/B0CVQ75VM2/ref=zg_bs_g_1389365031_d_sccl_19/261-0975833-5917763?psc=1,India,
Reviewed in India on 1 January 2025,amzn1.account.AFY3RYJWRVBEWVXWE4MBEFUSKVAA,https://www.amazon.in/gp/profile/amzn1.account.AFY3RYJWRVBEWVXWE4MBEFUSKVAA/ref=cm_cr_othr_d_gw_tr?ie=UTF8,5,Bluetooth Speaker,R251NGHB5JQBE5,https://www.amazon.in/gp/customer-reviews/R251NGHB5JQBE5/ref=cm_cr_othr_d_rvw_ttl?ie=UTF8&ASIN=B0CVQ75VM2,One person found this helpful,"The media could not be loaded.
                
            
                
            
            
        
    
    








  
  
     Nice product.",True,False,[],2025-01-01,32,Colour: Tropical Blue,"[{'key': 'Colour', 'value': 'Tropical Blue'}]",,,https://www.amazon.in/product-reviews/B0CVQ75VM2?pageNumber=4&filterByStar=all_stars&sortBy=helpful&formatType=all_formats&asin=B0CVQ75VM2&reftag=cm_cr_arp_d_paging_btm_next_4&scope=reviewsAjax0,allStars,,B0CVQ75VM2,B0CVQ75VM2,B0CVQ75VM2,"{'price': None, 'listPrice': None}",https://www.amazon.in//boAt-Bluetooth-Speaker-Playtime-Midnight/dp/B0CVQ75VM2/ref=zg_bs_g_1389365031_d_sccl_19/261-0975833-5917763?psc=1,India,
Reviewed in India on 21 March 2024,amzn1.account.AEIN3COISJ32WXNIB4GKLMAXOF5Q,https://www.amazon.in/gp/profile/amzn1.account.AEIN3COISJ32WXNIB4GKLMAXOF5Q/ref=cm_cr_othr_d_gw_tr?ie=UTF8,4,Good,R298YGYR7JTLRU,https://www.amazon.in/gp/customer-reviews/R298YGYR7JTLRU/ref=cm_cr_othr_d_rvw_ttl?ie=UTF8&ASIN=B0CVQ75VM2,One person found this helpful,Amazing,True,False,[],2024-03-21,65,Colour: Midnight Black,"[{'key': 'Colour', 'value': 'Midnight Black'}]",,,https://www.amazon.in/product-reviews/B0CVQ75VM2?pageNumber=9&filterByStar=all_stars&sortBy=helpful&formatType=all_formats&asin=B0CVQ75VM2&reftag=cm_cr_arp_d_paging_btm_next_9&scope=reviewsAjax0,allStars,,B0CVQ75VM2,B0CVQ75VM2,B0CVQ75VM2,"{'price': None, 'listPrice': None}",https://www.amazon.in//boAt-Bluetooth-Speaker-Playtime-Midnight/dp/B0CVQ75VM2/ref=zg_bs_g_1389365031_d_sccl_19/261-0975833-5917763?psc=1,India,
Reviewed in India on 11 March 2024,amzn1.account.AEDL6QV6MXH7PCVT4BX3TCNQS2YQ,https://www.amazon.in/gp/profile/amzn1.account.AEDL6QV6MXH7PCVT4BX3TCNQS2YQ/ref=cm_cr_othr_d_gw_tr?ie=UTF8,3,Decent Product,R14MZZSKCMAO6I,https://www.amazon.in/gp/customer-reviews/R14MZZSKCMAO6I/ref=cm_cr_othr_d_rvw_ttl?ie=UTF8&ASIN=B0CVQ75VM2,5 people found this helpful,"The media could not be loaded.
                
            
                
            
            
        
    
    








  
  
     Sounds okish... My recommendation use eq to enhance the audio... BT 5.0 connectivity in SBC mode..(Day1 review)",True,False,['https://m.media-amazon.com/images/I/71vm+zhMx7L._SY88.jpg'],2024-03-11,66,Colour: Midnight Black,"[{'key': 'Colour', 'value': 'Midnight Black'}]",,,https://www.amazon.in/product-reviews/B0CVQ75VM2?pageNumber=9&filterByStar=all_stars&sortBy=helpful&formatType=all_formats&asin=B0CVQ75VM2&reftag=cm_cr_arp_d_paging_btm_next_9&scope=reviewsAjax0,allStars,,B0CVQ75VM2,B0CVQ75VM2,B0CVQ75VM2,"{'price': None, 'listPrice': None}",https://www.amazon.in//boAt-Bluetooth-Speaker-Playtime-Midnight/dp/B0CVQ75VM2/ref=zg_bs_g_1389365031_d_sccl_19/261-0975833-5917763?psc=1,India,
Reviewed in India on 14 July 2024,amzn1.account.AEJCJ4NGD242UGYMQ5DK4EVESIAA,https://www.amazon.in/gp/profile/amzn1.account.AEJCJ4NGD242UGYMQ5DK4EVESIAA/ref=cm_cr_othr_d_gw_tr?ie=UTF8,2,Sound not up to level as per reviews,R1XIDMN5OZT2LH,https://www.amazon.in/gp/customer-reviews/R1XIDMN5OZT2LH/ref=cm_cr_othr_d_rvw_ttl?ie=UTF8&ASIN=B0CVQ75VM2,,"Hi Team,I ordered this speaker for home used, but the volume and bas are not up to the level. Could you please help on same.Thanks in advance",True,False,[],2024-07-14,67,Colour: Midnight Black,"[{'key': 'Colour', 'value': 'Midnight Black'}]",,,https://www.amazon.in/product-reviews/B0CVQ75VM2?pageNumber=9&filterByStar=all_stars&sortBy=helpful&formatType=all_formats&asin=B0CVQ75VM2&reftag=cm_cr_arp_d_paging_btm_next_9&scope=reviewsAjax0,allStars,,B0CVQ75VM2,B0CVQ75VM2,B0CVQ75VM2,"{'price': None, 'listPrice': None}",https://www.amazon.in//boAt-Bluetooth-Speaker-Playtime-Midnight/dp/B0CVQ75VM2/ref=zg_bs_g_1389365031_d_sccl_19/261-0975833-5917763?psc=1,India,
Reviewed in India on 4 September 2024,amzn1.account.AFSJ236P5GGDHDEOPFHOJRVJGNBQ,https://www.amazon.in/gp/profile/amzn1.account.AFSJ236P5GGDHDEOPFHOJRVJGNBQ/ref=cm_cr_othr_d_gw_tr?ie=UTF8,5,बहुत सुंदर,R12XYOQAWWTBF9,https://www.amazon.in/gp/customer-reviews/R12XYOQAWWTBF9/ref=cm_cr_othr_d_rvw_ttl?ie=UTF8&ASIN=B0CVQ75VM2,,बहुत ही अच्छा है लेकिन यह पैसे ज्यादा है,True,False,[],2024-09-04,68,Colour: Tropical Blue,"[{'key': 'Colour', 'value': 'Tropical Blue'}]",,,https://www.amazon.in/product-reviews/B0CVQ75VM2?pageNumber=9&filterByStar=all_stars&sortBy=helpful&formatType=all_formats&asin=B0CVQ75VM2&reftag=cm_cr_arp_d_paging_btm_next_9&scope=reviewsAjax0,allStars,,B0CVQ75VM2,B0CVQ75VM2,B0CVQ75VM2,"{'price': None, 'listPrice': None}",https://www.amazon.in//boAt-Bluetooth-Speaker-Playtime-Midnight/dp/B0CVQ75VM2/ref=zg_bs_g_1389365031_d_sccl_19/261-0975833-5917763?psc=1,India,
Reviewed in India on 28 December 2024,amzn1.account.AH2E5MRWJVR5A2KYFS3AC6O7DI7Q,https://www.amazon.in/gp/profile/amzn1.account.AH2E5MRWJVR5A2KYFS3AC6O7DI7Q/ref=cm_cr_othr_d_gw_tr?ie=UTF8,1,Not great at all,R1SALPJN9HYBNF,https://www.amazon.in/gp/customer-reviews/R1SALPJN9HYBNF/ref=cm_cr_othr_d_rvw_ttl?ie=UTF8&ASIN=B0CVQ75VM2,One person found this helpful,"No Bass, only loudNot good at all",True,False,[],2024-12-28,69,Colour: Midnight Black,"[{'key': 'Colour', 'value': 'Midnight Black'}]",,,https://www.amazon.in/product-reviews/B0CVQ75VM2?pageNumber=9&filterByStar=all_stars&sortBy=helpful&formatType=all_formats&asin=B0CVQ75VM2&reftag=cm_cr_arp_d_paging_btm_next_9&scope=reviewsAjax0,allStars,,B0CVQ75VM2,B0CVQ75VM2,B0CVQ75VM2,"{'price': None, 'listPrice': None}",https://www.amazon.in//boAt-Bluetooth-Speaker-Playtime-Midnight/dp/B0CVQ75VM2/ref=zg_bs_g_1389365031_d_sccl_19/261-0975833-5917763?psc=1,India,
Reviewed in India on 17 September 2024,amzn1.account.AGUFCVV6SMVO3MHRSGANXBGDNS6A,https://www.amazon.in/gp/profile/amzn1.account.AGUFCVV6SMVO3MHRSGANXBGDNS6A/ref=cm_cr_othr_d_gw_tr?ie=UTF8,5,Value for money,R18D0EFBKCHVMK,https://www.amazon.in/gp/customer-reviews/R18D0EFBKCHVMK/ref=cm_cr_othr_d_rvw_ttl?ie=UTF8&ASIN=B0CVQ75VM2,,Worth it,True,False,[],2024-09-17,70,Colour: Tropical Blue,"[{'key': 'Colour', 'value': 'Tropical Blue'}]",,,https://www.amazon.in/product-reviews/B0CVQ75VM2?pageNumber=9&filterByStar=all_stars&sortBy=helpful&formatType=all_formats&asin=B0CVQ75VM2&reftag=cm_cr_arp_d_paging_btm_next_9&scope=reviewsAjax0,allStars,,B0CVQ75VM2,B0CVQ75VM2,B0CVQ75VM2,"{'price': None, 'listPrice': None}",https://www.amazon.in//boAt-Bluetooth-Speaker-Playtime-Midnight/dp/B0CVQ75VM2/ref=zg_bs_g_1389365031_d_sccl_19/261-0975833-5917763?psc=1,India,
Reviewed in India on 10 January 2025,amzn1.account.AH5PGLTPXJ7OJB5YCALI27W6HVRA,https://www.amazon.in/gp/profile/amzn1.account.AH5PGLTPXJ7OJB5YCALI27W6HVRA/ref=cm_cr_othr_d_gw_tr?ie=UTF8,1,very very worst product,R2QZZNDCA0N8BJ,https://www.amazon.in/gp/customer-reviews/R2QZZNDCA0N8BJ/ref=cm_cr_othr_d_rvw_ttl?ie=UTF8&ASIN=B0CVQ75VM2,,worst ever,True,False,[],2025-01-10,71,Colour: Midnight Black,"[{'key': 'Colour', 'value': 'Midnight Black'}]",,,https://www.amazon.in/product-reviews/B0CVQ75VM2?pageNumber=9&filterByStar=all_stars&sortBy=helpful&formatType=all_formats&asin=B0CVQ75VM2&reftag=cm_cr_arp_d_paging_btm_next_9&scope=reviewsAjax0,allStars,,B0CVQ75VM2,B0CVQ75VM2,B0CVQ75VM2,"{'price': None, 'listPrice': None}",https://www.amazon.in//boAt-Bluetooth-Speaker-Playtime-Midnight/dp/B0CVQ75VM2/ref=zg_bs_g_1389365031_d_sccl_19/261-0975833-5917763?psc=1,India,
Reviewed in India on 6 September 2024,amzn1.account.AFCRZDBEUFVFWPR5A4ALS3W3MA7A,https://www.amazon.in/gp/profile/amzn1.account.AFCRZDBEUFVFWPR5A4ALS3W3MA7A/ref=cm_cr_othr_d_gw_tr?ie=UTF8,5,Product is Good,R14J6Q6WBL0KWK,https://www.amazon.in/gp/customer-reviews/R14J6Q6WBL0KWK/ref=cm_cr_othr_d_rvw_ttl?ie=UTF8&ASIN=B0CVQ75VM2,One person found this helpful,Product is good and awesome sound clarity.,True,False,[],2024-09-06,72,Colour: Tropical Blue,"[{'key': 'Colour', 'value': 'Tropical Blue'}]",,,https://www.amazon.in/product-reviews/B0CVQ75VM2?pageNumber=9&filterByStar=all_stars&sortBy=helpful&formatType=all_formats&asin=B0CVQ75VM2&reftag=cm_cr_arp_d_paging_btm_next_9&scope=reviewsAjax0,allStars,,B0CVQ75VM2,B0CVQ75VM2,B0CVQ75VM2,"{'price': None, 'listPrice': None}",https://www.amazon.in//boAt-Bluetooth-Speaker-Playtime-Midnight/dp/B0CVQ75VM2/ref=zg_bs_g_1389365031_d_sccl_19/261-0975833-5917763?psc=1,India,
Reviewed in India on 30 November 2024,amzn1.account.AGPA2HSPBMCW7WP63GRDFKWIJRZA,https://www.amazon.in/gp/profile/amzn1.account.AGPA2HSPBMCW7WP63GRDFKWIJRZA/ref=cm_cr_othr_d_gw_tr?ie=UTF8,5,all thing good,RPFLX9CJ1NXUC,https://www.amazon.in/gp/customer-reviews/RPFLX9CJ1NXUC/ref=cm_cr_othr_d_rvw_ttl?ie=UTF8&ASIN=B0CVQ75VM2,,all thing great at this price,True,False,[],2024-11-30,41,Colour: Midnight Black,"[{'key': 'Colour', 'value': 'Midnight Black'}]",,,https://www.amazon.in/product-reviews/B0CVQ75VM2?pageNumber=6&filterByStar=all_stars&sortBy=helpful&formatType=all_formats&asin=B0CVQ75VM2&reftag=cm_cr_arp_d_paging_btm_next_6&scope=reviewsAjax0,allStars,,B0CVQ75VM2,B0CVQ75VM2,B0CVQ75VM2,"{'price': None, 'listPrice': None}",https://www.amazon.in//boAt-Bluetooth-Speaker-Playtime-Midnight/dp/B0CVQ75VM2/ref=zg_bs_g_1389365031_d_sccl_19/261-0975833-5917763?psc=1,India,
Reviewed in India on 1 December 2024,amzn1.account.AEEY4ICQYIE4U4EI63NGQEEEBQ2Q,https://www.amazon.in/gp/profile/amzn1.account.AEEY4ICQYIE4U4EI63NGQEEEBQ2Q/ref=cm_cr_othr_d_gw_tr?ie=UTF8,5,Not sure why this is 4.0 instead it should be 5.0,R1JZWFG9ATNDR4,https://www.amazon.in/gp/customer-reviews/R1JZWFG9ATNDR4/ref=cm_cr_othr_d_rvw_ttl?ie=UTF8&ASIN=B0CVQ75VM2,,"Amazing quality, backup and LED based spectrogram. Really liked the power and quality.",True,False,[],2024-12-01,42,Colour: Tropical Blue,"[{'key': 'Colour', 'value': 'Tropical Blue'}]",,,https://www.amazon.in/product-reviews/B0CVQ75VM2?pageNumber=6&filterByStar=all_stars&sortBy=helpful&formatType=all_formats&asin=B0CVQ75VM2&reftag=cm_cr_arp_d_paging_btm_next_6&scope=reviewsAjax0,allStars,,B0CVQ75VM2,B0CVQ75VM2,B0CVQ75VM2,"{'price': None, 'listPrice': None}",https://www.amazon.in//boAt-Bluetooth-Speaker-Playtime-Midnight/dp/B0CVQ75VM2/ref=zg_bs_g_1389365031_d_sccl_19/261-0975833-5917763?psc=1,India,
Reviewed in India on 24 November 2024,amzn1.account.AFLJ2HM3VDZFDITYNPVEM2WDVVZA,https://www.amazon.in/gp/profile/amzn1.account.AFLJ2HM3VDZFDITYNPVEM2WDVVZA/ref=cm_cr_othr_d_gw_tr?ie=UTF8,2,Product sound is not good,R32DRG3HDCJJWN,https://www.amazon.in/gp/customer-reviews/R32DRG3HDCJJWN/ref=cm_cr_othr_d_rvw_ttl?ie=UTF8&ASIN=B0CVQ75VM2,,I have purchased boat stong strin pro  sound speaker  . It  product quality and sound is poor,True,False,['https://m.media-amazon.com/images/I/71BXFD0gVNL._SY88.jpg'],2024-11-24,43,Colour: Tropical Blue,"[{'key': 'Colour', 'value': 'Tropical Blue'}]",,,https://www.amazon.in/product-reviews/B0CVQ75VM2?pageNumber=6&filterByStar=all_stars&sortBy=helpful&formatType=all_formats&asin=B0CVQ75VM2&reftag=cm_cr_arp_d_paging_btm_next_6&scope=reviewsAjax0,allStars,,B0CVQ75VM2,B0CVQ75VM2,B0CVQ75VM2,"{'price': None, 'listPrice': None}",https://www.amazon.in//boAt-Bluetooth-Speaker-Playtime-Midnight/dp/B0CVQ75VM2/ref=zg_bs_g_1389365031_d_sccl_19/261-0975833-5917763?psc=1,India,
Reviewed in India on 8 January 2025,amzn1.account.AGXO7SXTG6233PM5GDOJ7DE4BUVA,https://www.amazon.in/gp/profile/amzn1.account.AGXO7SXTG6233PM5GDOJ7DE4BUVA/ref=cm_cr_othr_d_gw_tr?ie=UTF8,5,Qualitative Products,RDR7G6DW47O7J,https://www.amazon.in/gp/customer-reviews/RDR7G6DW47O7J/ref=cm_cr_othr_d_rvw_ttl?ie=UTF8&ASIN=B0CVQ75VM2,,Excellent 👌,True,False,[],2025-01-08,44,Colour: Midnight Black,"[{'key': 'Colour', 'value': 'Midnight Black'}]",,,https://www.amazon.in/product-reviews/B0CVQ75VM2?pageNumber=6&filterByStar=all_stars&sortBy=helpful&formatType=all_formats&asin=B0CVQ75VM2&reftag=cm_cr_arp_d_paging_btm_next_6&scope=reviewsAjax0,allStars,,B0CVQ75VM2,B0CVQ75VM2,B0CVQ75VM2,"{'price': None, 'listPrice': None}",https://www.amazon.in//boAt-Bluetooth-Speaker-Playtime-Midnight/dp/B0CVQ75VM2/ref=zg_bs_g_1389365031_d_sccl_19/261-0975833-5917763?psc=1,India,
Reviewed in India on 18 June 2024,amzn1.account.AFOOY5JYYCCPJUJDKI6BWM2UPVHA,https://www.amazon.in/gp/profile/amzn1.account.AFOOY5JYYCCPJUJDKI6BWM2UPVHA/ref=cm_cr_othr_d_gw_tr?ie=UTF8,4,Nice product!,R3T02XX75K5TH2,https://www.amazon.in/gp/customer-reviews/R3T02XX75K5TH2/ref=cm_cr_othr_d_rvw_ttl?ie=UTF8&ASIN=B0CVQ75VM2,2 people found this helpful,"Led blinking light is v. attractive.Good sound quality,looks are Quite good.",True,False,[],2024-06-18,45,Colour: Midnight Black,"[{'key': 'Colour', 'value': 'Midnight Black'}]",,,https://www.amazon.in/product-reviews/B0CVQ75VM2?pageNumber=6&filterByStar=all_stars&sortBy=helpful&formatType=all_formats&asin=B0CVQ75VM2&reftag=cm_cr_arp_d_paging_btm_next_6&scope=reviewsAjax0,allStars,,B0CVQ75VM2,B0CVQ75VM2,B0CVQ75VM2,"{'price': None, 'listPrice': None}",https://www.amazon.in//boAt-Bluetooth-Speaker-Playtime-Midnight/dp/B0CVQ75VM2/ref=zg_bs_g_1389365031_d_sccl_19/261-0975833-5917763?psc=1,India,
Reviewed in India on 20 January 2025,amzn1.account.AH2B2JDOMRJGPGUNYPVLKUDAXKEQ,https://www.amazon.in/gp/profile/amzn1.account.AH2B2JDOMRJGPGUNYPVLKUDAXKEQ/ref=cm_cr_othr_d_gw_tr?ie=UTF8,1,Boat never trust on it,R90P7MAGUNM6H,https://www.amazon.in/gp/customer-reviews/R90P7MAGUNM6H/ref=cm_cr_othr_d_rvw_ttl?ie=UTF8&ASIN=B0CVQ75VM2,,Bad quality sound output.. Please i request you all not to buy this product.. Worst product with worst sound I have heard and if you are going to buying you will also suffer... If you are not believing me..,True,False,[],2025-01-20,46,Colour: Midnight Black,"[{'key': 'Colour', 'value': 'Midnight Black'}]",,,https://www.amazon.in/product-reviews/B0CVQ75VM2?pageNumber=6&filterByStar=all_stars&sortBy=helpful&formatType=all_formats&asin=B0CVQ75VM2&reftag=cm_cr_arp_d_paging_btm_next_6&scope=reviewsAjax0,allStars,,B0CVQ75VM2,B0CVQ75VM2,B0CVQ75VM2,"{'price': None, 'listPrice': None}",https://www.amazon.in//boAt-Bluetooth-Speaker-Playtime-Midnight/dp/B0CVQ75VM2/ref=zg_bs_g_1389365031_d_sccl_19/261-0975833-5917763?psc=1,India,
Reviewed in India on 24 March 2024,amzn1.account.AEMRBVQ4JEU23UG6RNZS75U3MBRQ,https://www.amazon.in/gp/profile/amzn1.account.AEMRBVQ4JEU23UG6RNZS75U3MBRQ/ref=cm_cr_othr_d_gw_tr?ie=UTF8,2,"Incorrect marketing of microphone , Okay speakers...not for halls",R3B1HIBTJ9KXJ8,https://www.amazon.in/gp/customer-reviews/R3B1HIBTJ9KXJ8/ref=cm_cr_othr_d_rvw_ttl?ie=UTF8&ASIN=B0CVQ75VM2,2 people found this helpful,"I bought this speaker since it also supported microphone and the description clearly stated can use the speaker as hands free for finishing work calls but the microphone is muffled. I reported the issue but they would not take a return and offered an exchange. The exchanged product same issue which is a manufacturers defect. I didn't have the time to go through the hassle of arguing with customer service and booking a return after one exchange and then reordering another product... The speaker is decent for music, bass is okay could've been better. The speaker is okay for a bedroom not for a hall. My Android TV speakers have better volume than the boat stone. I'm just making buyers aware. I got it for 3k but I wouldn't have spent so much when the microphone doesn't work I'm sure there are good enough speaker's for a lesser range. Rating 2 coz of the microphone else it would be a 3 range as a rating for the speaker quality as compared to price.",True,False,[],2024-03-24,47,Colour: Tropical Blue,"[{'key': 'Colour', 'value': 'Tropical Blue'}]",,,https://www.amazon.in/product-reviews/B0CVQ75VM2?pageNumber=6&filterByStar=all_stars&sortBy=helpful&formatType=all_formats&asin=B0CVQ75VM2&reftag=cm_cr_arp_d_paging_btm_next_6&scope=reviewsAjax0,allStars,,B0CVQ75VM2,B0CVQ75VM2,B0CVQ75VM2,"{'price': None, 'listPrice': None}",https://www.amazon.in//boAt-Bluetooth-Speaker-Playtime-Midnight/dp/B0CVQ75VM2/ref=zg_bs_g_1389365031_d_sccl_19/261-0975833-5917763?psc=1,India,
Reviewed in India on 22 January 2025,amzn1.account.AGFBX6XNOTEN2NNHGDLAGDZDOXBA,https://www.amazon.in/gp/profile/amzn1.account.AGFBX6XNOTEN2NNHGDLAGDZDOXBA/ref=cm_cr_othr_d_gw_tr?ie=UTF8,1,Wrost product,R1IKUSP6GM1YLZ,https://www.amazon.in/gp/customer-reviews/R1IKUSP6GM1YLZ/ref=cm_cr_othr_d_rvw_ttl?ie=UTF8&ASIN=B0CVQ75VM2,,Wrost product of boat don't buy it sound is so flat and there is no return or refund policy.have no other option so dumped in the bin,True,False,['https://m.media-amazon.com/images/I/71TunqsdbcL._SY88.jpg'],2025-01-22,48,Colour: Tropical Blue,"[{'key': 'Colour', 'value': 'Tropical Blue'}]",,,https://www.amazon.in/product-reviews/B0CVQ75VM2?pageNumber=6&filterByStar=all_stars&sortBy=helpful&formatType=all_formats&asin=B0CVQ75VM2&reftag=cm_cr_arp_d_paging_btm_next_6&scope=reviewsAjax0,allStars,,B0CVQ75VM2,B0CVQ75VM2,B0CVQ75VM2,"{'price': None, 'listPrice': None}",https://www.amazon.in//boAt-Bluetooth-Speaker-Playtime-Midnight/dp/B0CVQ75VM2/ref=zg_bs_g_1389365031_d_sccl_19/261-0975833-5917763?psc=1,India,
Reviewed in India on 22 November 2024,amzn1.account.AE2K74XBMVSMJT42P3WG2MERAZZQ,https://www.amazon.in/gp/profile/amzn1.account.AE2K74XBMVSMJT42P3WG2MERAZZQ/ref=cm_cr_othr_d_gw_tr?ie=UTF8,2,Not as expected,R231QEB9T25NA9,https://www.amazon.in/gp/customer-reviews/R231QEB9T25NA9/ref=cm_cr_othr_d_rvw_ttl?ie=UTF8&ASIN=B0CVQ75VM2,,Sound is not much loud and clear,True,False,[],2024-11-22,49,Colour: Midnight Black,"[{'key': 'Colour', 'value': 'Midnight Black'}]",,,https://www.amazon.in/product-reviews/B0CVQ75VM2?pageNumber=7&filterByStar=all_stars&sortBy=helpful&formatType=all_formats&asin=B0CVQ75VM2&reftag=cm_cr_arp_d_paging_btm_next_7&scope=reviewsAjax0,allStars,,B0CVQ75VM2,B0CVQ75VM2,B0CVQ75VM2,"{'price': None, 'listPrice': None}",https://www.amazon.in//boAt-Bluetooth-Speaker-Playtime-Midnight/dp/B0CVQ75VM2/ref=zg_bs_g_1389365031_d_sccl_19/261-0975833-5917763?psc=1,India,
Reviewed in India on 19 January 2025,amzn1.account.AFW36TW2IHOUNLXEIXGQJ72WYNEQ,https://www.amazon.in/gp/profile/amzn1.account.AFW36TW2IHOUNLXEIXGQJ72WYNEQ/ref=cm_cr_othr_d_gw_tr?ie=UTF8,1,Button is not working any solution,R1202UEDZSHDSQ,https://www.amazon.in/gp/customer-reviews/R1202UEDZSHDSQ/ref=cm_cr_othr_d_rvw_ttl?ie=UTF8&ASIN=B0CVQ75VM2,,My product button is not working and not getting charged is there any solution for my problem and warranty claimed but no response from company.dont buy this product,True,False,['https://m.media-amazon.com/images/I/81n3Rh6dpfL._SY88.jpg'],2025-01-19,50,Colour: Midnight Black,"[{'key': 'Colour', 'value': 'Midnight Black'}]",,,https://www.amazon.in/product-reviews/B0CVQ75VM2?pageNumber=7&filterByStar=all_stars&sortBy=helpful&formatType=all_formats&asin=B0CVQ75VM2&reftag=cm_cr_arp_d_paging_btm_next_7&scope=reviewsAjax0,allStars,,B0CVQ75VM2,B0CVQ75VM2,B0CVQ75VM2,"{'price': None, 'listPrice': None}",https://www.amazon.in//boAt-Bluetooth-Speaker-Playtime-Midnight/dp/B0CVQ75VM2/ref=zg_bs_g_1389365031_d_sccl_19/261-0975833-5917763?psc=1,India,
Reviewed in India on 4 June 2024,amzn1.account.AGB3H3CZZEPQKGH7LDAZVTY4JHSQ,https://www.amazon.in/gp/profile/amzn1.account.AGB3H3CZZEPQKGH7LDAZVTY4JHSQ/ref=cm_cr_othr_d_gw_tr?ie=UTF8,4,Best speaker sounds quality excellent🗿,RJ9GV8ZD0SWR5,https://www.amazon.in/gp/customer-reviews/RJ9GV8ZD0SWR5/ref=cm_cr_othr_d_rvw_ttl?ie=UTF8&ASIN=B0CVQ75VM2,5 people found this helpful,"The media could not be loaded.
                
            
                
            
        
    
    








  
  
     Quality good sounds quality excellent💯 rgb light enhance look",True,False,['https://m.media-amazon.com/images/I/71UGLSz7krL._SY88.jpg'],2024-06-04,51,Colour: Tropical Blue,"[{'key': 'Colour', 'value': 'Tropical Blue'}]",,,https://www.amazon.in/product-reviews/B0CVQ75VM2?pageNumber=7&filterByStar=all_stars&sortBy=helpful&formatType=all_formats&asin=B0CVQ75VM2&reftag=cm_cr_arp_d_paging_btm_next_7&scope=reviewsAjax0,allStars,,B0CVQ75VM2,B0CVQ75VM2,B0CVQ75VM2,"{'price': None, 'listPrice': None}",https://www.amazon.in//boAt-Bluetooth-Speaker-Playtime-Midnight/dp/B0CVQ75VM2/ref=zg_bs_g_1389365031_d_sccl_19/261-0975833-5917763?psc=1,India,
Reviewed in India on 8 May 2024,amzn1.account.AERX7QDDKYG4322ENKIWU7GLVE4A,https://www.amazon.in/gp/profile/amzn1.account.AERX7QDDKYG4322ENKIWU7GLVE4A/ref=cm_cr_othr_d_gw_tr?ie=UTF8,4,Value for money,R18JDPOIEWZPNH,https://www.amazon.in/gp/customer-reviews/R18JDPOIEWZPNH/ref=cm_cr_othr_d_rvw_ttl?ie=UTF8&ASIN=B0CVQ75VM2,One person found this helpful,Boat signature sound and good bass performance,True,False,[],2024-05-08,52,Colour: Midnight Black,"[{'key': 'Colour', 'value': 'Midnight Black'}]",,,https://www.amazon.in/product-reviews/B0CVQ75VM2?pageNumber=7&filterByStar=all_stars&sortBy=helpful&formatType=all_formats&asin=B0CVQ75VM2&reftag=cm_cr_arp_d_paging_btm_next_7&scope=reviewsAjax0,allStars,,B0CVQ75VM2,B0CVQ75VM2,B0CVQ75VM2,"{'price': None, 'listPrice': None}",https://www.amazon.in//boAt-Bluetooth-Speaker-Playtime-Midnight/dp/B0CVQ75VM2/ref=zg_bs_g_1389365031_d_sccl_19/261-0975833-5917763?psc=1,India,
Reviewed in India on 16 March 2024,amzn1.account.AHLR3URX2I5XJAAX7SUEE6MLAAGA,https://www.amazon.in/gp/profile/amzn1.account.AHLR3URX2I5XJAAX7SUEE6MLAAGA/ref=cm_cr_othr_d_gw_tr?ie=UTF8,4,One week user review,R1OGH3LLRX3073,https://www.amazon.in/gp/customer-reviews/R1OGH3LLRX3073/ref=cm_cr_othr_d_rvw_ttl?ie=UTF8&ASIN=B0CVQ75VM2,One person found this helpful,"awesome mood set vibe in lighting…decent battery backup…fast  Bluetooth pairing,worth product to buying…May be increased battery backup time is needed @boat-lifestyle.com",True,False,"['https://m.media-amazon.com/images/I/61LCmY2SQCL._SY88.jpg', 'https://m.media-amazon.com/images/I/61mBtSdHn-L._SY88.jpg', 'https://m.media-amazon.com/images/I/7197haOtDlL._SY88.jpg']",2024-03-16,53,Colour: Midnight Black,"[{'key': 'Colour', 'value': 'Midnight Black'}]",,,https://www.amazon.in/product-reviews/B0CVQ75VM2?pageNumber=7&filterByStar=all_stars&sortBy=helpful&formatType=all_formats&asin=B0CVQ75VM2&reftag=cm_cr_arp_d_paging_btm_next_7&scope=reviewsAjax0,allStars,,B0CVQ75VM2,B0CVQ75VM2,B0CVQ75VM2,"{'price': None, 'listPrice': None}",https://www.amazon.in//boAt-Bluetooth-Speaker-Playtime-Midnight/dp/B0CVQ75VM2/ref=zg_bs_g_1389365031_d_sccl_19/261-0975833-5917763?psc=1,India,
Reviewed in India on 11 March 2024,amzn1.account.AEAAYFIYBB5XVDBULA2PI4LNSMDA,https://www.amazon.in/gp/profile/amzn1.account.AEAAYFIYBB5XVDBULA2PI4LNSMDA/ref=cm_cr_othr_d_gw_tr?ie=UTF8,5,Excellent product,RJXD3GZBLBEL6,https://www.amazon.in/gp/customer-reviews/RJXD3GZBLBEL6/ref=cm_cr_othr_d_rvw_ttl?ie=UTF8&ASIN=B0CVQ75VM2,6 people found this helpful,"Received yesterday, one day delivery. Quality sound, no distortion at all even at maximum volume. Boat didn't disappoint me.Though, battery capacity, as given in the specifications, seems to be on the lower side as compared to that of products of other companies, it is too early to comment about battery backup at this early stage, but overall I expect a 5-6 hrs backup, when used with a high volume, with full charge as it didn't drain battery fast.Nice bass and quality sound and loud enough. Comes with nice looking LED lights and modes can be changed. A good buy and can't expect more at this price range.",True,False,['https://m.media-amazon.com/images/I/61ETrC7yw4L._SY88.jpg'],2024-03-11,54,Colour: Tropical Blue,"[{'key': 'Colour', 'value': 'Tropical Blue'}]",,,https://www.amazon.in/product-reviews/B0CVQ75VM2?pageNumber=7&filterByStar=all_stars&sortBy=helpful&formatType=all_formats&asin=B0CVQ75VM2&reftag=cm_cr_arp_d_paging_btm_next_7&scope=reviewsAjax0,allStars,,B0CVQ75VM2,B0CVQ75VM2,B0CVQ75VM2,"{'price': None, 'listPrice': None}",https://www.amazon.in//boAt-Bluetooth-Speaker-Playtime-Midnight/dp/B0CVQ75VM2/ref=zg_bs_g_1389365031_d_sccl_19/261-0975833-5917763?psc=1,India,
Reviewed in India on 28 October 2024,amzn1.account.AFK6WWMSOWK7SUAIUJVNTQ4OBITA,https://www.amazon.in/gp/profile/amzn1.account.AFK6WWMSOWK7SUAIUJVNTQ4OBITA/ref=cm_cr_othr_d_gw_tr?ie=UTF8,5,Good,R33Y7CZGIC1M0L,https://www.amazon.in/gp/customer-reviews/R33Y7CZGIC1M0L/ref=cm_cr_othr_d_rvw_ttl?ie=UTF8&ASIN=B0CVQ75VM2,,Working well,True,False,[],2024-10-28,55,Colour: Tropical Blue,"[{'key': 'Colour', 'value': 'Tropical Blue'}]",,,https://www.amazon.in/product-reviews/B0CVQ75VM2?pageNumber=7&filterByStar=all_stars&sortBy=helpful&formatType=all_formats&asin=B0CVQ75VM2&reftag=cm_cr_arp_d_paging_btm_next_7&scope=reviewsAjax0,allStars,,B0CVQ75VM2,B0CVQ75VM2,B0CVQ75VM2,"{'price': None, 'listPrice': None}",https://www.amazon.in//boAt-Bluetooth-Speaker-Playtime-Midnight/dp/B0CVQ75VM2/ref=zg_bs_g_1389365031_d_sccl_19/261-0975833-5917763?psc=1,India,
Reviewed in India on 19 October 2024,amzn1.account.AECYEUUMHZ3VGRYODRWINRWP5NJA,https://www.amazon.in/gp/profile/amzn1.account.AECYEUUMHZ3VGRYODRWINRWP5NJA/ref=cm_cr_othr_d_gw_tr?ie=UTF8,5,Great surround sound.,R3SXMUW9DD9SEO,https://www.amazon.in/gp/customer-reviews/R3SXMUW9DD9SEO/ref=cm_cr_othr_d_rvw_ttl?ie=UTF8&ASIN=B0CVQ75VM2,,Love the led flicker feature. Really great sound clarity.,True,False,[],2024-10-19,56,Colour: Tropical Blue,"[{'key': 'Colour', 'value': 'Tropical Blue'}]",,,https://www.amazon.in/product-reviews/B0CVQ75VM2?pageNumber=7&filterByStar=all_stars&sortBy=helpful&formatType=all_formats&asin=B0CVQ75VM2&reftag=cm_cr_arp_d_paging_btm_next_7&scope=reviewsAjax0,allStars,,B0CVQ75VM2,B0CVQ75VM2,B0CVQ75VM2,"{'price': None, 'listPrice': None}",https://www.amazon.in//boAt-Bluetooth-Speaker-Playtime-Midnight/dp/B0CVQ75VM2/ref=zg_bs_g_1389365031_d_sccl_19/261-0975833-5917763?psc=1,India,
Reviewed in India on 18 November 2024,amzn1.account.AEZN25FAP2LOMGX5X2EJ6EYZM6BQ,https://www.amazon.in/gp/profile/amzn1.account.AEZN25FAP2LOMGX5X2EJ6EYZM6BQ/ref=cm_cr_othr_d_gw_tr?ie=UTF8,5,Good speaker under 2500,RR5VDSPMD9ATO,https://www.amazon.in/gp/customer-reviews/RR5VDSPMD9ATO/ref=cm_cr_othr_d_rvw_ttl?ie=UTF8&ASIN=B0CVQ75VM2,3 people found this helpful,Bought it yesterday build quality is fantastic sound and clarity is decent the RGB light  has fantastic effects and good battary back-up hopefully this product last long if Bluetooth connectivity has aac codec then it would be more value for money,True,False,['https://m.media-amazon.com/images/I/71lSlOP0YcL._SY88.jpg'],2024-11-18,33,Colour: Midnight Black,"[{'key': 'Colour', 'value': 'Midnight Black'}]",,,https://www.amazon.in/product-reviews/B0CVQ75VM2?pageNumber=5&filterByStar=all_stars&sortBy=helpful&formatType=all_formats&asin=B0CVQ75VM2&reftag=cm_cr_arp_d_paging_btm_next_5&scope=reviewsAjax0,allStars,,B0CVQ75VM2,B0CVQ75VM2,B0CVQ75VM2,"{'price': None, 'listPrice': None}",https://www.amazon.in//boAt-Bluetooth-Speaker-Playtime-Midnight/dp/B0CVQ75VM2/ref=zg_bs_g_1389365031_d_sccl_19/261-0975833-5917763?psc=1,India,
Reviewed in India on 1 June 2024,amzn1.account.AG6TBLSN6UABHW7AW26NDZZPND5Q,https://www.amazon.in/gp/profile/amzn1.account.AG6TBLSN6UABHW7AW26NDZZPND5Q/ref=cm_cr_othr_d_gw_tr?ie=UTF8,3,Good,R1V7C904UI381J,https://www.amazon.in/gp/customer-reviews/R1V7C904UI381J/ref=cm_cr_othr_d_rvw_ttl?ie=UTF8&ASIN=B0CVQ75VM2,4 people found this helpful,"Good thing is this speaker comes with mic for calls, but unfortunately the mic is not too keen in taking our voice clearly. If you are away 2 feet, the voice would not be clear for the receiver end.Good and decent soundThey have given 5 diff light modes, that's coolBut may give one more mode to switch off those lights tooThe battery is not so good.Overall, it is a decent product for those who speakers occasionally not frequently.",True,False,[],2024-06-01,34,Colour: Tropical Blue,"[{'key': 'Colour', 'value': 'Tropical Blue'}]",,,https://www.amazon.in/product-reviews/B0CVQ75VM2?pageNumber=5&filterByStar=all_stars&sortBy=helpful&formatType=all_formats&asin=B0CVQ75VM2&reftag=cm_cr_arp_d_paging_btm_next_5&scope=reviewsAjax0,allStars,,B0CVQ75VM2,B0CVQ75VM2,B0CVQ75VM2,"{'price': None, 'listPrice': None}",https://www.amazon.in//boAt-Bluetooth-Speaker-Playtime-Midnight/dp/B0CVQ75VM2/ref=zg_bs_g_1389365031_d_sccl_19/261-0975833-5917763?psc=1,India,
Reviewed in India on 2 December 2024,amzn1.account.AEKVTWIL5KM2WTHN6L7T2TKUYGYA,https://www.amazon.in/gp/profile/amzn1.account.AEKVTWIL5KM2WTHN6L7T2TKUYGYA/ref=cm_cr_othr_d_gw_tr?ie=UTF8,5,Fantastic value for friendly budget,R2UY0HGL1H05S,https://www.amazon.in/gp/customer-reviews/R2UY0HGL1H05S/ref=cm_cr_othr_d_rvw_ttl?ie=UTF8&ASIN=B0CVQ75VM2,,A good speaker in this flexible amount. Must have,True,False,[],2024-12-02,35,Colour: Midnight Black,"[{'key': 'Colour', 'value': 'Midnight Black'}]",,,https://www.amazon.in/product-reviews/B0CVQ75VM2?pageNumber=5&filterByStar=all_stars&sortBy=helpful&formatType=all_formats&asin=B0CVQ75VM2&reftag=cm_cr_arp_d_paging_btm_next_5&scope=reviewsAjax0,allStars,,B0CVQ75VM2,B0CVQ75VM2,B0CVQ75VM2,"{'price': None, 'listPrice': None}",https://www.amazon.in//boAt-Bluetooth-Speaker-Playtime-Midnight/dp/B0CVQ75VM2/ref=zg_bs_g_1389365031_d_sccl_19/261-0975833-5917763?psc=1,India,
Reviewed in India on 5 December 2024,amzn1.account.AGU2TINLSJA45ZBV4QYMRB2F34KA,https://www.amazon.in/gp/profile/amzn1.account.AGU2TINLSJA45ZBV4QYMRB2F34KA/ref=cm_cr_othr_d_gw_tr?ie=UTF8,5,Good product 👌,R1A2LRIXTIM9TF,https://www.amazon.in/gp/customer-reviews/R1A2LRIXTIM9TF/ref=cm_cr_othr_d_rvw_ttl?ie=UTF8&ASIN=B0CVQ75VM2,,Handy and amazing  product,True,False,[],2024-12-05,36,Colour: Midnight Black,"[{'key': 'Colour', 'value': 'Midnight Black'}]",,,https://www.amazon.in/product-reviews/B0CVQ75VM2?pageNumber=5&filterByStar=all_stars&sortBy=helpful&formatType=all_formats&asin=B0CVQ75VM2&reftag=cm_cr_arp_d_paging_btm_next_5&scope=reviewsAjax0,allStars,,B0CVQ75VM2,B0CVQ75VM2,B0CVQ75VM2,"{'price': None, 'listPrice': None}",https://www.amazon.in//boAt-Bluetooth-Speaker-Playtime-Midnight/dp/B0CVQ75VM2/ref=zg_bs_g_1389365031_d_sccl_19/261-0975833-5917763?psc=1,India,
Reviewed in India on 20 July 2024,amzn1.account.AG3JCECZGOFO4TZIAL47YPTMPF3A,https://www.amazon.in/gp/profile/amzn1.account.AG3JCECZGOFO4TZIAL47YPTMPF3A/ref=cm_cr_othr_d_gw_tr?ie=UTF8,3,Not up to mark,R16QSWACBGE6ON,https://www.amazon.in/gp/customer-reviews/R16QSWACBGE6ON/ref=cm_cr_othr_d_rvw_ttl?ie=UTF8&ASIN=B0CVQ75VM2,One person found this helpful,"The product was working pretty well in the beginning and we were happy with the product. Then after month 1, it started having connectivity issues. Now we have been using it for 3 months and only 1 device can connect without any interruption, with other phones the audio always breaks.",True,False,[],2024-07-20,37,Colour: Midnight Black,"[{'key': 'Colour', 'value': 'Midnight Black'}]",,,https://www.amazon.in/product-reviews/B0CVQ75VM2?pageNumber=5&filterByStar=all_stars&sortBy=helpful&formatType=all_formats&asin=B0CVQ75VM2&reftag=cm_cr_arp_d_paging_btm_next_5&scope=reviewsAjax0,allStars,,B0CVQ75VM2,B0CVQ75VM2,B0CVQ75VM2,"{'price': None, 'listPrice': None}",https://www.amazon.in//boAt-Bluetooth-Speaker-Playtime-Midnight/dp/B0CVQ75VM2/ref=zg_bs_g_1389365031_d_sccl_19/261-0975833-5917763?psc=1,India,
Reviewed in India on 15 January 2025,amzn1.account.AHEOPUO5OC3VJKSG2AUEVGPOZ6HQ,https://www.amazon.in/gp/profile/amzn1.account.AHEOPUO5OC3VJKSG2AUEVGPOZ6HQ/ref=cm_cr_othr_d_gw_tr?ie=UTF8,2,Mmm,R3O3WBZ1AJGFTH,https://www.amazon.in/gp/customer-reviews/R3O3WBZ1AJGFTH/ref=cm_cr_othr_d_rvw_ttl?ie=UTF8&ASIN=B0CVQ75VM2,,Bass 2/10,True,False,[],2025-01-15,38,Colour: Midnight Black,"[{'key': 'Colour', 'value': 'Midnight Black'}]",,,https://www.amazon.in/product-reviews/B0CVQ75VM2?pageNumber=5&filterByStar=all_stars&sortBy=helpful&formatType=all_formats&asin=B0CVQ75VM2&reftag=cm_cr_arp_d_paging_btm_next_5&scope=reviewsAjax0,allStars,,B0CVQ75VM2,B0CVQ75VM2,B0CVQ75VM2,"{'price': None, 'listPrice': None}",https://www.amazon.in//boAt-Bluetooth-Speaker-Playtime-Midnight/dp/B0CVQ75VM2/ref=zg_bs_g_1389365031_d_sccl_19/261-0975833-5917763?psc=1,India,
Reviewed in India on 19 December 2024,amzn1.account.AEQLGMOVVR6UL33X2IRLZROD63QA,https://www.amazon.in/gp/profile/amzn1.account.AEQLGMOVVR6UL33X2IRLZROD63QA/ref=cm_cr_othr_d_gw_tr?ie=UTF8,5,Good,R300SLFGHP8LU,https://www.amazon.in/gp/customer-reviews/R300SLFGHP8LU/ref=cm_cr_othr_d_rvw_ttl?ie=UTF8&ASIN=B0CVQ75VM2,One person found this helpful,"The media could not be loaded.
                
            
                
            
        
    
    








  
  
     Overall good. Happy😊",True,False,"['https://m.media-amazon.com/images/I/7111-PDiJ6L._SY88.jpg', 'https://m.media-amazon.com/images/I/71XeCKrS-DL._SY88.jpg']",2024-12-19,39,Colour: Midnight Black,"[{'key': 'Colour', 'value': 'Midnight Black'}]",,,https://www.amazon.in/product-reviews/B0CVQ75VM2?pageNumber=5&filterByStar=all_stars&sortBy=helpful&formatType=all_formats&asin=B0CVQ75VM2&reftag=cm_cr_arp_d_paging_btm_next_5&scope=reviewsAjax0,allStars,,B0CVQ75VM2,B0CVQ75VM2,B0CVQ75VM2,"{'price': None, 'listPrice': None}",https://www.amazon.in//boAt-Bluetooth-Speaker-Playtime-Midnight/dp/B0CVQ75VM2/ref=zg_bs_g_1389365031_d_sccl_19/261-0975833-5917763?psc=1,India,
Reviewed in India on 29 December 2024,amzn1.account.AHZFBGSH67S3Q6374HYSANHOGU2A,https://www.amazon.in/gp/profile/amzn1.account.AHZFBGSH67S3Q6374HYSANHOGU2A/ref=cm_cr_othr_d_gw_tr?ie=UTF8,2,BASS IS NOT GOOD,R1MYOXSK0RWLDL,https://www.amazon.in/gp/customer-reviews/R1MYOXSK0RWLDL/ref=cm_cr_othr_d_rvw_ttl?ie=UTF8&ASIN=B0CVQ75VM2,,Bass is very week. Size is perfect but sound is low.,True,False,[],2024-12-29,40,Colour: Midnight Black,"[{'key': 'Colour', 'value': 'Midnight Black'}]",,,https://www.amazon.in/product-reviews/B0CVQ75VM2?pageNumber=5&filterByStar=all_stars&sortBy=helpful&formatType=all_formats&asin=B0CVQ75VM2&reftag=cm_cr_arp_d_paging_btm_next_5&scope=reviewsAjax0,allStars,,B0CVQ75VM2,B0CVQ75VM2,B0CVQ75VM2,"{'price': None, 'listPrice': None}",https://www.amazon.in//boAt-Bluetooth-Speaker-Playtime-Midnight/dp/B0CVQ75VM2/ref=zg_bs_g_1389365031_d_sccl_19/261-0975833-5917763?psc=1,India,
Reviewed in India on 28 January 2025,amzn1.account.AFUIZBNFT66RGILBKYD3XXWHW57Q,https://www.amazon.in/gp/profile/amzn1.account.AFUIZBNFT66RGILBKYD3XXWHW57Q/ref=cm_cr_othr_d_gw_tr?ie=UTF8,4,Nice Speaker,R2PHJCCDYB5KK0,https://www.amazon.in/gp/customer-reviews/R2PHJCCDYB5KK0/ref=cm_cr_othr_d_rvw_ttl?ie=UTF8&ASIN=B0CVQ75VM2,,"Sound Quality is typically boAt style, if you want than buy it",True,False,[],2025-01-28,9,Colour: Midnight Black,"[{'key': 'Colour', 'value': 'Midnight Black'}]",,,https://www.amazon.in/product-reviews/B0CVQ75VM2?pageNumber=2&filterByStar=all_stars&sortBy=helpful&formatType=all_formats&asin=B0CVQ75VM2&reftag=cm_cr_arp_d_paging_btm_next_2&scope=reviewsAjax0,allStars,,B0CVQ75VM2,B0CVQ75VM2,B0CVQ75VM2,"{'price': None, 'listPrice': None}",https://www.amazon.in//boAt-Bluetooth-Speaker-Playtime-Midnight/dp/B0CVQ75VM2/ref=zg_bs_g_1389365031_d_sccl_19/261-0975833-5917763?psc=1,India,
Reviewed in India on 15 January 2025,amzn1.account.AEUFURLULLCNS3KP53A4N4D3L3QA,https://www.amazon.in/gp/profile/amzn1.account.AEUFURLULLCNS3KP53A4N4D3L3QA/ref=cm_cr_othr_d_gw_tr?ie=UTF8,4,Value for money,RQFJPUD7JWJJO,https://www.amazon.in/gp/customer-reviews/RQFJPUD7JWJJO/ref=cm_cr_othr_d_rvw_ttl?ie=UTF8&ASIN=B0CVQ75VM2,,Good quality sound and decent bass,True,False,[],2025-01-15,10,Colour: Midnight Black,"[{'key': 'Colour', 'value': 'Midnight Black'}]",,,https://www.amazon.in/product-reviews/B0CVQ75VM2?pageNumber=2&filterByStar=all_stars&sortBy=helpful&formatType=all_formats&asin=B0CVQ75VM2&reftag=cm_cr_arp_d_paging_btm_next_2&scope=reviewsAjax0,allStars,,B0CVQ75VM2,B0CVQ75VM2,B0CVQ75VM2,"{'price': None, 'listPrice': None}",https://www.amazon.in//boAt-Bluetooth-Speaker-Playtime-Midnight/dp/B0CVQ75VM2/ref=zg_bs_g_1389365031_d_sccl_19/261-0975833-5917763?psc=1,India,
Reviewed in India on 30 December 2024,amzn1.account.AFNUWOAWIHGIYKPN6ZHHFRDVEUAQ,https://www.amazon.in/gp/profile/amzn1.account.AFNUWOAWIHGIYKPN6ZHHFRDVEUAQ/ref=cm_cr_othr_d_gw_tr?ie=UTF8,4,"Good Product, Package looks used",R35AV084DU51IP,https://www.amazon.in/gp/customer-reviews/R35AV084DU51IP/ref=cm_cr_othr_d_rvw_ttl?ie=UTF8&ASIN=B0CVQ75VM2,4 people found this helpful,"The media could not be loaded.
                
            
                
            
            
        
    
    








  
  
     Product is fine. Good speaker for normal use. Don’t expect too much. Package was provided as in a used condition with lots of scratches and damage on the box.",True,False,"['https://m.media-amazon.com/images/I/718H5WqJNkL._SY88.jpg', 'https://m.media-amazon.com/images/I/81MAcKZV+TL._SY88.jpg']",2024-12-30,11,Colour: Tropical Blue,"[{'key': 'Colour', 'value': 'Tropical Blue'}]",,,https://www.amazon.in/product-reviews/B0CVQ75VM2?pageNumber=2&filterByStar=all_stars&sortBy=helpful&formatType=all_formats&asin=B0CVQ75VM2&reftag=cm_cr_arp_d_paging_btm_next_2&scope=reviewsAjax0,allStars,,B0CVQ75VM2,B0CVQ75VM2,B0CVQ75VM2,"{'price': None, 'listPrice': None}",https://www.amazon.in//boAt-Bluetooth-Speaker-Playtime-Midnight/dp/B0CVQ75VM2/ref=zg_bs_g_1389365031_d_sccl_19/261-0975833-5917763?psc=1,India,
Reviewed in India on 7 December 2024,amzn1.account.AGQ2U4NHZJWS5E6JCPVLR5L6WURA,https://www.amazon.in/gp/profile/amzn1.account.AGQ2U4NHZJWS5E6JCPVLR5L6WURA/ref=cm_cr_othr_d_gw_tr?ie=UTF8,4,Spinxpro,RQ7QM8TDALCED,https://www.amazon.in/gp/customer-reviews/RQ7QM8TDALCED/ref=cm_cr_othr_d_rvw_ttl?ie=UTF8&ASIN=B0CVQ75VM2,One person found this helpful,sound quality was excellent and the battery is OUTSTANDING,True,False,['https://m.media-amazon.com/images/I/61kI3biY6WL._SY88.jpg'],2024-12-07,12,Colour: Midnight Black,"[{'key': 'Colour', 'value': 'Midnight Black'}]",,,https://www.amazon.in/product-reviews/B0CVQ75VM2?pageNumber=2&filterByStar=all_stars&sortBy=helpful&formatType=all_formats&asin=B0CVQ75VM2&reftag=cm_cr_arp_d_paging_btm_next_2&scope=reviewsAjax0,allStars,,B0CVQ75VM2,B0CVQ75VM2,B0CVQ75VM2,"{'price': None, 'listPrice': None}",https://www.amazon.in//boAt-Bluetooth-Speaker-Playtime-Midnight/dp/B0CVQ75VM2/ref=zg_bs_g_1389365031_d_sccl_19/261-0975833-5917763?psc=1,India,
Reviewed in India on 15 December 2024,amzn1.account.AFFVWIOBRPHUBYCD3IOUNADHPGNA,https://www.amazon.in/gp/profile/amzn1.account.AFFVWIOBRPHUBYCD3IOUNADHPGNA/ref=cm_cr_othr_d_gw_tr?ie=UTF8,4,Sound ok but bass kam h,R332RADINOL5S3,https://www.amazon.in/gp/customer-reviews/R332RADINOL5S3/ref=cm_cr_othr_d_rvw_ttl?ie=UTF8&ASIN=B0CVQ75VM2,,The media could not be loaded.,True,False,[],2024-12-15,13,Colour: Midnight Black,"[{'key': 'Colour', 'value': 'Midnight Black'}]",,,https://www.amazon.in/product-reviews/B0CVQ75VM2?pageNumber=2&filterByStar=all_stars&sortBy=helpful&formatType=all_formats&asin=B0CVQ75VM2&reftag=cm_cr_arp_d_paging_btm_next_2&scope=reviewsAjax0,allStars,,B0CVQ75VM2,B0CVQ75VM2,B0CVQ75VM2,"{'price': None, 'listPrice': None}",https://www.amazon.in//boAt-Bluetooth-Speaker-Playtime-Midnight/dp/B0CVQ75VM2/ref=zg_bs_g_1389365031_d_sccl_19/261-0975833-5917763?psc=1,India,
Reviewed in India on 29 November 2024,amzn1.account.AHK4JCSCNZYAY5JU6CZ6WEDTWUSQ,https://www.amazon.in/gp/profile/amzn1.account.AHK4JCSCNZYAY5JU6CZ6WEDTWUSQ/ref=cm_cr_othr_d_gw_tr?ie=UTF8,3,Boat speaker,R3QQGEXCJ3UUQ9,https://www.amazon.in/gp/customer-reviews/R3QQGEXCJ3UUQ9/ref=cm_cr_othr_d_rvw_ttl?ie=UTF8&ASIN=B0CVQ75VM2,One person found this helpful,Battery issue think so I have reviced a refurnished device as think layer of plastik Packing was not there Boats big scam they don't send new product online they send refurnished with new Packing boxNow I am facing battery issue within 7 days,True,False,[],2024-11-29,14,Colour: Midnight Black,"[{'key': 'Colour', 'value': 'Midnight Black'}]",,,https://www.amazon.in/product-reviews/B0CVQ75VM2?pageNumber=2&filterByStar=all_stars&sortBy=helpful&formatType=all_formats&asin=B0CVQ75VM2&reftag=cm_cr_arp_d_paging_btm_next_2&scope=reviewsAjax0,allStars,,B0CVQ75VM2,B0CVQ75VM2,B0CVQ75VM2,"{'price': None, 'listPrice': None}",https://www.amazon.in//boAt-Bluetooth-Speaker-Playtime-Midnight/dp/B0CVQ75VM2/ref=zg_bs_g_1389365031_d_sccl_19/261-0975833-5917763?psc=1,India,
Reviewed in India on 9 November 2024,amzn1.account.AHCEBVTYIQKTBNTHQWAWNU6B4E6Q,https://www.amazon.in/gp/profile/amzn1.account.AHCEBVTYIQKTBNTHQWAWNU6B4E6Q/ref=cm_cr_othr_d_gw_tr?ie=UTF8,4,Quality,R33SXSRR3LYD6U,https://www.amazon.in/gp/customer-reviews/R33SXSRR3LYD6U/ref=cm_cr_othr_d_rvw_ttl?ie=UTF8&ASIN=B0CVQ75VM2,,,True,False,['https://m.media-amazon.com/images/I/81kbsiq-INL._SY88.jpg'],2024-11-09,15,Colour: Midnight Black,"[{'key': 'Colour', 'value': 'Midnight Black'}]",,,https://www.amazon.in/product-reviews/B0CVQ75VM2?pageNumber=2&filterByStar=all_stars&sortBy=helpful&formatType=all_formats&asin=B0CVQ75VM2&reftag=cm_cr_arp_d_paging_btm_next_2&scope=reviewsAjax0,allStars,,B0CVQ75VM2,B0CVQ75VM2,B0CVQ75VM2,"{'price': None, 'listPrice': None}",https://www.amazon.in//boAt-Bluetooth-Speaker-Playtime-Midnight/dp/B0CVQ75VM2/ref=zg_bs_g_1389365031_d_sccl_19/261-0975833-5917763?psc=1,India,
Reviewed in India on 25 January 2025,amzn1.account.AGC2D35BZEUHNAEXAE6V7TFOAUWQ,https://www.amazon.in/gp/profile/amzn1.account.AGC2D35BZEUHNAEXAE6V7TFOAUWQ/ref=cm_cr_othr_d_gw_tr?ie=UTF8,5,हमें दूसरा प्रोडक्ट चाहिए इसे बदल कर,R36FLB8V2D459O,https://www.amazon.in/gp/customer-reviews/R36FLB8V2D459O/ref=cm_cr_othr_d_rvw_ttl?ie=UTF8&ASIN=B0CVQ75VM2,,हमें दूसरा प्रोडक्ट चाहिए,True,False,['https://m.media-amazon.com/images/I/81rIKiOzKmL._SY88.jpg'],2025-01-25,16,Colour: Tropical Blue,"[{'key': 'Colour', 'value': 'Tropical Blue'}]",,,https://www.amazon.in/product-reviews/B0CVQ75VM2?pageNumber=2&filterByStar=all_stars&sortBy=helpful&formatType=all_formats&asin=B0CVQ75VM2&reftag=cm_cr_arp_d_paging_btm_next_2&scope=reviewsAjax0,allStars,,B0CVQ75VM2,B0CVQ75VM2,B0CVQ75VM2,"{'price': None, 'listPrice': None}",https://www.amazon.in//boAt-Bluetooth-Speaker-Playtime-Midnight/dp/B0CVQ75VM2/ref=zg_bs_g_1389365031_d_sccl_19/261-0975833-5917763?psc=1,India,
Reviewed in India on 26 January 2025,amzn1.account.AHMHZP4DZ2VJHEBUYGOJKW2ITIYQ,https://www.amazon.in/gp/profile/amzn1.account.AHMHZP4DZ2VJHEBUYGOJKW2ITIYQ/ref=cm_cr_othr_d_gw_tr?ie=UTF8,1,Audio quality is very poor,RBNUKOOT0TJ8N,https://www.amazon.in/gp/customer-reviews/RBNUKOOT0TJ8N/ref=cm_cr_othr_d_rvw_ttl?ie=UTF8&ASIN=B0CVQ75VM2,,"The media could not be loaded.
                
            
                
            
            
        
    
    








  
  
     Tha audio quality is very poor . Bass response very weak.Quality doesn't meet upto the price level. Waste of money.Overall it is a clear cheating by no return option.",True,False,[],2025-01-26,57,Colour: Midnight Black,"[{'key': 'Colour', 'value': 'Midnight Black'}]",,,https://www.amazon.in/product-reviews/B0CVQ75VM2?pageNumber=8&filterByStar=all_stars&sortBy=helpful&formatType=all_formats&asin=B0CVQ75VM2&reftag=cm_cr_arp_d_paging_btm_next_8&scope=reviewsAjax0,allStars,,B0CVQ75VM2,B0CVQ75VM2,B0CVQ75VM2,"{'price': None, 'listPrice': None}",https://www.amazon.in//boAt-Bluetooth-Speaker-Playtime-Midnight/dp/B0CVQ75VM2/ref=zg_bs_g_1389365031_d_sccl_19/261-0975833-5917763?psc=1,India,
Reviewed in India on 26 January 2025,amzn1.account.AFYKQ3JETULSXUL2CEC5WKNAO2ZQ,https://www.amazon.in/gp/profile/amzn1.account.AFYKQ3JETULSXUL2CEC5WKNAO2ZQ/ref=cm_cr_othr_d_gw_tr?ie=UTF8,1,Refund,R2A0VM7VK22ZVP,https://www.amazon.in/gp/customer-reviews/R2A0VM7VK22ZVP/ref=cm_cr_othr_d_rvw_ttl?ie=UTF8&ASIN=B0CVQ75VM2,,"Don't buy this product , no proper connection lots of issues",True,False,[],2025-01-26,58,Colour: Tropical Blue,"[{'key': 'Colour', 'value': 'Tropical Blue'}]",,,https://www.amazon.in/product-reviews/B0CVQ75VM2?pageNumber=8&filterByStar=all_stars&sortBy=helpful&formatType=all_formats&asin=B0CVQ75VM2&reftag=cm_cr_arp_d_paging_btm_next_8&scope=reviewsAjax0,allStars,,B0CVQ75VM2,B0CVQ75VM2,B0CVQ75VM2,"{'price': None, 'listPrice': None}",https://www.amazon.in//boAt-Bluetooth-Speaker-Playtime-Midnight/dp/B0CVQ75VM2/ref=zg_bs_g_1389365031_d_sccl_19/261-0975833-5917763?psc=1,India,
Reviewed in India on 10 June 2024,amzn1.account.AGRGNWCGG6R76SKJYLTL5BQVZ6FQ,https://www.amazon.in/gp/profile/amzn1.account.AGRGNWCGG6R76SKJYLTL5BQVZ6FQ/ref=cm_cr_othr_d_gw_tr?ie=UTF8,5,Decent speaker for the price,RYC1AMJ3C6FRW,https://www.amazon.in/gp/customer-reviews/RYC1AMJ3C6FRW/ref=cm_cr_othr_d_rvw_ttl?ie=UTF8&ASIN=B0CVQ75VM2,3 people found this helpful,"Boat Bluetooth Speaker - Great Value! (5 stars)I highly recommend this boat Bluetooth speaker! It's very affordable and offers a variety of connection options, including Bluetooth, AUX cable, SD card slot, and even FM radio. The sound quality is good for the price, making it a great choice for anyone looking for a portable speaker without breaking the bank.",True,False,[],2024-06-10,59,Colour: Tropical Blue,"[{'key': 'Colour', 'value': 'Tropical Blue'}]",,,https://www.amazon.in/product-reviews/B0CVQ75VM2?pageNumber=8&filterByStar=all_stars&sortBy=helpful&formatType=all_formats&asin=B0CVQ75VM2&reftag=cm_cr_arp_d_paging_btm_next_8&scope=reviewsAjax0,allStars,,B0CVQ75VM2,B0CVQ75VM2,B0CVQ75VM2,"{'price': None, 'listPrice': None}",https://www.amazon.in//boAt-Bluetooth-Speaker-Playtime-Midnight/dp/B0CVQ75VM2/ref=zg_bs_g_1389365031_d_sccl_19/261-0975833-5917763?psc=1,India,
Reviewed in India on 7 January 2025,amzn1.account.AG74TDB7OY2IV36CF2CWA4SBA4LA,https://www.amazon.in/gp/profile/amzn1.account.AG74TDB7OY2IV36CF2CWA4SBA4LA/ref=cm_cr_othr_d_gw_tr?ie=UTF8,1,Sound quality is worst,R2DYBG4RKZKVXY,https://www.amazon.in/gp/customer-reviews/R2DYBG4RKZKVXY/ref=cm_cr_othr_d_rvw_ttl?ie=UTF8&ASIN=B0CVQ75VM2,,It sounds totally flat no bass. Sounds quality is very poor. Don't buy this product,True,False,[],2025-01-07,60,Colour: Midnight Black,"[{'key': 'Colour', 'value': 'Midnight Black'}]",,,https://www.amazon.in/product-reviews/B0CVQ75VM2?pageNumber=8&filterByStar=all_stars&sortBy=helpful&formatType=all_formats&asin=B0CVQ75VM2&reftag=cm_cr_arp_d_paging_btm_next_8&scope=reviewsAjax0,allStars,,B0CVQ75VM2,B0CVQ75VM2,B0CVQ75VM2,"{'price': None, 'listPrice': None}",https://www.amazon.in//boAt-Bluetooth-Speaker-Playtime-Midnight/dp/B0CVQ75VM2/ref=zg_bs_g_1389365031_d_sccl_19/261-0975833-5917763?psc=1,India,
Reviewed in India on 5 December 2024,amzn1.account.AERBQAR27SMGUHBATS2IFDLBPGNA,https://www.amazon.in/gp/profile/amzn1.account.AERBQAR27SMGUHBATS2IFDLBPGNA/ref=cm_cr_othr_d_gw_tr?ie=UTF8,1,BUILD QUALITY IS OK.,R997BCMBVES47,https://www.amazon.in/gp/customer-reviews/R997BCMBVES47/ref=cm_cr_othr_d_rvw_ttl?ie=UTF8&ASIN=B0CVQ75VM2,One person found this helpful,BASS -MID RANGE & TWEETER SOUND OF ALL 3  ARE NOT CLEAR. SOME DESTORTION IS THEIR.NOT VALUE FOR MONEY.SOUND IS NOT UP TO THE MARK.KINDLY CANCEL THIS DEVICE.I WILL ORDER FOR JBL HIGHER END.DR H.A.ILKAL.,True,False,"['https://m.media-amazon.com/images/I/71T2UiJbKDL._SY88.jpg', 'https://m.media-amazon.com/images/I/71eV55t5b5L._SY88.jpg']",2024-12-05,61,Colour: Midnight Black,"[{'key': 'Colour', 'value': 'Midnight Black'}]",,,https://www.amazon.in/product-reviews/B0CVQ75VM2?pageNumber=8&filterByStar=all_stars&sortBy=helpful&formatType=all_formats&asin=B0CVQ75VM2&reftag=cm_cr_arp_d_paging_btm_next_8&scope=reviewsAjax0,allStars,,B0CVQ75VM2,B0CVQ75VM2,B0CVQ75VM2,"{'price': None, 'listPrice': None}",https://www.amazon.in//boAt-Bluetooth-Speaker-Playtime-Midnight/dp/B0CVQ75VM2/ref=zg_bs_g_1389365031_d_sccl_19/261-0975833-5917763?psc=1,India,
Reviewed in India on 12 January 2025,amzn1.account.AFX5RCUVPD6FP3Q4APCN237OFF6Q,https://www.amazon.in/gp/profile/amzn1.account.AFX5RCUVPD6FP3Q4APCN237OFF6Q/ref=cm_cr_othr_d_gw_tr?ie=UTF8,1,Very very bad product low quality,R39PIN65T0TNQM,https://www.amazon.in/gp/customer-reviews/R39PIN65T0TNQM/ref=cm_cr_othr_d_rvw_ttl?ie=UTF8&ASIN=B0CVQ75VM2,,Very bad product low quality sound.Don’t buy.  Really pathetic,True,False,[],2025-01-12,62,Colour: Midnight Black,"[{'key': 'Colour', 'value': 'Midnight Black'}]",,,https://www.amazon.in/product-reviews/B0CVQ75VM2?pageNumber=8&filterByStar=all_stars&sortBy=helpful&formatType=all_formats&asin=B0CVQ75VM2&reftag=cm_cr_arp_d_paging_btm_next_8&scope=reviewsAjax0,allStars,,B0CVQ75VM2,B0CVQ75VM2,B0CVQ75VM2,"{'price': None, 'listPrice': None}",https://www.amazon.in//boAt-Bluetooth-Speaker-Playtime-Midnight/dp/B0CVQ75VM2/ref=zg_bs_g_1389365031_d_sccl_19/261-0975833-5917763?psc=1,India,
Reviewed in India on 27 December 2024,amzn1.account.AFLO6B4VBLOZMPWRFFOBGXOLLW6A,https://www.amazon.in/gp/profile/amzn1.account.AFLO6B4VBLOZMPWRFFOBGXOLLW6A/ref=cm_cr_othr_d_gw_tr?ie=UTF8,1,Total waste of money not good sound,R1I0XRO9MSJAYA,https://www.amazon.in/gp/customer-reviews/R1I0XRO9MSJAYA/ref=cm_cr_othr_d_rvw_ttl?ie=UTF8&ASIN=B0CVQ75VM2,One person found this helpful,No bass and no treble. Totally useless speaker. Won't give you feel of a speaker.Selling typical chinese speaker.,True,False,[],2024-12-27,63,Colour: Midnight Black,"[{'key': 'Colour', 'value': 'Midnight Black'}]",,,https://www.amazon.in/product-reviews/B0CVQ75VM2?pageNumber=8&filterByStar=all_stars&sortBy=helpful&formatType=all_formats&asin=B0CVQ75VM2&reftag=cm_cr_arp_d_paging_btm_next_8&scope=reviewsAjax0,allStars,,B0CVQ75VM2,B0CVQ75VM2,B0CVQ75VM2,"{'price': None, 'listPrice': None}",https://www.amazon.in//boAt-Bluetooth-Speaker-Playtime-Midnight/dp/B0CVQ75VM2/ref=zg_bs_g_1389365031_d_sccl_19/261-0975833-5917763?psc=1,India,
Reviewed in India on 25 April 2024,amzn1.account.AGDTIJXPEZLWFMYEBVXBX5F5WN6Q,https://www.amazon.in/gp/profile/amzn1.account.AGDTIJXPEZLWFMYEBVXBX5F5WN6Q/ref=cm_cr_othr_d_gw_tr?ie=UTF8,5,Awesome Speaker!! VFM,R1NYWBRTBKKMMZ,https://www.amazon.in/gp/customer-reviews/R1NYWBRTBKKMMZ/ref=cm_cr_othr_d_rvw_ttl?ie=UTF8&ASIN=B0CVQ75VM2,2 people found this helpful,"The Sound quality is splendid with no distortion even at hugh volumes. It is very easy to carry and has a very urgonomic  design. The battery life is decent (Could be better). The LEDs look really good especially in low backround light. Overall, it is a really good speaker at this price range, especially for indoors.",True,False,[],2024-04-25,64,Colour: Midnight Black,"[{'key': 'Colour', 'value': 'Midnight Black'}]",,,https://www.amazon.in/product-reviews/B0CVQ75VM2?pageNumber=8&filterByStar=all_stars&sortBy=helpful&formatType=all_formats&asin=B0CVQ75VM2&reftag=cm_cr_arp_d_paging_btm_next_8&scope=reviewsAjax0,allStars,,B0CVQ75VM2,B0CVQ75VM2,B0CVQ75VM2,"{'price': None, 'listPrice': None}",https://www.amazon.in//boAt-Bluetooth-Speaker-Playtime-Midnight/dp/B0CVQ75VM2/ref=zg_bs_g_1389365031_d_sccl_19/261-0975833-5917763?psc=1,India,
Reviewed in India on 8 September 2024,amzn1.account.AG37S7MVFBKZVEN2FWPQRFQKQSJQ,https://www.amazon.in/gp/profile/amzn1.account.AG37S7MVFBKZVEN2FWPQRFQKQSJQ/ref=cm_cr_othr_d_gw_tr?ie=UTF8,5,Good product,R3VWYMMI0E6VOJ,https://www.amazon.in/gp/customer-reviews/R3VWYMMI0E6VOJ/ref=cm_cr_othr_d_rvw_ttl?ie=UTF8&ASIN=B0CVQ75VM2,3 people found this helpful,Sound quality is good. Liked the performance.,True,False,[],2024-09-08,73,Colour: Tropical Blue,"[{'key': 'Colour', 'value': 'Tropical Blue'}]",,,https://www.amazon.in/product-reviews/B0CVQ75VM2?pageNumber=10&filterByStar=all_stars&sortBy=helpful&formatType=all_formats&asin=B0CVQ75VM2&reftag=cm_cr_arp_d_paging_btm_next_10&scope=reviewsAjax0,allStars,,B0CVQ75VM2,B0CVQ75VM2,B0CVQ75VM2,"{'price': None, 'listPrice': None}",https://www.amazon.in//boAt-Bluetooth-Speaker-Playtime-Midnight/dp/B0CVQ75VM2/ref=zg_bs_g_1389365031_d_sccl_19/261-0975833-5917763?psc=1,India,
Reviewed in India on 10 August 2024,amzn1.account.AGJE5KEXVS7UDN5X74FYWOQKOU6A,https://www.amazon.in/gp/profile/amzn1.account.AGJE5KEXVS7UDN5X74FYWOQKOU6A/ref=cm_cr_othr_d_gw_tr?ie=UTF8,2,Not worth it.,R37OF3P272XXBX,https://www.amazon.in/gp/customer-reviews/R37OF3P272XXBX/ref=cm_cr_othr_d_rvw_ttl?ie=UTF8&ASIN=B0CVQ75VM2,,Not worth it. Build quality is not so good. Returned the item,True,False,[],2024-08-10,74,Colour: Tropical Blue,"[{'key': 'Colour', 'value': 'Tropical Blue'}]",,,https://www.amazon.in/product-reviews/B0CVQ75VM2?pageNumber=10&filterByStar=all_stars&sortBy=helpful&formatType=all_formats&asin=B0CVQ75VM2&reftag=cm_cr_arp_d_paging_btm_next_10&scope=reviewsAjax0,allStars,,B0CVQ75VM2,B0CVQ75VM2,B0CVQ75VM2,"{'price': None, 'listPrice': None}",https://www.amazon.in//boAt-Bluetooth-Speaker-Playtime-Midnight/dp/B0CVQ75VM2/ref=zg_bs_g_1389365031_d_sccl_19/261-0975833-5917763?psc=1,India,
Reviewed in India on 2 January 2025,amzn1.account.AERIUI75RMLMGNE3KZJSDFQMEVCA,https://www.amazon.in/gp/profile/amzn1.account.AERIUI75RMLMGNE3KZJSDFQMEVCA/ref=cm_cr_othr_d_gw_tr?ie=UTF8,1,Bass,R2HY1F0T27VPBQ,https://www.amazon.in/gp/customer-reviews/R2HY1F0T27VPBQ/ref=cm_cr_othr_d_rvw_ttl?ie=UTF8&ASIN=B0CVQ75VM2,,Worst bass..,True,False,[],2025-01-02,75,Colour: Midnight Black,"[{'key': 'Colour', 'value': 'Midnight Black'}]",,,https://www.amazon.in/product-reviews/B0CVQ75VM2?pageNumber=10&filterByStar=all_stars&sortBy=helpful&formatType=all_formats&asin=B0CVQ75VM2&reftag=cm_cr_arp_d_paging_btm_next_10&scope=reviewsAjax0,allStars,,B0CVQ75VM2,B0CVQ75VM2,B0CVQ75VM2,"{'price': None, 'listPrice': None}",https://www.amazon.in//boAt-Bluetooth-Speaker-Playtime-Midnight/dp/B0CVQ75VM2/ref=zg_bs_g_1389365031_d_sccl_19/261-0975833-5917763?psc=1,India,
Reviewed in India on 13 December 2024,amzn1.account.AEDSBBW5KVPGKXYIJXLFLNLVMWPQ,https://www.amazon.in/gp/profile/amzn1.account.AEDSBBW5KVPGKXYIJXLFLNLVMWPQ/ref=cm_cr_othr_d_gw_tr?ie=UTF8,1,Bekkar product or sound bhi bahut kam,RT5Q8IA50JJQM,https://www.amazon.in/gp/customer-reviews/RT5Q8IA50JJQM/ref=cm_cr_othr_d_rvw_ttl?ie=UTF8&ASIN=B0CVQ75VM2,,Ye product bahut hi kharab or sound less hai,True,False,[],2024-12-13,76,Colour: Midnight Black,"[{'key': 'Colour', 'value': 'Midnight Black'}]",,,https://www.amazon.in/product-reviews/B0CVQ75VM2?pageNumber=10&filterByStar=all_stars&sortBy=helpful&formatType=all_formats&asin=B0CVQ75VM2&reftag=cm_cr_arp_d_paging_btm_next_10&scope=reviewsAjax0,allStars,,B0CVQ75VM2,B0CVQ75VM2,B0CVQ75VM2,"{'price': None, 'listPrice': None}",https://www.amazon.in//boAt-Bluetooth-Speaker-Playtime-Midnight/dp/B0CVQ75VM2/ref=zg_bs_g_1389365031_d_sccl_19/261-0975833-5917763?psc=1,India,
Reviewed in India on 19 December 2024,amzn1.account.AEPZF7FUSC6NRIRYFQTXD2LCVMIQ,https://www.amazon.in/gp/profile/amzn1.account.AEPZF7FUSC6NRIRYFQTXD2LCVMIQ/ref=cm_cr_othr_d_gw_tr?ie=UTF8,1,.,R2PDSAFS68L6RQ,https://www.amazon.in/gp/customer-reviews/R2PDSAFS68L6RQ/ref=cm_cr_othr_d_rvw_ttl?ie=UTF8&ASIN=B0CVQ75VM2,,Waste of money,True,False,[],2024-12-19,77,Colour: Midnight Black,"[{'key': 'Colour', 'value': 'Midnight Black'}]",,,https://www.amazon.in/product-reviews/B0CVQ75VM2?pageNumber=10&filterByStar=all_stars&sortBy=helpful&formatType=all_formats&asin=B0CVQ75VM2&reftag=cm_cr_arp_d_paging_btm_next_10&scope=reviewsAjax0,allStars,,B0CVQ75VM2,B0CVQ75VM2,B0CVQ75VM2,"{'price': None, 'listPrice': None}",https://www.amazon.in//boAt-Bluetooth-Speaker-Playtime-Midnight/dp/B0CVQ75VM2/ref=zg_bs_g_1389365031_d_sccl_19/261-0975833-5917763?psc=1,India,
Reviewed in India on 31 July 2024,amzn1.account.AGSCUIOQBHURGZLHP2TW7IPCFJXA,https://www.amazon.in/gp/profile/amzn1.account.AGSCUIOQBHURGZLHP2TW7IPCFJXA/ref=cm_cr_othr_d_gw_tr?ie=UTF8,5,Good,R3FBGGHS8I2MU0,https://www.amazon.in/gp/customer-reviews/R3FBGGHS8I2MU0/ref=cm_cr_othr_d_rvw_ttl?ie=UTF8&ASIN=B0CVQ75VM2,,Wow,True,False,[],2024-07-31,78,Colour: Midnight Black,"[{'key': 'Colour', 'value': 'Midnight Black'}]",,,https://www.amazon.in/product-reviews/B0CVQ75VM2?pageNumber=10&filterByStar=all_stars&sortBy=helpful&formatType=all_formats&asin=B0CVQ75VM2&reftag=cm_cr_arp_d_paging_btm_next_10&scope=reviewsAjax0,allStars,,B0CVQ75VM2,B0CVQ75VM2,B0CVQ75VM2,"{'price': None, 'listPrice': None}",https://www.amazon.in//boAt-Bluetooth-Speaker-Playtime-Midnight/dp/B0CVQ75VM2/ref=zg_bs_g_1389365031_d_sccl_19/261-0975833-5917763?psc=1,India,
Reviewed in India on 18 November 2024,amzn1.account.AGGTGXP7OMXYHZD6K4UTLE6QIMOQ,https://www.amazon.in/gp/profile/amzn1.account.AGGTGXP7OMXYHZD6K4UTLE6QIMOQ/ref=cm_cr_othr_d_gw_tr?ie=UTF8,1,Battery backup is very low,R75FKK9JVZL0Q,https://www.amazon.in/gp/customer-reviews/R75FKK9JVZL0Q/ref=cm_cr_othr_d_rvw_ttl?ie=UTF8&ASIN=B0CVQ75VM2,,Battery backup is very low it's consumed 50% of battery for 10min of play,True,False,[],2024-11-18,79,Colour: Midnight Black,"[{'key': 'Colour', 'value': 'Midnight Black'}]",,,https://www.amazon.in/product-reviews/B0CVQ75VM2?pageNumber=10&filterByStar=all_stars&sortBy=helpful&formatType=all_formats&asin=B0CVQ75VM2&reftag=cm_cr_arp_d_paging_btm_next_10&scope=reviewsAjax0,allStars,,B0CVQ75VM2,B0CVQ75VM2,B0CVQ75VM2,"{'price': None, 'listPrice': None}",https://www.amazon.in//boAt-Bluetooth-Speaker-Playtime-Midnight/dp/B0CVQ75VM2/ref=zg_bs_g_1389365031_d_sccl_19/261-0975833-5917763?psc=1,India,
Reviewed in India on 3 May 2024,amzn1.account.AHLI4P7RQROMGIVYVZPPD2CWINGA,https://www.amazon.in/gp/profile/amzn1.account.AHLI4P7RQROMGIVYVZPPD2CWINGA/ref=cm_cr_othr_d_gw_tr?ie=UTF8,5,Value for money,R3CSKV4AI8UBJB,https://www.amazon.in/gp/customer-reviews/R3CSKV4AI8UBJB/ref=cm_cr_othr_d_rvw_ttl?ie=UTF8&ASIN=B0CVQ75VM2,8 people found this helpful,"The media could not be loaded.
                
            
                
            
            
        
    
    








  
  
     Good bass. Smooth sound. Elegant design. LED lights are a pleasing feature. Loved it!😊 Got it at a deal price of 3500/- for which this is very good!",True,False,[],2024-05-03,80,Colour: Midnight Black,"[{'key': 'Colour', 'value': 'Midnight Black'}]",,,https://www.amazon.in/product-reviews/B0CVQ75VM2?pageNumber=10&filterByStar=all_stars&sortBy=helpful&formatType=all_formats&asin=B0CVQ75VM2&reftag=cm_cr_arp_d_paging_btm_next_10&scope=reviewsAjax0,allStars,,B0CVQ75VM2,B0CVQ75VM2,B0CVQ75VM2,"{'price': None, 'listPrice': None}",https://www.amazon.in//boAt-Bluetooth-Speaker-Playtime-Midnight/dp/B0CVQ75VM2/ref=zg_bs_g_1389365031_d_sccl_19/261-0975833-5917763?psc=1,India,
