reviewedIn,userId,userProfileLink,ratingScore,reviewTitle,reviewId,reviewUrl,reviewReaction,reviewDescription,isVerified,isAmazonVine,reviewImages,date,position,variant,variantAttributes,totalCategoryRatings,totalCategoryReviews,reviewCategoryUrl,filterByRating,filterByKeyword,productAsin,productOriginalAsin,variantAsin,product,input,country,countryCode
Reviewed in India on 28 December 2024,amzn1.account.AFXBQ4UW4TALXR7MEGMGLLN4O2WA,https://www.amazon.in/gp/profile/amzn1.account.AFXBQ4UW4TALXR7MEGMGLLN4O2WA/ref=cm_cr_othr_d_gw_tr?ie=UTF8,5,Worth it!,R2TXPCTC4KRRG8,https://www.amazon.in/gp/customer-reviews/R2TXPCTC4KRRG8/ref=cm_cr_othr_d_rvw_ttl?ie=UTF8&ASIN=B0DH8CDH9J,One person found this helpful,"I'm thoroughly impressed with the boAt Stone 193 Pro Bluetooth speaker, which delivers crystal-clear sound with its 5W signature sound output and has an impressive battery life of up to 12 hours. The speaker's sleek design and tropical blue color are eye-catching, and its feature-rich specifications, including TWS feature, built-in mic, Bluetooth v5.3, AUX port, TF card connectivity, and Type-C port, make it a versatile and convenient option. The IPX6 rating ensures protection against water and dust, making it perfect for outdoor use, and the build quality is solid and premium. Overall, I highly recommend the boAt Stone 193 Pro for its excellent sound quality, impressive battery life, and feature-rich specifications, making it an outstanding value for its price.",True,False,[],2024-12-28,1,Colour: Tropical Blue,"[{'key': 'Colour', 'value': 'Tropical Blue'}]",,,https://www.amazon.in/product-reviews/B0DH8CDH9J?pageNumber=1&filterByStar=all_stars&sortBy=helpful&formatType=all_formats&asin=B0DH8CDH9J&reftag=cm_cr_arp_d_paging_btm_next_1&scope=reviewsAjax0,allStars,,B0DH8CDH9J,B0DH8CDH9J,B0DH8CDH9J,"{'price': None, 'listPrice': None}",https://www.amazon.in//boAt-Stone-193-Pro-Signature/dp/B0DH8CDH9J/ref=zg_bs_g_1389365031_d_sccl_24/261-0975833-5917763?psc=1,India,
Reviewed in India on 27 December 2024,amzn1.account.AGJNBHJ5J2F7Q7QSWZTND5WGS73A,https://www.amazon.in/gp/profile/amzn1.account.AGJNBHJ5J2F7Q7QSWZTND5WGS73A/ref=cm_cr_othr_d_gw_tr?ie=UTF8,5,"Super .. usefull.. save money ,iam so happy",R3WW97SKWK5Q3,https://www.amazon.in/gp/customer-reviews/R3WW97SKWK5Q3/ref=cm_cr_othr_d_rvw_ttl?ie=UTF8&ASIN=B0DH8CDH9J,,Nice product.. sound quality is too good.Bass is great. Built quality is good.,True,False,[],2024-12-27,2,Colour: Raging Black,"[{'key': 'Colour', 'value': 'Raging Black'}]",,,https://www.amazon.in/product-reviews/B0DH8CDH9J?pageNumber=1&filterByStar=all_stars&sortBy=helpful&formatType=all_formats&asin=B0DH8CDH9J&reftag=cm_cr_arp_d_paging_btm_next_1&scope=reviewsAjax0,allStars,,B0DH8CDH9J,B0DH8CDH9J,B0DH8CDH9J,"{'price': None, 'listPrice': None}",https://www.amazon.in//boAt-Stone-193-Pro-Signature/dp/B0DH8CDH9J/ref=zg_bs_g_1389365031_d_sccl_24/261-0975833-5917763?psc=1,India,
Reviewed in India on 1 October 2024,amzn1.account.AFYQJTHCTX2HDTRXBFBX3MX5BMNQ,https://www.amazon.in/gp/profile/amzn1.account.AFYQJTHCTX2HDTRXBFBX3MX5BMNQ/ref=cm_cr_othr_d_gw_tr?ie=UTF8,4,"above average, value for money",RX1SLQKZ72NS4,https://www.amazon.in/gp/customer-reviews/RX1SLQKZ72NS4/ref=cm_cr_othr_d_rvw_ttl?ie=UTF8&ASIN=B0DH8CDH9J,4 people found this helpful,"The media could not be loaded.
                
            
                
            
            
        
    
    








  
  
     the sound was not balanced. I had to use an external equalizer to make it sound good else it sounded pretty bad fr. this was the case on PC. but while using on phone it wasn't that bad. idk why this difference is there. it has good bass and an average sharpness. overall for sound, I would give it 3/5battery backup is too good. i bought it 3 days ago, and I'm using it for like 6 hours a day for normal usage to attend online classes. and now the battery is in 50 %. I'm really impressed with its battery. Its so good 5/5its very lightweight and easy to hold so design wise 4/5",True,False,[],2024-10-01,3,Colour: Raging Black,"[{'key': 'Colour', 'value': 'Raging Black'}]",,,https://www.amazon.in/product-reviews/B0DH8CDH9J?pageNumber=1&filterByStar=all_stars&sortBy=helpful&formatType=all_formats&asin=B0DH8CDH9J&reftag=cm_cr_arp_d_paging_btm_next_1&scope=reviewsAjax0,allStars,,B0DH8CDH9J,B0DH8CDH9J,B0DH8CDH9J,"{'price': None, 'listPrice': None}",https://www.amazon.in//boAt-Stone-193-Pro-Signature/dp/B0DH8CDH9J/ref=zg_bs_g_1389365031_d_sccl_24/261-0975833-5917763?psc=1,India,
Reviewed in India on 6 January 2025,amzn1.account.AEA3BZHPBTJEL6XTVJMFKGA3VIJA,https://www.amazon.in/gp/profile/amzn1.account.AEA3BZHPBTJEL6XTVJMFKGA3VIJA/ref=cm_cr_othr_d_gw_tr?ie=UTF8,5,best in the line. really like it,R3LG83LIODU8L7,https://www.amazon.in/gp/customer-reviews/R3LG83LIODU8L7/ref=cm_cr_othr_d_rvw_ttl?ie=UTF8&ASIN=B0DH8CDH9J,One person found this helpful,This is a good buy.sound quality top notch.it's very good in this price l like it very much thank you boat for made this awesome speaker,True,False,[],2025-01-06,4,Colour: Raging Black,"[{'key': 'Colour', 'value': 'Raging Black'}]",,,https://www.amazon.in/product-reviews/B0DH8CDH9J?pageNumber=1&filterByStar=all_stars&sortBy=helpful&formatType=all_formats&asin=B0DH8CDH9J&reftag=cm_cr_arp_d_paging_btm_next_1&scope=reviewsAjax0,allStars,,B0DH8CDH9J,B0DH8CDH9J,B0DH8CDH9J,"{'price': None, 'listPrice': None}",https://www.amazon.in//boAt-Stone-193-Pro-Signature/dp/B0DH8CDH9J/ref=zg_bs_g_1389365031_d_sccl_24/261-0975833-5917763?psc=1,India,
Reviewed in India on 29 December 2024,amzn1.account.AGTHZXU7BTUZKMWJFHI4BTFJR2JA,https://www.amazon.in/gp/profile/amzn1.account.AGTHZXU7BTUZKMWJFHI4BTFJR2JA/ref=cm_cr_othr_d_gw_tr?ie=UTF8,5,A good one,R2JBPOF5SS6WWE,https://www.amazon.in/gp/customer-reviews/R2JBPOF5SS6WWE/ref=cm_cr_othr_d_rvw_ttl?ie=UTF8&ASIN=B0DH8CDH9J,,"Compact, easy to carry, and delivers excellent sound quality. Perfect for travel and durable too.i suggest for a traveler's",True,False,[],2024-12-29,5,Colour: Raging Black,"[{'key': 'Colour', 'value': 'Raging Black'}]",,,https://www.amazon.in/product-reviews/B0DH8CDH9J?pageNumber=1&filterByStar=all_stars&sortBy=helpful&formatType=all_formats&asin=B0DH8CDH9J&reftag=cm_cr_arp_d_paging_btm_next_1&scope=reviewsAjax0,allStars,,B0DH8CDH9J,B0DH8CDH9J,B0DH8CDH9J,"{'price': None, 'listPrice': None}",https://www.amazon.in//boAt-Stone-193-Pro-Signature/dp/B0DH8CDH9J/ref=zg_bs_g_1389365031_d_sccl_24/261-0975833-5917763?psc=1,India,
Reviewed in India on 27 December 2024,amzn1.account.AFU5MEIALTTV2RWHJNQNLFZQGWTQ,https://www.amazon.in/gp/profile/amzn1.account.AFU5MEIALTTV2RWHJNQNLFZQGWTQ/ref=cm_cr_othr_d_gw_tr?ie=UTF8,5,Good products,R140QQZIBEAXES,https://www.amazon.in/gp/customer-reviews/R140QQZIBEAXES/ref=cm_cr_othr_d_rvw_ttl?ie=UTF8&ASIN=B0DH8CDH9J,,Overall good product... This price range. I m very happy....This this osmbass is good sound is good,True,False,[],2024-12-27,6,Colour: Tropical Blue,"[{'key': 'Colour', 'value': 'Tropical Blue'}]",,,https://www.amazon.in/product-reviews/B0DH8CDH9J?pageNumber=1&filterByStar=all_stars&sortBy=helpful&formatType=all_formats&asin=B0DH8CDH9J&reftag=cm_cr_arp_d_paging_btm_next_1&scope=reviewsAjax0,allStars,,B0DH8CDH9J,B0DH8CDH9J,B0DH8CDH9J,"{'price': None, 'listPrice': None}",https://www.amazon.in//boAt-Stone-193-Pro-Signature/dp/B0DH8CDH9J/ref=zg_bs_g_1389365031_d_sccl_24/261-0975833-5917763?psc=1,India,
Reviewed in India on 25 December 2024,amzn1.account.AFHZMMGZZIN65VN4QAX7KJNGS75A,https://www.amazon.in/gp/profile/amzn1.account.AFHZMMGZZIN65VN4QAX7KJNGS75A/ref=cm_cr_othr_d_gw_tr?ie=UTF8,3,Good,R30VO6SYADZGOU,https://www.amazon.in/gp/customer-reviews/R30VO6SYADZGOU/ref=cm_cr_othr_d_rvw_ttl?ie=UTF8&ASIN=B0DH8CDH9J,,"Good speaker overall. Clear sound ,decent bass and the bluetooth works without issues. Battery life is pretty good as welk",True,False,[],2024-12-25,7,Colour: Tropical Blue,"[{'key': 'Colour', 'value': 'Tropical Blue'}]",,,https://www.amazon.in/product-reviews/B0DH8CDH9J?pageNumber=1&filterByStar=all_stars&sortBy=helpful&formatType=all_formats&asin=B0DH8CDH9J&reftag=cm_cr_arp_d_paging_btm_next_1&scope=reviewsAjax0,allStars,,B0DH8CDH9J,B0DH8CDH9J,B0DH8CDH9J,"{'price': None, 'listPrice': None}",https://www.amazon.in//boAt-Stone-193-Pro-Signature/dp/B0DH8CDH9J/ref=zg_bs_g_1389365031_d_sccl_24/261-0975833-5917763?psc=1,India,
Reviewed in India on 24 November 2024,amzn1.account.AEGQV3BL4HWTDQEC6DOZDWTCR33A,https://www.amazon.in/gp/profile/amzn1.account.AEGQV3BL4HWTDQEC6DOZDWTCR33A/ref=cm_cr_othr_d_gw_tr?ie=UTF8,4,Good Product,R20SQB7OTUICTH,https://www.amazon.in/gp/customer-reviews/R20SQB7OTUICTH/ref=cm_cr_othr_d_rvw_ttl?ie=UTF8&ASIN=B0DH8CDH9J,One person found this helpful,"This is a good product, great sound quality but bass can be improved",True,False,['https://m.media-amazon.com/images/I/71H7sc34UVL._SY88.jpg'],2024-11-24,8,Colour: Tropical Blue,"[{'key': 'Colour', 'value': 'Tropical Blue'}]",,,https://www.amazon.in/product-reviews/B0DH8CDH9J?pageNumber=1&filterByStar=all_stars&sortBy=helpful&formatType=all_formats&asin=B0DH8CDH9J&reftag=cm_cr_arp_d_paging_btm_next_1&scope=reviewsAjax0,allStars,,B0DH8CDH9J,B0DH8CDH9J,B0DH8CDH9J,"{'price': None, 'listPrice': None}",https://www.amazon.in//boAt-Stone-193-Pro-Signature/dp/B0DH8CDH9J/ref=zg_bs_g_1389365031_d_sccl_24/261-0975833-5917763?psc=1,India,
Reviewed in India on 28 December 2024,amzn1.account.AEZZIEJRGQPRPMZS6WKJRNVL2A5Q,https://www.amazon.in/gp/profile/amzn1.account.AEZZIEJRGQPRPMZS6WKJRNVL2A5Q/ref=cm_cr_othr_d_gw_tr?ie=UTF8,5,The sound is loud and clear. Value for money,RP2L67COLPR9E,https://www.amazon.in/gp/customer-reviews/RP2L67COLPR9E/ref=cm_cr_othr_d_rvw_ttl?ie=UTF8&ASIN=B0DH8CDH9J,,The sound is loud and clear. Value for money✨,True,False,[],2024-12-28,49,Colour: Tropical Blue,"[{'key': 'Colour', 'value': 'Tropical Blue'}]",,,https://www.amazon.in/product-reviews/B0DH8CDH9J?pageNumber=7&filterByStar=all_stars&sortBy=helpful&formatType=all_formats&asin=B0DH8CDH9J&reftag=cm_cr_arp_d_paging_btm_next_7&scope=reviewsAjax0,allStars,,B0DH8CDH9J,B0DH8CDH9J,B0DH8CDH9J,"{'price': None, 'listPrice': None}",https://www.amazon.in//boAt-Stone-193-Pro-Signature/dp/B0DH8CDH9J/ref=zg_bs_g_1389365031_d_sccl_24/261-0975833-5917763?psc=1,India,
Reviewed in India on 24 December 2024,amzn1.account.AFXMGC3NSBB2UQAWZ6KYLPFFNBZQ,https://www.amazon.in/gp/profile/amzn1.account.AFXMGC3NSBB2UQAWZ6KYLPFFNBZQ/ref=cm_cr_othr_d_gw_tr?ie=UTF8,5,Long battery backup,R134F8D492BTVS,https://www.amazon.in/gp/customer-reviews/R134F8D492BTVS/ref=cm_cr_othr_d_rvw_ttl?ie=UTF8&ASIN=B0DH8CDH9J,,"Amazing sound and bass , long battery backup. Worth buying. Bluetooth connectivity, Design.",True,False,[],2024-12-24,50,Colour: Raging Black,"[{'key': 'Colour', 'value': 'Raging Black'}]",,,https://www.amazon.in/product-reviews/B0DH8CDH9J?pageNumber=7&filterByStar=all_stars&sortBy=helpful&formatType=all_formats&asin=B0DH8CDH9J&reftag=cm_cr_arp_d_paging_btm_next_7&scope=reviewsAjax0,allStars,,B0DH8CDH9J,B0DH8CDH9J,B0DH8CDH9J,"{'price': None, 'listPrice': None}",https://www.amazon.in//boAt-Stone-193-Pro-Signature/dp/B0DH8CDH9J/ref=zg_bs_g_1389365031_d_sccl_24/261-0975833-5917763?psc=1,India,
Reviewed in India on 28 December 2024,amzn1.account.AGEV7BENMII7ZAJBILTDK7BUX7OA,https://www.amazon.in/gp/profile/amzn1.account.AGEV7BENMII7ZAJBILTDK7BUX7OA/ref=cm_cr_othr_d_gw_tr?ie=UTF8,5,Great product,R2ZX5TY7I5TA2X,https://www.amazon.in/gp/customer-reviews/R2ZX5TY7I5TA2X/ref=cm_cr_othr_d_rvw_ttl?ie=UTF8&ASIN=B0DH8CDH9J,,"Sleek design, easy to use,Good value for the price.",True,False,[],2024-12-28,51,Colour: Raging Black,"[{'key': 'Colour', 'value': 'Raging Black'}]",,,https://www.amazon.in/product-reviews/B0DH8CDH9J?pageNumber=7&filterByStar=all_stars&sortBy=helpful&formatType=all_formats&asin=B0DH8CDH9J&reftag=cm_cr_arp_d_paging_btm_next_7&scope=reviewsAjax0,allStars,,B0DH8CDH9J,B0DH8CDH9J,B0DH8CDH9J,"{'price': None, 'listPrice': None}",https://www.amazon.in//boAt-Stone-193-Pro-Signature/dp/B0DH8CDH9J/ref=zg_bs_g_1389365031_d_sccl_24/261-0975833-5917763?psc=1,India,
Reviewed in India on 29 September 2024,amzn1.account.AFDA3S3HBZUSRYPMJWC36QKSOR2Q,https://www.amazon.in/gp/profile/amzn1.account.AFDA3S3HBZUSRYPMJWC36QKSOR2Q/ref=cm_cr_othr_d_gw_tr?ie=UTF8,4,Boat 193 pro,R25Z54QPK4867C,https://www.amazon.in/gp/customer-reviews/R25Z54QPK4867C/ref=cm_cr_othr_d_rvw_ttl?ie=UTF8&ASIN=B0DH8CDH9J,7 people found this helpful,"The media could not be loaded.
                
            
                
            
            
        
    
    








  
  
     Decent sound made for single,Portable,Compact in size,Unique product.Feel so light in hand made for travelling with ox cable c-type  charging inbuilt mice",True,False,[],2024-09-29,52,Colour: Raging Black,"[{'key': 'Colour', 'value': 'Raging Black'}]",,,https://www.amazon.in/product-reviews/B0DH8CDH9J?pageNumber=7&filterByStar=all_stars&sortBy=helpful&formatType=all_formats&asin=B0DH8CDH9J&reftag=cm_cr_arp_d_paging_btm_next_7&scope=reviewsAjax0,allStars,,B0DH8CDH9J,B0DH8CDH9J,B0DH8CDH9J,"{'price': None, 'listPrice': None}",https://www.amazon.in//boAt-Stone-193-Pro-Signature/dp/B0DH8CDH9J/ref=zg_bs_g_1389365031_d_sccl_24/261-0975833-5917763?psc=1,India,
Reviewed in India on 27 December 2024,amzn1.account.AE4REZX3SFFVKGGL4WGXS2Y6XLWA,https://www.amazon.in/gp/profile/amzn1.account.AE4REZX3SFFVKGGL4WGXS2Y6XLWA/ref=cm_cr_othr_d_gw_tr?ie=UTF8,5,Best sound,RI994B4D4ARR9,https://www.amazon.in/gp/customer-reviews/RI994B4D4ARR9/ref=cm_cr_othr_d_rvw_ttl?ie=UTF8&ASIN=B0DH8CDH9J,,Good quality sound,True,False,[],2024-12-27,53,Colour: Tropical Blue,"[{'key': 'Colour', 'value': 'Tropical Blue'}]",,,https://www.amazon.in/product-reviews/B0DH8CDH9J?pageNumber=7&filterByStar=all_stars&sortBy=helpful&formatType=all_formats&asin=B0DH8CDH9J&reftag=cm_cr_arp_d_paging_btm_next_7&scope=reviewsAjax0,allStars,,B0DH8CDH9J,B0DH8CDH9J,B0DH8CDH9J,"{'price': None, 'listPrice': None}",https://www.amazon.in//boAt-Stone-193-Pro-Signature/dp/B0DH8CDH9J/ref=zg_bs_g_1389365031_d_sccl_24/261-0975833-5917763?psc=1,India,
Reviewed in India on 28 December 2024,amzn1.account.AHO7HQZ2BMPVOTU6567ZAEAU7BYQ,https://www.amazon.in/gp/profile/amzn1.account.AHO7HQZ2BMPVOTU6567ZAEAU7BYQ/ref=cm_cr_othr_d_gw_tr?ie=UTF8,5,Nice product,R1ITB8OV9M26PS,https://www.amazon.in/gp/customer-reviews/R1ITB8OV9M26PS/ref=cm_cr_othr_d_rvw_ttl?ie=UTF8&ASIN=B0DH8CDH9J,,A quality indoor budget friendly speaker... Good choice,True,False,[],2024-12-28,54,Colour: Raging Black,"[{'key': 'Colour', 'value': 'Raging Black'}]",,,https://www.amazon.in/product-reviews/B0DH8CDH9J?pageNumber=7&filterByStar=all_stars&sortBy=helpful&formatType=all_formats&asin=B0DH8CDH9J&reftag=cm_cr_arp_d_paging_btm_next_7&scope=reviewsAjax0,allStars,,B0DH8CDH9J,B0DH8CDH9J,B0DH8CDH9J,"{'price': None, 'listPrice': None}",https://www.amazon.in//boAt-Stone-193-Pro-Signature/dp/B0DH8CDH9J/ref=zg_bs_g_1389365031_d_sccl_24/261-0975833-5917763?psc=1,India,
Reviewed in India on 1 January 2025,amzn1.account.AHZPWLYZGT7RN6KVBNRSFXD5KGZQ,https://www.amazon.in/gp/profile/amzn1.account.AHZPWLYZGT7RN6KVBNRSFXD5KGZQ/ref=cm_cr_othr_d_gw_tr?ie=UTF8,5,Good quality product,R16TAD0JZWL3PR,https://www.amazon.in/gp/customer-reviews/R16TAD0JZWL3PR/ref=cm_cr_othr_d_rvw_ttl?ie=UTF8&ASIN=B0DH8CDH9J,,Good quality product,True,False,[],2025-01-01,55,Colour: Tropical Blue,"[{'key': 'Colour', 'value': 'Tropical Blue'}]",,,https://www.amazon.in/product-reviews/B0DH8CDH9J?pageNumber=7&filterByStar=all_stars&sortBy=helpful&formatType=all_formats&asin=B0DH8CDH9J&reftag=cm_cr_arp_d_paging_btm_next_7&scope=reviewsAjax0,allStars,,B0DH8CDH9J,B0DH8CDH9J,B0DH8CDH9J,"{'price': None, 'listPrice': None}",https://www.amazon.in//boAt-Stone-193-Pro-Signature/dp/B0DH8CDH9J/ref=zg_bs_g_1389365031_d_sccl_24/261-0975833-5917763?psc=1,India,
Reviewed in India on 26 December 2024,amzn1.account.AFR5I7EA4W6ZABKC743SBQEIX4JQ,https://www.amazon.in/gp/profile/amzn1.account.AFR5I7EA4W6ZABKC743SBQEIX4JQ/ref=cm_cr_othr_d_gw_tr?ie=UTF8,5,Good product,R2I13J9CPGG05R,https://www.amazon.in/gp/customer-reviews/R2I13J9CPGG05R/ref=cm_cr_othr_d_rvw_ttl?ie=UTF8&ASIN=B0DH8CDH9J,,Just wow..Good bassss,True,False,[],2024-12-26,56,Colour: Raging Black,"[{'key': 'Colour', 'value': 'Raging Black'}]",,,https://www.amazon.in/product-reviews/B0DH8CDH9J?pageNumber=7&filterByStar=all_stars&sortBy=helpful&formatType=all_formats&asin=B0DH8CDH9J&reftag=cm_cr_arp_d_paging_btm_next_7&scope=reviewsAjax0,allStars,,B0DH8CDH9J,B0DH8CDH9J,B0DH8CDH9J,"{'price': None, 'listPrice': None}",https://www.amazon.in//boAt-Stone-193-Pro-Signature/dp/B0DH8CDH9J/ref=zg_bs_g_1389365031_d_sccl_24/261-0975833-5917763?psc=1,India,
Reviewed in India on 26 December 2024,amzn1.account.AGPUZXARODSUNNJS55HLQ5RV77WQ,https://www.amazon.in/gp/profile/amzn1.account.AGPUZXARODSUNNJS55HLQ5RV77WQ/ref=cm_cr_othr_d_gw_tr?ie=UTF8,5,Super quality,R2CFHCMCIXY126,https://www.amazon.in/gp/customer-reviews/R2CFHCMCIXY126/ref=cm_cr_othr_d_rvw_ttl?ie=UTF8&ASIN=B0DH8CDH9J,,A product with good sound quality and decent battery backup,True,False,[],2024-12-26,65,Colour: Raging Black,"[{'key': 'Colour', 'value': 'Raging Black'}]",,,https://www.amazon.in/product-reviews/B0DH8CDH9J?pageNumber=9&filterByStar=all_stars&sortBy=helpful&formatType=all_formats&asin=B0DH8CDH9J&reftag=cm_cr_arp_d_paging_btm_next_9&scope=reviewsAjax0,allStars,,B0DH8CDH9J,B0DH8CDH9J,B0DH8CDH9J,"{'price': None, 'listPrice': None}",https://www.amazon.in//boAt-Stone-193-Pro-Signature/dp/B0DH8CDH9J/ref=zg_bs_g_1389365031_d_sccl_24/261-0975833-5917763?psc=1,India,
Reviewed in India on 27 December 2024,amzn1.account.AGODIXBIJZLR3TVA2VTMSJYKI4SA,https://www.amazon.in/gp/profile/amzn1.account.AGODIXBIJZLR3TVA2VTMSJYKI4SA/ref=cm_cr_othr_d_gw_tr?ie=UTF8,5,"Your looking for better sound quality in small budget, just go for it.",R2F0NV240MRE4D,https://www.amazon.in/gp/customer-reviews/R2F0NV240MRE4D/ref=cm_cr_othr_d_rvw_ttl?ie=UTF8&ASIN=B0DH8CDH9J,,Good product,True,False,[],2024-12-27,66,Colour: Tropical Blue,"[{'key': 'Colour', 'value': 'Tropical Blue'}]",,,https://www.amazon.in/product-reviews/B0DH8CDH9J?pageNumber=9&filterByStar=all_stars&sortBy=helpful&formatType=all_formats&asin=B0DH8CDH9J&reftag=cm_cr_arp_d_paging_btm_next_9&scope=reviewsAjax0,allStars,,B0DH8CDH9J,B0DH8CDH9J,B0DH8CDH9J,"{'price': None, 'listPrice': None}",https://www.amazon.in//boAt-Stone-193-Pro-Signature/dp/B0DH8CDH9J/ref=zg_bs_g_1389365031_d_sccl_24/261-0975833-5917763?psc=1,India,
Reviewed in India on 26 December 2024,amzn1.account.AEE3V7ABD2E5MTJYAVSLHA4ATL3A,https://www.amazon.in/gp/profile/amzn1.account.AEE3V7ABD2E5MTJYAVSLHA4ATL3A/ref=cm_cr_othr_d_gw_tr?ie=UTF8,5,Value for money..,R34QH3SH9CT3VZ,https://www.amazon.in/gp/customer-reviews/R34QH3SH9CT3VZ/ref=cm_cr_othr_d_rvw_ttl?ie=UTF8&ASIN=B0DH8CDH9J,,Clean Sound and better Bass....It's good purchase for me...,True,False,[],2024-12-26,67,Colour: Raging Black,"[{'key': 'Colour', 'value': 'Raging Black'}]",,,https://www.amazon.in/product-reviews/B0DH8CDH9J?pageNumber=9&filterByStar=all_stars&sortBy=helpful&formatType=all_formats&asin=B0DH8CDH9J&reftag=cm_cr_arp_d_paging_btm_next_9&scope=reviewsAjax0,allStars,,B0DH8CDH9J,B0DH8CDH9J,B0DH8CDH9J,"{'price': None, 'listPrice': None}",https://www.amazon.in//boAt-Stone-193-Pro-Signature/dp/B0DH8CDH9J/ref=zg_bs_g_1389365031_d_sccl_24/261-0975833-5917763?psc=1,India,
Reviewed in India on 28 December 2024,amzn1.account.AGJLQLV5LJ4HCNHLZQW2DLGXSKXA,https://www.amazon.in/gp/profile/amzn1.account.AGJLQLV5LJ4HCNHLZQW2DLGXSKXA/ref=cm_cr_othr_d_gw_tr?ie=UTF8,5,Value for price,R3S9397VH4CRDQ,https://www.amazon.in/gp/customer-reviews/R3S9397VH4CRDQ/ref=cm_cr_othr_d_rvw_ttl?ie=UTF8&ASIN=B0DH8CDH9J,,Good sound quality value for the money,True,False,[],2024-12-28,68,Colour: Tropical Blue,"[{'key': 'Colour', 'value': 'Tropical Blue'}]",,,https://www.amazon.in/product-reviews/B0DH8CDH9J?pageNumber=9&filterByStar=all_stars&sortBy=helpful&formatType=all_formats&asin=B0DH8CDH9J&reftag=cm_cr_arp_d_paging_btm_next_9&scope=reviewsAjax0,allStars,,B0DH8CDH9J,B0DH8CDH9J,B0DH8CDH9J,"{'price': None, 'listPrice': None}",https://www.amazon.in//boAt-Stone-193-Pro-Signature/dp/B0DH8CDH9J/ref=zg_bs_g_1389365031_d_sccl_24/261-0975833-5917763?psc=1,India,
Reviewed in India on 28 December 2024,amzn1.account.AHF46ZKDRNO37NZARA7ESYBHHMPA,https://www.amazon.in/gp/profile/amzn1.account.AHF46ZKDRNO37NZARA7ESYBHHMPA/ref=cm_cr_othr_d_gw_tr?ie=UTF8,5,Perfect,R1V57WNRFLEQAL,https://www.amazon.in/gp/customer-reviews/R1V57WNRFLEQAL/ref=cm_cr_othr_d_rvw_ttl?ie=UTF8&ASIN=B0DH8CDH9J,,"Looking small, but it works really well",True,False,[],2024-12-28,69,Colour: Tropical Blue,"[{'key': 'Colour', 'value': 'Tropical Blue'}]",,,https://www.amazon.in/product-reviews/B0DH8CDH9J?pageNumber=9&filterByStar=all_stars&sortBy=helpful&formatType=all_formats&asin=B0DH8CDH9J&reftag=cm_cr_arp_d_paging_btm_next_9&scope=reviewsAjax0,allStars,,B0DH8CDH9J,B0DH8CDH9J,B0DH8CDH9J,"{'price': None, 'listPrice': None}",https://www.amazon.in//boAt-Stone-193-Pro-Signature/dp/B0DH8CDH9J/ref=zg_bs_g_1389365031_d_sccl_24/261-0975833-5917763?psc=1,India,
Reviewed in India on 27 December 2024,amzn1.account.AE5VTEQ3SGWCLTCE2WBJ63L6NTYA,https://www.amazon.in/gp/profile/amzn1.account.AE5VTEQ3SGWCLTCE2WBJ63L6NTYA/ref=cm_cr_othr_d_gw_tr?ie=UTF8,5,Decent bass and best feel in every song...,R19SK2UHKVOV7O,https://www.amazon.in/gp/customer-reviews/R19SK2UHKVOV7O/ref=cm_cr_othr_d_rvw_ttl?ie=UTF8&ASIN=B0DH8CDH9J,,Decent bass and best feel in every song...,True,False,[],2024-12-27,70,Colour: Tropical Blue,"[{'key': 'Colour', 'value': 'Tropical Blue'}]",,,https://www.amazon.in/product-reviews/B0DH8CDH9J?pageNumber=9&filterByStar=all_stars&sortBy=helpful&formatType=all_formats&asin=B0DH8CDH9J&reftag=cm_cr_arp_d_paging_btm_next_9&scope=reviewsAjax0,allStars,,B0DH8CDH9J,B0DH8CDH9J,B0DH8CDH9J,"{'price': None, 'listPrice': None}",https://www.amazon.in//boAt-Stone-193-Pro-Signature/dp/B0DH8CDH9J/ref=zg_bs_g_1389365031_d_sccl_24/261-0975833-5917763?psc=1,India,
Reviewed in India on 26 December 2024,amzn1.account.AEDVQBNUJWZBKDEA4S4KFZNBWBYQ,https://www.amazon.in/gp/profile/amzn1.account.AEDVQBNUJWZBKDEA4S4KFZNBWBYQ/ref=cm_cr_othr_d_gw_tr?ie=UTF8,5,Good sound quality,R3S431V8B6H1GT,https://www.amazon.in/gp/customer-reviews/R3S431V8B6H1GT/ref=cm_cr_othr_d_rvw_ttl?ie=UTF8&ASIN=B0DH8CDH9J,,Don’t wait to buy a value for money product,True,False,[],2024-12-26,71,Colour: Tropical Blue,"[{'key': 'Colour', 'value': 'Tropical Blue'}]",,,https://www.amazon.in/product-reviews/B0DH8CDH9J?pageNumber=9&filterByStar=all_stars&sortBy=helpful&formatType=all_formats&asin=B0DH8CDH9J&reftag=cm_cr_arp_d_paging_btm_next_9&scope=reviewsAjax0,allStars,,B0DH8CDH9J,B0DH8CDH9J,B0DH8CDH9J,"{'price': None, 'listPrice': None}",https://www.amazon.in//boAt-Stone-193-Pro-Signature/dp/B0DH8CDH9J/ref=zg_bs_g_1389365031_d_sccl_24/261-0975833-5917763?psc=1,India,
Reviewed in India on 29 December 2024,amzn1.account.AHWJ3K3NLLDXZNFQLRMW2DBU3ZHA,https://www.amazon.in/gp/profile/amzn1.account.AHWJ3K3NLLDXZNFQLRMW2DBU3ZHA/ref=cm_cr_othr_d_gw_tr?ie=UTF8,5,Good product.,R3JDH1P3TD2HMI,https://www.amazon.in/gp/customer-reviews/R3JDH1P3TD2HMI/ref=cm_cr_othr_d_rvw_ttl?ie=UTF8&ASIN=B0DH8CDH9J,,Specially recommended for music lover's.,True,False,[],2024-12-29,72,Colour: Tropical Blue,"[{'key': 'Colour', 'value': 'Tropical Blue'}]",,,https://www.amazon.in/product-reviews/B0DH8CDH9J?pageNumber=9&filterByStar=all_stars&sortBy=helpful&formatType=all_formats&asin=B0DH8CDH9J&reftag=cm_cr_arp_d_paging_btm_next_9&scope=reviewsAjax0,allStars,,B0DH8CDH9J,B0DH8CDH9J,B0DH8CDH9J,"{'price': None, 'listPrice': None}",https://www.amazon.in//boAt-Stone-193-Pro-Signature/dp/B0DH8CDH9J/ref=zg_bs_g_1389365031_d_sccl_24/261-0975833-5917763?psc=1,India,
Reviewed in India on 26 December 2024,amzn1.account.AFVV2ZJBPKII65LURKJW7V5XMAOA,https://www.amazon.in/gp/profile/amzn1.account.AFVV2ZJBPKII65LURKJW7V5XMAOA/ref=cm_cr_othr_d_gw_tr?ie=UTF8,4,Good,R1QWVLSZAVTPK4,https://www.amazon.in/gp/customer-reviews/R1QWVLSZAVTPK4/ref=cm_cr_othr_d_rvw_ttl?ie=UTF8&ASIN=B0DH8CDH9J,,Good sound. Good product from boat👍🏻,True,False,[],2024-12-26,17,Colour: Tropical Blue,"[{'key': 'Colour', 'value': 'Tropical Blue'}]",,,https://www.amazon.in/product-reviews/B0DH8CDH9J?pageNumber=3&filterByStar=all_stars&sortBy=helpful&formatType=all_formats&asin=B0DH8CDH9J&reftag=cm_cr_arp_d_paging_btm_next_3&scope=reviewsAjax0,allStars,,B0DH8CDH9J,B0DH8CDH9J,B0DH8CDH9J,"{'price': None, 'listPrice': None}",https://www.amazon.in//boAt-Stone-193-Pro-Signature/dp/B0DH8CDH9J/ref=zg_bs_g_1389365031_d_sccl_24/261-0975833-5917763?psc=1,India,
Reviewed in India on 27 December 2024,amzn1.account.AHC23IYYCLIQZI3ONNEZ4EFOTWWA,https://www.amazon.in/gp/profile/amzn1.account.AHC23IYYCLIQZI3ONNEZ4EFOTWWA/ref=cm_cr_othr_d_gw_tr?ie=UTF8,3,Review,RJ3E7K227O0E9,https://www.amazon.in/gp/customer-reviews/RJ3E7K227O0E9/ref=cm_cr_othr_d_rvw_ttl?ie=UTF8&ASIN=B0DH8CDH9J,,I already have speakers from other brands on this price range…but this one better than other products…,True,False,[],2024-12-27,18,Colour: Tropical Blue,"[{'key': 'Colour', 'value': 'Tropical Blue'}]",,,https://www.amazon.in/product-reviews/B0DH8CDH9J?pageNumber=3&filterByStar=all_stars&sortBy=helpful&formatType=all_formats&asin=B0DH8CDH9J&reftag=cm_cr_arp_d_paging_btm_next_3&scope=reviewsAjax0,allStars,,B0DH8CDH9J,B0DH8CDH9J,B0DH8CDH9J,"{'price': None, 'listPrice': None}",https://www.amazon.in//boAt-Stone-193-Pro-Signature/dp/B0DH8CDH9J/ref=zg_bs_g_1389365031_d_sccl_24/261-0975833-5917763?psc=1,India,
Reviewed in India on 1 November 2024,amzn1.account.AGPFNQOCNRADW5BZG6QH47JQLNRA,https://www.amazon.in/gp/profile/amzn1.account.AGPFNQOCNRADW5BZG6QH47JQLNRA/ref=cm_cr_othr_d_gw_tr?ie=UTF8,4,Sound Quality Is not Good Enough As I Want,R34TZH02UZZPSZ,https://www.amazon.in/gp/customer-reviews/R34TZH02UZZPSZ/ref=cm_cr_othr_d_rvw_ttl?ie=UTF8&ASIN=B0DH8CDH9J,One person found this helpful,Sound quality is  ok ok I was accepted It's A Boat as it's Nake bands sounds well sound also will work but The sound quality is quie less,True,False,[],2024-11-01,19,Colour: Raging Black,"[{'key': 'Colour', 'value': 'Raging Black'}]",,,https://www.amazon.in/product-reviews/B0DH8CDH9J?pageNumber=3&filterByStar=all_stars&sortBy=helpful&formatType=all_formats&asin=B0DH8CDH9J&reftag=cm_cr_arp_d_paging_btm_next_3&scope=reviewsAjax0,allStars,,B0DH8CDH9J,B0DH8CDH9J,B0DH8CDH9J,"{'price': None, 'listPrice': None}",https://www.amazon.in//boAt-Stone-193-Pro-Signature/dp/B0DH8CDH9J/ref=zg_bs_g_1389365031_d_sccl_24/261-0975833-5917763?psc=1,India,
Reviewed in India on 26 December 2024,amzn1.account.AHQUX6EK4TXVUJK3VIILWYT7QZMQ,https://www.amazon.in/gp/profile/amzn1.account.AHQUX6EK4TXVUJK3VIILWYT7QZMQ/ref=cm_cr_othr_d_gw_tr?ie=UTF8,5,Not a trash one,R2JZP7EP2V2W00,https://www.amazon.in/gp/customer-reviews/R2JZP7EP2V2W00/ref=cm_cr_othr_d_rvw_ttl?ie=UTF8&ASIN=B0DH8CDH9J,,"I recently bought this Boat speaker, and I honestly love it! The sound quality is nice 👍 , with really good bass and clarity. It’s lightweight and easy to carry around, Compared to other recent products in the same price range In my side i Highly recommend this one",True,False,[],2024-12-26,20,Colour: Raging Black,"[{'key': 'Colour', 'value': 'Raging Black'}]",,,https://www.amazon.in/product-reviews/B0DH8CDH9J?pageNumber=3&filterByStar=all_stars&sortBy=helpful&formatType=all_formats&asin=B0DH8CDH9J&reftag=cm_cr_arp_d_paging_btm_next_3&scope=reviewsAjax0,allStars,,B0DH8CDH9J,B0DH8CDH9J,B0DH8CDH9J,"{'price': None, 'listPrice': None}",https://www.amazon.in//boAt-Stone-193-Pro-Signature/dp/B0DH8CDH9J/ref=zg_bs_g_1389365031_d_sccl_24/261-0975833-5917763?psc=1,India,
Reviewed in India on 24 October 2024,amzn1.account.AH3MP63P7WAEKHWFG5ECVLQW2KIA,https://www.amazon.in/gp/profile/amzn1.account.AH3MP63P7WAEKHWFG5ECVLQW2KIA/ref=cm_cr_othr_d_gw_tr?ie=UTF8,4,Small and light,RFP9O9YSG85FM,https://www.amazon.in/gp/customer-reviews/RFP9O9YSG85FM/ref=cm_cr_othr_d_rvw_ttl?ie=UTF8&ASIN=B0DH8CDH9J,One person found this helpful,"Wear it on your waist belt, it's that light. Carry your music with you. After a few days of use battery lasts for 10-12 hrs. Sound quality is boat O. K. Mic is weak and can't be relied on for good and clear conversations",True,False,[],2024-10-24,21,Colour: Tropical Blue,"[{'key': 'Colour', 'value': 'Tropical Blue'}]",,,https://www.amazon.in/product-reviews/B0DH8CDH9J?pageNumber=3&filterByStar=all_stars&sortBy=helpful&formatType=all_formats&asin=B0DH8CDH9J&reftag=cm_cr_arp_d_paging_btm_next_3&scope=reviewsAjax0,allStars,,B0DH8CDH9J,B0DH8CDH9J,B0DH8CDH9J,"{'price': None, 'listPrice': None}",https://www.amazon.in//boAt-Stone-193-Pro-Signature/dp/B0DH8CDH9J/ref=zg_bs_g_1389365031_d_sccl_24/261-0975833-5917763?psc=1,India,
Reviewed in India on 16 January 2025,amzn1.account.AHNDQ6ZYKANURSEID26BE6YACKCQ,https://www.amazon.in/gp/profile/amzn1.account.AHNDQ6ZYKANURSEID26BE6YACKCQ/ref=cm_cr_othr_d_gw_tr?ie=UTF8,5,Quality speaker👌,R16135H7QFQ1MJ,https://www.amazon.in/gp/customer-reviews/R16135H7QFQ1MJ/ref=cm_cr_othr_d_rvw_ttl?ie=UTF8&ASIN=B0DH8CDH9J,,Good quality speaker and best voice quality.,True,False,"['https://m.media-amazon.com/images/I/61Dg+CE00GL._SY88.jpg', 'https://m.media-amazon.com/images/I/71NMGfFoJ8L._SY88.jpg']",2025-01-16,22,Colour: Tropical Blue,"[{'key': 'Colour', 'value': 'Tropical Blue'}]",,,https://www.amazon.in/product-reviews/B0DH8CDH9J?pageNumber=3&filterByStar=all_stars&sortBy=helpful&formatType=all_formats&asin=B0DH8CDH9J&reftag=cm_cr_arp_d_paging_btm_next_3&scope=reviewsAjax0,allStars,,B0DH8CDH9J,B0DH8CDH9J,B0DH8CDH9J,"{'price': None, 'listPrice': None}",https://www.amazon.in//boAt-Stone-193-Pro-Signature/dp/B0DH8CDH9J/ref=zg_bs_g_1389365031_d_sccl_24/261-0975833-5917763?psc=1,India,
Reviewed in India on 19 December 2024,amzn1.account.AGDOMZEWPBYS4W6YFKPBWTVO2SUA,https://www.amazon.in/gp/profile/amzn1.account.AGDOMZEWPBYS4W6YFKPBWTVO2SUA/ref=cm_cr_othr_d_gw_tr?ie=UTF8,3,Just ok for the price,R115594RNZU8SL,https://www.amazon.in/gp/customer-reviews/R115594RNZU8SL/ref=cm_cr_othr_d_rvw_ttl?ie=UTF8&ASIN=B0DH8CDH9J,,Buttons are hard to use. It’s ok for the price. Decent sound quality and don’t expect more.,True,False,[],2024-12-19,23,Colour: Raging Black,"[{'key': 'Colour', 'value': 'Raging Black'}]",,,https://www.amazon.in/product-reviews/B0DH8CDH9J?pageNumber=3&filterByStar=all_stars&sortBy=helpful&formatType=all_formats&asin=B0DH8CDH9J&reftag=cm_cr_arp_d_paging_btm_next_3&scope=reviewsAjax0,allStars,,B0DH8CDH9J,B0DH8CDH9J,B0DH8CDH9J,"{'price': None, 'listPrice': None}",https://www.amazon.in//boAt-Stone-193-Pro-Signature/dp/B0DH8CDH9J/ref=zg_bs_g_1389365031_d_sccl_24/261-0975833-5917763?psc=1,India,
Reviewed in India on 28 December 2024,amzn1.account.AHVONUBP64MX6F5B43PX577ATRDQ,https://www.amazon.in/gp/profile/amzn1.account.AHVONUBP64MX6F5B43PX577ATRDQ/ref=cm_cr_othr_d_gw_tr?ie=UTF8,5,Value for money,R2WYVXCUWOJVWN,https://www.amazon.in/gp/customer-reviews/R2WYVXCUWOJVWN/ref=cm_cr_othr_d_rvw_ttl?ie=UTF8&ASIN=B0DH8CDH9J,,product with a good sound quality and a decent battery backup. Perfect suit for my 300sqft room🖤,True,False,[],2024-12-28,24,Colour: Raging Black,"[{'key': 'Colour', 'value': 'Raging Black'}]",,,https://www.amazon.in/product-reviews/B0DH8CDH9J?pageNumber=3&filterByStar=all_stars&sortBy=helpful&formatType=all_formats&asin=B0DH8CDH9J&reftag=cm_cr_arp_d_paging_btm_next_3&scope=reviewsAjax0,allStars,,B0DH8CDH9J,B0DH8CDH9J,B0DH8CDH9J,"{'price': None, 'listPrice': None}",https://www.amazon.in//boAt-Stone-193-Pro-Signature/dp/B0DH8CDH9J/ref=zg_bs_g_1389365031_d_sccl_24/261-0975833-5917763?psc=1,India,
Reviewed in India on 31 December 2024,amzn1.account.AGENYHZAE5RZLNIVT7IWECLZO2FA,https://www.amazon.in/gp/profile/amzn1.account.AGENYHZAE5RZLNIVT7IWECLZO2FA/ref=cm_cr_othr_d_gw_tr?ie=UTF8,5,Good quality,R2A7NVX5ZDEX6V,https://www.amazon.in/gp/customer-reviews/R2A7NVX5ZDEX6V/ref=cm_cr_othr_d_rvw_ttl?ie=UTF8&ASIN=B0DH8CDH9J,,Bass is extremely good. Go for it,True,False,[],2024-12-31,41,Colour: Tropical Blue,"[{'key': 'Colour', 'value': 'Tropical Blue'}]",,,https://www.amazon.in/product-reviews/B0DH8CDH9J?pageNumber=6&filterByStar=all_stars&sortBy=helpful&formatType=all_formats&asin=B0DH8CDH9J&reftag=cm_cr_arp_d_paging_btm_next_6&scope=reviewsAjax0,allStars,,B0DH8CDH9J,B0DH8CDH9J,B0DH8CDH9J,"{'price': None, 'listPrice': None}",https://www.amazon.in//boAt-Stone-193-Pro-Signature/dp/B0DH8CDH9J/ref=zg_bs_g_1389365031_d_sccl_24/261-0975833-5917763?psc=1,India,
Reviewed in India on 28 December 2024,amzn1.account.AEQS25B367P2IH6UUFU3X5HA4UMA,https://www.amazon.in/gp/profile/amzn1.account.AEQS25B367P2IH6UUFU3X5HA4UMA/ref=cm_cr_othr_d_gw_tr?ie=UTF8,5,Value for money,R6GE4C57N4SXT,https://www.amazon.in/gp/customer-reviews/R6GE4C57N4SXT/ref=cm_cr_othr_d_rvw_ttl?ie=UTF8&ASIN=B0DH8CDH9J,,"Good purchase for me, Best option for this budget 🔥",True,False,[],2024-12-28,42,Colour: Raging Black,"[{'key': 'Colour', 'value': 'Raging Black'}]",,,https://www.amazon.in/product-reviews/B0DH8CDH9J?pageNumber=6&filterByStar=all_stars&sortBy=helpful&formatType=all_formats&asin=B0DH8CDH9J&reftag=cm_cr_arp_d_paging_btm_next_6&scope=reviewsAjax0,allStars,,B0DH8CDH9J,B0DH8CDH9J,B0DH8CDH9J,"{'price': None, 'listPrice': None}",https://www.amazon.in//boAt-Stone-193-Pro-Signature/dp/B0DH8CDH9J/ref=zg_bs_g_1389365031_d_sccl_24/261-0975833-5917763?psc=1,India,
Reviewed in India on 28 December 2024,amzn1.account.AGAAOHTBVNG2LZ263DF5MVBEFPWQ,https://www.amazon.in/gp/profile/amzn1.account.AGAAOHTBVNG2LZ263DF5MVBEFPWQ/ref=cm_cr_othr_d_gw_tr?ie=UTF8,5,Super quality...,RGTSVDPY0RGSG,https://www.amazon.in/gp/customer-reviews/RGTSVDPY0RGSG/ref=cm_cr_othr_d_rvw_ttl?ie=UTF8&ASIN=B0DH8CDH9J,,"Decent speaker in this price range.Good sound, Bass and quality....",True,False,[],2024-12-28,43,Colour: Tropical Blue,"[{'key': 'Colour', 'value': 'Tropical Blue'}]",,,https://www.amazon.in/product-reviews/B0DH8CDH9J?pageNumber=6&filterByStar=all_stars&sortBy=helpful&formatType=all_formats&asin=B0DH8CDH9J&reftag=cm_cr_arp_d_paging_btm_next_6&scope=reviewsAjax0,allStars,,B0DH8CDH9J,B0DH8CDH9J,B0DH8CDH9J,"{'price': None, 'listPrice': None}",https://www.amazon.in//boAt-Stone-193-Pro-Signature/dp/B0DH8CDH9J/ref=zg_bs_g_1389365031_d_sccl_24/261-0975833-5917763?psc=1,India,
Reviewed in India on 28 December 2024,amzn1.account.AGAQNCZCYWUTV7T5AAO7YVFR4IIA,https://www.amazon.in/gp/profile/amzn1.account.AGAQNCZCYWUTV7T5AAO7YVFR4IIA/ref=cm_cr_othr_d_gw_tr?ie=UTF8,5,Good product,R3D31PX4ERT93K,https://www.amazon.in/gp/customer-reviews/R3D31PX4ERT93K/ref=cm_cr_othr_d_rvw_ttl?ie=UTF8&ASIN=B0DH8CDH9J,,Nice sound quality and good battery lifeValue of money,True,False,[],2024-12-28,44,Colour: Tropical Blue,"[{'key': 'Colour', 'value': 'Tropical Blue'}]",,,https://www.amazon.in/product-reviews/B0DH8CDH9J?pageNumber=6&filterByStar=all_stars&sortBy=helpful&formatType=all_formats&asin=B0DH8CDH9J&reftag=cm_cr_arp_d_paging_btm_next_6&scope=reviewsAjax0,allStars,,B0DH8CDH9J,B0DH8CDH9J,B0DH8CDH9J,"{'price': None, 'listPrice': None}",https://www.amazon.in//boAt-Stone-193-Pro-Signature/dp/B0DH8CDH9J/ref=zg_bs_g_1389365031_d_sccl_24/261-0975833-5917763?psc=1,India,
Reviewed in India on 30 December 2024,amzn1.account.AE4K7Y3QYYUXWVURPF6WCV2PCJOQ,https://www.amazon.in/gp/profile/amzn1.account.AE4K7Y3QYYUXWVURPF6WCV2PCJOQ/ref=cm_cr_othr_d_gw_tr?ie=UTF8,5,Clean sound and good battery backup 👍,R2VHG464R0XQEF,https://www.amazon.in/gp/customer-reviews/R2VHG464R0XQEF/ref=cm_cr_othr_d_rvw_ttl?ie=UTF8&ASIN=B0DH8CDH9J,,Clean sound and good battery backup 👍,True,False,[],2024-12-30,45,Colour: Tropical Blue,"[{'key': 'Colour', 'value': 'Tropical Blue'}]",,,https://www.amazon.in/product-reviews/B0DH8CDH9J?pageNumber=6&filterByStar=all_stars&sortBy=helpful&formatType=all_formats&asin=B0DH8CDH9J&reftag=cm_cr_arp_d_paging_btm_next_6&scope=reviewsAjax0,allStars,,B0DH8CDH9J,B0DH8CDH9J,B0DH8CDH9J,"{'price': None, 'listPrice': None}",https://www.amazon.in//boAt-Stone-193-Pro-Signature/dp/B0DH8CDH9J/ref=zg_bs_g_1389365031_d_sccl_24/261-0975833-5917763?psc=1,India,
Reviewed in India on 28 December 2024,amzn1.account.AELK2E5EDECTXXLBJSUHAMUR7FWQ,https://www.amazon.in/gp/profile/amzn1.account.AELK2E5EDECTXXLBJSUHAMUR7FWQ/ref=cm_cr_othr_d_gw_tr?ie=UTF8,5,Most recommend,R31YADXIQOCJTY,https://www.amazon.in/gp/customer-reviews/R31YADXIQOCJTY/ref=cm_cr_othr_d_rvw_ttl?ie=UTF8&ASIN=B0DH8CDH9J,,It's value for money and having a better battery life,True,False,[],2024-12-28,46,Colour: Tropical Blue,"[{'key': 'Colour', 'value': 'Tropical Blue'}]",,,https://www.amazon.in/product-reviews/B0DH8CDH9J?pageNumber=6&filterByStar=all_stars&sortBy=helpful&formatType=all_formats&asin=B0DH8CDH9J&reftag=cm_cr_arp_d_paging_btm_next_6&scope=reviewsAjax0,allStars,,B0DH8CDH9J,B0DH8CDH9J,B0DH8CDH9J,"{'price': None, 'listPrice': None}",https://www.amazon.in//boAt-Stone-193-Pro-Signature/dp/B0DH8CDH9J/ref=zg_bs_g_1389365031_d_sccl_24/261-0975833-5917763?psc=1,India,
Reviewed in India on 31 December 2024,amzn1.account.AHS7W3ISZHOFNDREFER7PQD7UITA,https://www.amazon.in/gp/profile/amzn1.account.AHS7W3ISZHOFNDREFER7PQD7UITA/ref=cm_cr_othr_d_gw_tr?ie=UTF8,5,Good,R3OWYVOE86DN3A,https://www.amazon.in/gp/customer-reviews/R3OWYVOE86DN3A/ref=cm_cr_othr_d_rvw_ttl?ie=UTF8&ASIN=B0DH8CDH9J,,This product is awesome..smaller and louder..,True,False,[],2024-12-31,47,Colour: Tropical Blue,"[{'key': 'Colour', 'value': 'Tropical Blue'}]",,,https://www.amazon.in/product-reviews/B0DH8CDH9J?pageNumber=6&filterByStar=all_stars&sortBy=helpful&formatType=all_formats&asin=B0DH8CDH9J&reftag=cm_cr_arp_d_paging_btm_next_6&scope=reviewsAjax0,allStars,,B0DH8CDH9J,B0DH8CDH9J,B0DH8CDH9J,"{'price': None, 'listPrice': None}",https://www.amazon.in//boAt-Stone-193-Pro-Signature/dp/B0DH8CDH9J/ref=zg_bs_g_1389365031_d_sccl_24/261-0975833-5917763?psc=1,India,
Reviewed in India on 29 December 2024,amzn1.account.AHI6SRCSL62JY6MVWAJATESJ2BLA,https://www.amazon.in/gp/profile/amzn1.account.AHI6SRCSL62JY6MVWAJATESJ2BLA/ref=cm_cr_othr_d_gw_tr?ie=UTF8,5,Most valuable,R1ZOWMIGAP0LJB,https://www.amazon.in/gp/customer-reviews/R1ZOWMIGAP0LJB/ref=cm_cr_othr_d_rvw_ttl?ie=UTF8&ASIN=B0DH8CDH9J,,Nice product value for money most recommended product,True,False,[],2024-12-29,48,Colour: Tropical Blue,"[{'key': 'Colour', 'value': 'Tropical Blue'}]",,,https://www.amazon.in/product-reviews/B0DH8CDH9J?pageNumber=6&filterByStar=all_stars&sortBy=helpful&formatType=all_formats&asin=B0DH8CDH9J&reftag=cm_cr_arp_d_paging_btm_next_6&scope=reviewsAjax0,allStars,,B0DH8CDH9J,B0DH8CDH9J,B0DH8CDH9J,"{'price': None, 'listPrice': None}",https://www.amazon.in//boAt-Stone-193-Pro-Signature/dp/B0DH8CDH9J/ref=zg_bs_g_1389365031_d_sccl_24/261-0975833-5917763?psc=1,India,
Reviewed in India on 1 January 2025,amzn1.account.AEMNCLYYRGSUOQ7Y27KSBXI6CO2Q,https://www.amazon.in/gp/profile/amzn1.account.AEMNCLYYRGSUOQ7Y27KSBXI6CO2Q/ref=cm_cr_othr_d_gw_tr?ie=UTF8,5,Boatspeaker,R2FQ6GVMOUZY71,https://www.amazon.in/gp/customer-reviews/R2FQ6GVMOUZY71/ref=cm_cr_othr_d_rvw_ttl?ie=UTF8&ASIN=B0DH8CDH9J,,Very good product. Nice sound and good quality,True,False,[],2025-01-01,33,Colour: Tropical Blue,"[{'key': 'Colour', 'value': 'Tropical Blue'}]",,,https://www.amazon.in/product-reviews/B0DH8CDH9J?pageNumber=5&filterByStar=all_stars&sortBy=helpful&formatType=all_formats&asin=B0DH8CDH9J&reftag=cm_cr_arp_d_paging_btm_next_5&scope=reviewsAjax0,allStars,,B0DH8CDH9J,B0DH8CDH9J,B0DH8CDH9J,"{'price': None, 'listPrice': None}",https://www.amazon.in//boAt-Stone-193-Pro-Signature/dp/B0DH8CDH9J/ref=zg_bs_g_1389365031_d_sccl_24/261-0975833-5917763?psc=1,India,
Reviewed in India on 26 December 2024,amzn1.account.AEDEGSY4REBXAP3UM2Z6E32AUQ2A,https://www.amazon.in/gp/profile/amzn1.account.AEDEGSY4REBXAP3UM2Z6E32AUQ2A/ref=cm_cr_othr_d_gw_tr?ie=UTF8,5,Valuable for price,R6BLHIWQ6USU7,https://www.amazon.in/gp/customer-reviews/R6BLHIWQ6USU7/ref=cm_cr_othr_d_rvw_ttl?ie=UTF8&ASIN=B0DH8CDH9J,,"This speaker have impressive sound quality ,with rich bass and clear treble ,perfect battery back-up also",True,False,['https://m.media-amazon.com/images/I/71+sZ2L2XgL._SY88.jpg'],2024-12-26,34,Colour: Raging Black,"[{'key': 'Colour', 'value': 'Raging Black'}]",,,https://www.amazon.in/product-reviews/B0DH8CDH9J?pageNumber=5&filterByStar=all_stars&sortBy=helpful&formatType=all_formats&asin=B0DH8CDH9J&reftag=cm_cr_arp_d_paging_btm_next_5&scope=reviewsAjax0,allStars,,B0DH8CDH9J,B0DH8CDH9J,B0DH8CDH9J,"{'price': None, 'listPrice': None}",https://www.amazon.in//boAt-Stone-193-Pro-Signature/dp/B0DH8CDH9J/ref=zg_bs_g_1389365031_d_sccl_24/261-0975833-5917763?psc=1,India,
Reviewed in India on 28 December 2024,amzn1.account.AEWWUOXTGQTORHQ2EQPO72IQB32A,https://www.amazon.in/gp/profile/amzn1.account.AEWWUOXTGQTORHQ2EQPO72IQB32A/ref=cm_cr_othr_d_gw_tr?ie=UTF8,5,Most recommended,R1QY67DLNCG369,https://www.amazon.in/gp/customer-reviews/R1QY67DLNCG369/ref=cm_cr_othr_d_rvw_ttl?ie=UTF8&ASIN=B0DH8CDH9J,,Very useful product we can easily carry in travel time most recommended product,True,False,[],2024-12-28,35,Colour: Raging Black,"[{'key': 'Colour', 'value': 'Raging Black'}]",,,https://www.amazon.in/product-reviews/B0DH8CDH9J?pageNumber=5&filterByStar=all_stars&sortBy=helpful&formatType=all_formats&asin=B0DH8CDH9J&reftag=cm_cr_arp_d_paging_btm_next_5&scope=reviewsAjax0,allStars,,B0DH8CDH9J,B0DH8CDH9J,B0DH8CDH9J,"{'price': None, 'listPrice': None}",https://www.amazon.in//boAt-Stone-193-Pro-Signature/dp/B0DH8CDH9J/ref=zg_bs_g_1389365031_d_sccl_24/261-0975833-5917763?psc=1,India,
Reviewed in India on 1 January 2025,amzn1.account.AFVPQFL6BZCMSW5ABK7XHPVVI7WA,https://www.amazon.in/gp/profile/amzn1.account.AFVPQFL6BZCMSW5ABK7XHPVVI7WA/ref=cm_cr_othr_d_gw_tr?ie=UTF8,5,Good,R7G0VJ8Q1148J,https://www.amazon.in/gp/customer-reviews/R7G0VJ8Q1148J/ref=cm_cr_othr_d_rvw_ttl?ie=UTF8&ASIN=B0DH8CDH9J,,It's louder than my expectations.and it's small,True,False,[],2025-01-01,36,Colour: Tropical Blue,"[{'key': 'Colour', 'value': 'Tropical Blue'}]",,,https://www.amazon.in/product-reviews/B0DH8CDH9J?pageNumber=5&filterByStar=all_stars&sortBy=helpful&formatType=all_formats&asin=B0DH8CDH9J&reftag=cm_cr_arp_d_paging_btm_next_5&scope=reviewsAjax0,allStars,,B0DH8CDH9J,B0DH8CDH9J,B0DH8CDH9J,"{'price': None, 'listPrice': None}",https://www.amazon.in//boAt-Stone-193-Pro-Signature/dp/B0DH8CDH9J/ref=zg_bs_g_1389365031_d_sccl_24/261-0975833-5917763?psc=1,India,
Reviewed in India on 28 December 2024,amzn1.account.AEWYQLNYYFCGUWDKJIQVC3NOU4GA,https://www.amazon.in/gp/profile/amzn1.account.AEWYQLNYYFCGUWDKJIQVC3NOU4GA/ref=cm_cr_othr_d_gw_tr?ie=UTF8,5,Amazing Product,RUYV5JKGYRJI1,https://www.amazon.in/gp/customer-reviews/RUYV5JKGYRJI1/ref=cm_cr_othr_d_rvw_ttl?ie=UTF8&ASIN=B0DH8CDH9J,,Good sound and battery backup. Bass is also well.overall a good choice,True,False,[],2024-12-28,37,Colour: Tropical Blue,"[{'key': 'Colour', 'value': 'Tropical Blue'}]",,,https://www.amazon.in/product-reviews/B0DH8CDH9J?pageNumber=5&filterByStar=all_stars&sortBy=helpful&formatType=all_formats&asin=B0DH8CDH9J&reftag=cm_cr_arp_d_paging_btm_next_5&scope=reviewsAjax0,allStars,,B0DH8CDH9J,B0DH8CDH9J,B0DH8CDH9J,"{'price': None, 'listPrice': None}",https://www.amazon.in//boAt-Stone-193-Pro-Signature/dp/B0DH8CDH9J/ref=zg_bs_g_1389365031_d_sccl_24/261-0975833-5917763?psc=1,India,
Reviewed in India on 30 December 2024,amzn1.account.AEUR4IU6YYS5C5ZHBQQM5ZQCNB6Q,https://www.amazon.in/gp/profile/amzn1.account.AEUR4IU6YYS5C5ZHBQQM5ZQCNB6Q/ref=cm_cr_othr_d_gw_tr?ie=UTF8,5,Comfortable speaker,R18IRRDWZ4PRFU,https://www.amazon.in/gp/customer-reviews/R18IRRDWZ4PRFU/ref=cm_cr_othr_d_rvw_ttl?ie=UTF8&ASIN=B0DH8CDH9J,,Having a great comfort to handle and good functionality,True,False,[],2024-12-30,38,Colour: Tropical Blue,"[{'key': 'Colour', 'value': 'Tropical Blue'}]",,,https://www.amazon.in/product-reviews/B0DH8CDH9J?pageNumber=5&filterByStar=all_stars&sortBy=helpful&formatType=all_formats&asin=B0DH8CDH9J&reftag=cm_cr_arp_d_paging_btm_next_5&scope=reviewsAjax0,allStars,,B0DH8CDH9J,B0DH8CDH9J,B0DH8CDH9J,"{'price': None, 'listPrice': None}",https://www.amazon.in//boAt-Stone-193-Pro-Signature/dp/B0DH8CDH9J/ref=zg_bs_g_1389365031_d_sccl_24/261-0975833-5917763?psc=1,India,
Reviewed in India on 30 December 2024,amzn1.account.AHPC7256N7QUHBRZUQP5NDYFXQZA,https://www.amazon.in/gp/profile/amzn1.account.AHPC7256N7QUHBRZUQP5NDYFXQZA/ref=cm_cr_othr_d_gw_tr?ie=UTF8,5,Nice product.,R3EF5NAU97N530,https://www.amazon.in/gp/customer-reviews/R3EF5NAU97N530/ref=cm_cr_othr_d_rvw_ttl?ie=UTF8&ASIN=B0DH8CDH9J,,Nice sound quality ✨,True,False,[],2024-12-30,39,Colour: Tropical Blue,"[{'key': 'Colour', 'value': 'Tropical Blue'}]",,,https://www.amazon.in/product-reviews/B0DH8CDH9J?pageNumber=5&filterByStar=all_stars&sortBy=helpful&formatType=all_formats&asin=B0DH8CDH9J&reftag=cm_cr_arp_d_paging_btm_next_5&scope=reviewsAjax0,allStars,,B0DH8CDH9J,B0DH8CDH9J,B0DH8CDH9J,"{'price': None, 'listPrice': None}",https://www.amazon.in//boAt-Stone-193-Pro-Signature/dp/B0DH8CDH9J/ref=zg_bs_g_1389365031_d_sccl_24/261-0975833-5917763?psc=1,India,
Reviewed in India on 28 December 2024,amzn1.account.AHVRX6GID45CZHZUND5QXBRE63SQ,https://www.amazon.in/gp/profile/amzn1.account.AHVRX6GID45CZHZUND5QXBRE63SQ/ref=cm_cr_othr_d_gw_tr?ie=UTF8,5,Good product,R2QWA20UC6L3OP,https://www.amazon.in/gp/customer-reviews/R2QWA20UC6L3OP/ref=cm_cr_othr_d_rvw_ttl?ie=UTF8&ASIN=B0DH8CDH9J,,It looks better than the picture and quality is also good,True,False,[],2024-12-28,40,Colour: Tropical Blue,"[{'key': 'Colour', 'value': 'Tropical Blue'}]",,,https://www.amazon.in/product-reviews/B0DH8CDH9J?pageNumber=5&filterByStar=all_stars&sortBy=helpful&formatType=all_formats&asin=B0DH8CDH9J&reftag=cm_cr_arp_d_paging_btm_next_5&scope=reviewsAjax0,allStars,,B0DH8CDH9J,B0DH8CDH9J,B0DH8CDH9J,"{'price': None, 'listPrice': None}",https://www.amazon.in//boAt-Stone-193-Pro-Signature/dp/B0DH8CDH9J/ref=zg_bs_g_1389365031_d_sccl_24/261-0975833-5917763?psc=1,India,
Reviewed in India on 18 January 2025,amzn1.account.AFSCGLUHGEEPMGT5UKDHQLVIKCHA,https://www.amazon.in/gp/profile/amzn1.account.AFSCGLUHGEEPMGT5UKDHQLVIKCHA/ref=cm_cr_othr_d_gw_tr?ie=UTF8,4,Boat,R1BC7OEPV1ND7K,https://www.amazon.in/gp/customer-reviews/R1BC7OEPV1ND7K/ref=cm_cr_othr_d_rvw_ttl?ie=UTF8&ASIN=B0DH8CDH9J,,better to use,True,False,[],2025-01-18,9,Colour: Tropical Blue,"[{'key': 'Colour', 'value': 'Tropical Blue'}]",,,https://www.amazon.in/product-reviews/B0DH8CDH9J?pageNumber=2&filterByStar=all_stars&sortBy=helpful&formatType=all_formats&asin=B0DH8CDH9J&reftag=cm_cr_arp_d_paging_btm_next_2&scope=reviewsAjax0,allStars,,B0DH8CDH9J,B0DH8CDH9J,B0DH8CDH9J,"{'price': None, 'listPrice': None}",https://www.amazon.in//boAt-Stone-193-Pro-Signature/dp/B0DH8CDH9J/ref=zg_bs_g_1389365031_d_sccl_24/261-0975833-5917763?psc=1,India,
Reviewed in India on 30 December 2024,amzn1.account.AFRS2UX2EVWRJEM4GLV2DVPCD4OQ,https://www.amazon.in/gp/profile/amzn1.account.AFRS2UX2EVWRJEM4GLV2DVPCD4OQ/ref=cm_cr_othr_d_gw_tr?ie=UTF8,4,Great looking and Good Quality,RYR6F2GI4V9FG,https://www.amazon.in/gp/customer-reviews/RYR6F2GI4V9FG/ref=cm_cr_othr_d_rvw_ttl?ie=UTF8&ASIN=B0DH8CDH9J,,"It's a 5W speaker with microphone that I required for my virtual call meetings, so please don't expect anything more. This is my first BOAT product, and I really enjoyed the quality and finish. It's a good buy overall.",True,False,[],2024-12-30,10,Colour: Raging Black,"[{'key': 'Colour', 'value': 'Raging Black'}]",,,https://www.amazon.in/product-reviews/B0DH8CDH9J?pageNumber=2&filterByStar=all_stars&sortBy=helpful&formatType=all_formats&asin=B0DH8CDH9J&reftag=cm_cr_arp_d_paging_btm_next_2&scope=reviewsAjax0,allStars,,B0DH8CDH9J,B0DH8CDH9J,B0DH8CDH9J,"{'price': None, 'listPrice': None}",https://www.amazon.in//boAt-Stone-193-Pro-Signature/dp/B0DH8CDH9J/ref=zg_bs_g_1389365031_d_sccl_24/261-0975833-5917763?psc=1,India,
Reviewed in India on 27 December 2024,amzn1.account.AG254APHRB3L3WVYM5NASHIH3LYQ,https://www.amazon.in/gp/profile/amzn1.account.AG254APHRB3L3WVYM5NASHIH3LYQ/ref=cm_cr_othr_d_gw_tr?ie=UTF8,4,Happy with the product,R1II1GTY3AVT7E,https://www.amazon.in/gp/customer-reviews/R1II1GTY3AVT7E/ref=cm_cr_othr_d_rvw_ttl?ie=UTF8&ASIN=B0DH8CDH9J,,Iam personally happy and satisfied with the output of this speaker. I have tested it's battery at various volume levels..And it's good 👍,True,False,[],2024-12-27,11,Colour: Raging Black,"[{'key': 'Colour', 'value': 'Raging Black'}]",,,https://www.amazon.in/product-reviews/B0DH8CDH9J?pageNumber=2&filterByStar=all_stars&sortBy=helpful&formatType=all_formats&asin=B0DH8CDH9J&reftag=cm_cr_arp_d_paging_btm_next_2&scope=reviewsAjax0,allStars,,B0DH8CDH9J,B0DH8CDH9J,B0DH8CDH9J,"{'price': None, 'listPrice': None}",https://www.amazon.in//boAt-Stone-193-Pro-Signature/dp/B0DH8CDH9J/ref=zg_bs_g_1389365031_d_sccl_24/261-0975833-5917763?psc=1,India,
Reviewed in India on 31 December 2024,amzn1.account.AF6G3EENHAUTVA3PPOU4RSG3SU7Q,https://www.amazon.in/gp/profile/amzn1.account.AF6G3EENHAUTVA3PPOU4RSG3SU7Q/ref=cm_cr_othr_d_gw_tr?ie=UTF8,4,Nice product,R1F6DSFLN2ZVGT,https://www.amazon.in/gp/customer-reviews/R1F6DSFLN2ZVGT/ref=cm_cr_othr_d_rvw_ttl?ie=UTF8&ASIN=B0DH8CDH9J,,You can feel the  bass.... Good one,True,False,[],2024-12-31,12,Colour: Tropical Blue,"[{'key': 'Colour', 'value': 'Tropical Blue'}]",,,https://www.amazon.in/product-reviews/B0DH8CDH9J?pageNumber=2&filterByStar=all_stars&sortBy=helpful&formatType=all_formats&asin=B0DH8CDH9J&reftag=cm_cr_arp_d_paging_btm_next_2&scope=reviewsAjax0,allStars,,B0DH8CDH9J,B0DH8CDH9J,B0DH8CDH9J,"{'price': None, 'listPrice': None}",https://www.amazon.in//boAt-Stone-193-Pro-Signature/dp/B0DH8CDH9J/ref=zg_bs_g_1389365031_d_sccl_24/261-0975833-5917763?psc=1,India,
Reviewed in India on 29 December 2024,amzn1.account.AEBRNOIFHNGDPHG6S7DQYOY6EIMQ,https://www.amazon.in/gp/profile/amzn1.account.AEBRNOIFHNGDPHG6S7DQYOY6EIMQ/ref=cm_cr_othr_d_gw_tr?ie=UTF8,4,Nice,R1KPATF0HSYD6V,https://www.amazon.in/gp/customer-reviews/R1KPATF0HSYD6V/ref=cm_cr_othr_d_rvw_ttl?ie=UTF8&ASIN=B0DH8CDH9J,,I love this boat speaker with this price range,True,False,[],2024-12-29,13,Colour: Tropical Blue,"[{'key': 'Colour', 'value': 'Tropical Blue'}]",,,https://www.amazon.in/product-reviews/B0DH8CDH9J?pageNumber=2&filterByStar=all_stars&sortBy=helpful&formatType=all_formats&asin=B0DH8CDH9J&reftag=cm_cr_arp_d_paging_btm_next_2&scope=reviewsAjax0,allStars,,B0DH8CDH9J,B0DH8CDH9J,B0DH8CDH9J,"{'price': None, 'listPrice': None}",https://www.amazon.in//boAt-Stone-193-Pro-Signature/dp/B0DH8CDH9J/ref=zg_bs_g_1389365031_d_sccl_24/261-0975833-5917763?psc=1,India,
Reviewed in India on 29 December 2024,amzn1.account.AHPZ5PRELBSMG7L6L3DU37OVBOGA,https://www.amazon.in/gp/profile/amzn1.account.AHPZ5PRELBSMG7L6L3DU37OVBOGA/ref=cm_cr_othr_d_gw_tr?ie=UTF8,4,Good,R3DFC4RCO7TATZ,https://www.amazon.in/gp/customer-reviews/R3DFC4RCO7TATZ/ref=cm_cr_othr_d_rvw_ttl?ie=UTF8&ASIN=B0DH8CDH9J,,Good speaker for its price,True,False,[],2024-12-29,14,Colour: Tropical Blue,"[{'key': 'Colour', 'value': 'Tropical Blue'}]",,,https://www.amazon.in/product-reviews/B0DH8CDH9J?pageNumber=2&filterByStar=all_stars&sortBy=helpful&formatType=all_formats&asin=B0DH8CDH9J&reftag=cm_cr_arp_d_paging_btm_next_2&scope=reviewsAjax0,allStars,,B0DH8CDH9J,B0DH8CDH9J,B0DH8CDH9J,"{'price': None, 'listPrice': None}",https://www.amazon.in//boAt-Stone-193-Pro-Signature/dp/B0DH8CDH9J/ref=zg_bs_g_1389365031_d_sccl_24/261-0975833-5917763?psc=1,India,
Reviewed in India on 26 December 2024,amzn1.account.AG65S4UFO4MNAI22B4A7S65AB63A,https://www.amazon.in/gp/profile/amzn1.account.AG65S4UFO4MNAI22B4A7S65AB63A/ref=cm_cr_othr_d_gw_tr?ie=UTF8,4,Nice,R2K2BHW181FZWR,https://www.amazon.in/gp/customer-reviews/R2K2BHW181FZWR/ref=cm_cr_othr_d_rvw_ttl?ie=UTF8&ASIN=B0DH8CDH9J,,Price consider cheyyumpol oru nalla choice aan.good quality speeker with thangavunna price ☺️,True,False,[],2024-12-26,15,Colour: Tropical Blue,"[{'key': 'Colour', 'value': 'Tropical Blue'}]",,,https://www.amazon.in/product-reviews/B0DH8CDH9J?pageNumber=2&filterByStar=all_stars&sortBy=helpful&formatType=all_formats&asin=B0DH8CDH9J&reftag=cm_cr_arp_d_paging_btm_next_2&scope=reviewsAjax0,allStars,,B0DH8CDH9J,B0DH8CDH9J,B0DH8CDH9J,"{'price': None, 'listPrice': None}",https://www.amazon.in//boAt-Stone-193-Pro-Signature/dp/B0DH8CDH9J/ref=zg_bs_g_1389365031_d_sccl_24/261-0975833-5917763?psc=1,India,
Reviewed in India on 21 December 2024,amzn1.account.AHYXCWMGM3XNBE5SRHKUSYG3OE2A,https://www.amazon.in/gp/profile/amzn1.account.AHYXCWMGM3XNBE5SRHKUSYG3OE2A/ref=cm_cr_othr_d_gw_tr?ie=UTF8,4,Worthy,R2W0VSOBGMUS7N,https://www.amazon.in/gp/customer-reviews/R2W0VSOBGMUS7N/ref=cm_cr_othr_d_rvw_ttl?ie=UTF8&ASIN=B0DH8CDH9J,,The sound quality is clear and the battery lasts more than I expected. Perfect one for outdoor use,True,False,[],2024-12-21,16,Colour: Tropical Blue,"[{'key': 'Colour', 'value': 'Tropical Blue'}]",,,https://www.amazon.in/product-reviews/B0DH8CDH9J?pageNumber=2&filterByStar=all_stars&sortBy=helpful&formatType=all_formats&asin=B0DH8CDH9J&reftag=cm_cr_arp_d_paging_btm_next_2&scope=reviewsAjax0,allStars,,B0DH8CDH9J,B0DH8CDH9J,B0DH8CDH9J,"{'price': None, 'listPrice': None}",https://www.amazon.in//boAt-Stone-193-Pro-Signature/dp/B0DH8CDH9J/ref=zg_bs_g_1389365031_d_sccl_24/261-0975833-5917763?psc=1,India,
Reviewed in India on 28 December 2024,amzn1.account.AHZOJZ43RGRA4EU6I6A76NTSS6DQ,https://www.amazon.in/gp/profile/amzn1.account.AHZOJZ43RGRA4EU6I6A76NTSS6DQ/ref=cm_cr_othr_d_gw_tr?ie=UTF8,5,Good,R32GKDUC2ARDFH,https://www.amazon.in/gp/customer-reviews/R32GKDUC2ARDFH/ref=cm_cr_othr_d_rvw_ttl?ie=UTF8&ASIN=B0DH8CDH9J,,I love this boat speaker...with this price range..,True,False,[],2024-12-28,57,Colour: Tropical Blue,"[{'key': 'Colour', 'value': 'Tropical Blue'}]",,,https://www.amazon.in/product-reviews/B0DH8CDH9J?pageNumber=8&filterByStar=all_stars&sortBy=helpful&formatType=all_formats&asin=B0DH8CDH9J&reftag=cm_cr_arp_d_paging_btm_next_8&scope=reviewsAjax0,allStars,,B0DH8CDH9J,B0DH8CDH9J,B0DH8CDH9J,"{'price': None, 'listPrice': None}",https://www.amazon.in//boAt-Stone-193-Pro-Signature/dp/B0DH8CDH9J/ref=zg_bs_g_1389365031_d_sccl_24/261-0975833-5917763?psc=1,India,
Reviewed in India on 25 December 2024,amzn1.account.AHNDZ6HTCI3VPRBHJ3MVUZLOU5EA,https://www.amazon.in/gp/profile/amzn1.account.AHNDZ6HTCI3VPRBHJ3MVUZLOU5EA/ref=cm_cr_othr_d_gw_tr?ie=UTF8,5,Awesome,R2F8S42T0CX7PI,https://www.amazon.in/gp/customer-reviews/R2F8S42T0CX7PI/ref=cm_cr_othr_d_rvw_ttl?ie=UTF8&ASIN=B0DH8CDH9J,,"Nice speaker, amazing quality,superb sound...",True,False,[],2024-12-25,58,Colour: Tropical Blue,"[{'key': 'Colour', 'value': 'Tropical Blue'}]",,,https://www.amazon.in/product-reviews/B0DH8CDH9J?pageNumber=8&filterByStar=all_stars&sortBy=helpful&formatType=all_formats&asin=B0DH8CDH9J&reftag=cm_cr_arp_d_paging_btm_next_8&scope=reviewsAjax0,allStars,,B0DH8CDH9J,B0DH8CDH9J,B0DH8CDH9J,"{'price': None, 'listPrice': None}",https://www.amazon.in//boAt-Stone-193-Pro-Signature/dp/B0DH8CDH9J/ref=zg_bs_g_1389365031_d_sccl_24/261-0975833-5917763?psc=1,India,
Reviewed in India on 28 December 2024,amzn1.account.AFHYWUYTVQMG3OLGKTD4RS7PBX4Q,https://www.amazon.in/gp/profile/amzn1.account.AFHYWUYTVQMG3OLGKTD4RS7PBX4Q/ref=cm_cr_othr_d_gw_tr?ie=UTF8,5,Worh.....👍,R7YX75OK285FC,https://www.amazon.in/gp/customer-reviews/R7YX75OK285FC/ref=cm_cr_othr_d_rvw_ttl?ie=UTF8&ASIN=B0DH8CDH9J,,Good performance..i like itExcellent sound and Bass..,True,False,[],2024-12-28,59,Colour: Tropical Blue,"[{'key': 'Colour', 'value': 'Tropical Blue'}]",,,https://www.amazon.in/product-reviews/B0DH8CDH9J?pageNumber=8&filterByStar=all_stars&sortBy=helpful&formatType=all_formats&asin=B0DH8CDH9J&reftag=cm_cr_arp_d_paging_btm_next_8&scope=reviewsAjax0,allStars,,B0DH8CDH9J,B0DH8CDH9J,B0DH8CDH9J,"{'price': None, 'listPrice': None}",https://www.amazon.in//boAt-Stone-193-Pro-Signature/dp/B0DH8CDH9J/ref=zg_bs_g_1389365031_d_sccl_24/261-0975833-5917763?psc=1,India,
Reviewed in India on 26 December 2024,amzn1.account.AFEBMEGKVTCLWABMUBDNT2TXYFYA,https://www.amazon.in/gp/profile/amzn1.account.AFEBMEGKVTCLWABMUBDNT2TXYFYA/ref=cm_cr_othr_d_gw_tr?ie=UTF8,5,Good sound,RT9LQ0INHKQ59,https://www.amazon.in/gp/customer-reviews/RT9LQ0INHKQ59/ref=cm_cr_othr_d_rvw_ttl?ie=UTF8&ASIN=B0DH8CDH9J,,"It gives better sound in this price, value for money",True,False,[],2024-12-26,60,Colour: Tropical Blue,"[{'key': 'Colour', 'value': 'Tropical Blue'}]",,,https://www.amazon.in/product-reviews/B0DH8CDH9J?pageNumber=8&filterByStar=all_stars&sortBy=helpful&formatType=all_formats&asin=B0DH8CDH9J&reftag=cm_cr_arp_d_paging_btm_next_8&scope=reviewsAjax0,allStars,,B0DH8CDH9J,B0DH8CDH9J,B0DH8CDH9J,"{'price': None, 'listPrice': None}",https://www.amazon.in//boAt-Stone-193-Pro-Signature/dp/B0DH8CDH9J/ref=zg_bs_g_1389365031_d_sccl_24/261-0975833-5917763?psc=1,India,
Reviewed in India on 26 December 2024,amzn1.account.AF457YRA3NX3GZ42N7RP46VZJLLQ,https://www.amazon.in/gp/profile/amzn1.account.AF457YRA3NX3GZ42N7RP46VZJLLQ/ref=cm_cr_othr_d_gw_tr?ie=UTF8,5,Good,RSWQD2YOQQFZX,https://www.amazon.in/gp/customer-reviews/RSWQD2YOQQFZX/ref=cm_cr_othr_d_rvw_ttl?ie=UTF8&ASIN=B0DH8CDH9J,,Ee price range il oru best product..nalla sound quality 👍,True,False,[],2024-12-26,61,Colour: Tropical Blue,"[{'key': 'Colour', 'value': 'Tropical Blue'}]",,,https://www.amazon.in/product-reviews/B0DH8CDH9J?pageNumber=8&filterByStar=all_stars&sortBy=helpful&formatType=all_formats&asin=B0DH8CDH9J&reftag=cm_cr_arp_d_paging_btm_next_8&scope=reviewsAjax0,allStars,,B0DH8CDH9J,B0DH8CDH9J,B0DH8CDH9J,"{'price': None, 'listPrice': None}",https://www.amazon.in//boAt-Stone-193-Pro-Signature/dp/B0DH8CDH9J/ref=zg_bs_g_1389365031_d_sccl_24/261-0975833-5917763?psc=1,India,
Reviewed in India on 27 December 2024,amzn1.account.AGM67NGSKH4V6NFB6NFD44ATIJVA,https://www.amazon.in/gp/profile/amzn1.account.AGM67NGSKH4V6NFB6NFD44ATIJVA/ref=cm_cr_othr_d_gw_tr?ie=UTF8,5,Impressed,RE1T2LW5YKK9K,https://www.amazon.in/gp/customer-reviews/RE1T2LW5YKK9K/ref=cm_cr_othr_d_rvw_ttl?ie=UTF8&ASIN=B0DH8CDH9J,,Iam impressed with the sound and the Bass ...,True,False,[],2024-12-27,62,Colour: Tropical Blue,"[{'key': 'Colour', 'value': 'Tropical Blue'}]",,,https://www.amazon.in/product-reviews/B0DH8CDH9J?pageNumber=8&filterByStar=all_stars&sortBy=helpful&formatType=all_formats&asin=B0DH8CDH9J&reftag=cm_cr_arp_d_paging_btm_next_8&scope=reviewsAjax0,allStars,,B0DH8CDH9J,B0DH8CDH9J,B0DH8CDH9J,"{'price': None, 'listPrice': None}",https://www.amazon.in//boAt-Stone-193-Pro-Signature/dp/B0DH8CDH9J/ref=zg_bs_g_1389365031_d_sccl_24/261-0975833-5917763?psc=1,India,
Reviewed in India on 31 December 2024,amzn1.account.AFYJENCWSTA4IP353JX4RJYSBCRQ,https://www.amazon.in/gp/profile/amzn1.account.AFYJENCWSTA4IP353JX4RJYSBCRQ/ref=cm_cr_othr_d_gw_tr?ie=UTF8,5,Excellent Product,R1NHW1ZJZTC15Q,https://www.amazon.in/gp/customer-reviews/R1NHW1ZJZTC15Q/ref=cm_cr_othr_d_rvw_ttl?ie=UTF8&ASIN=B0DH8CDH9J,,Completely satisfied...value for money,True,False,[],2024-12-31,63,Colour: Tropical Blue,"[{'key': 'Colour', 'value': 'Tropical Blue'}]",,,https://www.amazon.in/product-reviews/B0DH8CDH9J?pageNumber=8&filterByStar=all_stars&sortBy=helpful&formatType=all_formats&asin=B0DH8CDH9J&reftag=cm_cr_arp_d_paging_btm_next_8&scope=reviewsAjax0,allStars,,B0DH8CDH9J,B0DH8CDH9J,B0DH8CDH9J,"{'price': None, 'listPrice': None}",https://www.amazon.in//boAt-Stone-193-Pro-Signature/dp/B0DH8CDH9J/ref=zg_bs_g_1389365031_d_sccl_24/261-0975833-5917763?psc=1,India,
Reviewed in India on 26 December 2024,amzn1.account.AFFE4SEXEK4BQS5H6FEEKZQZLIWQ,https://www.amazon.in/gp/profile/amzn1.account.AFFE4SEXEK4BQS5H6FEEKZQZLIWQ/ref=cm_cr_othr_d_gw_tr?ie=UTF8,5,Super product,RT35YM5P8N1K8,https://www.amazon.in/gp/customer-reviews/RT35YM5P8N1K8/ref=cm_cr_othr_d_rvw_ttl?ie=UTF8&ASIN=B0DH8CDH9J,,It’s an amazing product loved it so balanced sound quality,True,False,[],2024-12-26,64,Colour: Raging Black,"[{'key': 'Colour', 'value': 'Raging Black'}]",,,https://www.amazon.in/product-reviews/B0DH8CDH9J?pageNumber=8&filterByStar=all_stars&sortBy=helpful&formatType=all_formats&asin=B0DH8CDH9J&reftag=cm_cr_arp_d_paging_btm_next_8&scope=reviewsAjax0,allStars,,B0DH8CDH9J,B0DH8CDH9J,B0DH8CDH9J,"{'price': None, 'listPrice': None}",https://www.amazon.in//boAt-Stone-193-Pro-Signature/dp/B0DH8CDH9J/ref=zg_bs_g_1389365031_d_sccl_24/261-0975833-5917763?psc=1,India,
Reviewed in India on 28 December 2024,amzn1.account.AH6BQKGAQEA6CLR7O2IACNNVDRNA,https://www.amazon.in/gp/profile/amzn1.account.AH6BQKGAQEA6CLR7O2IACNNVDRNA/ref=cm_cr_othr_d_gw_tr?ie=UTF8,5,ASHIK AMEEN,RGODLISK7V2LW,https://www.amazon.in/gp/customer-reviews/RGODLISK7V2LW/ref=cm_cr_othr_d_rvw_ttl?ie=UTF8&ASIN=B0DH8CDH9J,,It provides good quality in sound..,True,False,[],2024-12-28,73,Colour: Tropical Blue,"[{'key': 'Colour', 'value': 'Tropical Blue'}]",,,https://www.amazon.in/product-reviews/B0DH8CDH9J?pageNumber=10&filterByStar=all_stars&sortBy=helpful&formatType=all_formats&asin=B0DH8CDH9J&reftag=cm_cr_arp_d_paging_btm_next_10&scope=reviewsAjax0,allStars,,B0DH8CDH9J,B0DH8CDH9J,B0DH8CDH9J,"{'price': None, 'listPrice': None}",https://www.amazon.in//boAt-Stone-193-Pro-Signature/dp/B0DH8CDH9J/ref=zg_bs_g_1389365031_d_sccl_24/261-0975833-5917763?psc=1,India,
Reviewed in India on 26 December 2024,amzn1.account.AEGVHLUKJDMN2UB4U4V7QOX4VZCA,https://www.amazon.in/gp/profile/amzn1.account.AEGVHLUKJDMN2UB4U4V7QOX4VZCA/ref=cm_cr_othr_d_gw_tr?ie=UTF8,5,Worthy..,R2E5086GAJKK53,https://www.amazon.in/gp/customer-reviews/R2E5086GAJKK53/ref=cm_cr_othr_d_rvw_ttl?ie=UTF8&ASIN=B0DH8CDH9J,,A great purchase for small budget....good and clean sound....,True,False,[],2024-12-26,74,Colour: Raging Black,"[{'key': 'Colour', 'value': 'Raging Black'}]",,,https://www.amazon.in/product-reviews/B0DH8CDH9J?pageNumber=10&filterByStar=all_stars&sortBy=helpful&formatType=all_formats&asin=B0DH8CDH9J&reftag=cm_cr_arp_d_paging_btm_next_10&scope=reviewsAjax0,allStars,,B0DH8CDH9J,B0DH8CDH9J,B0DH8CDH9J,"{'price': None, 'listPrice': None}",https://www.amazon.in//boAt-Stone-193-Pro-Signature/dp/B0DH8CDH9J/ref=zg_bs_g_1389365031_d_sccl_24/261-0975833-5917763?psc=1,India,
Reviewed in India on 26 September 2024,amzn1.account.AFTOHTYZQJYUREHUZGYEI4QQCLJA,https://www.amazon.in/gp/profile/amzn1.account.AFTOHTYZQJYUREHUZGYEI4QQCLJA/ref=cm_cr_othr_d_gw_tr?ie=UTF8,4,Good,R1WVHJEPMD9TRD,https://www.amazon.in/gp/customer-reviews/R1WVHJEPMD9TRD/ref=cm_cr_othr_d_rvw_ttl?ie=UTF8&ASIN=B0DH8CDH9J,5 people found this helpful,Product is good  sound is decent quality is good  just for home or one room it works. Good,True,False,"['https://m.media-amazon.com/images/I/71RLPlO4JeL._SY88.jpg', 'https://m.media-amazon.com/images/I/812mjYTh1cL._SY88.jpg', 'https://m.media-amazon.com/images/I/81VKfU7N+IL._SY88.jpg', 'https://m.media-amazon.com/images/I/81vBPL1dJTL._SY88.jpg']",2024-09-26,75,Colour: Raging Black,"[{'key': 'Colour', 'value': 'Raging Black'}]",,,https://www.amazon.in/product-reviews/B0DH8CDH9J?pageNumber=10&filterByStar=all_stars&sortBy=helpful&formatType=all_formats&asin=B0DH8CDH9J&reftag=cm_cr_arp_d_paging_btm_next_10&scope=reviewsAjax0,allStars,,B0DH8CDH9J,B0DH8CDH9J,B0DH8CDH9J,"{'price': None, 'listPrice': None}",https://www.amazon.in//boAt-Stone-193-Pro-Signature/dp/B0DH8CDH9J/ref=zg_bs_g_1389365031_d_sccl_24/261-0975833-5917763?psc=1,India,
Reviewed in India on 26 December 2024,amzn1.account.AGUOKHBC7OC6V2JDZRWUB7UF2HEQ,https://www.amazon.in/gp/profile/amzn1.account.AGUOKHBC7OC6V2JDZRWUB7UF2HEQ/ref=cm_cr_othr_d_gw_tr?ie=UTF8,5,Good one..,RQ8JGVZH9F30E,https://www.amazon.in/gp/customer-reviews/RQ8JGVZH9F30E/ref=cm_cr_othr_d_rvw_ttl?ie=UTF8&ASIN=B0DH8CDH9J,,Louder with good Bass at this price...That's impressive..,True,False,[],2024-12-26,76,Colour: Raging Black,"[{'key': 'Colour', 'value': 'Raging Black'}]",,,https://www.amazon.in/product-reviews/B0DH8CDH9J?pageNumber=10&filterByStar=all_stars&sortBy=helpful&formatType=all_formats&asin=B0DH8CDH9J&reftag=cm_cr_arp_d_paging_btm_next_10&scope=reviewsAjax0,allStars,,B0DH8CDH9J,B0DH8CDH9J,B0DH8CDH9J,"{'price': None, 'listPrice': None}",https://www.amazon.in//boAt-Stone-193-Pro-Signature/dp/B0DH8CDH9J/ref=zg_bs_g_1389365031_d_sccl_24/261-0975833-5917763?psc=1,India,
Reviewed in India on 28 December 2024,amzn1.account.AENWDFBFUID4PQCXLRD7KOLVR5RA,https://www.amazon.in/gp/profile/amzn1.account.AENWDFBFUID4PQCXLRD7KOLVR5RA/ref=cm_cr_othr_d_gw_tr?ie=UTF8,5,Nice product,R138RT0IACC5Y,https://www.amazon.in/gp/customer-reviews/R138RT0IACC5Y/ref=cm_cr_othr_d_rvw_ttl?ie=UTF8&ASIN=B0DH8CDH9J,,Nice soundNice bassAwasome product,True,False,[],2024-12-28,77,Colour: Tropical Blue,"[{'key': 'Colour', 'value': 'Tropical Blue'}]",,,https://www.amazon.in/product-reviews/B0DH8CDH9J?pageNumber=10&filterByStar=all_stars&sortBy=helpful&formatType=all_formats&asin=B0DH8CDH9J&reftag=cm_cr_arp_d_paging_btm_next_10&scope=reviewsAjax0,allStars,,B0DH8CDH9J,B0DH8CDH9J,B0DH8CDH9J,"{'price': None, 'listPrice': None}",https://www.amazon.in//boAt-Stone-193-Pro-Signature/dp/B0DH8CDH9J/ref=zg_bs_g_1389365031_d_sccl_24/261-0975833-5917763?psc=1,India,
Reviewed in India on 27 December 2024,amzn1.account.AEUZOJMRDGPQIUX4BC4GXX42FURA,https://www.amazon.in/gp/profile/amzn1.account.AEUZOJMRDGPQIUX4BC4GXX42FURA/ref=cm_cr_othr_d_gw_tr?ie=UTF8,5,Sound and bass worth for the money...,R1E81UVRCJW8E1,https://www.amazon.in/gp/customer-reviews/R1E81UVRCJW8E1/ref=cm_cr_othr_d_rvw_ttl?ie=UTF8&ASIN=B0DH8CDH9J,,"Best battery life, sound quality and bass.",True,False,[],2024-12-27,78,Colour: Tropical Blue,"[{'key': 'Colour', 'value': 'Tropical Blue'}]",,,https://www.amazon.in/product-reviews/B0DH8CDH9J?pageNumber=10&filterByStar=all_stars&sortBy=helpful&formatType=all_formats&asin=B0DH8CDH9J&reftag=cm_cr_arp_d_paging_btm_next_10&scope=reviewsAjax0,allStars,,B0DH8CDH9J,B0DH8CDH9J,B0DH8CDH9J,"{'price': None, 'listPrice': None}",https://www.amazon.in//boAt-Stone-193-Pro-Signature/dp/B0DH8CDH9J/ref=zg_bs_g_1389365031_d_sccl_24/261-0975833-5917763?psc=1,India,
Reviewed in India on 27 December 2024,amzn1.account.AGZYOSKNIMVO63AOD6R3ZBQO3IXQ,https://www.amazon.in/gp/profile/amzn1.account.AGZYOSKNIMVO63AOD6R3ZBQO3IXQ/ref=cm_cr_othr_d_gw_tr?ie=UTF8,5,Most recommended,RDB5YTDMSTBEC,https://www.amazon.in/gp/customer-reviews/RDB5YTDMSTBEC/ref=cm_cr_othr_d_rvw_ttl?ie=UTF8&ASIN=B0DH8CDH9J,,Superb sound with amazing build quality....,True,False,[],2024-12-27,79,Colour: Tropical Blue,"[{'key': 'Colour', 'value': 'Tropical Blue'}]",,,https://www.amazon.in/product-reviews/B0DH8CDH9J?pageNumber=10&filterByStar=all_stars&sortBy=helpful&formatType=all_formats&asin=B0DH8CDH9J&reftag=cm_cr_arp_d_paging_btm_next_10&scope=reviewsAjax0,allStars,,B0DH8CDH9J,B0DH8CDH9J,B0DH8CDH9J,"{'price': None, 'listPrice': None}",https://www.amazon.in//boAt-Stone-193-Pro-Signature/dp/B0DH8CDH9J/ref=zg_bs_g_1389365031_d_sccl_24/261-0975833-5917763?psc=1,India,
Reviewed in India on 27 December 2024,amzn1.account.AFEJS3JAKGOW2YENBVEJ3FGNO3WQ,https://www.amazon.in/gp/profile/amzn1.account.AFEJS3JAKGOW2YENBVEJ3FGNO3WQ/ref=cm_cr_othr_d_gw_tr?ie=UTF8,5,good quality,R33WSQOJIQHEP8,https://www.amazon.in/gp/customer-reviews/R33WSQOJIQHEP8/ref=cm_cr_othr_d_rvw_ttl?ie=UTF8&ASIN=B0DH8CDH9J,,Very good quality and good sound,True,False,[],2024-12-27,80,Colour: Tropical Blue,"[{'key': 'Colour', 'value': 'Tropical Blue'}]",,,https://www.amazon.in/product-reviews/B0DH8CDH9J?pageNumber=10&filterByStar=all_stars&sortBy=helpful&formatType=all_formats&asin=B0DH8CDH9J&reftag=cm_cr_arp_d_paging_btm_next_10&scope=reviewsAjax0,allStars,,B0DH8CDH9J,B0DH8CDH9J,B0DH8CDH9J,"{'price': None, 'listPrice': None}",https://www.amazon.in//boAt-Stone-193-Pro-Signature/dp/B0DH8CDH9J/ref=zg_bs_g_1389365031_d_sccl_24/261-0975833-5917763?psc=1,India,
Reviewed in India on 1 January 2025,amzn1.account.AFSTJ25COTW22WPZABADISYUFWLQ,https://www.amazon.in/gp/profile/amzn1.account.AFSTJ25COTW22WPZABADISYUFWLQ/ref=cm_cr_othr_d_gw_tr?ie=UTF8,5,Better sound quality,R2LK0SQ69T3UT4,https://www.amazon.in/gp/customer-reviews/R2LK0SQ69T3UT4/ref=cm_cr_othr_d_rvw_ttl?ie=UTF8&ASIN=B0DH8CDH9J,,"Sound quality is very nice ,bass and treble also too good",True,False,[],2025-01-01,25,Colour: Raging Black,"[{'key': 'Colour', 'value': 'Raging Black'}]",,,https://www.amazon.in/product-reviews/B0DH8CDH9J?pageNumber=4&filterByStar=all_stars&sortBy=helpful&formatType=all_formats&asin=B0DH8CDH9J&reftag=cm_cr_arp_d_paging_btm_next_4&scope=reviewsAjax0,allStars,,B0DH8CDH9J,B0DH8CDH9J,B0DH8CDH9J,"{'price': None, 'listPrice': None}",https://www.amazon.in//boAt-Stone-193-Pro-Signature/dp/B0DH8CDH9J/ref=zg_bs_g_1389365031_d_sccl_24/261-0975833-5917763?psc=1,India,
Reviewed in India on 3 January 2025,amzn1.account.AGVMQLJYCGCWWSSAUBULSZQ2CBHA,https://www.amazon.in/gp/profile/amzn1.account.AGVMQLJYCGCWWSSAUBULSZQ2CBHA/ref=cm_cr_othr_d_gw_tr?ie=UTF8,5,Good one,RQ0HCH3O153WO,https://www.amazon.in/gp/customer-reviews/RQ0HCH3O153WO/ref=cm_cr_othr_d_rvw_ttl?ie=UTF8&ASIN=B0DH8CDH9J,,"Easy to connect, easy to carry, nice sound...overall a good one..",True,False,[],2025-01-03,26,Colour: Tropical Blue,"[{'key': 'Colour', 'value': 'Tropical Blue'}]",,,https://www.amazon.in/product-reviews/B0DH8CDH9J?pageNumber=4&filterByStar=all_stars&sortBy=helpful&formatType=all_formats&asin=B0DH8CDH9J&reftag=cm_cr_arp_d_paging_btm_next_4&scope=reviewsAjax0,allStars,,B0DH8CDH9J,B0DH8CDH9J,B0DH8CDH9J,"{'price': None, 'listPrice': None}",https://www.amazon.in//boAt-Stone-193-Pro-Signature/dp/B0DH8CDH9J/ref=zg_bs_g_1389365031_d_sccl_24/261-0975833-5917763?psc=1,India,
Reviewed in India on 30 December 2024,amzn1.account.AFY37YNUDIQ3VOOIODGR4Q74ZDIA,https://www.amazon.in/gp/profile/amzn1.account.AFY37YNUDIQ3VOOIODGR4Q74ZDIA/ref=cm_cr_othr_d_gw_tr?ie=UTF8,5,It's good,R27XAEFESUJMYF,https://www.amazon.in/gp/customer-reviews/R27XAEFESUJMYF/ref=cm_cr_othr_d_rvw_ttl?ie=UTF8&ASIN=B0DH8CDH9J,One person found this helpful,"It's a good purchase for me, A Better option for this budget.. good design quality and sound...",True,False,[],2024-12-30,27,Colour: Raging Black,"[{'key': 'Colour', 'value': 'Raging Black'}]",,,https://www.amazon.in/product-reviews/B0DH8CDH9J?pageNumber=4&filterByStar=all_stars&sortBy=helpful&formatType=all_formats&asin=B0DH8CDH9J&reftag=cm_cr_arp_d_paging_btm_next_4&scope=reviewsAjax0,allStars,,B0DH8CDH9J,B0DH8CDH9J,B0DH8CDH9J,"{'price': None, 'listPrice': None}",https://www.amazon.in//boAt-Stone-193-Pro-Signature/dp/B0DH8CDH9J/ref=zg_bs_g_1389365031_d_sccl_24/261-0975833-5917763?psc=1,India,
Reviewed in India on 2 January 2025,amzn1.account.AFAW2QVA2XSR6RXE5WMXYUEA54KA,https://www.amazon.in/gp/profile/amzn1.account.AFAW2QVA2XSR6RXE5WMXYUEA54KA/ref=cm_cr_othr_d_gw_tr?ie=UTF8,5,Good at Indore's,R1BNC8HJD164RT,https://www.amazon.in/gp/customer-reviews/R1BNC8HJD164RT/ref=cm_cr_othr_d_rvw_ttl?ie=UTF8&ASIN=B0DH8CDH9J,One person found this helpful,"A great speaker for office indorse good sound, good design. Perfect for music at work.",True,False,[],2025-01-02,28,Colour: Raging Black,"[{'key': 'Colour', 'value': 'Raging Black'}]",,,https://www.amazon.in/product-reviews/B0DH8CDH9J?pageNumber=4&filterByStar=all_stars&sortBy=helpful&formatType=all_formats&asin=B0DH8CDH9J&reftag=cm_cr_arp_d_paging_btm_next_4&scope=reviewsAjax0,allStars,,B0DH8CDH9J,B0DH8CDH9J,B0DH8CDH9J,"{'price': None, 'listPrice': None}",https://www.amazon.in//boAt-Stone-193-Pro-Signature/dp/B0DH8CDH9J/ref=zg_bs_g_1389365031_d_sccl_24/261-0975833-5917763?psc=1,India,
Reviewed in India on 29 December 2024,amzn1.account.AHRVAOWW6LOYDFRIFY6B7NF6KR2Q,https://www.amazon.in/gp/profile/amzn1.account.AHRVAOWW6LOYDFRIFY6B7NF6KR2Q/ref=cm_cr_othr_d_gw_tr?ie=UTF8,5,Nice product,R3NLFE9U3GMSSM,https://www.amazon.in/gp/customer-reviews/R3NLFE9U3GMSSM/ref=cm_cr_othr_d_rvw_ttl?ie=UTF8&ASIN=B0DH8CDH9J,,Its a small speaker but it works really well. Battery life is solid too,True,False,[],2024-12-29,29,Colour: Tropical Blue,"[{'key': 'Colour', 'value': 'Tropical Blue'}]",,,https://www.amazon.in/product-reviews/B0DH8CDH9J?pageNumber=4&filterByStar=all_stars&sortBy=helpful&formatType=all_formats&asin=B0DH8CDH9J&reftag=cm_cr_arp_d_paging_btm_next_4&scope=reviewsAjax0,allStars,,B0DH8CDH9J,B0DH8CDH9J,B0DH8CDH9J,"{'price': None, 'listPrice': None}",https://www.amazon.in//boAt-Stone-193-Pro-Signature/dp/B0DH8CDH9J/ref=zg_bs_g_1389365031_d_sccl_24/261-0975833-5917763?psc=1,India,
Reviewed in India on 29 December 2024,amzn1.account.AETE6PQQ7UFOHE2HZ6H7SFUW3P7A,https://www.amazon.in/gp/profile/amzn1.account.AETE6PQQ7UFOHE2HZ6H7SFUW3P7A/ref=cm_cr_othr_d_gw_tr?ie=UTF8,5,Good,R1AHCMHRK5ABBR,https://www.amazon.in/gp/customer-reviews/R1AHCMHRK5ABBR/ref=cm_cr_othr_d_rvw_ttl?ie=UTF8&ASIN=B0DH8CDH9J,,"Your looking for better sound quality in small budget, just go for it",True,False,[],2024-12-29,30,Colour: Tropical Blue,"[{'key': 'Colour', 'value': 'Tropical Blue'}]",,,https://www.amazon.in/product-reviews/B0DH8CDH9J?pageNumber=4&filterByStar=all_stars&sortBy=helpful&formatType=all_formats&asin=B0DH8CDH9J&reftag=cm_cr_arp_d_paging_btm_next_4&scope=reviewsAjax0,allStars,,B0DH8CDH9J,B0DH8CDH9J,B0DH8CDH9J,"{'price': None, 'listPrice': None}",https://www.amazon.in//boAt-Stone-193-Pro-Signature/dp/B0DH8CDH9J/ref=zg_bs_g_1389365031_d_sccl_24/261-0975833-5917763?psc=1,India,
Reviewed in India on 28 December 2024,amzn1.account.AFVN6DZ3SFGSTCP45CNX4Y376HGA,https://www.amazon.in/gp/profile/amzn1.account.AFVN6DZ3SFGSTCP45CNX4Y376HGA/ref=cm_cr_othr_d_gw_tr?ie=UTF8,5,Worth to buy 🔥,R1MLYXO7KZ5RQU,https://www.amazon.in/gp/customer-reviews/R1MLYXO7KZ5RQU/ref=cm_cr_othr_d_rvw_ttl?ie=UTF8&ASIN=B0DH8CDH9J,,"Sound is just awesome with crystal clear and bass is great, special recommended for music lovers",True,False,[],2024-12-28,31,Colour: Raging Black,"[{'key': 'Colour', 'value': 'Raging Black'}]",,,https://www.amazon.in/product-reviews/B0DH8CDH9J?pageNumber=4&filterByStar=all_stars&sortBy=helpful&formatType=all_formats&asin=B0DH8CDH9J&reftag=cm_cr_arp_d_paging_btm_next_4&scope=reviewsAjax0,allStars,,B0DH8CDH9J,B0DH8CDH9J,B0DH8CDH9J,"{'price': None, 'listPrice': None}",https://www.amazon.in//boAt-Stone-193-Pro-Signature/dp/B0DH8CDH9J/ref=zg_bs_g_1389365031_d_sccl_24/261-0975833-5917763?psc=1,India,
Reviewed in India on 30 December 2024,amzn1.account.AHY7LZKEW5IQANTZJ4EHIVKWOKIQ,https://www.amazon.in/gp/profile/amzn1.account.AHY7LZKEW5IQANTZJ4EHIVKWOKIQ/ref=cm_cr_othr_d_gw_tr?ie=UTF8,5,Value for money,R33RTF76ZFPKL5,https://www.amazon.in/gp/customer-reviews/R33RTF76ZFPKL5/ref=cm_cr_othr_d_rvw_ttl?ie=UTF8&ASIN=B0DH8CDH9J,,It have a good connectivity and the design is also good,True,False,[],2024-12-30,32,Colour: Tropical Blue,"[{'key': 'Colour', 'value': 'Tropical Blue'}]",,,https://www.amazon.in/product-reviews/B0DH8CDH9J?pageNumber=4&filterByStar=all_stars&sortBy=helpful&formatType=all_formats&asin=B0DH8CDH9J&reftag=cm_cr_arp_d_paging_btm_next_4&scope=reviewsAjax0,allStars,,B0DH8CDH9J,B0DH8CDH9J,B0DH8CDH9J,"{'price': None, 'listPrice': None}",https://www.amazon.in//boAt-Stone-193-Pro-Signature/dp/B0DH8CDH9J/ref=zg_bs_g_1389365031_d_sccl_24/261-0975833-5917763?psc=1,India,
