reviewedIn,userId,userProfileLink,ratingScore,reviewTitle,reviewId,reviewUrl,reviewReaction,reviewDescription,isVerified,isAmazonVine,reviewImages,date,position,variant,variantAttributes,totalCategoryRatings,totalCategoryReviews,reviewCategoryUrl,filterByRating,filterByKeyword,productAsin,productOriginalAsin,variantAsin,product,input,country,countryCode
Reviewed in India on 23 January 2025,amzn1.account.AEHLOLR5IHMT6TWLB77B33LBA7OQ,https://www.amazon.in/gp/profile/amzn1.account.AEHLOLR5IHMT6TWLB77B33LBA7OQ/ref=cm_cr_othr_d_gw_tr?ie=UTF8,5,Good Sound Quality and Impressive Battery Life,R1REGMVO8WO6EA,https://www.amazon.in/gp/customer-reviews/R1REGMVO8WO6EA/ref=cm_cr_othr_d_rvw_ttl?ie=UTF8&ASIN=B08PGYPQZH,2 people found this helpful,"The media could not be loaded.
                
            
                
            
            
        
    
    








  
  
     I've been using the MIVI Bluetooth speaker for the past three months, and I must say, it's an impressive device. The sound quality is excellent, producing clear and vibrant audio. Additionally, it offers sufficient volume, making it perfect for various settings.One of the standout features is the battery backup; it lasts a long time, allowing for extended listening sessions without interruption. I also appreciate that it powers on quietly—unlike some other Bluetooth speakers that can be quite noisy when starting up.In terms of connectivity, you have the option to connect via Bluetooth or AUX, and it even comes with an AUX cable included (though a charger is not provided). Overall, I'm very satisfied with my purchase and highly recommend this product",True,False,"['https://m.media-amazon.com/images/I/61-dwrG3wEL._SY88.jpg', 'https://m.media-amazon.com/images/I/61JRA+dMx7L._SY88.jpg', 'https://m.media-amazon.com/images/I/71t4hXdgVZL._SY88.jpg']",2025-01-23,1,"Colour: Roam 2 (Black), Style Name: ROAM 2","[{'key': 'Colour', 'value': 'Roam 2 (Black)'}, {'key': 'Style Name', 'value': 'ROAM 2'}]",,,https://www.amazon.in/product-reviews/B08PGYPQZH?pageNumber=1&filterByStar=all_stars&sortBy=helpful&formatType=all_formats&asin=B08PGYPQZH&reftag=cm_cr_arp_d_paging_btm_next_1&scope=reviewsAjax0,allStars,,B08PGYPQZH,B08PGYPQZH,B08PGYPQZH,"{'price': None, 'listPrice': None}",https://www.amazon.in//Mivi-Wireless-Bluetooth-Waterproof-Assistance/dp/B08PGYPQZH/ref=zg_bs_g_1389365031_d_sccl_26/261-0975833-5917763?psc=1,India,
Reviewed in India on 14 June 2024,amzn1.account.AEHWDL3TK5ZXTR254Y37UTD4LUPQ,https://www.amazon.in/gp/profile/amzn1.account.AEHWDL3TK5ZXTR254Y37UTD4LUPQ/ref=cm_cr_othr_d_gw_tr?ie=UTF8,4,Review of Mivi Roam 2 Bluetooth 5W Portable Speaker,R12DZNHQ7ZMYET,https://www.amazon.in/gp/customer-reviews/R12DZNHQ7ZMYET/ref=cm_cr_othr_d_rvw_ttl?ie=UTF8&ASIN=B08PGYPQZH,19 people found this helpful,"The Mivi Roam 2 Bluetooth 5W Portable Speaker is designed to deliver powerful sound in a compact and portable package. With features like 24 hours of playtime, robust bass, and wireless stereo capability, it aims to enhance your music experience whether you're at home, at a party, or on the go.#### **Sound Quality**One of the standout features of the Mivi Roam 2 is its impressive sound quality. The 5W output ensures that the speaker delivers clear and loud audio, making it suitable for both indoor and outdoor settings. The bass response is particularly noteworthy; despite its small size, the Roam 2 produces deep and punchy bass that enhances the overall listening experience. Highs and mids are also well-balanced, providing a rich and full sound.#### **Battery Life**The promise of 24 hours of playtime on a single charge is a significant advantage, especially for those who use the speaker for extended periods. In real-world usage, the battery life lives up to its claims, allowing users to enjoy their music all day long without needing to recharge. This makes it an ideal companion for trips, outdoor activities, or all-day events.#### **Portability**Portability is a key selling point for the Mivi Roam 2. Its compact design makes it easy to carry around in a bag or even by hand. The build quality is robust, with a sturdy exterior that feels durable and can withstand the rigors of travel and outdoor use. Additionally, the speaker is lightweight, adding to its portability without compromising on sound quality.#### **Connectivity**Equipped with Bluetooth 5.0, the Mivi Roam 2 offers seamless and stable connectivity. Pairing the speaker with devices is quick and hassle-free, and the connection remains stable over a decent range. The inclusion of wireless stereo mode is a great feature for those who want to pair two Mivi Roam 2 speakers for a more immersive audio experience.#### **Design and Build**The design of the Mivi Roam 2 is sleek and modern, with a minimalist aesthetic that fits well in various settings. The control buttons are intuitive and easy to use, allowing users to manage playback, volume, and calls effortlessly. The speaker is also rated IPX7 for water resistance, providing peace of mind when using it near water or in damp environments.#### **Value for Money**Given its features and performance, the Mivi Roam 2 offers excellent value for money. It competes well with other portable speakers in its price range, delivering superior sound quality, battery life, and durability. Whether you’re a casual listener or a music enthusiast, this speaker offers a compelling package at an affordable price point.#### **Pros**- **Impressive sound quality** with powerful bass.- **Long battery life** with up to 24 hours of playtime.- **Compact and portable** design.- **Stable Bluetooth 5.0 connectivity**.- **IPX7 water resistance**.#### **Cons**- **Bass can be overwhelming** at higher volumes for some users.- **Limited color options**.- **No companion app** for additional features or customization.#### **Conclusion**The Mivi Roam 2 Bluetooth 5W Portable Speaker is a versatile and high-performing speaker that offers great sound quality, long battery life, and excellent portability. Its robust build and water resistance make it suitable for a variety of environments, while its affordable price point provides excellent value for money. Whether you’re at home, on a trip, or hosting a party, the Mivi Roam 2 is a reliable choice for your audio needs.",True,False,[],2024-06-14,2,"Colour: Roam 2 (Black), Style Name: ROAM 2","[{'key': 'Colour', 'value': 'Roam 2 (Black)'}, {'key': 'Style Name', 'value': 'ROAM 2'}]",,,https://www.amazon.in/product-reviews/B08PGYPQZH?pageNumber=1&filterByStar=all_stars&sortBy=helpful&formatType=all_formats&asin=B08PGYPQZH&reftag=cm_cr_arp_d_paging_btm_next_1&scope=reviewsAjax0,allStars,,B08PGYPQZH,B08PGYPQZH,B08PGYPQZH,"{'price': None, 'listPrice': None}",https://www.amazon.in//Mivi-Wireless-Bluetooth-Waterproof-Assistance/dp/B08PGYPQZH/ref=zg_bs_g_1389365031_d_sccl_26/261-0975833-5917763?psc=1,India,
Reviewed in India on 20 December 2024,amzn1.account.AFMKIMGIGYX3UIJWBLTBLK542VVQ,https://www.amazon.in/gp/profile/amzn1.account.AFMKIMGIGYX3UIJWBLTBLK542VVQ/ref=cm_cr_othr_d_gw_tr?ie=UTF8,5,Small & Powerful,R3B1WZ3L35JSK7,https://www.amazon.in/gp/customer-reviews/R3B1WZ3L35JSK7/ref=cm_cr_othr_d_rvw_ttl?ie=UTF8&ASIN=B08PGYPQZH,3 people found this helpful,"If you want a small 5W bluetooth speaker, go for it.Received this product this morning.1. Came with 80 % battery Charge2. Inside the Box: The speaker+ AUX cable+ Charging cable+warranty cardSound Quality: Incredible (Considering the size and price of the product)Battery Back up: Played continuously for 1.5 hrs and it has 70% power now. (it was 80% out of the box)Cons: Charging and aux cables are only 6-7 Inchs long. (should have been a little longer)Edit: 29th Dec, 2024: after 9 days of use : once connected with aux cable with my laptop, the speaker makes a high frequency noise (if kept idle). Not a deal breaker though because I am gonna use it in bluetooth mode 90% of the time.",True,False,['https://m.media-amazon.com/images/I/61c-a5BxRfL._SY88.jpg'],2024-12-20,3,"Colour: Roam 2 (Green), Style Name: ROAM 2","[{'key': 'Colour', 'value': 'Roam 2 (Green)'}, {'key': 'Style Name', 'value': 'ROAM 2'}]",,,https://www.amazon.in/product-reviews/B08PGYPQZH?pageNumber=1&filterByStar=all_stars&sortBy=helpful&formatType=all_formats&asin=B08PGYPQZH&reftag=cm_cr_arp_d_paging_btm_next_1&scope=reviewsAjax0,allStars,,B08PGYPQZH,B08PGYPQZH,B08PGYPQZH,"{'price': None, 'listPrice': None}",https://www.amazon.in//Mivi-Wireless-Bluetooth-Waterproof-Assistance/dp/B08PGYPQZH/ref=zg_bs_g_1389365031_d_sccl_26/261-0975833-5917763?psc=1,India,
Reviewed in India on 31 December 2024,amzn1.account.AFX5JC4JYJD5KZXXEJ65RQ5XOGSA,https://www.amazon.in/gp/profile/amzn1.account.AFX5JC4JYJD5KZXXEJ65RQ5XOGSA/ref=cm_cr_othr_d_gw_tr?ie=UTF8,5,Undead after 2 years 8 months,R266DGAD7ZKKG8,https://www.amazon.in/gp/customer-reviews/R266DGAD7ZKKG8/ref=cm_cr_othr_d_rvw_ttl?ie=UTF8&ASIN=B08PGYPQZH,8 people found this helpful,"Bought this in college because of low budget and some offer at the time.This speaker was used and abused 24/7 by a group of jobless friends without any loss in function or performance.It offered good sound quality and good battery life2 years and 8 months later of the same use the speaker still works the same as the day it was bought. Really a good product, worth the money.Only reason I wouldn't suggest to buy it would be because it doesn't have a c type port.Thanks Mivi",True,False,[],2024-12-31,4,"Colour: Roam 2 (Red), Style Name: ROAM 2","[{'key': 'Colour', 'value': 'Roam 2 (Red)'}, {'key': 'Style Name', 'value': 'ROAM 2'}]",,,https://www.amazon.in/product-reviews/B08PGYPQZH?pageNumber=1&filterByStar=all_stars&sortBy=helpful&formatType=all_formats&asin=B08PGYPQZH&reftag=cm_cr_arp_d_paging_btm_next_1&scope=reviewsAjax0,allStars,,B08PGYPQZH,B08PGYPQZH,B08PGYPQZH,"{'price': None, 'listPrice': None}",https://www.amazon.in//Mivi-Wireless-Bluetooth-Waterproof-Assistance/dp/B08PGYPQZH/ref=zg_bs_g_1389365031_d_sccl_26/261-0975833-5917763?psc=1,India,
Reviewed in India on 15 January 2025,amzn1.account.AHO4FDCYX6A7AIO2MX4P2PCLSKZA,https://www.amazon.in/gp/profile/amzn1.account.AHO4FDCYX6A7AIO2MX4P2PCLSKZA/ref=cm_cr_othr_d_gw_tr?ie=UTF8,4,Worth every penny!!,R3ICUUUFEOAVXP,https://www.amazon.in/gp/customer-reviews/R3ICUUUFEOAVXP/ref=cm_cr_othr_d_rvw_ttl?ie=UTF8&ASIN=B08PGYPQZH,,"A very good speaker under 1000rs (got mine at 899). Very crisp vocals and a good bass. The trebles are amazing but the highs of some music at full volume can cause irritation in ear. It lacks the extreme punch in lows but it is good ( at this price and size it is mind-blowing). Super portable, great battery life, more than enough for a decent sized room. I basically use it as a bathroom speaker and it is just kickass. So, go for it.",True,False,[],2025-01-15,5,"Colour: Roam 2(Blue), Style Name: ROAM 2","[{'key': 'Colour', 'value': 'Roam 2(Blue)'}, {'key': 'Style Name', 'value': 'ROAM 2'}]",,,https://www.amazon.in/product-reviews/B08PGYPQZH?pageNumber=1&filterByStar=all_stars&sortBy=helpful&formatType=all_formats&asin=B08PGYPQZH&reftag=cm_cr_arp_d_paging_btm_next_1&scope=reviewsAjax0,allStars,,B08PGYPQZH,B08PGYPQZH,B08PGYPQZH,"{'price': None, 'listPrice': None}",https://www.amazon.in//Mivi-Wireless-Bluetooth-Waterproof-Assistance/dp/B08PGYPQZH/ref=zg_bs_g_1389365031_d_sccl_26/261-0975833-5917763?psc=1,India,
Reviewed in India on 29 November 2024,amzn1.account.AEKULH2UR47FFIPUBYDR6OTSD6EQ,https://www.amazon.in/gp/profile/amzn1.account.AEKULH2UR47FFIPUBYDR6OTSD6EQ/ref=cm_cr_othr_d_gw_tr?ie=UTF8,5,Indian made speakers,R1HRK6BOHZUM7C,https://www.amazon.in/gp/customer-reviews/R1HRK6BOHZUM7C/ref=cm_cr_othr_d_rvw_ttl?ie=UTF8&ASIN=B08PGYPQZH,3 people found this helpful,"Bluetooth speakers nice sound, quality was good , connectivity is simple I like battery 🔋 backup which is 2000 mah listened songs with single charge morethan 24 hours still my battery power left with 70% I would suggest but it if you listen music all the time . Sound is high in a single closed room but outside it's quite low not audible much . At 850 cost it s super speaker with bluetooth connectivity",True,False,[],2024-11-29,6,"Colour: Roam 2 (Black), Style Name: ROAM 2","[{'key': 'Colour', 'value': 'Roam 2 (Black)'}, {'key': 'Style Name', 'value': 'ROAM 2'}]",,,https://www.amazon.in/product-reviews/B08PGYPQZH?pageNumber=1&filterByStar=all_stars&sortBy=helpful&formatType=all_formats&asin=B08PGYPQZH&reftag=cm_cr_arp_d_paging_btm_next_1&scope=reviewsAjax0,allStars,,B08PGYPQZH,B08PGYPQZH,B08PGYPQZH,"{'price': None, 'listPrice': None}",https://www.amazon.in//Mivi-Wireless-Bluetooth-Waterproof-Assistance/dp/B08PGYPQZH/ref=zg_bs_g_1389365031_d_sccl_26/261-0975833-5917763?psc=1,India,
Reviewed in India on 10 January 2025,amzn1.account.AG4ZZAU77OEHR73D5V2MP6YK6HNQ,https://www.amazon.in/gp/profile/amzn1.account.AG4ZZAU77OEHR73D5V2MP6YK6HNQ/ref=cm_cr_othr_d_gw_tr?ie=UTF8,3,OK speaker,R2HOJPHEVKEEBO,https://www.amazon.in/gp/customer-reviews/R2HOJPHEVKEEBO/ref=cm_cr_othr_d_rvw_ttl?ie=UTF8&ASIN=B08PGYPQZH,One person found this helpful,Overall the speaker is good but not that much. Good for daily use as battery life is long.The biggest con I found in this product is  when you start the speaker it speaks very loudly that the speaker is on and now it's connected to bluetooth and paired.It's ok if you just add a single beep when the speaker is on people are intelligent now days they very well know when the speaker is on and connected to bluetooth.,True,False,[],2025-01-10,7,"Colour: Roam 2(Blue), Style Name: ROAM 2","[{'key': 'Colour', 'value': 'Roam 2(Blue)'}, {'key': 'Style Name', 'value': 'ROAM 2'}]",,,https://www.amazon.in/product-reviews/B08PGYPQZH?pageNumber=1&filterByStar=all_stars&sortBy=helpful&formatType=all_formats&asin=B08PGYPQZH&reftag=cm_cr_arp_d_paging_btm_next_1&scope=reviewsAjax0,allStars,,B08PGYPQZH,B08PGYPQZH,B08PGYPQZH,"{'price': None, 'listPrice': None}",https://www.amazon.in//Mivi-Wireless-Bluetooth-Waterproof-Assistance/dp/B08PGYPQZH/ref=zg_bs_g_1389365031_d_sccl_26/261-0975833-5917763?psc=1,India,
Reviewed in India on 20 October 2024,amzn1.account.AEMEKJG32TMZYK7TDHOGIAXUOGBA,https://www.amazon.in/gp/profile/amzn1.account.AEMEKJG32TMZYK7TDHOGIAXUOGBA/ref=cm_cr_othr_d_gw_tr?ie=UTF8,4,Best budget product,R364FKMXXXWFIC,https://www.amazon.in/gp/customer-reviews/R364FKMXXXWFIC/ref=cm_cr_othr_d_rvw_ttl?ie=UTF8&ASIN=B08PGYPQZH,2 people found this helpful,"As you can see, I bought 2. They're really great for my ears. Quality varies with ear. They're clear and the bass isn't much that what I like the most. You get one speaker and a subwoofer and also a mic to talk to others.One for me one for my sis.Another thing is you can connect both at the same time. They get automatically connect to eachother. And also use 3d sound and it's actually good in this price separation is good enough to notice. 1st one that is going to connect will be the left speaker and 2nd one will be the right.That's actually a nifty feature to have in this price, one I got in 799(B) and another one in 899(R).But I wouldn't suggest buying both for single person, as 2 of it cost 1698 to 1798, if you want more output like 15watt+, then you should go for their small soundbar, I also have one of 16watt.About build quality, all the mivi I bought have some issues with switch even my 16watt one has too. I never dropped one before so don't know what will going to happen. But these smaller ones have rigid build quality with rubber around it and also come with a metal front.Still I must say that subwoofer is something you might not get from other companies in this range works like a charm.",True,False,"['https://m.media-amazon.com/images/I/71+H82LD9uL._SY88.jpg', 'https://m.media-amazon.com/images/I/71L5CVynoTL._SY88.jpg', 'https://m.media-amazon.com/images/I/71XL2oqQA2L._SY88.jpg', 'https://m.media-amazon.com/images/I/81Z19WlaeZL._SY88.jpg']",2024-10-20,8,"Colour: Roam 2(Blue), Style Name: ROAM 2","[{'key': 'Colour', 'value': 'Roam 2(Blue)'}, {'key': 'Style Name', 'value': 'ROAM 2'}]",,,https://www.amazon.in/product-reviews/B08PGYPQZH?pageNumber=1&filterByStar=all_stars&sortBy=helpful&formatType=all_formats&asin=B08PGYPQZH&reftag=cm_cr_arp_d_paging_btm_next_1&scope=reviewsAjax0,allStars,,B08PGYPQZH,B08PGYPQZH,B08PGYPQZH,"{'price': None, 'listPrice': None}",https://www.amazon.in//Mivi-Wireless-Bluetooth-Waterproof-Assistance/dp/B08PGYPQZH/ref=zg_bs_g_1389365031_d_sccl_26/261-0975833-5917763?psc=1,India,
Reviewed in India on 7 November 2024,amzn1.account.AHWJ5YA35EOWYVD4LCB2KB6PU2NQ,https://www.amazon.in/gp/profile/amzn1.account.AHWJ5YA35EOWYVD4LCB2KB6PU2NQ/ref=cm_cr_othr_d_gw_tr?ie=UTF8,4,Nice product,R3DZKXN206ECTJ,https://www.amazon.in/gp/customer-reviews/R3DZKXN206ECTJ/ref=cm_cr_othr_d_rvw_ttl?ie=UTF8&ASIN=B08PGYPQZH,,I like it,True,False,['https://m.media-amazon.com/images/I/71Q9YZNDFjL._SY88.jpg'],2024-11-07,65,"Colour: Roam 2 (Red), Style Name: ROAM 2","[{'key': 'Colour', 'value': 'Roam 2 (Red)'}, {'key': 'Style Name', 'value': 'ROAM 2'}]",,,https://www.amazon.in/product-reviews/B08PGYPQZH?pageNumber=9&filterByStar=all_stars&sortBy=helpful&formatType=all_formats&asin=B08PGYPQZH&reftag=cm_cr_arp_d_paging_btm_next_9&scope=reviewsAjax0,allStars,,B08PGYPQZH,B08PGYPQZH,B08PGYPQZH,"{'price': None, 'listPrice': None}",https://www.amazon.in//Mivi-Wireless-Bluetooth-Waterproof-Assistance/dp/B08PGYPQZH/ref=zg_bs_g_1389365031_d_sccl_26/261-0975833-5917763?psc=1,India,
Reviewed in India on 17 December 2024,amzn1.account.AHOBTTSDQO7QVBPATQULXVQLD4XA,https://www.amazon.in/gp/profile/amzn1.account.AHOBTTSDQO7QVBPATQULXVQLD4XA/ref=cm_cr_othr_d_gw_tr?ie=UTF8,5,Good mivi roam 2 bluetooth speaker is good,R1R0OAP4LPPA26,https://www.amazon.in/gp/customer-reviews/R1R0OAP4LPPA26/ref=cm_cr_othr_d_rvw_ttl?ie=UTF8&ASIN=B08PGYPQZH,One person found this helpful,Positives :> The speaker is good.> Light weight.> Clarity is good (stereo).Negatives :> No bass but ok.> This (single piece) should have been a stereo speaker.> No type C charging. But this speaker has only micro USB charging port.> No FM radio> No microSD card slot> No battery indicator,True,False,[],2024-12-17,66,"Colour: Roam 2 (Green), Style Name: ROAM 2","[{'key': 'Colour', 'value': 'Roam 2 (Green)'}, {'key': 'Style Name', 'value': 'ROAM 2'}]",,,https://www.amazon.in/product-reviews/B08PGYPQZH?pageNumber=9&filterByStar=all_stars&sortBy=helpful&formatType=all_formats&asin=B08PGYPQZH&reftag=cm_cr_arp_d_paging_btm_next_9&scope=reviewsAjax0,allStars,,B08PGYPQZH,B08PGYPQZH,B08PGYPQZH,"{'price': None, 'listPrice': None}",https://www.amazon.in//Mivi-Wireless-Bluetooth-Waterproof-Assistance/dp/B08PGYPQZH/ref=zg_bs_g_1389365031_d_sccl_26/261-0975833-5917763?psc=1,India,
Reviewed in India on 17 December 2024,amzn1.account.AGFOGL7GQ5F6FAQKOW5O772LE5VA,https://www.amazon.in/gp/profile/amzn1.account.AGFOGL7GQ5F6FAQKOW5O772LE5VA/ref=cm_cr_othr_d_gw_tr?ie=UTF8,5,Good product,R2GEFG53W8XK67,https://www.amazon.in/gp/customer-reviews/R2GEFG53W8XK67/ref=cm_cr_othr_d_rvw_ttl?ie=UTF8&ASIN=B08PGYPQZH,,Mivi room 2 speaker is good. All features are to be good but only one things is to be change from company like charging port. They are not giving c-type charging. Only old Android charging port so it should be change.,True,False,[],2024-12-17,67,"Colour: Roam 2 (Black), Style Name: ROAM 2","[{'key': 'Colour', 'value': 'Roam 2 (Black)'}, {'key': 'Style Name', 'value': 'ROAM 2'}]",,,https://www.amazon.in/product-reviews/B08PGYPQZH?pageNumber=9&filterByStar=all_stars&sortBy=helpful&formatType=all_formats&asin=B08PGYPQZH&reftag=cm_cr_arp_d_paging_btm_next_9&scope=reviewsAjax0,allStars,,B08PGYPQZH,B08PGYPQZH,B08PGYPQZH,"{'price': None, 'listPrice': None}",https://www.amazon.in//Mivi-Wireless-Bluetooth-Waterproof-Assistance/dp/B08PGYPQZH/ref=zg_bs_g_1389365031_d_sccl_26/261-0975833-5917763?psc=1,India,
Reviewed in India on 6 November 2024,amzn1.account.AGTSHNTTXQUFTM2PBN54AVW5USYA,https://www.amazon.in/gp/profile/amzn1.account.AGTSHNTTXQUFTM2PBN54AVW5USYA/ref=cm_cr_othr_d_gw_tr?ie=UTF8,4,Just go for it,R179MECXYRHQJT,https://www.amazon.in/gp/customer-reviews/R179MECXYRHQJT/ref=cm_cr_othr_d_rvw_ttl?ie=UTF8&ASIN=B08PGYPQZH,,Chota box bada dhamaka,True,False,['https://m.media-amazon.com/images/I/71yIqA6fD+L._SY88.jpg'],2024-11-06,68,"Colour: Roam 2(Blue), Style Name: ROAM 2","[{'key': 'Colour', 'value': 'Roam 2(Blue)'}, {'key': 'Style Name', 'value': 'ROAM 2'}]",,,https://www.amazon.in/product-reviews/B08PGYPQZH?pageNumber=9&filterByStar=all_stars&sortBy=helpful&formatType=all_formats&asin=B08PGYPQZH&reftag=cm_cr_arp_d_paging_btm_next_9&scope=reviewsAjax0,allStars,,B08PGYPQZH,B08PGYPQZH,B08PGYPQZH,"{'price': None, 'listPrice': None}",https://www.amazon.in//Mivi-Wireless-Bluetooth-Waterproof-Assistance/dp/B08PGYPQZH/ref=zg_bs_g_1389365031_d_sccl_26/261-0975833-5917763?psc=1,India,
Reviewed in India on 30 August 2024,amzn1.account.AEVP7YDC6H2RWZ6BPQAORJHI6P6A,https://www.amazon.in/gp/profile/amzn1.account.AEVP7YDC6H2RWZ6BPQAORJHI6P6A/ref=cm_cr_othr_d_gw_tr?ie=UTF8,4,Speaker is Good But the Amazon Packaging was extremely bad,R27P13ZVT6NNEZ,https://www.amazon.in/gp/customer-reviews/R27P13ZVT6NNEZ/ref=cm_cr_othr_d_rvw_ttl?ie=UTF8&ASIN=B08PGYPQZH,,The Size is good the Voice of speaker is pretty much clear Build quality is also good . The only thing which went not good was Amazon Packaging the product when came was not packed good the box was also not in good shape I request Amazon please look for the Packaging as well as i request to the company  the please suggest Amazon for good Packaging because the First Impression is the Last Impression.,True,False,[],2024-08-30,69,"Colour: Roam 2 (Red), Style Name: ROAM 2","[{'key': 'Colour', 'value': 'Roam 2 (Red)'}, {'key': 'Style Name', 'value': 'ROAM 2'}]",,,https://www.amazon.in/product-reviews/B08PGYPQZH?pageNumber=9&filterByStar=all_stars&sortBy=helpful&formatType=all_formats&asin=B08PGYPQZH&reftag=cm_cr_arp_d_paging_btm_next_9&scope=reviewsAjax0,allStars,,B08PGYPQZH,B08PGYPQZH,B08PGYPQZH,"{'price': None, 'listPrice': None}",https://www.amazon.in//Mivi-Wireless-Bluetooth-Waterproof-Assistance/dp/B08PGYPQZH/ref=zg_bs_g_1389365031_d_sccl_26/261-0975833-5917763?psc=1,India,
Reviewed in India on 29 October 2024,amzn1.account.AGCOSN3R6ZRVVQFES3TEG4KLHEWA,https://www.amazon.in/gp/profile/amzn1.account.AGCOSN3R6ZRVVQFES3TEG4KLHEWA/ref=cm_cr_othr_d_gw_tr?ie=UTF8,4,It's ok,R23JE5XKV9VNH8,https://www.amazon.in/gp/customer-reviews/R23JE5XKV9VNH8/ref=cm_cr_othr_d_rvw_ttl?ie=UTF8&ASIN=B08PGYPQZH,,Not a heavy sound ...But clarity level 100%,True,False,[],2024-10-29,70,"Colour: Roam 2 (Black), Style Name: ROAM 2","[{'key': 'Colour', 'value': 'Roam 2 (Black)'}, {'key': 'Style Name', 'value': 'ROAM 2'}]",,,https://www.amazon.in/product-reviews/B08PGYPQZH?pageNumber=9&filterByStar=all_stars&sortBy=helpful&formatType=all_formats&asin=B08PGYPQZH&reftag=cm_cr_arp_d_paging_btm_next_9&scope=reviewsAjax0,allStars,,B08PGYPQZH,B08PGYPQZH,B08PGYPQZH,"{'price': None, 'listPrice': None}",https://www.amazon.in//Mivi-Wireless-Bluetooth-Waterproof-Assistance/dp/B08PGYPQZH/ref=zg_bs_g_1389365031_d_sccl_26/261-0975833-5917763?psc=1,India,
Reviewed in India on 26 October 2024,amzn1.account.AHGIKSL7WAV7U5FPW6OCIX76YK7A,https://www.amazon.in/gp/profile/amzn1.account.AHGIKSL7WAV7U5FPW6OCIX76YK7A/ref=cm_cr_othr_d_gw_tr?ie=UTF8,4,Ok good,R3MHJ9C0NM220,https://www.amazon.in/gp/customer-reviews/R3MHJ9C0NM220/ref=cm_cr_othr_d_rvw_ttl?ie=UTF8&ASIN=B08PGYPQZH,,Achha hi hai,True,False,[],2024-10-26,71,"Colour: Roam 2(Blue), Style Name: ROAM 2","[{'key': 'Colour', 'value': 'Roam 2(Blue)'}, {'key': 'Style Name', 'value': 'ROAM 2'}]",,,https://www.amazon.in/product-reviews/B08PGYPQZH?pageNumber=9&filterByStar=all_stars&sortBy=helpful&formatType=all_formats&asin=B08PGYPQZH&reftag=cm_cr_arp_d_paging_btm_next_9&scope=reviewsAjax0,allStars,,B08PGYPQZH,B08PGYPQZH,B08PGYPQZH,"{'price': None, 'listPrice': None}",https://www.amazon.in//Mivi-Wireless-Bluetooth-Waterproof-Assistance/dp/B08PGYPQZH/ref=zg_bs_g_1389365031_d_sccl_26/261-0975833-5917763?psc=1,India,
Reviewed in India on 10 October 2024,amzn1.account.AHMH5FVNF4N7252EUPZP65TXI7OA,https://www.amazon.in/gp/profile/amzn1.account.AHMH5FVNF4N7252EUPZP65TXI7OA/ref=cm_cr_othr_d_gw_tr?ie=UTF8,4,"Good Sound, Needs to work on product refinement.",R3S8C9I4A0J9GM,https://www.amazon.in/gp/customer-reviews/R3S8C9I4A0J9GM/ref=cm_cr_othr_d_rvw_ttl?ie=UTF8&ASIN=B08PGYPQZH,3 people found this helpful,"The media could not be loaded.
                
            
                
            
        
    
    








  
  
     Looks differ product product images, there are vusible gap between rubber casing on sides and speakers, don't know if it affects their claim of dust and water resistance. Sound quality is good. Will update in future if anything changes.",True,False,[],2024-10-10,72,"Colour: Roam 2(Blue), Style Name: ROAM 2","[{'key': 'Colour', 'value': 'Roam 2(Blue)'}, {'key': 'Style Name', 'value': 'ROAM 2'}]",,,https://www.amazon.in/product-reviews/B08PGYPQZH?pageNumber=9&filterByStar=all_stars&sortBy=helpful&formatType=all_formats&asin=B08PGYPQZH&reftag=cm_cr_arp_d_paging_btm_next_9&scope=reviewsAjax0,allStars,,B08PGYPQZH,B08PGYPQZH,B08PGYPQZH,"{'price': None, 'listPrice': None}",https://www.amazon.in//Mivi-Wireless-Bluetooth-Waterproof-Assistance/dp/B08PGYPQZH/ref=zg_bs_g_1389365031_d_sccl_26/261-0975833-5917763?psc=1,India,
Reviewed in India on 9 January 2025,amzn1.account.AHDROL673MI54QNGPWHCO5T7R72Q,https://www.amazon.in/gp/profile/amzn1.account.AHDROL673MI54QNGPWHCO5T7R72Q/ref=cm_cr_othr_d_gw_tr?ie=UTF8,5,Seller is froud,R3QNTHHN9URG1T,https://www.amazon.in/gp/customer-reviews/R3QNTHHN9URG1T/ref=cm_cr_othr_d_rvw_ttl?ie=UTF8&ASIN=B08PGYPQZH,One person found this helpful,"Product is good but product seller is froud, he tried to chiting me first time, then replacement is ok",True,False,[],2025-01-09,49,"Colour: Roam 2 (Green), Style Name: ROAM 2","[{'key': 'Colour', 'value': 'Roam 2 (Green)'}, {'key': 'Style Name', 'value': 'ROAM 2'}]",,,https://www.amazon.in/product-reviews/B08PGYPQZH?pageNumber=7&filterByStar=all_stars&sortBy=helpful&formatType=all_formats&asin=B08PGYPQZH&reftag=cm_cr_arp_d_paging_btm_next_7&scope=reviewsAjax0,allStars,,B08PGYPQZH,B08PGYPQZH,B08PGYPQZH,"{'price': None, 'listPrice': None}",https://www.amazon.in//Mivi-Wireless-Bluetooth-Waterproof-Assistance/dp/B08PGYPQZH/ref=zg_bs_g_1389365031_d_sccl_26/261-0975833-5917763?psc=1,India,
Reviewed in India on 18 November 2024,amzn1.account.AFBBMYXFPRAQA2PDOR4MUP2AI2ZQ,https://www.amazon.in/gp/profile/amzn1.account.AFBBMYXFPRAQA2PDOR4MUP2AI2ZQ/ref=cm_cr_othr_d_gw_tr?ie=UTF8,4,Good product,R280IE7HS78FHM,https://www.amazon.in/gp/customer-reviews/R280IE7HS78FHM/ref=cm_cr_othr_d_rvw_ttl?ie=UTF8&ASIN=B08PGYPQZH,,Working fine,True,False,[],2024-11-18,50,"Colour: Roam 2 (Red), Style Name: ROAM 2","[{'key': 'Colour', 'value': 'Roam 2 (Red)'}, {'key': 'Style Name', 'value': 'ROAM 2'}]",,,https://www.amazon.in/product-reviews/B08PGYPQZH?pageNumber=7&filterByStar=all_stars&sortBy=helpful&formatType=all_formats&asin=B08PGYPQZH&reftag=cm_cr_arp_d_paging_btm_next_7&scope=reviewsAjax0,allStars,,B08PGYPQZH,B08PGYPQZH,B08PGYPQZH,"{'price': None, 'listPrice': None}",https://www.amazon.in//Mivi-Wireless-Bluetooth-Waterproof-Assistance/dp/B08PGYPQZH/ref=zg_bs_g_1389365031_d_sccl_26/261-0975833-5917763?psc=1,India,
Reviewed in India on 11 November 2024,amzn1.account.AGOIDGME5F26PBWLUVKQ4MPCZTMA,https://www.amazon.in/gp/profile/amzn1.account.AGOIDGME5F26PBWLUVKQ4MPCZTMA/ref=cm_cr_othr_d_gw_tr?ie=UTF8,4,Good product and good sound quality,R1IXPM9JXRAFUF,https://www.amazon.in/gp/customer-reviews/R1IXPM9JXRAFUF/ref=cm_cr_othr_d_rvw_ttl?ie=UTF8&ASIN=B08PGYPQZH,,Everything thing is ok. One speaker is better than mobile and 2 speakers are better than laptop,True,False,['https://m.media-amazon.com/images/I/61rZgF0UFVL._SY88.jpg'],2024-11-11,51,"Colour: Roam 2 (Red), Style Name: ROAM 2","[{'key': 'Colour', 'value': 'Roam 2 (Red)'}, {'key': 'Style Name', 'value': 'ROAM 2'}]",,,https://www.amazon.in/product-reviews/B08PGYPQZH?pageNumber=7&filterByStar=all_stars&sortBy=helpful&formatType=all_formats&asin=B08PGYPQZH&reftag=cm_cr_arp_d_paging_btm_next_7&scope=reviewsAjax0,allStars,,B08PGYPQZH,B08PGYPQZH,B08PGYPQZH,"{'price': None, 'listPrice': None}",https://www.amazon.in//Mivi-Wireless-Bluetooth-Waterproof-Assistance/dp/B08PGYPQZH/ref=zg_bs_g_1389365031_d_sccl_26/261-0975833-5917763?psc=1,India,
Reviewed in India on 16 November 2024,amzn1.account.AGABMCQ7J5ZSWPINGQVQWSW4OXWA,https://www.amazon.in/gp/profile/amzn1.account.AGABMCQ7J5ZSWPINGQVQWSW4OXWA/ref=cm_cr_othr_d_gw_tr?ie=UTF8,4,Sound,R5QXV2BNFYQW1,https://www.amazon.in/gp/customer-reviews/R5QXV2BNFYQW1/ref=cm_cr_othr_d_rvw_ttl?ie=UTF8&ASIN=B08PGYPQZH,,Okkk quality...look wise vry nice...,True,False,[],2024-11-16,52,"Colour: Roam 2 (Red), Style Name: ROAM 2","[{'key': 'Colour', 'value': 'Roam 2 (Red)'}, {'key': 'Style Name', 'value': 'ROAM 2'}]",,,https://www.amazon.in/product-reviews/B08PGYPQZH?pageNumber=7&filterByStar=all_stars&sortBy=helpful&formatType=all_formats&asin=B08PGYPQZH&reftag=cm_cr_arp_d_paging_btm_next_7&scope=reviewsAjax0,allStars,,B08PGYPQZH,B08PGYPQZH,B08PGYPQZH,"{'price': None, 'listPrice': None}",https://www.amazon.in//Mivi-Wireless-Bluetooth-Waterproof-Assistance/dp/B08PGYPQZH/ref=zg_bs_g_1389365031_d_sccl_26/261-0975833-5917763?psc=1,India,
Reviewed in India on 22 January 2025,amzn1.account.AH6N6OXI34FRVMSWCWKNA4JYLYIQ,https://www.amazon.in/gp/profile/amzn1.account.AH6N6OXI34FRVMSWCWKNA4JYLYIQ/ref=cm_cr_othr_d_gw_tr?ie=UTF8,4,Good,R2HGOXYP0WPU05,https://www.amazon.in/gp/customer-reviews/R2HGOXYP0WPU05/ref=cm_cr_othr_d_rvw_ttl?ie=UTF8&ASIN=B08PGYPQZH,,Good,True,False,[],2025-01-22,53,"Colour: Roam 2(Blue), Style Name: ROAM 2","[{'key': 'Colour', 'value': 'Roam 2(Blue)'}, {'key': 'Style Name', 'value': 'ROAM 2'}]",,,https://www.amazon.in/product-reviews/B08PGYPQZH?pageNumber=7&filterByStar=all_stars&sortBy=helpful&formatType=all_formats&asin=B08PGYPQZH&reftag=cm_cr_arp_d_paging_btm_next_7&scope=reviewsAjax0,allStars,,B08PGYPQZH,B08PGYPQZH,B08PGYPQZH,"{'price': None, 'listPrice': None}",https://www.amazon.in//Mivi-Wireless-Bluetooth-Waterproof-Assistance/dp/B08PGYPQZH/ref=zg_bs_g_1389365031_d_sccl_26/261-0975833-5917763?psc=1,India,
Reviewed in India on 15 November 2024,amzn1.account.AHRAEYHBCBJTEDMDCHAWS5LZWEPA,https://www.amazon.in/gp/profile/amzn1.account.AHRAEYHBCBJTEDMDCHAWS5LZWEPA/ref=cm_cr_othr_d_gw_tr?ie=UTF8,4,Bt speaker,R1UOQYUIZRPHB5,https://www.amazon.in/gp/customer-reviews/R1UOQYUIZRPHB5/ref=cm_cr_othr_d_rvw_ttl?ie=UTF8&ASIN=B08PGYPQZH,,In this price too good,True,False,[],2024-11-15,54,"Colour: Roam 2(Blue), Style Name: ROAM 2","[{'key': 'Colour', 'value': 'Roam 2(Blue)'}, {'key': 'Style Name', 'value': 'ROAM 2'}]",,,https://www.amazon.in/product-reviews/B08PGYPQZH?pageNumber=7&filterByStar=all_stars&sortBy=helpful&formatType=all_formats&asin=B08PGYPQZH&reftag=cm_cr_arp_d_paging_btm_next_7&scope=reviewsAjax0,allStars,,B08PGYPQZH,B08PGYPQZH,B08PGYPQZH,"{'price': None, 'listPrice': None}",https://www.amazon.in//Mivi-Wireless-Bluetooth-Waterproof-Assistance/dp/B08PGYPQZH/ref=zg_bs_g_1389365031_d_sccl_26/261-0975833-5917763?psc=1,India,
Reviewed in India on 9 January 2025,amzn1.account.AHC2H7EBPZBO5UDCMDCXU46MS7IQ,https://www.amazon.in/gp/profile/amzn1.account.AHC2H7EBPZBO5UDCMDCXU46MS7IQ/ref=cm_cr_othr_d_gw_tr?ie=UTF8,5,Very good for low sound users,R1WIJGVMRM9687,https://www.amazon.in/gp/customer-reviews/R1WIJGVMRM9687/ref=cm_cr_othr_d_rvw_ttl?ie=UTF8&ASIN=B08PGYPQZH,,"I use it for news, slow music, meditation music, prayers, etc by connecting to my phone. The sound is very good but dont expect loud sound. Battery back up is as per specification. Material is durable.",True,False,[],2025-01-09,55,"Colour: Roam 2 (Black), Style Name: ROAM 2","[{'key': 'Colour', 'value': 'Roam 2 (Black)'}, {'key': 'Style Name', 'value': 'ROAM 2'}]",,,https://www.amazon.in/product-reviews/B08PGYPQZH?pageNumber=7&filterByStar=all_stars&sortBy=helpful&formatType=all_formats&asin=B08PGYPQZH&reftag=cm_cr_arp_d_paging_btm_next_7&scope=reviewsAjax0,allStars,,B08PGYPQZH,B08PGYPQZH,B08PGYPQZH,"{'price': None, 'listPrice': None}",https://www.amazon.in//Mivi-Wireless-Bluetooth-Waterproof-Assistance/dp/B08PGYPQZH/ref=zg_bs_g_1389365031_d_sccl_26/261-0975833-5917763?psc=1,India,
Reviewed in India on 13 January 2025,amzn1.account.AGY3QZ7W4J2BIDWM3JLWGVSJHRPA,https://www.amazon.in/gp/profile/amzn1.account.AGY3QZ7W4J2BIDWM3JLWGVSJHRPA/ref=cm_cr_othr_d_gw_tr?ie=UTF8,5,Nice product,RJ4WDO1RWHYIX,https://www.amazon.in/gp/customer-reviews/RJ4WDO1RWHYIX/ref=cm_cr_othr_d_rvw_ttl?ie=UTF8&ASIN=B08PGYPQZH,,,True,False,['https://m.media-amazon.com/images/I/71vIEZF7nYL._SY88.jpg'],2025-01-13,56,"Colour: Roam 2 (Red), Style Name: ROAM 2","[{'key': 'Colour', 'value': 'Roam 2 (Red)'}, {'key': 'Style Name', 'value': 'ROAM 2'}]",,,https://www.amazon.in/product-reviews/B08PGYPQZH?pageNumber=7&filterByStar=all_stars&sortBy=helpful&formatType=all_formats&asin=B08PGYPQZH&reftag=cm_cr_arp_d_paging_btm_next_7&scope=reviewsAjax0,allStars,,B08PGYPQZH,B08PGYPQZH,B08PGYPQZH,"{'price': None, 'listPrice': None}",https://www.amazon.in//Mivi-Wireless-Bluetooth-Waterproof-Assistance/dp/B08PGYPQZH/ref=zg_bs_g_1389365031_d_sccl_26/261-0975833-5917763?psc=1,India,
Reviewed in India on 9 November 2024,amzn1.account.AEN5XZ6APJ5K7IXFQUJ3EPI2X2UQ,https://www.amazon.in/gp/profile/amzn1.account.AEN5XZ6APJ5K7IXFQUJ3EPI2X2UQ/ref=cm_cr_othr_d_gw_tr?ie=UTF8,4,Adapter charger.,R3KOKF14QOXBHF,https://www.amazon.in/gp/customer-reviews/R3KOKF14QOXBHF/ref=cm_cr_othr_d_rvw_ttl?ie=UTF8&ASIN=B08PGYPQZH,,The charging cable should have come with an adapter.,True,False,[],2024-11-09,57,"Colour: Roam 2 (Black), Style Name: ROAM 2","[{'key': 'Colour', 'value': 'Roam 2 (Black)'}, {'key': 'Style Name', 'value': 'ROAM 2'}]",,,https://www.amazon.in/product-reviews/B08PGYPQZH?pageNumber=8&filterByStar=all_stars&sortBy=helpful&formatType=all_formats&asin=B08PGYPQZH&reftag=cm_cr_arp_d_paging_btm_next_8&scope=reviewsAjax0,allStars,,B08PGYPQZH,B08PGYPQZH,B08PGYPQZH,"{'price': None, 'listPrice': None}",https://www.amazon.in//Mivi-Wireless-Bluetooth-Waterproof-Assistance/dp/B08PGYPQZH/ref=zg_bs_g_1389365031_d_sccl_26/261-0975833-5917763?psc=1,India,
Reviewed in India on 16 January 2025,amzn1.account.AFWCVD3237EIETKNHHBDNOORJXLQ,https://www.amazon.in/gp/profile/amzn1.account.AFWCVD3237EIETKNHHBDNOORJXLQ/ref=cm_cr_othr_d_gw_tr?ie=UTF8,5,It was very good,R3GIPR7F0U9X9A,https://www.amazon.in/gp/customer-reviews/R3GIPR7F0U9X9A/ref=cm_cr_othr_d_rvw_ttl?ie=UTF8&ASIN=B08PGYPQZH,,👌🥰,True,False,[],2025-01-16,58,"Colour: Roam 2 (Black), Style Name: ROAM 2","[{'key': 'Colour', 'value': 'Roam 2 (Black)'}, {'key': 'Style Name', 'value': 'ROAM 2'}]",,,https://www.amazon.in/product-reviews/B08PGYPQZH?pageNumber=8&filterByStar=all_stars&sortBy=helpful&formatType=all_formats&asin=B08PGYPQZH&reftag=cm_cr_arp_d_paging_btm_next_8&scope=reviewsAjax0,allStars,,B08PGYPQZH,B08PGYPQZH,B08PGYPQZH,"{'price': None, 'listPrice': None}",https://www.amazon.in//Mivi-Wireless-Bluetooth-Waterproof-Assistance/dp/B08PGYPQZH/ref=zg_bs_g_1389365031_d_sccl_26/261-0975833-5917763?psc=1,India,
Reviewed in India on 3 November 2024,amzn1.account.AF5BA3NMME7PAW2CTDS3XWFIEUHA,https://www.amazon.in/gp/profile/amzn1.account.AF5BA3NMME7PAW2CTDS3XWFIEUHA/ref=cm_cr_othr_d_gw_tr?ie=UTF8,4,Good,R6A7W8ZYFHDAB,https://www.amazon.in/gp/customer-reviews/R6A7W8ZYFHDAB/ref=cm_cr_othr_d_rvw_ttl?ie=UTF8&ASIN=B08PGYPQZH,,The speaker is pretty good for this price.,True,False,[],2024-11-03,59,"Colour: Roam 2(Blue), Style Name: ROAM 2","[{'key': 'Colour', 'value': 'Roam 2(Blue)'}, {'key': 'Style Name', 'value': 'ROAM 2'}]",,,https://www.amazon.in/product-reviews/B08PGYPQZH?pageNumber=8&filterByStar=all_stars&sortBy=helpful&formatType=all_formats&asin=B08PGYPQZH&reftag=cm_cr_arp_d_paging_btm_next_8&scope=reviewsAjax0,allStars,,B08PGYPQZH,B08PGYPQZH,B08PGYPQZH,"{'price': None, 'listPrice': None}",https://www.amazon.in//Mivi-Wireless-Bluetooth-Waterproof-Assistance/dp/B08PGYPQZH/ref=zg_bs_g_1389365031_d_sccl_26/261-0975833-5917763?psc=1,India,
Reviewed in India on 26 December 2024,amzn1.account.AF56YJID3O4OWONBSRPJSOF6SCRA,https://www.amazon.in/gp/profile/amzn1.account.AF56YJID3O4OWONBSRPJSOF6SCRA/ref=cm_cr_othr_d_gw_tr?ie=UTF8,5,Decent bass,R1095IH3NLQ3JR,https://www.amazon.in/gp/customer-reviews/R1095IH3NLQ3JR/ref=cm_cr_othr_d_rvw_ttl?ie=UTF8&ASIN=B08PGYPQZH,,It is overall a good product which gives decent bass and vocalsSize is like your palmDurable product,True,False,[],2024-12-26,60,"Colour: Roam 2 (Black), Style Name: ROAM 2","[{'key': 'Colour', 'value': 'Roam 2 (Black)'}, {'key': 'Style Name', 'value': 'ROAM 2'}]",,,https://www.amazon.in/product-reviews/B08PGYPQZH?pageNumber=8&filterByStar=all_stars&sortBy=helpful&formatType=all_formats&asin=B08PGYPQZH&reftag=cm_cr_arp_d_paging_btm_next_8&scope=reviewsAjax0,allStars,,B08PGYPQZH,B08PGYPQZH,B08PGYPQZH,"{'price': None, 'listPrice': None}",https://www.amazon.in//Mivi-Wireless-Bluetooth-Waterproof-Assistance/dp/B08PGYPQZH/ref=zg_bs_g_1389365031_d_sccl_26/261-0975833-5917763?psc=1,India,
Reviewed in India on 30 October 2024,amzn1.account.AGRGZZI2RBWNOVWV32IUMABZV2CQ,https://www.amazon.in/gp/profile/amzn1.account.AGRGZZI2RBWNOVWV32IUMABZV2CQ/ref=cm_cr_othr_d_gw_tr?ie=UTF8,4,Best speaker under 1000,R21589TGOOLM0S,https://www.amazon.in/gp/customer-reviews/R21589TGOOLM0S/ref=cm_cr_othr_d_rvw_ttl?ie=UTF8&ASIN=B08PGYPQZH,,Speaker is best under 1000. They should launch a newer version of this with usb c charging and updated Bluetooth protocol.,True,False,[],2024-10-30,61,"Colour: Roam 2(Blue), Style Name: ROAM 2","[{'key': 'Colour', 'value': 'Roam 2(Blue)'}, {'key': 'Style Name', 'value': 'ROAM 2'}]",,,https://www.amazon.in/product-reviews/B08PGYPQZH?pageNumber=8&filterByStar=all_stars&sortBy=helpful&formatType=all_formats&asin=B08PGYPQZH&reftag=cm_cr_arp_d_paging_btm_next_8&scope=reviewsAjax0,allStars,,B08PGYPQZH,B08PGYPQZH,B08PGYPQZH,"{'price': None, 'listPrice': None}",https://www.amazon.in//Mivi-Wireless-Bluetooth-Waterproof-Assistance/dp/B08PGYPQZH/ref=zg_bs_g_1389365031_d_sccl_26/261-0975833-5917763?psc=1,India,
Reviewed in India on 29 October 2024,amzn1.account.AFGLSOMDK6ZAXFWPCCHVBPGRSG3Q,https://www.amazon.in/gp/profile/amzn1.account.AFGLSOMDK6ZAXFWPCCHVBPGRSG3Q/ref=cm_cr_othr_d_gw_tr?ie=UTF8,4,excellent battery backup.,R23KYD6WF02GX9,https://www.amazon.in/gp/customer-reviews/R23KYD6WF02GX9/ref=cm_cr_othr_d_rvw_ttl?ie=UTF8&ASIN=B08PGYPQZH,,excellent battery backup.  Great sound quality.,True,False,[],2024-10-29,62,"Colour: Roam 2(Blue), Style Name: ROAM 2","[{'key': 'Colour', 'value': 'Roam 2(Blue)'}, {'key': 'Style Name', 'value': 'ROAM 2'}]",,,https://www.amazon.in/product-reviews/B08PGYPQZH?pageNumber=8&filterByStar=all_stars&sortBy=helpful&formatType=all_formats&asin=B08PGYPQZH&reftag=cm_cr_arp_d_paging_btm_next_8&scope=reviewsAjax0,allStars,,B08PGYPQZH,B08PGYPQZH,B08PGYPQZH,"{'price': None, 'listPrice': None}",https://www.amazon.in//Mivi-Wireless-Bluetooth-Waterproof-Assistance/dp/B08PGYPQZH/ref=zg_bs_g_1389365031_d_sccl_26/261-0975833-5917763?psc=1,India,
Reviewed in India on 22 December 2024,amzn1.account.AEZ7KNSFA6EETG4LI3Y4PN5FKAAA,https://www.amazon.in/gp/profile/amzn1.account.AEZ7KNSFA6EETG4LI3Y4PN5FKAAA/ref=cm_cr_othr_d_gw_tr?ie=UTF8,3,Average product,RDELG5T1451XM,https://www.amazon.in/gp/customer-reviews/RDELG5T1451XM/ref=cm_cr_othr_d_rvw_ttl?ie=UTF8&ASIN=B08PGYPQZH,,"Less sound, not working well with TV, working good with mobile and laptop, but not worth for the price.",True,False,[],2024-12-22,63,"Colour: Roam 2 (Black), Style Name: ROAM 2","[{'key': 'Colour', 'value': 'Roam 2 (Black)'}, {'key': 'Style Name', 'value': 'ROAM 2'}]",,,https://www.amazon.in/product-reviews/B08PGYPQZH?pageNumber=8&filterByStar=all_stars&sortBy=helpful&formatType=all_formats&asin=B08PGYPQZH&reftag=cm_cr_arp_d_paging_btm_next_8&scope=reviewsAjax0,allStars,,B08PGYPQZH,B08PGYPQZH,B08PGYPQZH,"{'price': None, 'listPrice': None}",https://www.amazon.in//Mivi-Wireless-Bluetooth-Waterproof-Assistance/dp/B08PGYPQZH/ref=zg_bs_g_1389365031_d_sccl_26/261-0975833-5917763?psc=1,India,
Reviewed in India on 6 January 2025,amzn1.account.AGSRAC6G6HSDM5FMGKUYLYLNJ3IQ,https://www.amazon.in/gp/profile/amzn1.account.AGSRAC6G6HSDM5FMGKUYLYLNJ3IQ/ref=cm_cr_othr_d_gw_tr?ie=UTF8,5,3 years perfect sound,R1FWOQDF0003H7,https://www.amazon.in/gp/customer-reviews/R1FWOQDF0003H7/ref=cm_cr_othr_d_rvw_ttl?ie=UTF8&ASIN=B08PGYPQZH,,my bathroom partner.. High quality base and terrible balance.. awesome i love it..this only one  which come near to the best JBL,True,False,[],2025-01-06,64,"Colour: Roam 2 (Black), Style Name: ROAM 2","[{'key': 'Colour', 'value': 'Roam 2 (Black)'}, {'key': 'Style Name', 'value': 'ROAM 2'}]",,,https://www.amazon.in/product-reviews/B08PGYPQZH?pageNumber=8&filterByStar=all_stars&sortBy=helpful&formatType=all_formats&asin=B08PGYPQZH&reftag=cm_cr_arp_d_paging_btm_next_8&scope=reviewsAjax0,allStars,,B08PGYPQZH,B08PGYPQZH,B08PGYPQZH,"{'price': None, 'listPrice': None}",https://www.amazon.in//Mivi-Wireless-Bluetooth-Waterproof-Assistance/dp/B08PGYPQZH/ref=zg_bs_g_1389365031_d_sccl_26/261-0975833-5917763?psc=1,India,
Reviewed in India on 28 January 2025,amzn1.account.AFNMLARLPB2LHGCBDCL5HWPLO5IA,https://www.amazon.in/gp/profile/amzn1.account.AFNMLARLPB2LHGCBDCL5HWPLO5IA/ref=cm_cr_othr_d_gw_tr?ie=UTF8,4,Good Sound quality,RR13FNW2BMKCB,https://www.amazon.in/gp/customer-reviews/RR13FNW2BMKCB/ref=cm_cr_othr_d_rvw_ttl?ie=UTF8&ASIN=B08PGYPQZH,,"Amazing product, the sound may not be the loudest but the quality of sound is best in the segment.",True,False,[],2025-01-28,9,"Colour: Roam 2 (Black), Style Name: ROAM 2","[{'key': 'Colour', 'value': 'Roam 2 (Black)'}, {'key': 'Style Name', 'value': 'ROAM 2'}]",,,https://www.amazon.in/product-reviews/B08PGYPQZH?pageNumber=2&filterByStar=all_stars&sortBy=helpful&formatType=all_formats&asin=B08PGYPQZH&reftag=cm_cr_arp_d_paging_btm_next_2&scope=reviewsAjax0,allStars,,B08PGYPQZH,B08PGYPQZH,B08PGYPQZH,"{'price': None, 'listPrice': None}",https://www.amazon.in//Mivi-Wireless-Bluetooth-Waterproof-Assistance/dp/B08PGYPQZH/ref=zg_bs_g_1389365031_d_sccl_26/261-0975833-5917763?psc=1,India,
Reviewed in India on 29 January 2025,amzn1.account.AFADTI3Y4W72P5PBWAT3DZBJDHGA,https://www.amazon.in/gp/profile/amzn1.account.AFADTI3Y4W72P5PBWAT3DZBJDHGA/ref=cm_cr_othr_d_gw_tr?ie=UTF8,4,Very good product,R3AMR5Q6TVLMNB,https://www.amazon.in/gp/customer-reviews/R3AMR5Q6TVLMNB/ref=cm_cr_othr_d_rvw_ttl?ie=UTF8&ASIN=B08PGYPQZH,,Top of top,True,False,[],2025-01-29,10,"Colour: Roam 2 (Red), Style Name: ROAM 2","[{'key': 'Colour', 'value': 'Roam 2 (Red)'}, {'key': 'Style Name', 'value': 'ROAM 2'}]",,,https://www.amazon.in/product-reviews/B08PGYPQZH?pageNumber=2&filterByStar=all_stars&sortBy=helpful&formatType=all_formats&asin=B08PGYPQZH&reftag=cm_cr_arp_d_paging_btm_next_2&scope=reviewsAjax0,allStars,,B08PGYPQZH,B08PGYPQZH,B08PGYPQZH,"{'price': None, 'listPrice': None}",https://www.amazon.in//Mivi-Wireless-Bluetooth-Waterproof-Assistance/dp/B08PGYPQZH/ref=zg_bs_g_1389365031_d_sccl_26/261-0975833-5917763?psc=1,India,
Reviewed in India on 28 January 2025,amzn1.account.AEBPGHVQP6SEJATTRPTSWTLMIWOQ,https://www.amazon.in/gp/profile/amzn1.account.AEBPGHVQP6SEJATTRPTSWTLMIWOQ/ref=cm_cr_othr_d_gw_tr?ie=UTF8,4,Best,R361ZZ0MVNBK6C,https://www.amazon.in/gp/customer-reviews/R361ZZ0MVNBK6C/ref=cm_cr_othr_d_rvw_ttl?ie=UTF8&ASIN=B08PGYPQZH,,Best,True,False,[],2025-01-28,11,"Colour: Roam 2 (Black), Style Name: ROAM 2","[{'key': 'Colour', 'value': 'Roam 2 (Black)'}, {'key': 'Style Name', 'value': 'ROAM 2'}]",,,https://www.amazon.in/product-reviews/B08PGYPQZH?pageNumber=2&filterByStar=all_stars&sortBy=helpful&formatType=all_formats&asin=B08PGYPQZH&reftag=cm_cr_arp_d_paging_btm_next_2&scope=reviewsAjax0,allStars,,B08PGYPQZH,B08PGYPQZH,B08PGYPQZH,"{'price': None, 'listPrice': None}",https://www.amazon.in//Mivi-Wireless-Bluetooth-Waterproof-Assistance/dp/B08PGYPQZH/ref=zg_bs_g_1389365031_d_sccl_26/261-0975833-5917763?psc=1,India,
Reviewed in India on 17 January 2025,amzn1.account.AHEOK4REGL5IRWVCOLCWBM3IFDXQ,https://www.amazon.in/gp/profile/amzn1.account.AHEOK4REGL5IRWVCOLCWBM3IFDXQ/ref=cm_cr_othr_d_gw_tr?ie=UTF8,4,Very Good but lacks few simple things,R1OIMLB9CPPEY0,https://www.amazon.in/gp/customer-reviews/R1OIMLB9CPPEY0/ref=cm_cr_othr_d_rvw_ttl?ie=UTF8&ASIN=B08PGYPQZH,,It doesn't have multiple device support and type-c charging port.Button's quality can be improved.Apart from these everything is good.,True,False,[],2025-01-17,12,"Colour: Roam 2 (Red), Style Name: ROAM 2","[{'key': 'Colour', 'value': 'Roam 2 (Red)'}, {'key': 'Style Name', 'value': 'ROAM 2'}]",,,https://www.amazon.in/product-reviews/B08PGYPQZH?pageNumber=2&filterByStar=all_stars&sortBy=helpful&formatType=all_formats&asin=B08PGYPQZH&reftag=cm_cr_arp_d_paging_btm_next_2&scope=reviewsAjax0,allStars,,B08PGYPQZH,B08PGYPQZH,B08PGYPQZH,"{'price': None, 'listPrice': None}",https://www.amazon.in//Mivi-Wireless-Bluetooth-Waterproof-Assistance/dp/B08PGYPQZH/ref=zg_bs_g_1389365031_d_sccl_26/261-0975833-5917763?psc=1,India,
Reviewed in India on 22 January 2025,amzn1.account.AHIWSMSVRCVBCPNDQ47SKOJFTFTA,https://www.amazon.in/gp/profile/amzn1.account.AHIWSMSVRCVBCPNDQ47SKOJFTFTA/ref=cm_cr_othr_d_gw_tr?ie=UTF8,4,Nice battery time,R20HLMIDF7TACD,https://www.amazon.in/gp/customer-reviews/R20HLMIDF7TACD/ref=cm_cr_othr_d_rvw_ttl?ie=UTF8&ASIN=B08PGYPQZH,,Amazing. worth of money,True,False,[],2025-01-22,13,"Colour: Roam 2 (Black), Style Name: ROAM 2","[{'key': 'Colour', 'value': 'Roam 2 (Black)'}, {'key': 'Style Name', 'value': 'ROAM 2'}]",,,https://www.amazon.in/product-reviews/B08PGYPQZH?pageNumber=2&filterByStar=all_stars&sortBy=helpful&formatType=all_formats&asin=B08PGYPQZH&reftag=cm_cr_arp_d_paging_btm_next_2&scope=reviewsAjax0,allStars,,B08PGYPQZH,B08PGYPQZH,B08PGYPQZH,"{'price': None, 'listPrice': None}",https://www.amazon.in//Mivi-Wireless-Bluetooth-Waterproof-Assistance/dp/B08PGYPQZH/ref=zg_bs_g_1389365031_d_sccl_26/261-0975833-5917763?psc=1,India,
Reviewed in India on 25 January 2025,amzn1.account.AELFN3MDPYMWGCNB5HL4SBNTO5ZA,https://www.amazon.in/gp/profile/amzn1.account.AELFN3MDPYMWGCNB5HL4SBNTO5ZA/ref=cm_cr_othr_d_gw_tr?ie=UTF8,4,Best to buy product,R2EMJXJUZNRXE5,https://www.amazon.in/gp/customer-reviews/R2EMJXJUZNRXE5/ref=cm_cr_othr_d_rvw_ttl?ie=UTF8&ASIN=B08PGYPQZH,,Nice sound. Little connectivity issue.,True,False,[],2025-01-25,14,"Colour: Roam 2 (Black), Style Name: ROAM 2","[{'key': 'Colour', 'value': 'Roam 2 (Black)'}, {'key': 'Style Name', 'value': 'ROAM 2'}]",,,https://www.amazon.in/product-reviews/B08PGYPQZH?pageNumber=2&filterByStar=all_stars&sortBy=helpful&formatType=all_formats&asin=B08PGYPQZH&reftag=cm_cr_arp_d_paging_btm_next_2&scope=reviewsAjax0,allStars,,B08PGYPQZH,B08PGYPQZH,B08PGYPQZH,"{'price': None, 'listPrice': None}",https://www.amazon.in//Mivi-Wireless-Bluetooth-Waterproof-Assistance/dp/B08PGYPQZH/ref=zg_bs_g_1389365031_d_sccl_26/261-0975833-5917763?psc=1,India,
Reviewed in India on 20 January 2025,amzn1.account.AEKCH6KGPTATCXJ4SJ5HMRCLXXJQ,https://www.amazon.in/gp/profile/amzn1.account.AEKCH6KGPTATCXJ4SJ5HMRCLXXJQ/ref=cm_cr_othr_d_gw_tr?ie=UTF8,4,Ok,R2CXL0FOEKS88,https://www.amazon.in/gp/customer-reviews/R2CXL0FOEKS88/ref=cm_cr_othr_d_rvw_ttl?ie=UTF8&ASIN=B08PGYPQZH,,Ok report all brothersBut tex 126 rs faltu le rha hai,True,False,['https://m.media-amazon.com/images/I/71Tf8XbIAjL._SY88.jpg'],2025-01-20,15,"Colour: Roam 2 (Black), Style Name: ROAM 2","[{'key': 'Colour', 'value': 'Roam 2 (Black)'}, {'key': 'Style Name', 'value': 'ROAM 2'}]",,,https://www.amazon.in/product-reviews/B08PGYPQZH?pageNumber=2&filterByStar=all_stars&sortBy=helpful&formatType=all_formats&asin=B08PGYPQZH&reftag=cm_cr_arp_d_paging_btm_next_2&scope=reviewsAjax0,allStars,,B08PGYPQZH,B08PGYPQZH,B08PGYPQZH,"{'price': None, 'listPrice': None}",https://www.amazon.in//Mivi-Wireless-Bluetooth-Waterproof-Assistance/dp/B08PGYPQZH/ref=zg_bs_g_1389365031_d_sccl_26/261-0975833-5917763?psc=1,India,
Reviewed in India on 19 January 2025,amzn1.account.AF3BS3QQNKOBRCN5OXMIVRDTRTZQ,https://www.amazon.in/gp/profile/amzn1.account.AF3BS3QQNKOBRCN5OXMIVRDTRTZQ/ref=cm_cr_othr_d_gw_tr?ie=UTF8,4,Good bass,R45S76VEMOXU4,https://www.amazon.in/gp/customer-reviews/R45S76VEMOXU4/ref=cm_cr_othr_d_rvw_ttl?ie=UTF8&ASIN=B08PGYPQZH,,Good quality sound with bass.,True,False,[],2025-01-19,16,"Colour: Roam 2 (Black), Style Name: ROAM 2","[{'key': 'Colour', 'value': 'Roam 2 (Black)'}, {'key': 'Style Name', 'value': 'ROAM 2'}]",,,https://www.amazon.in/product-reviews/B08PGYPQZH?pageNumber=2&filterByStar=all_stars&sortBy=helpful&formatType=all_formats&asin=B08PGYPQZH&reftag=cm_cr_arp_d_paging_btm_next_2&scope=reviewsAjax0,allStars,,B08PGYPQZH,B08PGYPQZH,B08PGYPQZH,"{'price': None, 'listPrice': None}",https://www.amazon.in//Mivi-Wireless-Bluetooth-Waterproof-Assistance/dp/B08PGYPQZH/ref=zg_bs_g_1389365031_d_sccl_26/261-0975833-5917763?psc=1,India,
Reviewed in India on 27 December 2024,amzn1.account.AEOLTGFA7IEXCJ2WNGYH3SE3OBDA,https://www.amazon.in/gp/profile/amzn1.account.AEOLTGFA7IEXCJ2WNGYH3SE3OBDA/ref=cm_cr_othr_d_gw_tr?ie=UTF8,4,Value for money.,R3HU9QCGB7WEH7,https://www.amazon.in/gp/customer-reviews/R3HU9QCGB7WEH7/ref=cm_cr_othr_d_rvw_ttl?ie=UTF8&ASIN=B08PGYPQZH,,Good product under this price range!,True,False,[],2024-12-27,25,"Colour: Roam 2 (Green), Style Name: ROAM 2","[{'key': 'Colour', 'value': 'Roam 2 (Green)'}, {'key': 'Style Name', 'value': 'ROAM 2'}]",,,https://www.amazon.in/product-reviews/B08PGYPQZH?pageNumber=4&filterByStar=all_stars&sortBy=helpful&formatType=all_formats&asin=B08PGYPQZH&reftag=cm_cr_arp_d_paging_btm_next_4&scope=reviewsAjax0,allStars,,B08PGYPQZH,B08PGYPQZH,B08PGYPQZH,"{'price': None, 'listPrice': None}",https://www.amazon.in//Mivi-Wireless-Bluetooth-Waterproof-Assistance/dp/B08PGYPQZH/ref=zg_bs_g_1389365031_d_sccl_26/261-0975833-5917763?psc=1,India,
Reviewed in India on 23 December 2024,amzn1.account.AGFL7OQ6BNSWMSOHHQLKGBDDVHRQ,https://www.amazon.in/gp/profile/amzn1.account.AGFL7OQ6BNSWMSOHHQLKGBDDVHRQ/ref=cm_cr_othr_d_gw_tr?ie=UTF8,4,Product Quality,R3F9YS8RMPTKHI,https://www.amazon.in/gp/customer-reviews/R3F9YS8RMPTKHI/ref=cm_cr_othr_d_rvw_ttl?ie=UTF8&ASIN=B08PGYPQZH,,बहुत हि शानदार,True,False,[],2024-12-23,26,"Colour: Roam 2 (Green), Style Name: ROAM 2","[{'key': 'Colour', 'value': 'Roam 2 (Green)'}, {'key': 'Style Name', 'value': 'ROAM 2'}]",,,https://www.amazon.in/product-reviews/B08PGYPQZH?pageNumber=4&filterByStar=all_stars&sortBy=helpful&formatType=all_formats&asin=B08PGYPQZH&reftag=cm_cr_arp_d_paging_btm_next_4&scope=reviewsAjax0,allStars,,B08PGYPQZH,B08PGYPQZH,B08PGYPQZH,"{'price': None, 'listPrice': None}",https://www.amazon.in//Mivi-Wireless-Bluetooth-Waterproof-Assistance/dp/B08PGYPQZH/ref=zg_bs_g_1389365031_d_sccl_26/261-0975833-5917763?psc=1,India,
Reviewed in India on 18 December 2024,amzn1.account.AEQYSBGSWWQSIOFYSNPBY7O52OEA,https://www.amazon.in/gp/profile/amzn1.account.AEQYSBGSWWQSIOFYSNPBY7O52OEA/ref=cm_cr_othr_d_gw_tr?ie=UTF8,4,Battery super,R1Z4GQ1NZXV6G2,https://www.amazon.in/gp/customer-reviews/R1Z4GQ1NZXV6G2/ref=cm_cr_othr_d_rvw_ttl?ie=UTF8&ASIN=B08PGYPQZH,,Awesome speaker 👏🔊,True,False,['https://m.media-amazon.com/images/I/81qQgLH0yjL._SY88.jpg'],2024-12-18,27,"Colour: Roam 2 (Black), Style Name: ROAM 2","[{'key': 'Colour', 'value': 'Roam 2 (Black)'}, {'key': 'Style Name', 'value': 'ROAM 2'}]",,,https://www.amazon.in/product-reviews/B08PGYPQZH?pageNumber=4&filterByStar=all_stars&sortBy=helpful&formatType=all_formats&asin=B08PGYPQZH&reftag=cm_cr_arp_d_paging_btm_next_4&scope=reviewsAjax0,allStars,,B08PGYPQZH,B08PGYPQZH,B08PGYPQZH,"{'price': None, 'listPrice': None}",https://www.amazon.in//Mivi-Wireless-Bluetooth-Waterproof-Assistance/dp/B08PGYPQZH/ref=zg_bs_g_1389365031_d_sccl_26/261-0975833-5917763?psc=1,India,
Reviewed in India on 23 December 2024,amzn1.account.AHUNLMRASB4YOSMHNDROSMTKSTVQ,https://www.amazon.in/gp/profile/amzn1.account.AHUNLMRASB4YOSMHNDROSMTKSTVQ/ref=cm_cr_othr_d_gw_tr?ie=UTF8,4,Good,R2S39NLU0KQ1P0,https://www.amazon.in/gp/customer-reviews/R2S39NLU0KQ1P0/ref=cm_cr_othr_d_rvw_ttl?ie=UTF8&ASIN=B08PGYPQZH,,Good,True,False,[],2024-12-23,28,"Colour: Roam 2 (Green), Style Name: ROAM 2","[{'key': 'Colour', 'value': 'Roam 2 (Green)'}, {'key': 'Style Name', 'value': 'ROAM 2'}]",,,https://www.amazon.in/product-reviews/B08PGYPQZH?pageNumber=4&filterByStar=all_stars&sortBy=helpful&formatType=all_formats&asin=B08PGYPQZH&reftag=cm_cr_arp_d_paging_btm_next_4&scope=reviewsAjax0,allStars,,B08PGYPQZH,B08PGYPQZH,B08PGYPQZH,"{'price': None, 'listPrice': None}",https://www.amazon.in//Mivi-Wireless-Bluetooth-Waterproof-Assistance/dp/B08PGYPQZH/ref=zg_bs_g_1389365031_d_sccl_26/261-0975833-5917763?psc=1,India,
Reviewed in India on 14 December 2024,amzn1.account.AFUP4SQ2QIL2CKRJIIQTRT7B6VOQ,https://www.amazon.in/gp/profile/amzn1.account.AFUP4SQ2QIL2CKRJIIQTRT7B6VOQ/ref=cm_cr_othr_d_gw_tr?ie=UTF8,4,I Recommend this small room,RSZFFI075O0ER,https://www.amazon.in/gp/customer-reviews/RSZFFI075O0ER/ref=cm_cr_othr_d_rvw_ttl?ie=UTF8&ASIN=B08PGYPQZH,,I recommend this product for smaller spaces very good product with good build quality I like this product much🥰,True,False,[],2024-12-14,29,"Colour: Roam 2(Blue), Style Name: ROAM 2","[{'key': 'Colour', 'value': 'Roam 2(Blue)'}, {'key': 'Style Name', 'value': 'ROAM 2'}]",,,https://www.amazon.in/product-reviews/B08PGYPQZH?pageNumber=4&filterByStar=all_stars&sortBy=helpful&formatType=all_formats&asin=B08PGYPQZH&reftag=cm_cr_arp_d_paging_btm_next_4&scope=reviewsAjax0,allStars,,B08PGYPQZH,B08PGYPQZH,B08PGYPQZH,"{'price': None, 'listPrice': None}",https://www.amazon.in//Mivi-Wireless-Bluetooth-Waterproof-Assistance/dp/B08PGYPQZH/ref=zg_bs_g_1389365031_d_sccl_26/261-0975833-5917763?psc=1,India,
Reviewed in India on 7 December 2024,amzn1.account.AFCWV3KDJFKSVXGGZFKAPW5W4F2Q,https://www.amazon.in/gp/profile/amzn1.account.AFCWV3KDJFKSVXGGZFKAPW5W4F2Q/ref=cm_cr_othr_d_gw_tr?ie=UTF8,4,सबसे अच्छा स्पीकर है। इस मूल्य में और कोई इसके टक्कर का नहीं।,R2JKZX2X9KTT6Z,https://www.amazon.in/gp/customer-reviews/R2JKZX2X9KTT6Z/ref=cm_cr_othr_d_rvw_ttl?ie=UTF8&ASIN=B08PGYPQZH,2 people found this helpful,मैं इससे पूरी तरह सेटिस्फाई हूं। और इसमें किसी तरह की दिक्कत नहीं है। आप बेझिझक इसे ले सकते हैं। उम्मीद है। कोई दिक्कत आगे भी नहीं होगा। समान बहुत बढ़िया है।,True,False,"['https://m.media-amazon.com/images/I/61es8DA4MVL._SY88.jpg', 'https://m.media-amazon.com/images/I/813-T4JNUUL._SY88.jpg']",2024-12-07,30,"Colour: Roam 2(Blue), Style Name: ROAM 2","[{'key': 'Colour', 'value': 'Roam 2(Blue)'}, {'key': 'Style Name', 'value': 'ROAM 2'}]",,,https://www.amazon.in/product-reviews/B08PGYPQZH?pageNumber=4&filterByStar=all_stars&sortBy=helpful&formatType=all_formats&asin=B08PGYPQZH&reftag=cm_cr_arp_d_paging_btm_next_4&scope=reviewsAjax0,allStars,,B08PGYPQZH,B08PGYPQZH,B08PGYPQZH,"{'price': None, 'listPrice': None}",https://www.amazon.in//Mivi-Wireless-Bluetooth-Waterproof-Assistance/dp/B08PGYPQZH/ref=zg_bs_g_1389365031_d_sccl_26/261-0975833-5917763?psc=1,India,
Reviewed in India on 27 January 2025,amzn1.account.AFPY2RXXC6UHAMZTQ7DGX2B5LI5A,https://www.amazon.in/gp/profile/amzn1.account.AFPY2RXXC6UHAMZTQ7DGX2B5LI5A/ref=cm_cr_othr_d_gw_tr?ie=UTF8,3,Bass is DEFINITELY not as good as they advertise,R1FESQTD3M7HQW,https://www.amazon.in/gp/customer-reviews/R1FESQTD3M7HQW/ref=cm_cr_othr_d_rvw_ttl?ie=UTF8&ASIN=B08PGYPQZH,,"The speaker looks pretty good appearance wise, and charged very quick. Italso has easy controls but the bass is ABSOLUTELY pathetic.There is basically no bass in there, at all.Good enough for a desperate situation but not that great overall.",True,False,[],2025-01-27,31,"Colour: Roam 2 (Black), Style Name: ROAM 2","[{'key': 'Colour', 'value': 'Roam 2 (Black)'}, {'key': 'Style Name', 'value': 'ROAM 2'}]",,,https://www.amazon.in/product-reviews/B08PGYPQZH?pageNumber=4&filterByStar=all_stars&sortBy=helpful&formatType=all_formats&asin=B08PGYPQZH&reftag=cm_cr_arp_d_paging_btm_next_4&scope=reviewsAjax0,allStars,,B08PGYPQZH,B08PGYPQZH,B08PGYPQZH,"{'price': None, 'listPrice': None}",https://www.amazon.in//Mivi-Wireless-Bluetooth-Waterproof-Assistance/dp/B08PGYPQZH/ref=zg_bs_g_1389365031_d_sccl_26/261-0975833-5917763?psc=1,India,
Reviewed in India on 13 December 2024,amzn1.account.AEUMQVW6R2VEXLVS5NT6MNE2KFLQ,https://www.amazon.in/gp/profile/amzn1.account.AEUMQVW6R2VEXLVS5NT6MNE2KFLQ/ref=cm_cr_othr_d_gw_tr?ie=UTF8,4,Good,R3VTSB74Z87L9A,https://www.amazon.in/gp/customer-reviews/R3VTSB74Z87L9A/ref=cm_cr_othr_d_rvw_ttl?ie=UTF8&ASIN=B08PGYPQZH,,,True,False,['https://m.media-amazon.com/images/I/71iqtsJK41L._SY88.jpg'],2024-12-13,32,"Colour: Roam 2 (Black), Style Name: ROAM 2","[{'key': 'Colour', 'value': 'Roam 2 (Black)'}, {'key': 'Style Name', 'value': 'ROAM 2'}]",,,https://www.amazon.in/product-reviews/B08PGYPQZH?pageNumber=4&filterByStar=all_stars&sortBy=helpful&formatType=all_formats&asin=B08PGYPQZH&reftag=cm_cr_arp_d_paging_btm_next_4&scope=reviewsAjax0,allStars,,B08PGYPQZH,B08PGYPQZH,B08PGYPQZH,"{'price': None, 'listPrice': None}",https://www.amazon.in//Mivi-Wireless-Bluetooth-Waterproof-Assistance/dp/B08PGYPQZH/ref=zg_bs_g_1389365031_d_sccl_26/261-0975833-5917763?psc=1,India,
Reviewed in India on 6 December 2024,amzn1.account.AH7264XTFHDSYLHUERUAMFILFQMQ,https://www.amazon.in/gp/profile/amzn1.account.AH7264XTFHDSYLHUERUAMFILFQMQ/ref=cm_cr_othr_d_gw_tr?ie=UTF8,4,LK,R8HNHSXVOCCYD,https://www.amazon.in/gp/customer-reviews/R8HNHSXVOCCYD/ref=cm_cr_othr_d_rvw_ttl?ie=UTF8&ASIN=B08PGYPQZH,One person found this helpful,Great value for money,True,False,['https://m.media-amazon.com/images/I/717J8aAyRsL._SY88.jpg'],2024-12-06,33,"Colour: Roam 2 (Black), Style Name: ROAM 2","[{'key': 'Colour', 'value': 'Roam 2 (Black)'}, {'key': 'Style Name', 'value': 'ROAM 2'}]",,,https://www.amazon.in/product-reviews/B08PGYPQZH?pageNumber=5&filterByStar=all_stars&sortBy=helpful&formatType=all_formats&asin=B08PGYPQZH&reftag=cm_cr_arp_d_paging_btm_next_5&scope=reviewsAjax0,allStars,,B08PGYPQZH,B08PGYPQZH,B08PGYPQZH,"{'price': None, 'listPrice': None}",https://www.amazon.in//Mivi-Wireless-Bluetooth-Waterproof-Assistance/dp/B08PGYPQZH/ref=zg_bs_g_1389365031_d_sccl_26/261-0975833-5917763?psc=1,India,
Reviewed in India on 15 January 2025,amzn1.account.AFO32M3TOLI6D37PYXBC622JTTSA,https://www.amazon.in/gp/profile/amzn1.account.AFO32M3TOLI6D37PYXBC622JTTSA/ref=cm_cr_othr_d_gw_tr?ie=UTF8,3,Volume is not very high. Okayish,R3GY90NMTTLS8X,https://www.amazon.in/gp/customer-reviews/R3GY90NMTTLS8X/ref=cm_cr_othr_d_rvw_ttl?ie=UTF8&ASIN=B08PGYPQZH,,"Volume is not very high and it might sometimes feel lower than your phone's speakers. okay-ish product. if you are someone who likes to blast music, it might not be the best purchase for you. Go for something else.",True,False,[],2025-01-15,34,"Colour: Roam 2 (Black), Style Name: ROAM 2","[{'key': 'Colour', 'value': 'Roam 2 (Black)'}, {'key': 'Style Name', 'value': 'ROAM 2'}]",,,https://www.amazon.in/product-reviews/B08PGYPQZH?pageNumber=5&filterByStar=all_stars&sortBy=helpful&formatType=all_formats&asin=B08PGYPQZH&reftag=cm_cr_arp_d_paging_btm_next_5&scope=reviewsAjax0,allStars,,B08PGYPQZH,B08PGYPQZH,B08PGYPQZH,"{'price': None, 'listPrice': None}",https://www.amazon.in//Mivi-Wireless-Bluetooth-Waterproof-Assistance/dp/B08PGYPQZH/ref=zg_bs_g_1389365031_d_sccl_26/261-0975833-5917763?psc=1,India,
Reviewed in India on 7 October 2024,amzn1.account.AHMZLXIAZ6I6VQE76UGESSTE2OQA,https://www.amazon.in/gp/profile/amzn1.account.AHMZLXIAZ6I6VQE76UGESSTE2OQA/ref=cm_cr_othr_d_gw_tr?ie=UTF8,4,Less decibels.,R2VZUOR6MEUN6X,https://www.amazon.in/gp/customer-reviews/R2VZUOR6MEUN6X/ref=cm_cr_othr_d_rvw_ttl?ie=UTF8&ASIN=B08PGYPQZH,One person found this helpful,Everything is good...5 watts speaker ke category me it's totally up to the mark but what's not up to the mark is the loudness...I have used other 5 watts speaker and this one seems to have less loudness compared to others. I have compared it with JBL Go 2 which equips a 3.1 watts woofer...even that has more loudness than this...well it's totally not dependent upon watts but yeah that's the one con of this speaker...otherwise the micro usb charging port doesn't affect much because once it's charged fully...it can last around 20 hours straight.,True,False,[],2024-10-07,35,"Colour: Roam 2 (Green), Style Name: ROAM 2","[{'key': 'Colour', 'value': 'Roam 2 (Green)'}, {'key': 'Style Name', 'value': 'ROAM 2'}]",,,https://www.amazon.in/product-reviews/B08PGYPQZH?pageNumber=5&filterByStar=all_stars&sortBy=helpful&formatType=all_formats&asin=B08PGYPQZH&reftag=cm_cr_arp_d_paging_btm_next_5&scope=reviewsAjax0,allStars,,B08PGYPQZH,B08PGYPQZH,B08PGYPQZH,"{'price': None, 'listPrice': None}",https://www.amazon.in//Mivi-Wireless-Bluetooth-Waterproof-Assistance/dp/B08PGYPQZH/ref=zg_bs_g_1389365031_d_sccl_26/261-0975833-5917763?psc=1,India,
Reviewed in India on 26 January 2025,amzn1.account.AFL6H3R2EQMU5CDCNUEWUDHSIIVA,https://www.amazon.in/gp/profile/amzn1.account.AFL6H3R2EQMU5CDCNUEWUDHSIIVA/ref=cm_cr_othr_d_gw_tr?ie=UTF8,3,volume,R2C8XJ1HRFX84C,https://www.amazon.in/gp/customer-reviews/R2C8XJ1HRFX84C/ref=cm_cr_othr_d_rvw_ttl?ie=UTF8&ASIN=B08PGYPQZH,,speaker volume is not as good as android when connected to iphone,True,False,[],2025-01-26,36,"Colour: Roam 2 (Black), Style Name: ROAM 2","[{'key': 'Colour', 'value': 'Roam 2 (Black)'}, {'key': 'Style Name', 'value': 'ROAM 2'}]",,,https://www.amazon.in/product-reviews/B08PGYPQZH?pageNumber=5&filterByStar=all_stars&sortBy=helpful&formatType=all_formats&asin=B08PGYPQZH&reftag=cm_cr_arp_d_paging_btm_next_5&scope=reviewsAjax0,allStars,,B08PGYPQZH,B08PGYPQZH,B08PGYPQZH,"{'price': None, 'listPrice': None}",https://www.amazon.in//Mivi-Wireless-Bluetooth-Waterproof-Assistance/dp/B08PGYPQZH/ref=zg_bs_g_1389365031_d_sccl_26/261-0975833-5917763?psc=1,India,
Reviewed in India on 12 October 2024,amzn1.account.AHV42GN35OUYKSVMPPKYXXLD2YKQ,https://www.amazon.in/gp/profile/amzn1.account.AHV42GN35OUYKSVMPPKYXXLD2YKQ/ref=cm_cr_othr_d_gw_tr?ie=UTF8,4,"Great build , Good sound.",R33UHWYYX5ZT7S,https://www.amazon.in/gp/customer-reviews/R33UHWYYX5ZT7S/ref=cm_cr_othr_d_rvw_ttl?ie=UTF8&ASIN=B08PGYPQZH,2 people found this helpful,"First I recived defective product which had almost no bass at all. After replacement problem was solved.Pros :Best build qualityAmazing battery lifeAUX supportClear , crisp sound.Not great but good bass.Cons :Type C is missingMic quality is okayBass is good but not detailed. ( I used JBL clip 4 recently )On this price (under 1000) it's 100% value for money product 👍. Also I want mivi to have better customer support system.",True,False,['https://m.media-amazon.com/images/I/71MmH8VgyYL._SY88.jpg'],2024-10-12,37,"Colour: Roam 2 (Black), Style Name: ROAM 2","[{'key': 'Colour', 'value': 'Roam 2 (Black)'}, {'key': 'Style Name', 'value': 'ROAM 2'}]",,,https://www.amazon.in/product-reviews/B08PGYPQZH?pageNumber=5&filterByStar=all_stars&sortBy=helpful&formatType=all_formats&asin=B08PGYPQZH&reftag=cm_cr_arp_d_paging_btm_next_5&scope=reviewsAjax0,allStars,,B08PGYPQZH,B08PGYPQZH,B08PGYPQZH,"{'price': None, 'listPrice': None}",https://www.amazon.in//Mivi-Wireless-Bluetooth-Waterproof-Assistance/dp/B08PGYPQZH/ref=zg_bs_g_1389365031_d_sccl_26/261-0975833-5917763?psc=1,India,
Reviewed in India on 9 November 2024,amzn1.account.AFECO6DXULCIOB4XQLLUGBHQCHHA,https://www.amazon.in/gp/profile/amzn1.account.AFECO6DXULCIOB4XQLLUGBHQCHHA/ref=cm_cr_othr_d_gw_tr?ie=UTF8,4,Helpful in study also,R2R91TA9U4YZ57,https://www.amazon.in/gp/customer-reviews/R2R91TA9U4YZ57/ref=cm_cr_othr_d_rvw_ttl?ie=UTF8&ASIN=B08PGYPQZH,,"Battery backup : Bahut achaSound quality : BadiyaBass : na ke brabr haiAux , charging cable : cheap haiBuild quality : Jaandar haiFull volume pr pure ghar me achi awaj aati hai799 me lene me koi ghaata nahi hai....",True,False,[],2024-11-09,38,"Colour: Roam 2 (Black), Style Name: ROAM 2","[{'key': 'Colour', 'value': 'Roam 2 (Black)'}, {'key': 'Style Name', 'value': 'ROAM 2'}]",,,https://www.amazon.in/product-reviews/B08PGYPQZH?pageNumber=5&filterByStar=all_stars&sortBy=helpful&formatType=all_formats&asin=B08PGYPQZH&reftag=cm_cr_arp_d_paging_btm_next_5&scope=reviewsAjax0,allStars,,B08PGYPQZH,B08PGYPQZH,B08PGYPQZH,"{'price': None, 'listPrice': None}",https://www.amazon.in//Mivi-Wireless-Bluetooth-Waterproof-Assistance/dp/B08PGYPQZH/ref=zg_bs_g_1389365031_d_sccl_26/261-0975833-5917763?psc=1,India,
Reviewed in India on 8 November 2024,amzn1.account.AH33MESCM35YAT5243WOD6ZOJLUA,https://www.amazon.in/gp/profile/amzn1.account.AH33MESCM35YAT5243WOD6ZOJLUA/ref=cm_cr_othr_d_gw_tr?ie=UTF8,4,good product but lacks a bit in the volume capacity,R2KC62R90S53FP,https://www.amazon.in/gp/customer-reviews/R2KC62R90S53FP/ref=cm_cr_othr_d_rvw_ttl?ie=UTF8&ASIN=B08PGYPQZH,,durability and charging is just awesome and quality on the product is just amazing.The bass on this device is rocking.although it lack's in the volume capacity segment they can still do better except this the product is awesome.,True,False,[],2024-11-08,39,"Colour: Roam 2 (Black), Style Name: ROAM 2","[{'key': 'Colour', 'value': 'Roam 2 (Black)'}, {'key': 'Style Name', 'value': 'ROAM 2'}]",,,https://www.amazon.in/product-reviews/B08PGYPQZH?pageNumber=5&filterByStar=all_stars&sortBy=helpful&formatType=all_formats&asin=B08PGYPQZH&reftag=cm_cr_arp_d_paging_btm_next_5&scope=reviewsAjax0,allStars,,B08PGYPQZH,B08PGYPQZH,B08PGYPQZH,"{'price': None, 'listPrice': None}",https://www.amazon.in//Mivi-Wireless-Bluetooth-Waterproof-Assistance/dp/B08PGYPQZH/ref=zg_bs_g_1389365031_d_sccl_26/261-0975833-5917763?psc=1,India,
Reviewed in India on 12 January 2025,amzn1.account.AGMG5GWFVW2HNUT7JCNQN7Y23LRA,https://www.amazon.in/gp/profile/amzn1.account.AGMG5GWFVW2HNUT7JCNQN7Y23LRA/ref=cm_cr_othr_d_gw_tr?ie=UTF8,5,best,R2LH93KVL9II46,https://www.amazon.in/gp/customer-reviews/R2LH93KVL9II46/ref=cm_cr_othr_d_rvw_ttl?ie=UTF8&ASIN=B08PGYPQZH,,love the product and it sound is good and also base fine . size is also small easily carried and mic quality is good and functionality is love it,True,False,[],2025-01-12,40,"Colour: Roam 2 (Black), Style Name: ROAM 2","[{'key': 'Colour', 'value': 'Roam 2 (Black)'}, {'key': 'Style Name', 'value': 'ROAM 2'}]",,,https://www.amazon.in/product-reviews/B08PGYPQZH?pageNumber=5&filterByStar=all_stars&sortBy=helpful&formatType=all_formats&asin=B08PGYPQZH&reftag=cm_cr_arp_d_paging_btm_next_5&scope=reviewsAjax0,allStars,,B08PGYPQZH,B08PGYPQZH,B08PGYPQZH,"{'price': None, 'listPrice': None}",https://www.amazon.in//Mivi-Wireless-Bluetooth-Waterproof-Assistance/dp/B08PGYPQZH/ref=zg_bs_g_1389365031_d_sccl_26/261-0975833-5917763?psc=1,India,
Reviewed in India on 18 January 2025,amzn1.account.AG2RK63IVV7ZOFNEUU2GM6CUQB5Q,https://www.amazon.in/gp/profile/amzn1.account.AG2RK63IVV7ZOFNEUU2GM6CUQB5Q/ref=cm_cr_othr_d_gw_tr?ie=UTF8,4,Good,R13M9FI692ITSH,https://www.amazon.in/gp/customer-reviews/R13M9FI692ITSH/ref=cm_cr_othr_d_rvw_ttl?ie=UTF8&ASIN=B08PGYPQZH,,Quality is good. Bass is low.,True,False,[],2025-01-18,17,"Colour: Roam 2 (Green), Style Name: ROAM 2","[{'key': 'Colour', 'value': 'Roam 2 (Green)'}, {'key': 'Style Name', 'value': 'ROAM 2'}]",,,https://www.amazon.in/product-reviews/B08PGYPQZH?pageNumber=3&filterByStar=all_stars&sortBy=helpful&formatType=all_formats&asin=B08PGYPQZH&reftag=cm_cr_arp_d_paging_btm_next_3&scope=reviewsAjax0,allStars,,B08PGYPQZH,B08PGYPQZH,B08PGYPQZH,"{'price': None, 'listPrice': None}",https://www.amazon.in//Mivi-Wireless-Bluetooth-Waterproof-Assistance/dp/B08PGYPQZH/ref=zg_bs_g_1389365031_d_sccl_26/261-0975833-5917763?psc=1,India,
Reviewed in India on 16 January 2025,amzn1.account.AFCMMNSBLLN3WN3E3PM5KSV5MA4A,https://www.amazon.in/gp/profile/amzn1.account.AFCMMNSBLLN3WN3E3PM5KSV5MA4A/ref=cm_cr_othr_d_gw_tr?ie=UTF8,4,Good product at this range,R15XNPEY518H3Z,https://www.amazon.in/gp/customer-reviews/R15XNPEY518H3Z/ref=cm_cr_othr_d_rvw_ttl?ie=UTF8&ASIN=B08PGYPQZH,,Good sound quality,True,False,[],2025-01-16,18,"Colour: Roam 2(Blue), Style Name: ROAM 2","[{'key': 'Colour', 'value': 'Roam 2(Blue)'}, {'key': 'Style Name', 'value': 'ROAM 2'}]",,,https://www.amazon.in/product-reviews/B08PGYPQZH?pageNumber=3&filterByStar=all_stars&sortBy=helpful&formatType=all_formats&asin=B08PGYPQZH&reftag=cm_cr_arp_d_paging_btm_next_3&scope=reviewsAjax0,allStars,,B08PGYPQZH,B08PGYPQZH,B08PGYPQZH,"{'price': None, 'listPrice': None}",https://www.amazon.in//Mivi-Wireless-Bluetooth-Waterproof-Assistance/dp/B08PGYPQZH/ref=zg_bs_g_1389365031_d_sccl_26/261-0975833-5917763?psc=1,India,
Reviewed in India on 15 January 2025,amzn1.account.AFA6CNMVHMKHEIZGRGK2X36EKQRA,https://www.amazon.in/gp/profile/amzn1.account.AFA6CNMVHMKHEIZGRGK2X36EKQRA/ref=cm_cr_othr_d_gw_tr?ie=UTF8,4,good,RDBIDGBZI8ZDF,https://www.amazon.in/gp/customer-reviews/RDBIDGBZI8ZDF/ref=cm_cr_othr_d_rvw_ttl?ie=UTF8&ASIN=B08PGYPQZH,,good,True,False,[],2025-01-15,19,"Colour: Roam 2 (Red), Style Name: ROAM 2","[{'key': 'Colour', 'value': 'Roam 2 (Red)'}, {'key': 'Style Name', 'value': 'ROAM 2'}]",,,https://www.amazon.in/product-reviews/B08PGYPQZH?pageNumber=3&filterByStar=all_stars&sortBy=helpful&formatType=all_formats&asin=B08PGYPQZH&reftag=cm_cr_arp_d_paging_btm_next_3&scope=reviewsAjax0,allStars,,B08PGYPQZH,B08PGYPQZH,B08PGYPQZH,"{'price': None, 'listPrice': None}",https://www.amazon.in//Mivi-Wireless-Bluetooth-Waterproof-Assistance/dp/B08PGYPQZH/ref=zg_bs_g_1389365031_d_sccl_26/261-0975833-5917763?psc=1,India,
Reviewed in India on 16 January 2025,amzn1.account.AHJBTABFKXLPXS43KJMGQ3WNR6RQ,https://www.amazon.in/gp/profile/amzn1.account.AHJBTABFKXLPXS43KJMGQ3WNR6RQ/ref=cm_cr_othr_d_gw_tr?ie=UTF8,4,Good,R2IBT51SCTFQJX,https://www.amazon.in/gp/customer-reviews/R2IBT51SCTFQJX/ref=cm_cr_othr_d_rvw_ttl?ie=UTF8&ASIN=B08PGYPQZH,,"Goods sound quality,battery backup",True,False,[],2025-01-16,20,"Colour: Roam 2(Blue), Style Name: ROAM 2","[{'key': 'Colour', 'value': 'Roam 2(Blue)'}, {'key': 'Style Name', 'value': 'ROAM 2'}]",,,https://www.amazon.in/product-reviews/B08PGYPQZH?pageNumber=3&filterByStar=all_stars&sortBy=helpful&formatType=all_formats&asin=B08PGYPQZH&reftag=cm_cr_arp_d_paging_btm_next_3&scope=reviewsAjax0,allStars,,B08PGYPQZH,B08PGYPQZH,B08PGYPQZH,"{'price': None, 'listPrice': None}",https://www.amazon.in//Mivi-Wireless-Bluetooth-Waterproof-Assistance/dp/B08PGYPQZH/ref=zg_bs_g_1389365031_d_sccl_26/261-0975833-5917763?psc=1,India,
Reviewed in India on 15 January 2025,amzn1.account.AENABWXVV6LUQ7GT3TQEGCP3EBKA,https://www.amazon.in/gp/profile/amzn1.account.AENABWXVV6LUQ7GT3TQEGCP3EBKA/ref=cm_cr_othr_d_gw_tr?ie=UTF8,4,Value for money,R1JKUDIFWX9BKI,https://www.amazon.in/gp/customer-reviews/R1JKUDIFWX9BKI/ref=cm_cr_othr_d_rvw_ttl?ie=UTF8&ASIN=B08PGYPQZH,,Good sound but the built quality is not that good.,True,False,"['https://m.media-amazon.com/images/I/71C95ruTT+L._SY88.jpg', 'https://m.media-amazon.com/images/I/71g-EmSeDqL._SY88.jpg', 'https://m.media-amazon.com/images/I/81biom-6EEL._SY88.jpg', 'https://m.media-amazon.com/images/I/81nGvs6P9oL._SY88.jpg']",2025-01-15,21,"Colour: Roam 2(Blue), Style Name: ROAM 2","[{'key': 'Colour', 'value': 'Roam 2(Blue)'}, {'key': 'Style Name', 'value': 'ROAM 2'}]",,,https://www.amazon.in/product-reviews/B08PGYPQZH?pageNumber=3&filterByStar=all_stars&sortBy=helpful&formatType=all_formats&asin=B08PGYPQZH&reftag=cm_cr_arp_d_paging_btm_next_3&scope=reviewsAjax0,allStars,,B08PGYPQZH,B08PGYPQZH,B08PGYPQZH,"{'price': None, 'listPrice': None}",https://www.amazon.in//Mivi-Wireless-Bluetooth-Waterproof-Assistance/dp/B08PGYPQZH/ref=zg_bs_g_1389365031_d_sccl_26/261-0975833-5917763?psc=1,India,
Reviewed in India on 3 January 2025,amzn1.account.AHX3DOACD3U44JJRSIFCSA4IZHOA,https://www.amazon.in/gp/profile/amzn1.account.AHX3DOACD3U44JJRSIFCSA4IZHOA/ref=cm_cr_othr_d_gw_tr?ie=UTF8,4,Super🥰,R12BA928QKEOAF,https://www.amazon.in/gp/customer-reviews/R12BA928QKEOAF/ref=cm_cr_othr_d_rvw_ttl?ie=UTF8&ASIN=B08PGYPQZH,,,True,False,['https://m.media-amazon.com/images/I/711gD81GeoL._SY88.jpg'],2025-01-03,22,"Colour: Roam 2 (Black), Style Name: ROAM 2","[{'key': 'Colour', 'value': 'Roam 2 (Black)'}, {'key': 'Style Name', 'value': 'ROAM 2'}]",,,https://www.amazon.in/product-reviews/B08PGYPQZH?pageNumber=3&filterByStar=all_stars&sortBy=helpful&formatType=all_formats&asin=B08PGYPQZH&reftag=cm_cr_arp_d_paging_btm_next_3&scope=reviewsAjax0,allStars,,B08PGYPQZH,B08PGYPQZH,B08PGYPQZH,"{'price': None, 'listPrice': None}",https://www.amazon.in//Mivi-Wireless-Bluetooth-Waterproof-Assistance/dp/B08PGYPQZH/ref=zg_bs_g_1389365031_d_sccl_26/261-0975833-5917763?psc=1,India,
Reviewed in India on 9 December 2024,amzn1.account.AGHX27A4XCSLQS2CZMPW4ZIV3RLQ,https://www.amazon.in/gp/profile/amzn1.account.AGHX27A4XCSLQS2CZMPW4ZIV3RLQ/ref=cm_cr_othr_d_gw_tr?ie=UTF8,4,Good for songs. If required for movies its not the one.go for soundbars,R2F6HVB1IZOUDN,https://www.amazon.in/gp/customer-reviews/R2F6HVB1IZOUDN/ref=cm_cr_othr_d_rvw_ttl?ie=UTF8&ASIN=B08PGYPQZH,One person found this helpful,"This speaker is good and it has a passive radiator, which is good for songs.audio quality of songs is best.but vocals in movies are not louder when fan is running in bluetooth mode but it's clear in audio jack only for laptop not in mobile.for movies you can go for soundbars of 15 to 20 watts",True,False,[],2024-12-09,23,"Colour: Roam 2 (Green), Style Name: ROAM 2","[{'key': 'Colour', 'value': 'Roam 2 (Green)'}, {'key': 'Style Name', 'value': 'ROAM 2'}]",,,https://www.amazon.in/product-reviews/B08PGYPQZH?pageNumber=3&filterByStar=all_stars&sortBy=helpful&formatType=all_formats&asin=B08PGYPQZH&reftag=cm_cr_arp_d_paging_btm_next_3&scope=reviewsAjax0,allStars,,B08PGYPQZH,B08PGYPQZH,B08PGYPQZH,"{'price': None, 'listPrice': None}",https://www.amazon.in//Mivi-Wireless-Bluetooth-Waterproof-Assistance/dp/B08PGYPQZH/ref=zg_bs_g_1389365031_d_sccl_26/261-0975833-5917763?psc=1,India,
Reviewed in India on 31 December 2024,amzn1.account.AHQGZFRE5VIZV4YY7PEBITCYU6RA,https://www.amazon.in/gp/profile/amzn1.account.AHQGZFRE5VIZV4YY7PEBITCYU6RA/ref=cm_cr_othr_d_gw_tr?ie=UTF8,4,Value for money,R2MJHX3M64CFBA,https://www.amazon.in/gp/customer-reviews/R2MJHX3M64CFBA/ref=cm_cr_othr_d_rvw_ttl?ie=UTF8&ASIN=B08PGYPQZH,,Osm product,True,False,"['https://m.media-amazon.com/images/I/61WWH77X2GL._SY88.jpg', 'https://m.media-amazon.com/images/I/61jPV0Vs2IL._SY88.jpg', 'https://m.media-amazon.com/images/I/71qJRXFfuLL._SY88.jpg']",2024-12-31,24,"Colour: Roam 2 (Green), Style Name: ROAM 2","[{'key': 'Colour', 'value': 'Roam 2 (Green)'}, {'key': 'Style Name', 'value': 'ROAM 2'}]",,,https://www.amazon.in/product-reviews/B08PGYPQZH?pageNumber=3&filterByStar=all_stars&sortBy=helpful&formatType=all_formats&asin=B08PGYPQZH&reftag=cm_cr_arp_d_paging_btm_next_3&scope=reviewsAjax0,allStars,,B08PGYPQZH,B08PGYPQZH,B08PGYPQZH,"{'price': None, 'listPrice': None}",https://www.amazon.in//Mivi-Wireless-Bluetooth-Waterproof-Assistance/dp/B08PGYPQZH/ref=zg_bs_g_1389365031_d_sccl_26/261-0975833-5917763?psc=1,India,
Reviewed in India on 8 January 2025,amzn1.account.AGIX6TJUHSWC2K5YMADO4QOYUKDA,https://www.amazon.in/gp/profile/amzn1.account.AGIX6TJUHSWC2K5YMADO4QOYUKDA/ref=cm_cr_othr_d_gw_tr?ie=UTF8,5,Good Bass and Sound Balance,R1BLLCHUKGDHTC,https://www.amazon.in/gp/customer-reviews/R1BLLCHUKGDHTC/ref=cm_cr_othr_d_rvw_ttl?ie=UTF8&ASIN=B08PGYPQZH,,The bass and clarity of sound is too good. I wasn't expecting so much but this us awesome and if you are looking for a speaker under 1000 you can go for it...,True,False,['https://m.media-amazon.com/images/I/61egnk3L2EL._SY88.jpg'],2025-01-08,41,"Colour: Roam 2 (Green), Style Name: ROAM 2","[{'key': 'Colour', 'value': 'Roam 2 (Green)'}, {'key': 'Style Name', 'value': 'ROAM 2'}]",,,https://www.amazon.in/product-reviews/B08PGYPQZH?pageNumber=6&filterByStar=all_stars&sortBy=helpful&formatType=all_formats&asin=B08PGYPQZH&reftag=cm_cr_arp_d_paging_btm_next_6&scope=reviewsAjax0,allStars,,B08PGYPQZH,B08PGYPQZH,B08PGYPQZH,"{'price': None, 'listPrice': None}",https://www.amazon.in//Mivi-Wireless-Bluetooth-Waterproof-Assistance/dp/B08PGYPQZH/ref=zg_bs_g_1389365031_d_sccl_26/261-0975833-5917763?psc=1,India,
Reviewed in India on 9 December 2024,amzn1.account.AHWBKLCD5XY26UKR23FBYOD6JG4A,https://www.amazon.in/gp/profile/amzn1.account.AHWBKLCD5XY26UKR23FBYOD6JG4A/ref=cm_cr_othr_d_gw_tr?ie=UTF8,4,Value for money,R3JBSBJNV2Q608,https://www.amazon.in/gp/customer-reviews/R3JBSBJNV2Q608/ref=cm_cr_othr_d_rvw_ttl?ie=UTF8&ASIN=B08PGYPQZH,One person found this helpful,The media could not be loaded.,True,False,[],2024-12-09,42,"Colour: Roam 2 (Black), Style Name: ROAM 2","[{'key': 'Colour', 'value': 'Roam 2 (Black)'}, {'key': 'Style Name', 'value': 'ROAM 2'}]",,,https://www.amazon.in/product-reviews/B08PGYPQZH?pageNumber=6&filterByStar=all_stars&sortBy=helpful&formatType=all_formats&asin=B08PGYPQZH&reftag=cm_cr_arp_d_paging_btm_next_6&scope=reviewsAjax0,allStars,,B08PGYPQZH,B08PGYPQZH,B08PGYPQZH,"{'price': None, 'listPrice': None}",https://www.amazon.in//Mivi-Wireless-Bluetooth-Waterproof-Assistance/dp/B08PGYPQZH/ref=zg_bs_g_1389365031_d_sccl_26/261-0975833-5917763?psc=1,India,
Reviewed in India on 20 January 2025,amzn1.account.AHR25I4NF35RXMB57C3X7Q4GN65A,https://www.amazon.in/gp/profile/amzn1.account.AHR25I4NF35RXMB57C3X7Q4GN65A/ref=cm_cr_othr_d_gw_tr?ie=UTF8,3,Ok ok,R123L1KDRP1LDL,https://www.amazon.in/gp/customer-reviews/R123L1KDRP1LDL/ref=cm_cr_othr_d_rvw_ttl?ie=UTF8&ASIN=B08PGYPQZH,,Not so good,True,False,[],2025-01-20,43,"Colour: Roam 2 (Green), Style Name: ROAM 2","[{'key': 'Colour', 'value': 'Roam 2 (Green)'}, {'key': 'Style Name', 'value': 'ROAM 2'}]",,,https://www.amazon.in/product-reviews/B08PGYPQZH?pageNumber=6&filterByStar=all_stars&sortBy=helpful&formatType=all_formats&asin=B08PGYPQZH&reftag=cm_cr_arp_d_paging_btm_next_6&scope=reviewsAjax0,allStars,,B08PGYPQZH,B08PGYPQZH,B08PGYPQZH,"{'price': None, 'listPrice': None}",https://www.amazon.in//Mivi-Wireless-Bluetooth-Waterproof-Assistance/dp/B08PGYPQZH/ref=zg_bs_g_1389365031_d_sccl_26/261-0975833-5917763?psc=1,India,
Reviewed in India on 28 November 2024,amzn1.account.AFDR4L3HTE3YKCB6PCYVNPKIARAQ,https://www.amazon.in/gp/profile/amzn1.account.AFDR4L3HTE3YKCB6PCYVNPKIARAQ/ref=cm_cr_othr_d_gw_tr?ie=UTF8,4,Good,R2TU3RM6KOKG3H,https://www.amazon.in/gp/customer-reviews/R2TU3RM6KOKG3H/ref=cm_cr_othr_d_rvw_ttl?ie=UTF8&ASIN=B08PGYPQZH,,Nice,True,False,[],2024-11-28,44,"Colour: Roam 2 (Black), Style Name: ROAM 2","[{'key': 'Colour', 'value': 'Roam 2 (Black)'}, {'key': 'Style Name', 'value': 'ROAM 2'}]",,,https://www.amazon.in/product-reviews/B08PGYPQZH?pageNumber=6&filterByStar=all_stars&sortBy=helpful&formatType=all_formats&asin=B08PGYPQZH&reftag=cm_cr_arp_d_paging_btm_next_6&scope=reviewsAjax0,allStars,,B08PGYPQZH,B08PGYPQZH,B08PGYPQZH,"{'price': None, 'listPrice': None}",https://www.amazon.in//Mivi-Wireless-Bluetooth-Waterproof-Assistance/dp/B08PGYPQZH/ref=zg_bs_g_1389365031_d_sccl_26/261-0975833-5917763?psc=1,India,
Reviewed in India on 12 November 2024,amzn1.account.AGB2DFYXDPZONBOAK2HVSUCKQKXA,https://www.amazon.in/gp/profile/amzn1.account.AGB2DFYXDPZONBOAK2HVSUCKQKXA/ref=cm_cr_othr_d_gw_tr?ie=UTF8,4,Value for money,RRI8BHNNGG6XP,https://www.amazon.in/gp/customer-reviews/RRI8BHNNGG6XP/ref=cm_cr_othr_d_rvw_ttl?ie=UTF8&ASIN=B08PGYPQZH,One person found this helpful,Good battery backup. Not so loud with bluetooth connection but good with 3.5mm jack. If you have less budget can go with this,True,False,['https://m.media-amazon.com/images/I/71j+7VfivtL._SY88.jpg'],2024-11-12,45,"Colour: Roam 2 (Black), Style Name: ROAM 2","[{'key': 'Colour', 'value': 'Roam 2 (Black)'}, {'key': 'Style Name', 'value': 'ROAM 2'}]",,,https://www.amazon.in/product-reviews/B08PGYPQZH?pageNumber=6&filterByStar=all_stars&sortBy=helpful&formatType=all_formats&asin=B08PGYPQZH&reftag=cm_cr_arp_d_paging_btm_next_6&scope=reviewsAjax0,allStars,,B08PGYPQZH,B08PGYPQZH,B08PGYPQZH,"{'price': None, 'listPrice': None}",https://www.amazon.in//Mivi-Wireless-Bluetooth-Waterproof-Assistance/dp/B08PGYPQZH/ref=zg_bs_g_1389365031_d_sccl_26/261-0975833-5917763?psc=1,India,
Reviewed in India on 18 November 2024,amzn1.account.AHWF3SN2G62EQ7LO2BCLEGWDRSAA,https://www.amazon.in/gp/profile/amzn1.account.AHWF3SN2G62EQ7LO2BCLEGWDRSAA/ref=cm_cr_othr_d_gw_tr?ie=UTF8,4,Sound is bit low. Quality is good,RDD4PCSZL6ZJK,https://www.amazon.in/gp/customer-reviews/RDD4PCSZL6ZJK/ref=cm_cr_othr_d_rvw_ttl?ie=UTF8&ASIN=B08PGYPQZH,,Sound is bit low. Quality is good,True,False,[],2024-11-18,46,"Colour: Roam 2 (Black), Style Name: ROAM 2","[{'key': 'Colour', 'value': 'Roam 2 (Black)'}, {'key': 'Style Name', 'value': 'ROAM 2'}]",,,https://www.amazon.in/product-reviews/B08PGYPQZH?pageNumber=6&filterByStar=all_stars&sortBy=helpful&formatType=all_formats&asin=B08PGYPQZH&reftag=cm_cr_arp_d_paging_btm_next_6&scope=reviewsAjax0,allStars,,B08PGYPQZH,B08PGYPQZH,B08PGYPQZH,"{'price': None, 'listPrice': None}",https://www.amazon.in//Mivi-Wireless-Bluetooth-Waterproof-Assistance/dp/B08PGYPQZH/ref=zg_bs_g_1389365031_d_sccl_26/261-0975833-5917763?psc=1,India,
Reviewed in India on 19 November 2024,amzn1.account.AEFEV4UM4K4JP3BM3RADRKGIVTQQ,https://www.amazon.in/gp/profile/amzn1.account.AEFEV4UM4K4JP3BM3RADRKGIVTQQ/ref=cm_cr_othr_d_gw_tr?ie=UTF8,4,Decent Product,R1VQMNFDY1CTRK,https://www.amazon.in/gp/customer-reviews/R1VQMNFDY1CTRK/ref=cm_cr_othr_d_rvw_ttl?ie=UTF8&ASIN=B08PGYPQZH,,Decent sound quality for this price,True,False,[],2024-11-19,47,"Colour: Roam 2(Blue), Style Name: ROAM 2","[{'key': 'Colour', 'value': 'Roam 2(Blue)'}, {'key': 'Style Name', 'value': 'ROAM 2'}]",,,https://www.amazon.in/product-reviews/B08PGYPQZH?pageNumber=6&filterByStar=all_stars&sortBy=helpful&formatType=all_formats&asin=B08PGYPQZH&reftag=cm_cr_arp_d_paging_btm_next_6&scope=reviewsAjax0,allStars,,B08PGYPQZH,B08PGYPQZH,B08PGYPQZH,"{'price': None, 'listPrice': None}",https://www.amazon.in//Mivi-Wireless-Bluetooth-Waterproof-Assistance/dp/B08PGYPQZH/ref=zg_bs_g_1389365031_d_sccl_26/261-0975833-5917763?psc=1,India,
Reviewed in India on 11 January 2025,amzn1.account.AGNLMZTZJCGIUS2PNGAO37M7EZIA,https://www.amazon.in/gp/profile/amzn1.account.AGNLMZTZJCGIUS2PNGAO37M7EZIA/ref=cm_cr_othr_d_gw_tr?ie=UTF8,3,Good One,R3JS0L2EQ5YB1Y,https://www.amazon.in/gp/customer-reviews/R3JS0L2EQ5YB1Y/ref=cm_cr_othr_d_rvw_ttl?ie=UTF8&ASIN=B08PGYPQZH,,speaker's volume is fine but base is not good,True,False,[],2025-01-11,48,"Colour: Roam 2 (Black), Style Name: ROAM 2","[{'key': 'Colour', 'value': 'Roam 2 (Black)'}, {'key': 'Style Name', 'value': 'ROAM 2'}]",,,https://www.amazon.in/product-reviews/B08PGYPQZH?pageNumber=6&filterByStar=all_stars&sortBy=helpful&formatType=all_formats&asin=B08PGYPQZH&reftag=cm_cr_arp_d_paging_btm_next_6&scope=reviewsAjax0,allStars,,B08PGYPQZH,B08PGYPQZH,B08PGYPQZH,"{'price': None, 'listPrice': None}",https://www.amazon.in//Mivi-Wireless-Bluetooth-Waterproof-Assistance/dp/B08PGYPQZH/ref=zg_bs_g_1389365031_d_sccl_26/261-0975833-5917763?psc=1,India,
Reviewed in India on 17 October 2024,amzn1.account.AHIYSORUJA2G2IO76WHQUUH3ZOVQ,https://www.amazon.in/gp/profile/amzn1.account.AHIYSORUJA2G2IO76WHQUUH3ZOVQ/ref=cm_cr_othr_d_gw_tr?ie=UTF8,4,Loudest speaker in it's segment,RVKSE0WPYSGCB,https://www.amazon.in/gp/customer-reviews/RVKSE0WPYSGCB/ref=cm_cr_othr_d_rvw_ttl?ie=UTF8&ASIN=B08PGYPQZH,,Very loud speaker in it's price range but over 50 to 60 % volume it's bursting so i replace it,True,False,[],2024-10-17,73,"Colour: Roam 2 (Green), Style Name: ROAM 2","[{'key': 'Colour', 'value': 'Roam 2 (Green)'}, {'key': 'Style Name', 'value': 'ROAM 2'}]",,,https://www.amazon.in/product-reviews/B08PGYPQZH?pageNumber=10&filterByStar=all_stars&sortBy=helpful&formatType=all_formats&asin=B08PGYPQZH&reftag=cm_cr_arp_d_paging_btm_next_10&scope=reviewsAjax0,allStars,,B08PGYPQZH,B08PGYPQZH,B08PGYPQZH,"{'price': None, 'listPrice': None}",https://www.amazon.in//Mivi-Wireless-Bluetooth-Waterproof-Assistance/dp/B08PGYPQZH/ref=zg_bs_g_1389365031_d_sccl_26/261-0975833-5917763?psc=1,India,
Reviewed in India on 20 August 2024,amzn1.account.AGCBDSB5LVS2FQRDLYRZMDMTBRZQ,https://www.amazon.in/gp/profile/amzn1.account.AGCBDSB5LVS2FQRDLYRZMDMTBRZQ/ref=cm_cr_othr_d_gw_tr?ie=UTF8,4,Good product with Three points,R13ZGSPZQ8Y4QQ,https://www.amazon.in/gp/customer-reviews/R13ZGSPZQ8Y4QQ/ref=cm_cr_othr_d_rvw_ttl?ie=UTF8&ASIN=B08PGYPQZH,,"The Three points about this product who can buy, benefits and how much we can spend.Whose like to play medium level of volume that person can buy this product. The product benefits is when ur playing in indoor that time u feel like yeah this okay 👍and then speaking to someone via bluetooth speaker that time also good, but not recommended for outdoor. The Last point is we can afford this product is range is 800 to 1000 enough..",True,False,[],2024-08-20,74,"Colour: Roam 2(Blue), Style Name: ROAM 2","[{'key': 'Colour', 'value': 'Roam 2(Blue)'}, {'key': 'Style Name', 'value': 'ROAM 2'}]",,,https://www.amazon.in/product-reviews/B08PGYPQZH?pageNumber=10&filterByStar=all_stars&sortBy=helpful&formatType=all_formats&asin=B08PGYPQZH&reftag=cm_cr_arp_d_paging_btm_next_10&scope=reviewsAjax0,allStars,,B08PGYPQZH,B08PGYPQZH,B08PGYPQZH,"{'price': None, 'listPrice': None}",https://www.amazon.in//Mivi-Wireless-Bluetooth-Waterproof-Assistance/dp/B08PGYPQZH/ref=zg_bs_g_1389365031_d_sccl_26/261-0975833-5917763?psc=1,India,
Reviewed in India on 27 October 2024,amzn1.account.AE2A3J7LGCS5ADF5FF24HD4WMOGQ,https://www.amazon.in/gp/profile/amzn1.account.AE2A3J7LGCS5ADF5FF24HD4WMOGQ/ref=cm_cr_othr_d_gw_tr?ie=UTF8,4,Nice product,R210ZI4HZ0H674,https://www.amazon.in/gp/customer-reviews/R210ZI4HZ0H674/ref=cm_cr_othr_d_rvw_ttl?ie=UTF8&ASIN=B08PGYPQZH,,,True,False,['https://m.media-amazon.com/images/I/71wmYgqGdXL._SY88.jpg'],2024-10-27,75,"Colour: Roam 2 (Green), Style Name: ROAM 2","[{'key': 'Colour', 'value': 'Roam 2 (Green)'}, {'key': 'Style Name', 'value': 'ROAM 2'}]",,,https://www.amazon.in/product-reviews/B08PGYPQZH?pageNumber=10&filterByStar=all_stars&sortBy=helpful&formatType=all_formats&asin=B08PGYPQZH&reftag=cm_cr_arp_d_paging_btm_next_10&scope=reviewsAjax0,allStars,,B08PGYPQZH,B08PGYPQZH,B08PGYPQZH,"{'price': None, 'listPrice': None}",https://www.amazon.in//Mivi-Wireless-Bluetooth-Waterproof-Assistance/dp/B08PGYPQZH/ref=zg_bs_g_1389365031_d_sccl_26/261-0975833-5917763?psc=1,India,
Reviewed in India on 13 November 2024,amzn1.account.AGXP23BRSAXRIW25MZSS3UKIQFTQ,https://www.amazon.in/gp/profile/amzn1.account.AGXP23BRSAXRIW25MZSS3UKIQFTQ/ref=cm_cr_othr_d_gw_tr?ie=UTF8,5,Worst 😔.,RL0E8I984GKHD,https://www.amazon.in/gp/customer-reviews/RL0E8I984GKHD/ref=cm_cr_othr_d_rvw_ttl?ie=UTF8&ASIN=B08PGYPQZH,,"After using 3 months..I experience ki ke बहुत बेकार हो गया है, काफी distortion देता है 70% के ऊपर। बाकी बैटरी भी खाश नहीं चलती according to claim, हो सकता है मुझे जब यह प्रोडक्ट मिला हो तो यह पहले से ही उसे हो रहा हो बट अगर नहीं हो रहा था तो यह बहुत बेकार प्रोडक्ट लगा मुझे क्योंकि ऐसा नहीं होना चाहिए था पर कोई नहीं आप खुद इस उसे करके देख लेना मुझे ऐसा लगता है कि वाकई में जो रिव्यू में दे रहा हूं ऐसा ही आपके साथ भी हो सकता है।",True,False,['https://m.media-amazon.com/images/I/71lLiBJXSNL._SY88.jpg'],2024-11-13,76,"Colour: Roam 2 (Black), Style Name: ROAM 2","[{'key': 'Colour', 'value': 'Roam 2 (Black)'}, {'key': 'Style Name', 'value': 'ROAM 2'}]",,,https://www.amazon.in/product-reviews/B08PGYPQZH?pageNumber=10&filterByStar=all_stars&sortBy=helpful&formatType=all_formats&asin=B08PGYPQZH&reftag=cm_cr_arp_d_paging_btm_next_10&scope=reviewsAjax0,allStars,,B08PGYPQZH,B08PGYPQZH,B08PGYPQZH,"{'price': None, 'listPrice': None}",https://www.amazon.in//Mivi-Wireless-Bluetooth-Waterproof-Assistance/dp/B08PGYPQZH/ref=zg_bs_g_1389365031_d_sccl_26/261-0975833-5917763?psc=1,India,
Reviewed in India on 8 October 2024,amzn1.account.AG7TWDBU4QE5ZESFQXFEKOAPJBKA,https://www.amazon.in/gp/profile/amzn1.account.AG7TWDBU4QE5ZESFQXFEKOAPJBKA/ref=cm_cr_othr_d_gw_tr?ie=UTF8,4,AFANTASTIC PRODUCT,R2UD4EXF3ZCHDS,https://www.amazon.in/gp/customer-reviews/R2UD4EXF3ZCHDS/ref=cm_cr_othr_d_rvw_ttl?ie=UTF8&ASIN=B08PGYPQZH,,EVERYTHING IS GOOD EXCEPT THERE ARE ONLY TWO CONS1 - VOLUME ISNT THAT LOUD2- BUTTONS ARENT WORKING PROPERLY IN MY SPEAKER SINCE THE DAY IT GOT DELEIVERED,True,False,[],2024-10-08,77,"Colour: Roam 2 (Black), Style Name: ROAM 2","[{'key': 'Colour', 'value': 'Roam 2 (Black)'}, {'key': 'Style Name', 'value': 'ROAM 2'}]",,,https://www.amazon.in/product-reviews/B08PGYPQZH?pageNumber=10&filterByStar=all_stars&sortBy=helpful&formatType=all_formats&asin=B08PGYPQZH&reftag=cm_cr_arp_d_paging_btm_next_10&scope=reviewsAjax0,allStars,,B08PGYPQZH,B08PGYPQZH,B08PGYPQZH,"{'price': None, 'listPrice': None}",https://www.amazon.in//Mivi-Wireless-Bluetooth-Waterproof-Assistance/dp/B08PGYPQZH/ref=zg_bs_g_1389365031_d_sccl_26/261-0975833-5917763?psc=1,India,
Reviewed in India on 5 October 2024,amzn1.account.AF6UGDRV7HKBBEJGEBMSJQBJ6TPA,https://www.amazon.in/gp/profile/amzn1.account.AF6UGDRV7HKBBEJGEBMSJQBJ6TPA/ref=cm_cr_othr_d_gw_tr?ie=UTF8,4,It's a good speaker,R33AXY9PCD2KVA,https://www.amazon.in/gp/customer-reviews/R33AXY9PCD2KVA/ref=cm_cr_othr_d_rvw_ttl?ie=UTF8&ASIN=B08PGYPQZH,,Compact and easy to carry and great sound.,True,False,['https://m.media-amazon.com/images/I/71Gx37YZS-L._SY88.jpg'],2024-10-05,78,"Colour: Roam 2 (Black), Style Name: ROAM 2","[{'key': 'Colour', 'value': 'Roam 2 (Black)'}, {'key': 'Style Name', 'value': 'ROAM 2'}]",,,https://www.amazon.in/product-reviews/B08PGYPQZH?pageNumber=10&filterByStar=all_stars&sortBy=helpful&formatType=all_formats&asin=B08PGYPQZH&reftag=cm_cr_arp_d_paging_btm_next_10&scope=reviewsAjax0,allStars,,B08PGYPQZH,B08PGYPQZH,B08PGYPQZH,"{'price': None, 'listPrice': None}",https://www.amazon.in//Mivi-Wireless-Bluetooth-Waterproof-Assistance/dp/B08PGYPQZH/ref=zg_bs_g_1389365031_d_sccl_26/261-0975833-5917763?psc=1,India,
Reviewed in India on 31 August 2024,amzn1.account.AFYJQNAHFBQQYEDKF66ZFPGEDAZQ,https://www.amazon.in/gp/profile/amzn1.account.AFYJQNAHFBQQYEDKF66ZFPGEDAZQ/ref=cm_cr_othr_d_gw_tr?ie=UTF8,4,Value for money !!,R1Z0TO9IR4Z7FV,https://www.amazon.in/gp/customer-reviews/R1Z0TO9IR4Z7FV/ref=cm_cr_othr_d_rvw_ttl?ie=UTF8&ASIN=B08PGYPQZH,One person found this helpful,I must say I just recieved this product and the audio quality as per the price of the product is just amazing .. value for money product . Indeed!!,True,False,['https://m.media-amazon.com/images/I/61bGgCz3xAL._SY88.jpg'],2024-08-31,79,"Colour: Roam 2 (Black), Style Name: ROAM 2","[{'key': 'Colour', 'value': 'Roam 2 (Black)'}, {'key': 'Style Name', 'value': 'ROAM 2'}]",,,https://www.amazon.in/product-reviews/B08PGYPQZH?pageNumber=10&filterByStar=all_stars&sortBy=helpful&formatType=all_formats&asin=B08PGYPQZH&reftag=cm_cr_arp_d_paging_btm_next_10&scope=reviewsAjax0,allStars,,B08PGYPQZH,B08PGYPQZH,B08PGYPQZH,"{'price': None, 'listPrice': None}",https://www.amazon.in//Mivi-Wireless-Bluetooth-Waterproof-Assistance/dp/B08PGYPQZH/ref=zg_bs_g_1389365031_d_sccl_26/261-0975833-5917763?psc=1,India,
Reviewed in India on 23 October 2024,amzn1.account.AGKA7NXVARQHZ6F3CWDMBY34TRDA,https://www.amazon.in/gp/profile/amzn1.account.AGKA7NXVARQHZ6F3CWDMBY34TRDA/ref=cm_cr_othr_d_gw_tr?ie=UTF8,4,Not bad,R2IJ5NH059IW8Q,https://www.amazon.in/gp/customer-reviews/R2IJ5NH059IW8Q/ref=cm_cr_othr_d_rvw_ttl?ie=UTF8&ASIN=B08PGYPQZH,,Not bad,True,False,[],2024-10-23,80,"Colour: Roam 2(Blue), Style Name: ROAM 2","[{'key': 'Colour', 'value': 'Roam 2(Blue)'}, {'key': 'Style Name', 'value': 'ROAM 2'}]",,,https://www.amazon.in/product-reviews/B08PGYPQZH?pageNumber=10&filterByStar=all_stars&sortBy=helpful&formatType=all_formats&asin=B08PGYPQZH&reftag=cm_cr_arp_d_paging_btm_next_10&scope=reviewsAjax0,allStars,,B08PGYPQZH,B08PGYPQZH,B08PGYPQZH,"{'price': None, 'listPrice': None}",https://www.amazon.in//Mivi-Wireless-Bluetooth-Waterproof-Assistance/dp/B08PGYPQZH/ref=zg_bs_g_1389365031_d_sccl_26/261-0975833-5917763?psc=1,India,
