reviewedIn,userId,userProfileLink,ratingScore,reviewTitle,reviewId,reviewUrl,reviewReaction,reviewDescription,isVerified,isAmazonVine,reviewImages,date,position,variant,variantAttributes,totalCategoryRatings,totalCategoryReviews,reviewCategoryUrl,filterByRating,filterByKeyword,productAsin,productOriginalAsin,variantAsin,product,input,country,countryCode
Reviewed in India on 27 January 2025,amzn1.account.AEOJBKAYYGNDCK3FLXI53E3UPXKQ,https://www.amazon.in/gp/profile/amzn1.account.AEOJBKAYYGNDCK3FLXI53E3UPXKQ/ref=cm_cr_othr_d_gw_tr?ie=UTF8,5,NOISE,R3SS8NKDSWW0TB,https://www.amazon.in/gp/customer-reviews/R3SS8NKDSWW0TB/ref=cm_cr_othr_d_rvw_ttl?ie=UTF8&ASIN=B0CG5XTL1R,,Its hella loud and whole house vibrates,True,False,[],2025-01-27,1,Colour: Premium Black,"[{'key': 'Colour', 'value': 'Premium Black'}]",,,https://www.amazon.in/product-reviews/B0CG5XTL1R?pageNumber=1&filterByStar=all_stars&sortBy=helpful&formatType=all_formats&asin=B0CG5XTL1R&reftag=cm_cr_arp_d_paging_btm_next_1&scope=reviewsAjax0,allStars,,B0CG5XTL1R,B0CG5XTL1R,B0CG5XTL1R,"{'price': None, 'listPrice': None}",https://www.amazon.in//boAt-Partypal-300-Signature-Bluetooth/dp/B0CG5XTL1R/ref=zg_bs_g_1389365031_d_sccl_28/261-0975833-5917763?psc=1,India,
Reviewed in India on 25 January 2025,amzn1.account.AH5LA6CB23AZCUOY745MRAXFBQTA,https://www.amazon.in/gp/profile/amzn1.account.AH5LA6CB23AZCUOY745MRAXFBQTA/ref=cm_cr_othr_d_gw_tr?ie=UTF8,1,Not satisfactory,R2RKO7JUBY4OI1,https://www.amazon.in/gp/customer-reviews/R2RKO7JUBY4OI1/ref=cm_cr_othr_d_rvw_ttl?ie=UTF8&ASIN=B0CG5XTL1R,,"Not a satisfactory product. Volume is low and also the mix is not Bluetooth one, it’s wired",True,False,[],2025-01-25,2,Colour: Premium Black,"[{'key': 'Colour', 'value': 'Premium Black'}]",,,https://www.amazon.in/product-reviews/B0CG5XTL1R?pageNumber=1&filterByStar=all_stars&sortBy=helpful&formatType=all_formats&asin=B0CG5XTL1R&reftag=cm_cr_arp_d_paging_btm_next_1&scope=reviewsAjax0,allStars,,B0CG5XTL1R,B0CG5XTL1R,B0CG5XTL1R,"{'price': None, 'listPrice': None}",https://www.amazon.in//boAt-Partypal-300-Signature-Bluetooth/dp/B0CG5XTL1R/ref=zg_bs_g_1389365031_d_sccl_28/261-0975833-5917763?psc=1,India,
Reviewed in India on 7 November 2024,amzn1.account.AHO37CJRE5JPUKB7FTM5FAOEK2HQ,https://www.amazon.in/gp/profile/amzn1.account.AHO37CJRE5JPUKB7FTM5FAOEK2HQ/ref=cm_cr_othr_d_gw_tr?ie=UTF8,5,Awsome,R1EENEFJ54LY2R,https://www.amazon.in/gp/customer-reviews/R1EENEFJ54LY2R/ref=cm_cr_othr_d_rvw_ttl?ie=UTF8&ASIN=B0CG5XTL1R,4 people found this helpful,Awsome ...just go for it..nice sound with good bass... microphone included..battery backup is excellent.,True,False,[],2024-11-07,3,Colour: Premium Black,"[{'key': 'Colour', 'value': 'Premium Black'}]",,,https://www.amazon.in/product-reviews/B0CG5XTL1R?pageNumber=1&filterByStar=all_stars&sortBy=helpful&formatType=all_formats&asin=B0CG5XTL1R&reftag=cm_cr_arp_d_paging_btm_next_1&scope=reviewsAjax0,allStars,,B0CG5XTL1R,B0CG5XTL1R,B0CG5XTL1R,"{'price': None, 'listPrice': None}",https://www.amazon.in//boAt-Partypal-300-Signature-Bluetooth/dp/B0CG5XTL1R/ref=zg_bs_g_1389365031_d_sccl_28/261-0975833-5917763?psc=1,India,
Reviewed in India on 20 November 2024,amzn1.account.AFO6E6VXYRYVKGTKOE6S544FBXWQ,https://www.amazon.in/gp/profile/amzn1.account.AFO6E6VXYRYVKGTKOE6S544FBXWQ/ref=cm_cr_othr_d_gw_tr?ie=UTF8,4,Very Nice Product,R2SQ1PIAFJMNTE,https://www.amazon.in/gp/customer-reviews/R2SQ1PIAFJMNTE/ref=cm_cr_othr_d_rvw_ttl?ie=UTF8&ASIN=B0CG5XTL1R,One person found this helpful,"This Is Good For Home Use. Play in Small Room For Bass Like Dj Speaker And I CheckOut One Falt in  The Speaker, The Mic Is Wired Not Wireless In This Price. Easy in Carry, Design is Good, Sound Quality Is Nice, And Battry Life Is Good Because Didn't Use The Speaker More Then 4-5 Hours.",True,False,[],2024-11-20,4,Colour: Premium Black,"[{'key': 'Colour', 'value': 'Premium Black'}]",,,https://www.amazon.in/product-reviews/B0CG5XTL1R?pageNumber=1&filterByStar=all_stars&sortBy=helpful&formatType=all_formats&asin=B0CG5XTL1R&reftag=cm_cr_arp_d_paging_btm_next_1&scope=reviewsAjax0,allStars,,B0CG5XTL1R,B0CG5XTL1R,B0CG5XTL1R,"{'price': None, 'listPrice': None}",https://www.amazon.in//boAt-Partypal-300-Signature-Bluetooth/dp/B0CG5XTL1R/ref=zg_bs_g_1389365031_d_sccl_28/261-0975833-5917763?psc=1,India,
Reviewed in India on 25 January 2025,amzn1.account.AGXC2DX5WA7Q2NZI4KFMPHY4IEPQ,https://www.amazon.in/gp/profile/amzn1.account.AGXC2DX5WA7Q2NZI4KFMPHY4IEPQ/ref=cm_cr_othr_d_gw_tr?ie=UTF8,5,Microfone soung  is not good,R1J7E8EOIKWTIK,https://www.amazon.in/gp/customer-reviews/R1J7E8EOIKWTIK/ref=cm_cr_othr_d_rvw_ttl?ie=UTF8&ASIN=B0CG5XTL1R,,Microphone me chirr chirr ki aawaj aarhi h sounga quality best h,True,False,[],2025-01-25,5,Colour: Premium Black,"[{'key': 'Colour', 'value': 'Premium Black'}]",,,https://www.amazon.in/product-reviews/B0CG5XTL1R?pageNumber=1&filterByStar=all_stars&sortBy=helpful&formatType=all_formats&asin=B0CG5XTL1R&reftag=cm_cr_arp_d_paging_btm_next_1&scope=reviewsAjax0,allStars,,B0CG5XTL1R,B0CG5XTL1R,B0CG5XTL1R,"{'price': None, 'listPrice': None}",https://www.amazon.in//boAt-Partypal-300-Signature-Bluetooth/dp/B0CG5XTL1R/ref=zg_bs_g_1389365031_d_sccl_28/261-0975833-5917763?psc=1,India,
Reviewed in India on 7 November 2024,amzn1.account.AHX34BNLJKJVI5MLUYCGYJIL53AA,https://www.amazon.in/gp/profile/amzn1.account.AHX34BNLJKJVI5MLUYCGYJIL53AA/ref=cm_cr_othr_d_gw_tr?ie=UTF8,5,Sound quality good but bass quality average....,R1KY8OH3RO21U9,https://www.amazon.in/gp/customer-reviews/R1KY8OH3RO21U9/ref=cm_cr_othr_d_rvw_ttl?ie=UTF8&ASIN=B0CG5XTL1R,4 people found this helpful,"The media could not be loaded.
                
            
                
            
        
    
    








  
  
     7/10",True,False,[],2024-11-07,6,Colour: Premium Black,"[{'key': 'Colour', 'value': 'Premium Black'}]",,,https://www.amazon.in/product-reviews/B0CG5XTL1R?pageNumber=1&filterByStar=all_stars&sortBy=helpful&formatType=all_formats&asin=B0CG5XTL1R&reftag=cm_cr_arp_d_paging_btm_next_1&scope=reviewsAjax0,allStars,,B0CG5XTL1R,B0CG5XTL1R,B0CG5XTL1R,"{'price': None, 'listPrice': None}",https://www.amazon.in//boAt-Partypal-300-Signature-Bluetooth/dp/B0CG5XTL1R/ref=zg_bs_g_1389365031_d_sccl_28/261-0975833-5917763?psc=1,India,
Reviewed in India on 24 January 2025,amzn1.account.AGUOYZOWJ6TK6QA4VYIG33IZPE6A,https://www.amazon.in/gp/profile/amzn1.account.AGUOYZOWJ6TK6QA4VYIG33IZPE6A/ref=cm_cr_othr_d_gw_tr?ie=UTF8,1,Very worst speaker I see ever,R390C1JC8DU2VW,https://www.amazon.in/gp/customer-reviews/R390C1JC8DU2VW/ref=cm_cr_othr_d_rvw_ttl?ie=UTF8&ASIN=B0CG5XTL1R,,Sound is too low 5 person people there that sounds is like a mobile phone please don't buy the speaker,True,False,[],2025-01-24,7,Colour: Premium Black,"[{'key': 'Colour', 'value': 'Premium Black'}]",,,https://www.amazon.in/product-reviews/B0CG5XTL1R?pageNumber=1&filterByStar=all_stars&sortBy=helpful&formatType=all_formats&asin=B0CG5XTL1R&reftag=cm_cr_arp_d_paging_btm_next_1&scope=reviewsAjax0,allStars,,B0CG5XTL1R,B0CG5XTL1R,B0CG5XTL1R,"{'price': None, 'listPrice': None}",https://www.amazon.in//boAt-Partypal-300-Signature-Bluetooth/dp/B0CG5XTL1R/ref=zg_bs_g_1389365031_d_sccl_28/261-0975833-5917763?psc=1,India,
Reviewed in India on 12 January 2025,amzn1.account.AF5Q5VM4TPL6FIHQQVV4TEXJ2R2Q,https://www.amazon.in/gp/profile/amzn1.account.AF5Q5VM4TPL6FIHQQVV4TEXJ2R2Q/ref=cm_cr_othr_d_gw_tr?ie=UTF8,2,Not worth The money..,R37T5N7J3TCB8O,https://www.amazon.in/gp/customer-reviews/R37T5N7J3TCB8O/ref=cm_cr_othr_d_rvw_ttl?ie=UTF8&ASIN=B0CG5XTL1R,,Below average sound qualityPathetic bass..  Even alexa has better bass...,True,False,[],2025-01-12,8,Colour: Premium Black,"[{'key': 'Colour', 'value': 'Premium Black'}]",,,https://www.amazon.in/product-reviews/B0CG5XTL1R?pageNumber=1&filterByStar=all_stars&sortBy=helpful&formatType=all_formats&asin=B0CG5XTL1R&reftag=cm_cr_arp_d_paging_btm_next_1&scope=reviewsAjax0,allStars,,B0CG5XTL1R,B0CG5XTL1R,B0CG5XTL1R,"{'price': None, 'listPrice': None}",https://www.amazon.in//boAt-Partypal-300-Signature-Bluetooth/dp/B0CG5XTL1R/ref=zg_bs_g_1389365031_d_sccl_28/261-0975833-5917763?psc=1,India,
Reviewed in India on 24 December 2024,amzn1.account.AEG5PYEFPYTIF7ZWQUBYQCOZGOWQ,https://www.amazon.in/gp/profile/amzn1.account.AEG5PYEFPYTIF7ZWQUBYQCOZGOWQ/ref=cm_cr_othr_d_gw_tr?ie=UTF8,5,Bass player 😅,R1WCDXMEQ7P6J3,https://www.amazon.in/gp/customer-reviews/R1WCDXMEQ7P6J3/ref=cm_cr_othr_d_rvw_ttl?ie=UTF8&ASIN=B0CG5XTL1R,3 people found this helpful,The media could not be loaded.,True,False,[],2024-12-24,17,Colour: Premium Black,"[{'key': 'Colour', 'value': 'Premium Black'}]",,,https://www.amazon.in/product-reviews/B0CG5XTL1R?pageNumber=3&filterByStar=all_stars&sortBy=helpful&formatType=all_formats&asin=B0CG5XTL1R&reftag=cm_cr_arp_d_paging_btm_next_3&scope=reviewsAjax0,allStars,,B0CG5XTL1R,B0CG5XTL1R,B0CG5XTL1R,"{'price': None, 'listPrice': None}",https://www.amazon.in//boAt-Partypal-300-Signature-Bluetooth/dp/B0CG5XTL1R/ref=zg_bs_g_1389365031_d_sccl_28/261-0975833-5917763?psc=1,India,
Reviewed in India on 21 December 2024,amzn1.account.AGHFKVACBE52OJIEDRYAPRGFTH5Q,https://www.amazon.in/gp/profile/amzn1.account.AGHFKVACBE52OJIEDRYAPRGFTH5Q/ref=cm_cr_othr_d_gw_tr?ie=UTF8,5,The bass,RVTE4Q4WP3BA9,https://www.amazon.in/gp/customer-reviews/RVTE4Q4WP3BA9/ref=cm_cr_othr_d_rvw_ttl?ie=UTF8&ASIN=B0CG5XTL1R,4 people found this helpful,"The media could not be loaded.
                
            
                
            
            
        
    
    








  
  
     The bass is crazy !!!",True,False,[],2024-12-21,18,Colour: Premium Black,"[{'key': 'Colour', 'value': 'Premium Black'}]",,,https://www.amazon.in/product-reviews/B0CG5XTL1R?pageNumber=3&filterByStar=all_stars&sortBy=helpful&formatType=all_formats&asin=B0CG5XTL1R&reftag=cm_cr_arp_d_paging_btm_next_3&scope=reviewsAjax0,allStars,,B0CG5XTL1R,B0CG5XTL1R,B0CG5XTL1R,"{'price': None, 'listPrice': None}",https://www.amazon.in//boAt-Partypal-300-Signature-Bluetooth/dp/B0CG5XTL1R/ref=zg_bs_g_1389365031_d_sccl_28/261-0975833-5917763?psc=1,India,
Reviewed in India on 18 December 2024,amzn1.account.AEJYMBQDQGLXQK25AG5YP73IHCEQ,https://www.amazon.in/gp/profile/amzn1.account.AEJYMBQDQGLXQK25AG5YP73IHCEQ/ref=cm_cr_othr_d_gw_tr?ie=UTF8,1,Product doesn’t working,R1A6CU18R5IHDK,https://www.amazon.in/gp/customer-reviews/R1A6CU18R5IHDK/ref=cm_cr_othr_d_rvw_ttl?ie=UTF8&ASIN=B0CG5XTL1R,One person found this helpful,This Boat Partypal 300 is a piece of junk not even working yet starting from the day 1 since I have unboxed this rubbish item The customer service is terrible and unhelpful This is the absolute worst product I have ever purchased it's a complete waste of money and time i am so disappointed nd frustrated. Infact furious nd I will never buy from this company again 😡😡😡,True,False,[],2024-12-18,19,Colour: Premium Black,"[{'key': 'Colour', 'value': 'Premium Black'}]",,,https://www.amazon.in/product-reviews/B0CG5XTL1R?pageNumber=3&filterByStar=all_stars&sortBy=helpful&formatType=all_formats&asin=B0CG5XTL1R&reftag=cm_cr_arp_d_paging_btm_next_3&scope=reviewsAjax0,allStars,,B0CG5XTL1R,B0CG5XTL1R,B0CG5XTL1R,"{'price': None, 'listPrice': None}",https://www.amazon.in//boAt-Partypal-300-Signature-Bluetooth/dp/B0CG5XTL1R/ref=zg_bs_g_1389365031_d_sccl_28/261-0975833-5917763?psc=1,India,
Reviewed in India on 5 October 2024,amzn1.account.AGT3GDDFJXK7Y222TNU4OB76HCYA,https://www.amazon.in/gp/profile/amzn1.account.AGT3GDDFJXK7Y222TNU4OB76HCYA/ref=cm_cr_othr_d_gw_tr?ie=UTF8,5,BoAt party pal 300,R2ZXULDJYBY1KG,https://www.amazon.in/gp/customer-reviews/R2ZXULDJYBY1KG/ref=cm_cr_othr_d_rvw_ttl?ie=UTF8&ASIN=B0CG5XTL1R,7 people found this helpful,"The media could not be loaded.
                
            
                
            
            
        
    
    








  
  
     Very good quality and bass and vocal clear feel the sound very impressive sound 👌👌 product material finishing and quality goodMusic player ke liye bast haiMovies player ok kyunki bass High hai treble kam hai, ji bi iski bass aur treble ki setting hai us kuch janda fark nhi padta, halka fulka fark padta hai",True,False,['https://m.media-amazon.com/images/I/61CFohfgOwL._SY88.jpg'],2024-10-05,20,Colour: Premium Black,"[{'key': 'Colour', 'value': 'Premium Black'}]",,,https://www.amazon.in/product-reviews/B0CG5XTL1R?pageNumber=3&filterByStar=all_stars&sortBy=helpful&formatType=all_formats&asin=B0CG5XTL1R&reftag=cm_cr_arp_d_paging_btm_next_3&scope=reviewsAjax0,allStars,,B0CG5XTL1R,B0CG5XTL1R,B0CG5XTL1R,"{'price': None, 'listPrice': None}",https://www.amazon.in//boAt-Partypal-300-Signature-Bluetooth/dp/B0CG5XTL1R/ref=zg_bs_g_1389365031_d_sccl_28/261-0975833-5917763?psc=1,India,
Reviewed in India on 23 November 2024,amzn1.account.AFKUZ6CFJ3XHHZRDLYRU7QOHKDVQ,https://www.amazon.in/gp/profile/amzn1.account.AFKUZ6CFJ3XHHZRDLYRU7QOHKDVQ/ref=cm_cr_othr_d_gw_tr?ie=UTF8,5,Very Goods Service Amazon Sound Is best,R2QUCZG67ZJX73,https://www.amazon.in/gp/customer-reviews/R2QUCZG67ZJX73/ref=cm_cr_othr_d_rvw_ttl?ie=UTF8&ASIN=B0CG5XTL1R,,i love boat best quality good sound,True,False,[],2024-11-23,21,Colour: Premium Black,"[{'key': 'Colour', 'value': 'Premium Black'}]",,,https://www.amazon.in/product-reviews/B0CG5XTL1R?pageNumber=3&filterByStar=all_stars&sortBy=helpful&formatType=all_formats&asin=B0CG5XTL1R&reftag=cm_cr_arp_d_paging_btm_next_3&scope=reviewsAjax0,allStars,,B0CG5XTL1R,B0CG5XTL1R,B0CG5XTL1R,"{'price': None, 'listPrice': None}",https://www.amazon.in//boAt-Partypal-300-Signature-Bluetooth/dp/B0CG5XTL1R/ref=zg_bs_g_1389365031_d_sccl_28/261-0975833-5917763?psc=1,India,
Reviewed in India on 24 November 2024,amzn1.account.AHWRJ4KIKETQDG7ALEZSJIK7JMKQ,https://www.amazon.in/gp/profile/amzn1.account.AHWRJ4KIKETQDG7ALEZSJIK7JMKQ/ref=cm_cr_othr_d_gw_tr?ie=UTF8,5,Good product...,R2NGXFPSX5PB3H,https://www.amazon.in/gp/customer-reviews/R2NGXFPSX5PB3H/ref=cm_cr_othr_d_rvw_ttl?ie=UTF8&ASIN=B0CG5XTL1R,One person found this helpful,Worth for money,True,False,[],2024-11-24,22,Colour: Premium Black,"[{'key': 'Colour', 'value': 'Premium Black'}]",,,https://www.amazon.in/product-reviews/B0CG5XTL1R?pageNumber=3&filterByStar=all_stars&sortBy=helpful&formatType=all_formats&asin=B0CG5XTL1R&reftag=cm_cr_arp_d_paging_btm_next_3&scope=reviewsAjax0,allStars,,B0CG5XTL1R,B0CG5XTL1R,B0CG5XTL1R,"{'price': None, 'listPrice': None}",https://www.amazon.in//boAt-Partypal-300-Signature-Bluetooth/dp/B0CG5XTL1R/ref=zg_bs_g_1389365031_d_sccl_28/261-0975833-5917763?psc=1,India,
Reviewed in India on 19 November 2024,amzn1.account.AERT5O4V6CHVXV52RYPF7H3EZCSQ,https://www.amazon.in/gp/profile/amzn1.account.AERT5O4V6CHVXV52RYPF7H3EZCSQ/ref=cm_cr_othr_d_gw_tr?ie=UTF8,5,Very good,R1V1DVH3CGJRUQ,https://www.amazon.in/gp/customer-reviews/R1V1DVH3CGJRUQ/ref=cm_cr_othr_d_rvw_ttl?ie=UTF8&ASIN=B0CG5XTL1R,,Jabardast sound System,True,False,[],2024-11-19,23,Colour: Premium Black,"[{'key': 'Colour', 'value': 'Premium Black'}]",,,https://www.amazon.in/product-reviews/B0CG5XTL1R?pageNumber=3&filterByStar=all_stars&sortBy=helpful&formatType=all_formats&asin=B0CG5XTL1R&reftag=cm_cr_arp_d_paging_btm_next_3&scope=reviewsAjax0,allStars,,B0CG5XTL1R,B0CG5XTL1R,B0CG5XTL1R,"{'price': None, 'listPrice': None}",https://www.amazon.in//boAt-Partypal-300-Signature-Bluetooth/dp/B0CG5XTL1R/ref=zg_bs_g_1389365031_d_sccl_28/261-0975833-5917763?psc=1,India,
Reviewed in India on 23 October 2024,amzn1.account.AFDNBZDB2WCXYNVB6SPMXSI5IB4Q,https://www.amazon.in/gp/profile/amzn1.account.AFDNBZDB2WCXYNVB6SPMXSI5IB4Q/ref=cm_cr_othr_d_gw_tr?ie=UTF8,2,Sound is not very loud,R11DHXD6H3P6YJ,https://www.amazon.in/gp/customer-reviews/R11DHXD6H3P6YJ/ref=cm_cr_othr_d_rvw_ttl?ie=UTF8&ASIN=B0CG5XTL1R,,,True,False,['https://m.media-amazon.com/images/I/81tr95Rn1KL._SY88.jpg'],2024-10-23,24,Colour: Premium Black,"[{'key': 'Colour', 'value': 'Premium Black'}]",,,https://www.amazon.in/product-reviews/B0CG5XTL1R?pageNumber=3&filterByStar=all_stars&sortBy=helpful&formatType=all_formats&asin=B0CG5XTL1R&reftag=cm_cr_arp_d_paging_btm_next_3&scope=reviewsAjax0,allStars,,B0CG5XTL1R,B0CG5XTL1R,B0CG5XTL1R,"{'price': None, 'listPrice': None}",https://www.amazon.in//boAt-Partypal-300-Signature-Bluetooth/dp/B0CG5XTL1R/ref=zg_bs_g_1389365031_d_sccl_28/261-0975833-5917763?psc=1,India,
Reviewed in India on 2 January 2025,amzn1.account.AFUIT6RTMMKY3WNMXMWWPTU53ZQQ,https://www.amazon.in/gp/profile/amzn1.account.AFUIT6RTMMKY3WNMXMWWPTU53ZQQ/ref=cm_cr_othr_d_gw_tr?ie=UTF8,5,About delivery,R1WJNBUNYH5IO7,https://www.amazon.in/gp/customer-reviews/R1WJNBUNYH5IO7/ref=cm_cr_othr_d_rvw_ttl?ie=UTF8&ASIN=B0CG5XTL1R,,The delivery is coming very late and not properly  but my thing is in very fine condition and value for money,False,False,[],2025-01-02,73,Colour: Premium Black,"[{'key': 'Colour', 'value': 'Premium Black'}]",,,https://www.amazon.in/product-reviews/B0CG5XTL1R?pageNumber=10&filterByStar=all_stars&sortBy=helpful&formatType=all_formats&asin=B0CG5XTL1R&reftag=cm_cr_arp_d_paging_btm_next_10&scope=reviewsAjax0,allStars,,B0CG5XTL1R,B0CG5XTL1R,B0CG5XTL1R,"{'price': None, 'listPrice': None}",https://www.amazon.in//boAt-Partypal-300-Signature-Bluetooth/dp/B0CG5XTL1R/ref=zg_bs_g_1389365031_d_sccl_28/261-0975833-5917763?psc=1,India,
Reviewed in India on 21 January 2025,amzn1.account.AGEP4C3RWHC7D3H6HTMOLUIM5O3Q,https://www.amazon.in/gp/profile/amzn1.account.AGEP4C3RWHC7D3H6HTMOLUIM5O3Q/ref=cm_cr_othr_d_gw_tr?ie=UTF8,5,Best PartyBox 👍🏻,R387KSIT7RIB24,https://www.amazon.in/gp/customer-reviews/R387KSIT7RIB24/ref=cm_cr_othr_d_rvw_ttl?ie=UTF8&ASIN=B0CG5XTL1R,,The media could not be loaded.,False,False,[],2025-01-21,74,Colour: Premium Black,"[{'key': 'Colour', 'value': 'Premium Black'}]",,,https://www.amazon.in/product-reviews/B0CG5XTL1R?pageNumber=10&filterByStar=all_stars&sortBy=helpful&formatType=all_formats&asin=B0CG5XTL1R&reftag=cm_cr_arp_d_paging_btm_next_10&scope=reviewsAjax0,allStars,,B0CG5XTL1R,B0CG5XTL1R,B0CG5XTL1R,"{'price': None, 'listPrice': None}",https://www.amazon.in//boAt-Partypal-300-Signature-Bluetooth/dp/B0CG5XTL1R/ref=zg_bs_g_1389365031_d_sccl_28/261-0975833-5917763?psc=1,India,
Reviewed in India on 20 February 2024,amzn1.account.AEIZEL2LWDBIPOEN4WOJ6S4WRIFQ,https://www.amazon.in/gp/profile/amzn1.account.AEIZEL2LWDBIPOEN4WOJ6S4WRIFQ/ref=cm_cr_othr_d_gw_tr?ie=UTF8,1,Bad experience with warranty & Customer care,RN3SSDU8LKMFZ,https://www.amazon.in/gp/customer-reviews/RN3SSDU8LKMFZ/ref=cm_cr_othr_d_rvw_ttl?ie=UTF8&ASIN=B0CG5XTL1R,,6th month Production sound quality Very bad,True,False,[],2024-02-20,75,Colour: Premium Black,"[{'key': 'Colour', 'value': 'Premium Black'}]",,,https://www.amazon.in/product-reviews/B0CG5XTL1R?pageNumber=10&filterByStar=all_stars&sortBy=helpful&formatType=all_formats&asin=B0CG5XTL1R&reftag=cm_cr_arp_d_paging_btm_next_10&scope=reviewsAjax0,allStars,,B0CG5XTL1R,B0CG5XTL1R,B0CG5XTL1R,"{'price': None, 'listPrice': None}",https://www.amazon.in//boAt-Partypal-300-Signature-Bluetooth/dp/B0CG5XTL1R/ref=zg_bs_g_1389365031_d_sccl_28/261-0975833-5917763?psc=1,India,
Reviewed in India on 17 November 2023,amzn1.account.AEHEHTLADH4LATFHV4EDS5J5UKEA,https://www.amazon.in/gp/profile/amzn1.account.AEHEHTLADH4LATFHV4EDS5J5UKEA/ref=cm_cr_othr_d_gw_tr?ie=UTF8,1,Sound quality is to low,R323MIF42NVWUV,https://www.amazon.in/gp/customer-reviews/R323MIF42NVWUV/ref=cm_cr_othr_d_rvw_ttl?ie=UTF8&ASIN=B0CG5XTL1R,3 people found this helpful,Low sound quality not expected with boatVery disappointed,True,False,[],2023-11-17,76,Colour: Premium Black,"[{'key': 'Colour', 'value': 'Premium Black'}]",,,https://www.amazon.in/product-reviews/B0CG5XTL1R?pageNumber=10&filterByStar=all_stars&sortBy=helpful&formatType=all_formats&asin=B0CG5XTL1R&reftag=cm_cr_arp_d_paging_btm_next_10&scope=reviewsAjax0,allStars,,B0CG5XTL1R,B0CG5XTL1R,B0CG5XTL1R,"{'price': None, 'listPrice': None}",https://www.amazon.in//boAt-Partypal-300-Signature-Bluetooth/dp/B0CG5XTL1R/ref=zg_bs_g_1389365031_d_sccl_28/261-0975833-5917763?psc=1,India,
Reviewed in India on 27 October 2023,amzn1.account.AE4ANTAHA35YNAOBXZ4LH67UCCVQ,https://www.amazon.in/gp/profile/amzn1.account.AE4ANTAHA35YNAOBXZ4LH67UCCVQ/ref=cm_cr_othr_d_gw_tr?ie=UTF8,1,It completely damage,R3EOUKLPP1F228,https://www.amazon.in/gp/customer-reviews/R3EOUKLPP1F228/ref=cm_cr_othr_d_rvw_ttl?ie=UTF8&ASIN=B0CG5XTL1R,2 people found this helpful,The media could not be loaded.,True,False,[],2023-10-27,77,Colour: Premium Black,"[{'key': 'Colour', 'value': 'Premium Black'}]",,,https://www.amazon.in/product-reviews/B0CG5XTL1R?pageNumber=10&filterByStar=all_stars&sortBy=helpful&formatType=all_formats&asin=B0CG5XTL1R&reftag=cm_cr_arp_d_paging_btm_next_10&scope=reviewsAjax0,allStars,,B0CG5XTL1R,B0CG5XTL1R,B0CG5XTL1R,"{'price': None, 'listPrice': None}",https://www.amazon.in//boAt-Partypal-300-Signature-Bluetooth/dp/B0CG5XTL1R/ref=zg_bs_g_1389365031_d_sccl_28/261-0975833-5917763?psc=1,India,
Reviewed in India on 19 January 2025,amzn1.account.AH5LY6OM2D2WUDF3MXX4RO7OTVLA,https://www.amazon.in/gp/profile/amzn1.account.AH5LY6OM2D2WUDF3MXX4RO7OTVLA/ref=cm_cr_othr_d_gw_tr?ie=UTF8,1,Not good as per price,RDGCCVQFK5FL0,https://www.amazon.in/gp/customer-reviews/RDGCCVQFK5FL0/ref=cm_cr_othr_d_rvw_ttl?ie=UTF8&ASIN=B0CG5XTL1R,,"The media could not be loaded.
                
            
                
            
            
        
    
    








  
  
     Bass is not good. Sound output is like normal speakers are giving. Little Bass increase only when we increase speaker sound.. if you want to listen songs on low sound, then we get just normal sound like other speakers are given under 2 or 3k. Sound output is 120 watt but only for loudness, not for bass.Do not spent 8 k to listen this sound. Go with other brands with bass near 45 HZ for proper bass experience.RGB light effect is awesome. Battery is ok ok. Not value for money. The peice for this item should be near 4500 INR as per performance.Kakore mode is good working with mic.",False,False,['https://m.media-amazon.com/images/I/71xp1HI-jaL._SY88.jpg'],2025-01-19,78,Colour: Premium Black,"[{'key': 'Colour', 'value': 'Premium Black'}]",,,https://www.amazon.in/product-reviews/B0CG5XTL1R?pageNumber=10&filterByStar=all_stars&sortBy=helpful&formatType=all_formats&asin=B0CG5XTL1R&reftag=cm_cr_arp_d_paging_btm_next_10&scope=reviewsAjax0,allStars,,B0CG5XTL1R,B0CG5XTL1R,B0CG5XTL1R,"{'price': None, 'listPrice': None}",https://www.amazon.in//boAt-Partypal-300-Signature-Bluetooth/dp/B0CG5XTL1R/ref=zg_bs_g_1389365031_d_sccl_28/261-0975833-5917763?psc=1,India,
Reviewed in India on 17 October 2024,amzn1.account.AEBER33FJKLNUX3XGBQ7TYITZGUQ,https://www.amazon.in/gp/profile/amzn1.account.AEBER33FJKLNUX3XGBQ7TYITZGUQ/ref=cm_cr_othr_d_gw_tr?ie=UTF8,1,Not good sound and remote function,R1ETHL9D4NDZI0,https://www.amazon.in/gp/customer-reviews/R1ETHL9D4NDZI0/ref=cm_cr_othr_d_rvw_ttl?ie=UTF8&ASIN=B0CG5XTL1R,,"Sound is not good like 120, seems 60watt, bad thing useless remote, u can't control speaker bass, power. On every power on it reset sound which is too bad. Very irritating",False,False,[],2024-10-17,79,Colour: Premium Black,"[{'key': 'Colour', 'value': 'Premium Black'}]",,,https://www.amazon.in/product-reviews/B0CG5XTL1R?pageNumber=10&filterByStar=all_stars&sortBy=helpful&formatType=all_formats&asin=B0CG5XTL1R&reftag=cm_cr_arp_d_paging_btm_next_10&scope=reviewsAjax0,allStars,,B0CG5XTL1R,B0CG5XTL1R,B0CG5XTL1R,"{'price': None, 'listPrice': None}",https://www.amazon.in//boAt-Partypal-300-Signature-Bluetooth/dp/B0CG5XTL1R/ref=zg_bs_g_1389365031_d_sccl_28/261-0975833-5917763?psc=1,India,
Reviewed in India on 11 December 2023,amzn1.account.AGSPTWXO6G6S5AVEKAZ74LWRW3WQ,https://www.amazon.in/gp/profile/amzn1.account.AGSPTWXO6G6S5AVEKAZ74LWRW3WQ/ref=cm_cr_othr_d_gw_tr?ie=UTF8,5,GOOD,RLKP7MT0H905A,https://www.amazon.in/gp/customer-reviews/RLKP7MT0H905A/ref=cm_cr_othr_d_rvw_ttl?ie=UTF8&ASIN=B0CG5XTL1R,One person found this helpful,"Good sound quality  Nice LED lights ,value for money also , The dynamic flame LEDs  sooper , Sound that immerses you in a rich, high-fidelity audio experience.",False,False,['https://m.media-amazon.com/images/I/61RYQKG6aML._SY88.jpg'],2023-12-11,80,Colour: Premium Black,"[{'key': 'Colour', 'value': 'Premium Black'}]",,,https://www.amazon.in/product-reviews/B0CG5XTL1R?pageNumber=10&filterByStar=all_stars&sortBy=helpful&formatType=all_formats&asin=B0CG5XTL1R&reftag=cm_cr_arp_d_paging_btm_next_10&scope=reviewsAjax0,allStars,,B0CG5XTL1R,B0CG5XTL1R,B0CG5XTL1R,"{'price': None, 'listPrice': None}",https://www.amazon.in//boAt-Partypal-300-Signature-Bluetooth/dp/B0CG5XTL1R/ref=zg_bs_g_1389365031_d_sccl_28/261-0975833-5917763?psc=1,India,
Reviewed in India on 6 January 2024,amzn1.account.AERPC6HLIWI4F32TA3YANW3OGSIA,https://www.amazon.in/gp/profile/amzn1.account.AERPC6HLIWI4F32TA3YANW3OGSIA/ref=cm_cr_othr_d_gw_tr?ie=UTF8,5,Sound,R1WDJE1844F24,https://www.amazon.in/gp/customer-reviews/R1WDJE1844F24/ref=cm_cr_othr_d_rvw_ttl?ie=UTF8&ASIN=B0CG5XTL1R,One person found this helpful,Ultimate n handy,True,False,[],2024-01-06,65,Colour: Premium Black,"[{'key': 'Colour', 'value': 'Premium Black'}]",,,https://www.amazon.in/product-reviews/B0CG5XTL1R?pageNumber=9&filterByStar=all_stars&sortBy=helpful&formatType=all_formats&asin=B0CG5XTL1R&reftag=cm_cr_arp_d_paging_btm_next_9&scope=reviewsAjax0,allStars,,B0CG5XTL1R,B0CG5XTL1R,B0CG5XTL1R,"{'price': None, 'listPrice': None}",https://www.amazon.in//boAt-Partypal-300-Signature-Bluetooth/dp/B0CG5XTL1R/ref=zg_bs_g_1389365031_d_sccl_28/261-0975833-5917763?psc=1,India,
Reviewed in India on 23 December 2023,amzn1.account.AFANLJUTXZODYLPDSDXBLWSCAJLA,https://www.amazon.in/gp/profile/amzn1.account.AFANLJUTXZODYLPDSDXBLWSCAJLA/ref=cm_cr_othr_d_gw_tr?ie=UTF8,5,Outstanding performance,RLWPKUVX73ACH,https://www.amazon.in/gp/customer-reviews/RLWPKUVX73ACH/ref=cm_cr_othr_d_rvw_ttl?ie=UTF8&ASIN=B0CG5XTL1R,,NiceOustanding performance,True,False,[],2023-12-23,66,Colour: Premium Black,"[{'key': 'Colour', 'value': 'Premium Black'}]",,,https://www.amazon.in/product-reviews/B0CG5XTL1R?pageNumber=9&filterByStar=all_stars&sortBy=helpful&formatType=all_formats&asin=B0CG5XTL1R&reftag=cm_cr_arp_d_paging_btm_next_9&scope=reviewsAjax0,allStars,,B0CG5XTL1R,B0CG5XTL1R,B0CG5XTL1R,"{'price': None, 'listPrice': None}",https://www.amazon.in//boAt-Partypal-300-Signature-Bluetooth/dp/B0CG5XTL1R/ref=zg_bs_g_1389365031_d_sccl_28/261-0975833-5917763?psc=1,India,
Reviewed in India on 29 September 2023,amzn1.account.AFI6TTNZNJFF3UXNGWFDJJF6633A,https://www.amazon.in/gp/profile/amzn1.account.AFI6TTNZNJFF3UXNGWFDJJF6633A/ref=cm_cr_othr_d_gw_tr?ie=UTF8,5,Very good product,R3NGVSAZYU22GJ,https://www.amazon.in/gp/customer-reviews/R3NGVSAZYU22GJ/ref=cm_cr_othr_d_rvw_ttl?ie=UTF8&ASIN=B0CG5XTL1R,6 people found this helpful,"Extraordinary sounds also good light combination ,Bass also good",True,False,[],2023-09-29,67,Colour: Premium Black,"[{'key': 'Colour', 'value': 'Premium Black'}]",,,https://www.amazon.in/product-reviews/B0CG5XTL1R?pageNumber=9&filterByStar=all_stars&sortBy=helpful&formatType=all_formats&asin=B0CG5XTL1R&reftag=cm_cr_arp_d_paging_btm_next_9&scope=reviewsAjax0,allStars,,B0CG5XTL1R,B0CG5XTL1R,B0CG5XTL1R,"{'price': None, 'listPrice': None}",https://www.amazon.in//boAt-Partypal-300-Signature-Bluetooth/dp/B0CG5XTL1R/ref=zg_bs_g_1389365031_d_sccl_28/261-0975833-5917763?psc=1,India,
Reviewed in India on 23 November 2023,amzn1.account.AHQXQ7XLEPYYY5RAFYKABBQXKGIQ,https://www.amazon.in/gp/profile/amzn1.account.AHQXQ7XLEPYYY5RAFYKABBQXKGIQ/ref=cm_cr_othr_d_gw_tr?ie=UTF8,5,Very nice speak ❤️❤️❤️,R1EF1VYQXBUCZV,https://www.amazon.in/gp/customer-reviews/R1EF1VYQXBUCZV/ref=cm_cr_othr_d_rvw_ttl?ie=UTF8&ASIN=B0CG5XTL1R,3 people found this helpful,"The media could not be loaded.
                
            
                
            
        
    
    








  
  
     Good quality ❤️❤️",True,False,[],2023-11-23,68,Colour: Premium Black,"[{'key': 'Colour', 'value': 'Premium Black'}]",,,https://www.amazon.in/product-reviews/B0CG5XTL1R?pageNumber=9&filterByStar=all_stars&sortBy=helpful&formatType=all_formats&asin=B0CG5XTL1R&reftag=cm_cr_arp_d_paging_btm_next_9&scope=reviewsAjax0,allStars,,B0CG5XTL1R,B0CG5XTL1R,B0CG5XTL1R,"{'price': None, 'listPrice': None}",https://www.amazon.in//boAt-Partypal-300-Signature-Bluetooth/dp/B0CG5XTL1R/ref=zg_bs_g_1389365031_d_sccl_28/261-0975833-5917763?psc=1,India,
Reviewed in India on 6 December 2023,amzn1.account.AG6ST4FPM4HVLBCO2LID6YSTRNDQ,https://www.amazon.in/gp/profile/amzn1.account.AG6ST4FPM4HVLBCO2LID6YSTRNDQ/ref=cm_cr_othr_d_gw_tr?ie=UTF8,5,Good,R2EWFQ0TU0O6QV,https://www.amazon.in/gp/customer-reviews/R2EWFQ0TU0O6QV/ref=cm_cr_othr_d_rvw_ttl?ie=UTF8&ASIN=B0CG5XTL1R,,Perfect,True,False,[],2023-12-06,69,Colour: Premium Black,"[{'key': 'Colour', 'value': 'Premium Black'}]",,,https://www.amazon.in/product-reviews/B0CG5XTL1R?pageNumber=9&filterByStar=all_stars&sortBy=helpful&formatType=all_formats&asin=B0CG5XTL1R&reftag=cm_cr_arp_d_paging_btm_next_9&scope=reviewsAjax0,allStars,,B0CG5XTL1R,B0CG5XTL1R,B0CG5XTL1R,"{'price': None, 'listPrice': None}",https://www.amazon.in//boAt-Partypal-300-Signature-Bluetooth/dp/B0CG5XTL1R/ref=zg_bs_g_1389365031_d_sccl_28/261-0975833-5917763?psc=1,India,
Reviewed in India on 27 November 2023,amzn1.account.AFNZUP7VNW372I2RY7KBJLB2P46A,https://www.amazon.in/gp/profile/amzn1.account.AFNZUP7VNW372I2RY7KBJLB2P46A/ref=cm_cr_othr_d_gw_tr?ie=UTF8,5,Awesome,R3KYQ8TZTA35BG,https://www.amazon.in/gp/customer-reviews/R3KYQ8TZTA35BG/ref=cm_cr_othr_d_rvw_ttl?ie=UTF8&ASIN=B0CG5XTL1R,,Value for money,True,False,[],2023-11-27,70,Colour: Premium Black,"[{'key': 'Colour', 'value': 'Premium Black'}]",,,https://www.amazon.in/product-reviews/B0CG5XTL1R?pageNumber=9&filterByStar=all_stars&sortBy=helpful&formatType=all_formats&asin=B0CG5XTL1R&reftag=cm_cr_arp_d_paging_btm_next_9&scope=reviewsAjax0,allStars,,B0CG5XTL1R,B0CG5XTL1R,B0CG5XTL1R,"{'price': None, 'listPrice': None}",https://www.amazon.in//boAt-Partypal-300-Signature-Bluetooth/dp/B0CG5XTL1R/ref=zg_bs_g_1389365031_d_sccl_28/261-0975833-5917763?psc=1,India,
Reviewed in India on 14 May 2024,amzn1.account.AHOA35F5KMA4P5QWNN476CRLQZXA,https://www.amazon.in/gp/profile/amzn1.account.AHOA35F5KMA4P5QWNN476CRLQZXA/ref=cm_cr_othr_d_gw_tr?ie=UTF8,1,Sound quality not good,RCINOJ162KM2C,https://www.amazon.in/gp/customer-reviews/RCINOJ162KM2C/ref=cm_cr_othr_d_rvw_ttl?ie=UTF8&ASIN=B0CG5XTL1R,One person found this helpful,Sound quality not good in this price don't buy this product,True,False,[],2024-05-14,71,Colour: Premium Black,"[{'key': 'Colour', 'value': 'Premium Black'}]",,,https://www.amazon.in/product-reviews/B0CG5XTL1R?pageNumber=9&filterByStar=all_stars&sortBy=helpful&formatType=all_formats&asin=B0CG5XTL1R&reftag=cm_cr_arp_d_paging_btm_next_9&scope=reviewsAjax0,allStars,,B0CG5XTL1R,B0CG5XTL1R,B0CG5XTL1R,"{'price': None, 'listPrice': None}",https://www.amazon.in//boAt-Partypal-300-Signature-Bluetooth/dp/B0CG5XTL1R/ref=zg_bs_g_1389365031_d_sccl_28/261-0975833-5917763?psc=1,India,
Reviewed in India on 26 October 2023,amzn1.account.AFF7VNTB2TCBYQ6Z4QJ5AJ5K3X4A,https://www.amazon.in/gp/profile/amzn1.account.AFF7VNTB2TCBYQ6Z4QJ5AJ5K3X4A/ref=cm_cr_othr_d_gw_tr?ie=UTF8,5,Best for party eska bad ma Gali ka sound king ban Gia thanks Amazon,R3R9CVJDWY2G5Y,https://www.amazon.in/gp/customer-reviews/R3R9CVJDWY2G5Y/ref=cm_cr_othr_d_rvw_ttl?ie=UTF8&ASIN=B0CG5XTL1R,,Sound,True,False,[],2023-10-26,72,Colour: Premium Black,"[{'key': 'Colour', 'value': 'Premium Black'}]",,,https://www.amazon.in/product-reviews/B0CG5XTL1R?pageNumber=9&filterByStar=all_stars&sortBy=helpful&formatType=all_formats&asin=B0CG5XTL1R&reftag=cm_cr_arp_d_paging_btm_next_9&scope=reviewsAjax0,allStars,,B0CG5XTL1R,B0CG5XTL1R,B0CG5XTL1R,"{'price': None, 'listPrice': None}",https://www.amazon.in//boAt-Partypal-300-Signature-Bluetooth/dp/B0CG5XTL1R/ref=zg_bs_g_1389365031_d_sccl_28/261-0975833-5917763?psc=1,India,
Reviewed in India on 26 October 2023,amzn1.account.AHIESPJVQDSTIW7LQCXM5PP4GBVQ,https://www.amazon.in/gp/profile/amzn1.account.AHIESPJVQDSTIW7LQCXM5PP4GBVQ/ref=cm_cr_othr_d_gw_tr?ie=UTF8,4,उच्चतम प्रोडक्ट,R28MV77EDOOJ0F,https://www.amazon.in/gp/customer-reviews/R28MV77EDOOJ0F/ref=cm_cr_othr_d_rvw_ttl?ie=UTF8&ASIN=B0CG5XTL1R,,इस बजट में एक बेहतरीन प्रोडक्ट है ये ₹१००००  के अंदर,True,False,[],2023-10-26,49,Colour: Premium Black,"[{'key': 'Colour', 'value': 'Premium Black'}]",,,https://www.amazon.in/product-reviews/B0CG5XTL1R?pageNumber=7&filterByStar=all_stars&sortBy=helpful&formatType=all_formats&asin=B0CG5XTL1R&reftag=cm_cr_arp_d_paging_btm_next_7&scope=reviewsAjax0,allStars,,B0CG5XTL1R,B0CG5XTL1R,B0CG5XTL1R,"{'price': None, 'listPrice': None}",https://www.amazon.in//boAt-Partypal-300-Signature-Bluetooth/dp/B0CG5XTL1R/ref=zg_bs_g_1389365031_d_sccl_28/261-0975833-5917763?psc=1,India,
Reviewed in India on 29 August 2024,amzn1.account.AENGLD3R6SBOODFPLLTD6EPYATKQ,https://www.amazon.in/gp/profile/amzn1.account.AENGLD3R6SBOODFPLLTD6EPYATKQ/ref=cm_cr_othr_d_gw_tr?ie=UTF8,5,Good Product,R17SNACRXFN5M3,https://www.amazon.in/gp/customer-reviews/R17SNACRXFN5M3/ref=cm_cr_othr_d_rvw_ttl?ie=UTF8&ASIN=B0CG5XTL1R,3 people found this helpful,Product is Good and Sound is good.,True,False,[],2024-08-29,50,Colour: Premium Black,"[{'key': 'Colour', 'value': 'Premium Black'}]",,,https://www.amazon.in/product-reviews/B0CG5XTL1R?pageNumber=7&filterByStar=all_stars&sortBy=helpful&formatType=all_formats&asin=B0CG5XTL1R&reftag=cm_cr_arp_d_paging_btm_next_7&scope=reviewsAjax0,allStars,,B0CG5XTL1R,B0CG5XTL1R,B0CG5XTL1R,"{'price': None, 'listPrice': None}",https://www.amazon.in//boAt-Partypal-300-Signature-Bluetooth/dp/B0CG5XTL1R/ref=zg_bs_g_1389365031_d_sccl_28/261-0975833-5917763?psc=1,India,
Reviewed in India on 12 December 2024,amzn1.account.AHFGGBYPK2XT7TQ4YW7S36EWLHIA,https://www.amazon.in/gp/profile/amzn1.account.AHFGGBYPK2XT7TQ4YW7S36EWLHIA/ref=cm_cr_othr_d_gw_tr?ie=UTF8,1,Duplicate item recv,RQ6TSZROKE80V,https://www.amazon.in/gp/customer-reviews/RQ6TSZROKE80V/ref=cm_cr_othr_d_rvw_ttl?ie=UTF8&ASIN=B0CG5XTL1R,3 people found this helpful,Item is duplicate sound is so badNo company label,True,False,"['https://m.media-amazon.com/images/I/61OdM3gVS7L._SY88.jpg', 'https://m.media-amazon.com/images/I/61UdRu52oML._SY88.jpg']",2024-12-12,51,Colour: Premium Black,"[{'key': 'Colour', 'value': 'Premium Black'}]",,,https://www.amazon.in/product-reviews/B0CG5XTL1R?pageNumber=7&filterByStar=all_stars&sortBy=helpful&formatType=all_formats&asin=B0CG5XTL1R&reftag=cm_cr_arp_d_paging_btm_next_7&scope=reviewsAjax0,allStars,,B0CG5XTL1R,B0CG5XTL1R,B0CG5XTL1R,"{'price': None, 'listPrice': None}",https://www.amazon.in//boAt-Partypal-300-Signature-Bluetooth/dp/B0CG5XTL1R/ref=zg_bs_g_1389365031_d_sccl_28/261-0975833-5917763?psc=1,India,
Reviewed in India on 7 November 2024,amzn1.account.AFR76Y2E7ISIQDONS2BY7FJS4TYQ,https://www.amazon.in/gp/profile/amzn1.account.AFR76Y2E7ISIQDONS2BY7FJS4TYQ/ref=cm_cr_othr_d_gw_tr?ie=UTF8,1,Worst Product with worst service.,R2MUEZEXG6JBIU,https://www.amazon.in/gp/customer-reviews/R2MUEZEXG6JBIU/ref=cm_cr_othr_d_rvw_ttl?ie=UTF8&ASIN=B0CG5XTL1R,,"Stopped working just after a month. The service from boat is just pathetic, it took 6 months for claiming the warranty and still not received the product.",True,False,[],2024-11-07,52,Colour: Premium Black,"[{'key': 'Colour', 'value': 'Premium Black'}]",,,https://www.amazon.in/product-reviews/B0CG5XTL1R?pageNumber=7&filterByStar=all_stars&sortBy=helpful&formatType=all_formats&asin=B0CG5XTL1R&reftag=cm_cr_arp_d_paging_btm_next_7&scope=reviewsAjax0,allStars,,B0CG5XTL1R,B0CG5XTL1R,B0CG5XTL1R,"{'price': None, 'listPrice': None}",https://www.amazon.in//boAt-Partypal-300-Signature-Bluetooth/dp/B0CG5XTL1R/ref=zg_bs_g_1389365031_d_sccl_28/261-0975833-5917763?psc=1,India,
Reviewed in India on 4 December 2023,amzn1.account.AHH5ERRDD44K2O5HIBDR4SZCUC5Q,https://www.amazon.in/gp/profile/amzn1.account.AHH5ERRDD44K2O5HIBDR4SZCUC5Q/ref=cm_cr_othr_d_gw_tr?ie=UTF8,3,Quality wise No super-duper Noraml Quality,RTFXRGTCWS5RO,https://www.amazon.in/gp/customer-reviews/RTFXRGTCWS5RO/ref=cm_cr_othr_d_rvw_ttl?ie=UTF8&ASIN=B0CG5XTL1R,,average product no prefect,True,False,[],2023-12-04,53,Colour: Premium Black,"[{'key': 'Colour', 'value': 'Premium Black'}]",,,https://www.amazon.in/product-reviews/B0CG5XTL1R?pageNumber=7&filterByStar=all_stars&sortBy=helpful&formatType=all_formats&asin=B0CG5XTL1R&reftag=cm_cr_arp_d_paging_btm_next_7&scope=reviewsAjax0,allStars,,B0CG5XTL1R,B0CG5XTL1R,B0CG5XTL1R,"{'price': None, 'listPrice': None}",https://www.amazon.in//boAt-Partypal-300-Signature-Bluetooth/dp/B0CG5XTL1R/ref=zg_bs_g_1389365031_d_sccl_28/261-0975833-5917763?psc=1,India,
Reviewed in India on 6 December 2023,amzn1.account.AG7ICYW2OGGCCSH4UD23HWUSXOWQ,https://www.amazon.in/gp/profile/amzn1.account.AG7ICYW2OGGCCSH4UD23HWUSXOWQ/ref=cm_cr_othr_d_gw_tr?ie=UTF8,5,Best speaker,RF8LZMI3YEX45,https://www.amazon.in/gp/customer-reviews/RF8LZMI3YEX45/ref=cm_cr_othr_d_rvw_ttl?ie=UTF8&ASIN=B0CG5XTL1R,5 people found this helpful,"if you are looking for a good sound quality, superb bass in this budget then go for it 👍yes, you should definitely buy this..it's light weight approx 3 kg.. you can easily lift this party speaker.. I really loved it..Thank you boat & amazon 🙏",True,False,[],2023-12-06,54,Colour: Premium Black,"[{'key': 'Colour', 'value': 'Premium Black'}]",,,https://www.amazon.in/product-reviews/B0CG5XTL1R?pageNumber=7&filterByStar=all_stars&sortBy=helpful&formatType=all_formats&asin=B0CG5XTL1R&reftag=cm_cr_arp_d_paging_btm_next_7&scope=reviewsAjax0,allStars,,B0CG5XTL1R,B0CG5XTL1R,B0CG5XTL1R,"{'price': None, 'listPrice': None}",https://www.amazon.in//boAt-Partypal-300-Signature-Bluetooth/dp/B0CG5XTL1R/ref=zg_bs_g_1389365031_d_sccl_28/261-0975833-5917763?psc=1,India,
Reviewed in India on 2 September 2024,amzn1.account.AG57QMVYK2NPGMZX47VOW2CWFTUQ,https://www.amazon.in/gp/profile/amzn1.account.AG57QMVYK2NPGMZX47VOW2CWFTUQ/ref=cm_cr_othr_d_gw_tr?ie=UTF8,1,It's not what I thought,R20R08PHQGPF0L,https://www.amazon.in/gp/customer-reviews/R20R08PHQGPF0L/ref=cm_cr_othr_d_rvw_ttl?ie=UTF8&ASIN=B0CG5XTL1R,7 people found this helpful,"It's not what I thought , the sound is lowWaste of moneyThis product is not for parties👎🏻 for low sound",True,False,[],2024-09-02,55,Colour: Premium Black,"[{'key': 'Colour', 'value': 'Premium Black'}]",,,https://www.amazon.in/product-reviews/B0CG5XTL1R?pageNumber=7&filterByStar=all_stars&sortBy=helpful&formatType=all_formats&asin=B0CG5XTL1R&reftag=cm_cr_arp_d_paging_btm_next_7&scope=reviewsAjax0,allStars,,B0CG5XTL1R,B0CG5XTL1R,B0CG5XTL1R,"{'price': None, 'listPrice': None}",https://www.amazon.in//boAt-Partypal-300-Signature-Bluetooth/dp/B0CG5XTL1R/ref=zg_bs_g_1389365031_d_sccl_28/261-0975833-5917763?psc=1,India,
Reviewed in India on 17 October 2024,amzn1.account.AFSZQCWRSDKSEP6XAGTTYC5VTNTQ,https://www.amazon.in/gp/profile/amzn1.account.AFSZQCWRSDKSEP6XAGTTYC5VTNTQ/ref=cm_cr_othr_d_gw_tr?ie=UTF8,1,Quality and performance,R1AU085FC80CNK,https://www.amazon.in/gp/customer-reviews/R1AU085FC80CNK/ref=cm_cr_othr_d_rvw_ttl?ie=UTF8&ASIN=B0CG5XTL1R,One person found this helpful,Quality of the sound is very poor,True,False,[],2024-10-17,56,Colour: Premium Black,"[{'key': 'Colour', 'value': 'Premium Black'}]",,,https://www.amazon.in/product-reviews/B0CG5XTL1R?pageNumber=7&filterByStar=all_stars&sortBy=helpful&formatType=all_formats&asin=B0CG5XTL1R&reftag=cm_cr_arp_d_paging_btm_next_7&scope=reviewsAjax0,allStars,,B0CG5XTL1R,B0CG5XTL1R,B0CG5XTL1R,"{'price': None, 'listPrice': None}",https://www.amazon.in//boAt-Partypal-300-Signature-Bluetooth/dp/B0CG5XTL1R/ref=zg_bs_g_1389365031_d_sccl_28/261-0975833-5917763?psc=1,India,
Reviewed in India on 4 November 2023,amzn1.account.AH3TJF7NDXZLWMQLR4TO4OX2XX3A,https://www.amazon.in/gp/profile/amzn1.account.AH3TJF7NDXZLWMQLR4TO4OX2XX3A/ref=cm_cr_othr_d_gw_tr?ie=UTF8,3,"Average, High Priced. Read before buying",R1U1J3XB0VWFMW,https://www.amazon.in/gp/customer-reviews/R1U1J3XB0VWFMW/ref=cm_cr_othr_d_rvw_ttl?ie=UTF8&ASIN=B0CG5XTL1R,7 people found this helpful,"1.Look- Better, 2.Handling- Best. 3.Stand Mounting- Not possible. 4. Power Backup- Better. 5. Bluetooth- Easy connect. 6.Switches- Nice & bold. 7.Accessary Connectivity- Easy. 8. Sound Quality- Bass-average, Mid- Better, High- Poor, High volume distortion- well managed, Echo- poor. Not that good for singing. 9. Extra Mic- Good quality. (Not bright but) 10. OVER ALL- Average quality, highly priced. Should be max of Rs. 7000/-  Free Advice- Try Tribit",True,False,[],2023-11-04,25,Colour: Premium Black,"[{'key': 'Colour', 'value': 'Premium Black'}]",,,https://www.amazon.in/product-reviews/B0CG5XTL1R?pageNumber=4&filterByStar=all_stars&sortBy=helpful&formatType=all_formats&asin=B0CG5XTL1R&reftag=cm_cr_arp_d_paging_btm_next_4&scope=reviewsAjax0,allStars,,B0CG5XTL1R,B0CG5XTL1R,B0CG5XTL1R,"{'price': None, 'listPrice': None}",https://www.amazon.in//boAt-Partypal-300-Signature-Bluetooth/dp/B0CG5XTL1R/ref=zg_bs_g_1389365031_d_sccl_28/261-0975833-5917763?psc=1,India,
Reviewed in India on 3 February 2024,amzn1.account.AGSYLFS33WI7JB3PCVZCX6I4D63Q,https://www.amazon.in/gp/profile/amzn1.account.AGSYLFS33WI7JB3PCVZCX6I4D63Q/ref=cm_cr_othr_d_gw_tr?ie=UTF8,4,Very good,RVXYAG6DKP91Y,https://www.amazon.in/gp/customer-reviews/RVXYAG6DKP91Y/ref=cm_cr_othr_d_rvw_ttl?ie=UTF8&ASIN=B0CG5XTL1R,3 people found this helpful,Very good product. I am very satisfied with this product. Bass is ok . But in full volume not too much loud in open field but ok. LED is very good. Overall I am satisfied.,True,False,[],2024-02-03,26,Colour: Premium Black,"[{'key': 'Colour', 'value': 'Premium Black'}]",,,https://www.amazon.in/product-reviews/B0CG5XTL1R?pageNumber=4&filterByStar=all_stars&sortBy=helpful&formatType=all_formats&asin=B0CG5XTL1R&reftag=cm_cr_arp_d_paging_btm_next_4&scope=reviewsAjax0,allStars,,B0CG5XTL1R,B0CG5XTL1R,B0CG5XTL1R,"{'price': None, 'listPrice': None}",https://www.amazon.in//boAt-Partypal-300-Signature-Bluetooth/dp/B0CG5XTL1R/ref=zg_bs_g_1389365031_d_sccl_28/261-0975833-5917763?psc=1,India,
Reviewed in India on 13 November 2024,amzn1.account.AEIHPTHSP5RZ5SJLEUAA6AVZOBLQ,https://www.amazon.in/gp/profile/amzn1.account.AEIHPTHSP5RZ5SJLEUAA6AVZOBLQ/ref=cm_cr_othr_d_gw_tr?ie=UTF8,5,Partypal 300,R19M3K5ZCIB3E6,https://www.amazon.in/gp/customer-reviews/R19M3K5ZCIB3E6/ref=cm_cr_othr_d_rvw_ttl?ie=UTF8&ASIN=B0CG5XTL1R,,Nice product,True,False,[],2024-11-13,27,Colour: Premium Black,"[{'key': 'Colour', 'value': 'Premium Black'}]",,,https://www.amazon.in/product-reviews/B0CG5XTL1R?pageNumber=4&filterByStar=all_stars&sortBy=helpful&formatType=all_formats&asin=B0CG5XTL1R&reftag=cm_cr_arp_d_paging_btm_next_4&scope=reviewsAjax0,allStars,,B0CG5XTL1R,B0CG5XTL1R,B0CG5XTL1R,"{'price': None, 'listPrice': None}",https://www.amazon.in//boAt-Partypal-300-Signature-Bluetooth/dp/B0CG5XTL1R/ref=zg_bs_g_1389365031_d_sccl_28/261-0975833-5917763?psc=1,India,
Reviewed in India on 29 September 2024,amzn1.account.AEXTJ7I6C22BRBZ6GQZD4A5H5RUQ,https://www.amazon.in/gp/profile/amzn1.account.AEXTJ7I6C22BRBZ6GQZD4A5H5RUQ/ref=cm_cr_othr_d_gw_tr?ie=UTF8,5,Aweeeeesomeeee,R1FPVECA4P7Q58,https://www.amazon.in/gp/customer-reviews/R1FPVECA4P7Q58/ref=cm_cr_othr_d_rvw_ttl?ie=UTF8&ASIN=B0CG5XTL1R,9 people found this helpful,"The media could not be loaded.
                
            
                
            
        
    
    








  
  
     I liked the product. Today only delivered. So can't say anything about battery backup.About sound , I can just say excellent... It's groovy and booming... Cannot expect the quality like JBL. But for moderate users, it's sufficient.",True,False,"['https://m.media-amazon.com/images/I/61NP2mBTvSL._SY88.jpg', 'https://m.media-amazon.com/images/I/711uCTasu1L._SY88.jpg']",2024-09-29,28,Colour: Premium Black,"[{'key': 'Colour', 'value': 'Premium Black'}]",,,https://www.amazon.in/product-reviews/B0CG5XTL1R?pageNumber=4&filterByStar=all_stars&sortBy=helpful&formatType=all_formats&asin=B0CG5XTL1R&reftag=cm_cr_arp_d_paging_btm_next_4&scope=reviewsAjax0,allStars,,B0CG5XTL1R,B0CG5XTL1R,B0CG5XTL1R,"{'price': None, 'listPrice': None}",https://www.amazon.in//boAt-Partypal-300-Signature-Bluetooth/dp/B0CG5XTL1R/ref=zg_bs_g_1389365031_d_sccl_28/261-0975833-5917763?psc=1,India,
Reviewed in India on 6 October 2024,amzn1.account.AH2OTUPU2QVTWUETQCZ4447NGB4A,https://www.amazon.in/gp/profile/amzn1.account.AH2OTUPU2QVTWUETQCZ4447NGB4A/ref=cm_cr_othr_d_gw_tr?ie=UTF8,2,Sound,R24X9IFUUFDEV2,https://www.amazon.in/gp/customer-reviews/R24X9IFUUFDEV2/ref=cm_cr_othr_d_rvw_ttl?ie=UTF8&ASIN=B0CG5XTL1R,,The sound of this party pal 300 is lower,True,False,[],2024-10-06,29,Colour: Premium Black,"[{'key': 'Colour', 'value': 'Premium Black'}]",,,https://www.amazon.in/product-reviews/B0CG5XTL1R?pageNumber=4&filterByStar=all_stars&sortBy=helpful&formatType=all_formats&asin=B0CG5XTL1R&reftag=cm_cr_arp_d_paging_btm_next_4&scope=reviewsAjax0,allStars,,B0CG5XTL1R,B0CG5XTL1R,B0CG5XTL1R,"{'price': None, 'listPrice': None}",https://www.amazon.in//boAt-Partypal-300-Signature-Bluetooth/dp/B0CG5XTL1R/ref=zg_bs_g_1389365031_d_sccl_28/261-0975833-5917763?psc=1,India,
Reviewed in India on 29 January 2025,amzn1.account.AHXPCEEFZQKVPMGMDL53NNQT7UZA,https://www.amazon.in/gp/profile/amzn1.account.AHXPCEEFZQKVPMGMDL53NNQT7UZA/ref=cm_cr_othr_d_gw_tr?ie=UTF8,1,Waste of money product by boat,R5PB7MPQ89VXA,https://www.amazon.in/gp/customer-reviews/R5PB7MPQ89VXA/ref=cm_cr_othr_d_rvw_ttl?ie=UTF8&ASIN=B0CG5XTL1R,,Ghaitya hai price ke hisab se maat kharido.,True,False,[],2025-01-29,30,Colour: Premium Black,"[{'key': 'Colour', 'value': 'Premium Black'}]",,,https://www.amazon.in/product-reviews/B0CG5XTL1R?pageNumber=4&filterByStar=all_stars&sortBy=helpful&formatType=all_formats&asin=B0CG5XTL1R&reftag=cm_cr_arp_d_paging_btm_next_4&scope=reviewsAjax0,allStars,,B0CG5XTL1R,B0CG5XTL1R,B0CG5XTL1R,"{'price': None, 'listPrice': None}",https://www.amazon.in//boAt-Partypal-300-Signature-Bluetooth/dp/B0CG5XTL1R/ref=zg_bs_g_1389365031_d_sccl_28/261-0975833-5917763?psc=1,India,
Reviewed in India on 11 January 2025,amzn1.account.AHVD3MS65IWWCT3UYDRXAHUHUO2A,https://www.amazon.in/gp/profile/amzn1.account.AHVD3MS65IWWCT3UYDRXAHUHUO2A/ref=cm_cr_othr_d_gw_tr?ie=UTF8,1,Ghatiya speaker,R10QDB2N4DB0HN,https://www.amazon.in/gp/customer-reviews/R10QDB2N4DB0HN/ref=cm_cr_othr_d_rvw_ttl?ie=UTF8&ASIN=B0CG5XTL1R,2 people found this helpful,Ghatiya speaker na eco kam hota ghatiya aawaz itni to 3000 ke speaker me aajati .waste of money,True,False,['https://m.media-amazon.com/images/I/611I3hCWcbL._SY88.jpg'],2025-01-11,31,Colour: Premium Black,"[{'key': 'Colour', 'value': 'Premium Black'}]",,,https://www.amazon.in/product-reviews/B0CG5XTL1R?pageNumber=4&filterByStar=all_stars&sortBy=helpful&formatType=all_formats&asin=B0CG5XTL1R&reftag=cm_cr_arp_d_paging_btm_next_4&scope=reviewsAjax0,allStars,,B0CG5XTL1R,B0CG5XTL1R,B0CG5XTL1R,"{'price': None, 'listPrice': None}",https://www.amazon.in//boAt-Partypal-300-Signature-Bluetooth/dp/B0CG5XTL1R/ref=zg_bs_g_1389365031_d_sccl_28/261-0975833-5917763?psc=1,India,
Reviewed in India on 2 November 2024,amzn1.account.AH4JKU5EQ6GE3YTN4LDNADQDZBLQ,https://www.amazon.in/gp/profile/amzn1.account.AH4JKU5EQ6GE3YTN4LDNADQDZBLQ/ref=cm_cr_othr_d_gw_tr?ie=UTF8,5,Best,R1TCALC2SMTONY,https://www.amazon.in/gp/customer-reviews/R1TCALC2SMTONY/ref=cm_cr_othr_d_rvw_ttl?ie=UTF8&ASIN=B0CG5XTL1R,,Best of all,True,False,[],2024-11-02,32,Colour: Premium Black,"[{'key': 'Colour', 'value': 'Premium Black'}]",,,https://www.amazon.in/product-reviews/B0CG5XTL1R?pageNumber=4&filterByStar=all_stars&sortBy=helpful&formatType=all_formats&asin=B0CG5XTL1R&reftag=cm_cr_arp_d_paging_btm_next_4&scope=reviewsAjax0,allStars,,B0CG5XTL1R,B0CG5XTL1R,B0CG5XTL1R,"{'price': None, 'listPrice': None}",https://www.amazon.in//boAt-Partypal-300-Signature-Bluetooth/dp/B0CG5XTL1R/ref=zg_bs_g_1389365031_d_sccl_28/261-0975833-5917763?psc=1,India,
Reviewed in India on 10 October 2024,amzn1.account.AER4AJSHGL36CUNSY2ONZBR4YCWA,https://www.amazon.in/gp/profile/amzn1.account.AER4AJSHGL36CUNSY2ONZBR4YCWA/ref=cm_cr_othr_d_gw_tr?ie=UTF8,5,Very nice,R2Y7WAZJVRHJAC,https://www.amazon.in/gp/customer-reviews/R2Y7WAZJVRHJAC/ref=cm_cr_othr_d_rvw_ttl?ie=UTF8&ASIN=B0CG5XTL1R,,Happy with product till now. Cost effective and good output,True,False,[],2024-10-10,41,Colour: Premium Black,"[{'key': 'Colour', 'value': 'Premium Black'}]",,,https://www.amazon.in/product-reviews/B0CG5XTL1R?pageNumber=6&filterByStar=all_stars&sortBy=helpful&formatType=all_formats&asin=B0CG5XTL1R&reftag=cm_cr_arp_d_paging_btm_next_6&scope=reviewsAjax0,allStars,,B0CG5XTL1R,B0CG5XTL1R,B0CG5XTL1R,"{'price': None, 'listPrice': None}",https://www.amazon.in//boAt-Partypal-300-Signature-Bluetooth/dp/B0CG5XTL1R/ref=zg_bs_g_1389365031_d_sccl_28/261-0975833-5917763?psc=1,India,
Reviewed in India on 27 July 2024,amzn1.account.AGKBBPODTLTPONUO75GGPS57VHIQ,https://www.amazon.in/gp/profile/amzn1.account.AGKBBPODTLTPONUO75GGPS57VHIQ/ref=cm_cr_othr_d_gw_tr?ie=UTF8,5,Excellent Product. Just buy it and you will never regret,R2FX3Z6GIEDVVY,https://www.amazon.in/gp/customer-reviews/R2FX3Z6GIEDVVY/ref=cm_cr_othr_d_rvw_ttl?ie=UTF8&ASIN=B0CG5XTL1R,4 people found this helpful,Sound quality is very good. Also so many features. 1 charge lasts about 5 hrs approx in full volumn and Bluetooth connectivity. Build quality is also solid. Mic is also very good. Vocals comes clear..... I loved the product,True,False,[],2024-07-27,42,Colour: Premium Black,"[{'key': 'Colour', 'value': 'Premium Black'}]",,,https://www.amazon.in/product-reviews/B0CG5XTL1R?pageNumber=6&filterByStar=all_stars&sortBy=helpful&formatType=all_formats&asin=B0CG5XTL1R&reftag=cm_cr_arp_d_paging_btm_next_6&scope=reviewsAjax0,allStars,,B0CG5XTL1R,B0CG5XTL1R,B0CG5XTL1R,"{'price': None, 'listPrice': None}",https://www.amazon.in//boAt-Partypal-300-Signature-Bluetooth/dp/B0CG5XTL1R/ref=zg_bs_g_1389365031_d_sccl_28/261-0975833-5917763?psc=1,India,
Reviewed in India on 20 January 2025,amzn1.account.AGSO65S7XNVG4VEI7AMSN354CWKQ,https://www.amazon.in/gp/profile/amzn1.account.AGSO65S7XNVG4VEI7AMSN354CWKQ/ref=cm_cr_othr_d_gw_tr?ie=UTF8,1,Very bad experience,R6Y3ZIWOJTDOX,https://www.amazon.in/gp/customer-reviews/R6Y3ZIWOJTDOX/ref=cm_cr_othr_d_rvw_ttl?ie=UTF8&ASIN=B0CG5XTL1R,,Very bad experience,True,False,[],2025-01-20,43,Colour: Premium Black,"[{'key': 'Colour', 'value': 'Premium Black'}]",,,https://www.amazon.in/product-reviews/B0CG5XTL1R?pageNumber=6&filterByStar=all_stars&sortBy=helpful&formatType=all_formats&asin=B0CG5XTL1R&reftag=cm_cr_arp_d_paging_btm_next_6&scope=reviewsAjax0,allStars,,B0CG5XTL1R,B0CG5XTL1R,B0CG5XTL1R,"{'price': None, 'listPrice': None}",https://www.amazon.in//boAt-Partypal-300-Signature-Bluetooth/dp/B0CG5XTL1R/ref=zg_bs_g_1389365031_d_sccl_28/261-0975833-5917763?psc=1,India,
Reviewed in India on 5 October 2024,amzn1.account.AGSGMRD6IBCSUD6JE7P4JPHCGDTQ,https://www.amazon.in/gp/profile/amzn1.account.AGSGMRD6IBCSUD6JE7P4JPHCGDTQ/ref=cm_cr_othr_d_gw_tr?ie=UTF8,5,Awesome product,R36TUGGW4TCYXT,https://www.amazon.in/gp/customer-reviews/R36TUGGW4TCYXT/ref=cm_cr_othr_d_rvw_ttl?ie=UTF8&ASIN=B0CG5XTL1R,4 people found this helpful,"The media could not be loaded.
                
            
                
            
            
        
    
    








  
  
     Sound quality at this price too good",True,False,[],2024-10-05,44,Colour: Premium Black,"[{'key': 'Colour', 'value': 'Premium Black'}]",,,https://www.amazon.in/product-reviews/B0CG5XTL1R?pageNumber=6&filterByStar=all_stars&sortBy=helpful&formatType=all_formats&asin=B0CG5XTL1R&reftag=cm_cr_arp_d_paging_btm_next_6&scope=reviewsAjax0,allStars,,B0CG5XTL1R,B0CG5XTL1R,B0CG5XTL1R,"{'price': None, 'listPrice': None}",https://www.amazon.in//boAt-Partypal-300-Signature-Bluetooth/dp/B0CG5XTL1R/ref=zg_bs_g_1389365031_d_sccl_28/261-0975833-5917763?psc=1,India,
Reviewed in India on 10 October 2024,amzn1.account.AG57U3MFCPQTLU2ZBIZXQBEBNVKA,https://www.amazon.in/gp/profile/amzn1.account.AG57U3MFCPQTLU2ZBIZXQBEBNVKA/ref=cm_cr_othr_d_gw_tr?ie=UTF8,5,It's fabulous,R28IZ05NFV5266,https://www.amazon.in/gp/customer-reviews/R28IZ05NFV5266/ref=cm_cr_othr_d_rvw_ttl?ie=UTF8&ASIN=B0CG5XTL1R,One person found this helpful,"The media could not be loaded.
                
            
                
            
        
    
    








  
  
     Gabbar Bhaneriya",True,False,['https://m.media-amazon.com/images/I/81IsBtKNbtL._SY88.jpg'],2024-10-10,45,Colour: Premium Black,"[{'key': 'Colour', 'value': 'Premium Black'}]",,,https://www.amazon.in/product-reviews/B0CG5XTL1R?pageNumber=6&filterByStar=all_stars&sortBy=helpful&formatType=all_formats&asin=B0CG5XTL1R&reftag=cm_cr_arp_d_paging_btm_next_6&scope=reviewsAjax0,allStars,,B0CG5XTL1R,B0CG5XTL1R,B0CG5XTL1R,"{'price': None, 'listPrice': None}",https://www.amazon.in//boAt-Partypal-300-Signature-Bluetooth/dp/B0CG5XTL1R/ref=zg_bs_g_1389365031_d_sccl_28/261-0975833-5917763?psc=1,India,
Reviewed in India on 23 December 2024,amzn1.account.AH43L2QPENUC5RD47UQRED3TP3MA,https://www.amazon.in/gp/profile/amzn1.account.AH43L2QPENUC5RD47UQRED3TP3MA/ref=cm_cr_othr_d_gw_tr?ie=UTF8,1,Its a pathetic product. Boat company service is also not good pls don't buy this product.,R3NJ6Z14KBP1DF,https://www.amazon.in/gp/customer-reviews/R3NJ6Z14KBP1DF/ref=cm_cr_othr_d_rvw_ttl?ie=UTF8&ASIN=B0CG5XTL1R,7 people found this helpful,"The media could not be loaded.
                
            
                
            
            
        
    
    








  
  
     Boat speaker sound is very poor and speaker are very bad and I want to return this product but there is no help from amozon and boat service centre is also not responding",True,False,[],2024-12-23,46,Colour: Premium Black,"[{'key': 'Colour', 'value': 'Premium Black'}]",,,https://www.amazon.in/product-reviews/B0CG5XTL1R?pageNumber=6&filterByStar=all_stars&sortBy=helpful&formatType=all_formats&asin=B0CG5XTL1R&reftag=cm_cr_arp_d_paging_btm_next_6&scope=reviewsAjax0,allStars,,B0CG5XTL1R,B0CG5XTL1R,B0CG5XTL1R,"{'price': None, 'listPrice': None}",https://www.amazon.in//boAt-Partypal-300-Signature-Bluetooth/dp/B0CG5XTL1R/ref=zg_bs_g_1389365031_d_sccl_28/261-0975833-5917763?psc=1,India,
Reviewed in India on 21 December 2023,amzn1.account.AETYKQZ7T4MHHY7Z7VFHMT56S22Q,https://www.amazon.in/gp/profile/amzn1.account.AETYKQZ7T4MHHY7Z7VFHMT56S22Q/ref=cm_cr_othr_d_gw_tr?ie=UTF8,3,Bass is very poor quality,R1QPY6836CRBLH,https://www.amazon.in/gp/customer-reviews/R1QPY6836CRBLH/ref=cm_cr_othr_d_rvw_ttl?ie=UTF8&ASIN=B0CG5XTL1R,,Sound quality is Very good but Bass is very poor in quality 😞,True,False,[],2023-12-21,47,Colour: Premium Black,"[{'key': 'Colour', 'value': 'Premium Black'}]",,,https://www.amazon.in/product-reviews/B0CG5XTL1R?pageNumber=6&filterByStar=all_stars&sortBy=helpful&formatType=all_formats&asin=B0CG5XTL1R&reftag=cm_cr_arp_d_paging_btm_next_6&scope=reviewsAjax0,allStars,,B0CG5XTL1R,B0CG5XTL1R,B0CG5XTL1R,"{'price': None, 'listPrice': None}",https://www.amazon.in//boAt-Partypal-300-Signature-Bluetooth/dp/B0CG5XTL1R/ref=zg_bs_g_1389365031_d_sccl_28/261-0975833-5917763?psc=1,India,
Reviewed in India on 19 December 2024,amzn1.account.AGP244NEANWM5TT7G77ZEOV2HZ2A,https://www.amazon.in/gp/profile/amzn1.account.AGP244NEANWM5TT7G77ZEOV2HZ2A/ref=cm_cr_othr_d_gw_tr?ie=UTF8,1,Useless product in it's category,R21ZSANPP437HI,https://www.amazon.in/gp/customer-reviews/R21ZSANPP437HI/ref=cm_cr_othr_d_rvw_ttl?ie=UTF8&ASIN=B0CG5XTL1R,,It's not as brand mentions about the product.,True,False,[],2024-12-19,48,Colour: Premium Black,"[{'key': 'Colour', 'value': 'Premium Black'}]",,,https://www.amazon.in/product-reviews/B0CG5XTL1R?pageNumber=6&filterByStar=all_stars&sortBy=helpful&formatType=all_formats&asin=B0CG5XTL1R&reftag=cm_cr_arp_d_paging_btm_next_6&scope=reviewsAjax0,allStars,,B0CG5XTL1R,B0CG5XTL1R,B0CG5XTL1R,"{'price': None, 'listPrice': None}",https://www.amazon.in//boAt-Partypal-300-Signature-Bluetooth/dp/B0CG5XTL1R/ref=zg_bs_g_1389365031_d_sccl_28/261-0975833-5917763?psc=1,India,
Reviewed in India on 5 November 2023,amzn1.account.AGD3MYOYUC6WGV4C2BFQPC5DLFBQ,https://www.amazon.in/gp/profile/amzn1.account.AGD3MYOYUC6WGV4C2BFQPC5DLFBQ/ref=cm_cr_othr_d_gw_tr?ie=UTF8,2,Value of money for small size room only.,R2RCAQT3LTWOY5,https://www.amazon.in/gp/customer-reviews/R2RCAQT3LTWOY5/ref=cm_cr_othr_d_rvw_ttl?ie=UTF8&ASIN=B0CG5XTL1R,2 people found this helpful,Good for10x10 room size only.Bass is not as per expectations.Light effect is V.Good.Value of money for small size room only.,True,False,[],2023-11-05,57,Colour: Premium Black,"[{'key': 'Colour', 'value': 'Premium Black'}]",,,https://www.amazon.in/product-reviews/B0CG5XTL1R?pageNumber=8&filterByStar=all_stars&sortBy=helpful&formatType=all_formats&asin=B0CG5XTL1R&reftag=cm_cr_arp_d_paging_btm_next_8&scope=reviewsAjax0,allStars,,B0CG5XTL1R,B0CG5XTL1R,B0CG5XTL1R,"{'price': None, 'listPrice': None}",https://www.amazon.in//boAt-Partypal-300-Signature-Bluetooth/dp/B0CG5XTL1R/ref=zg_bs_g_1389365031_d_sccl_28/261-0975833-5917763?psc=1,India,
Reviewed in India on 23 October 2024,amzn1.account.AH3MWLOP6DAC7SH3QKVMHJSMBQNQ,https://www.amazon.in/gp/profile/amzn1.account.AH3MWLOP6DAC7SH3QKVMHJSMBQNQ/ref=cm_cr_othr_d_gw_tr?ie=UTF8,1,Low quality at the price,R21QDKM3H9DWX8,https://www.amazon.in/gp/customer-reviews/R21QDKM3H9DWX8/ref=cm_cr_othr_d_rvw_ttl?ie=UTF8&ASIN=B0CG5XTL1R,One person found this helpful,Bass was very poor,True,False,[],2024-10-23,58,Colour: Premium Black,"[{'key': 'Colour', 'value': 'Premium Black'}]",,,https://www.amazon.in/product-reviews/B0CG5XTL1R?pageNumber=8&filterByStar=all_stars&sortBy=helpful&formatType=all_formats&asin=B0CG5XTL1R&reftag=cm_cr_arp_d_paging_btm_next_8&scope=reviewsAjax0,allStars,,B0CG5XTL1R,B0CG5XTL1R,B0CG5XTL1R,"{'price': None, 'listPrice': None}",https://www.amazon.in//boAt-Partypal-300-Signature-Bluetooth/dp/B0CG5XTL1R/ref=zg_bs_g_1389365031_d_sccl_28/261-0975833-5917763?psc=1,India,
Reviewed in India on 13 August 2024,amzn1.account.AFTNH54AA5NLIAJ7H5L3URH6RQUA,https://www.amazon.in/gp/profile/amzn1.account.AFTNH54AA5NLIAJ7H5L3URH6RQUA/ref=cm_cr_othr_d_gw_tr?ie=UTF8,1,Sound,R26K72YQJ6266G,https://www.amazon.in/gp/customer-reviews/R26K72YQJ6266G/ref=cm_cr_othr_d_rvw_ttl?ie=UTF8&ASIN=B0CG5XTL1R,,Bass Jada hai bass sound bhut kaam hai mat lo esai bholut bekar hai esai acha to chinees speaker hota,True,False,[],2024-08-13,59,Colour: Premium Black,"[{'key': 'Colour', 'value': 'Premium Black'}]",,,https://www.amazon.in/product-reviews/B0CG5XTL1R?pageNumber=8&filterByStar=all_stars&sortBy=helpful&formatType=all_formats&asin=B0CG5XTL1R&reftag=cm_cr_arp_d_paging_btm_next_8&scope=reviewsAjax0,allStars,,B0CG5XTL1R,B0CG5XTL1R,B0CG5XTL1R,"{'price': None, 'listPrice': None}",https://www.amazon.in//boAt-Partypal-300-Signature-Bluetooth/dp/B0CG5XTL1R/ref=zg_bs_g_1389365031_d_sccl_28/261-0975833-5917763?psc=1,India,
Reviewed in India on 22 October 2023,amzn1.account.AGCFTQJRQWQVV6BMAYLEQU4AG3FQ,https://www.amazon.in/gp/profile/amzn1.account.AGCFTQJRQWQVV6BMAYLEQU4AG3FQ/ref=cm_cr_othr_d_gw_tr?ie=UTF8,2,Not upto the mark,R1HY4UH4CHRTA8,https://www.amazon.in/gp/customer-reviews/R1HY4UH4CHRTA8/ref=cm_cr_othr_d_rvw_ttl?ie=UTF8&ASIN=B0CG5XTL1R,7 people found this helpful,"Sound not as loud as 120W, no bass, can't use it outdoor as it has very poor performance outdoor",True,False,[],2023-10-22,60,Colour: Premium Black,"[{'key': 'Colour', 'value': 'Premium Black'}]",,,https://www.amazon.in/product-reviews/B0CG5XTL1R?pageNumber=8&filterByStar=all_stars&sortBy=helpful&formatType=all_formats&asin=B0CG5XTL1R&reftag=cm_cr_arp_d_paging_btm_next_8&scope=reviewsAjax0,allStars,,B0CG5XTL1R,B0CG5XTL1R,B0CG5XTL1R,"{'price': None, 'listPrice': None}",https://www.amazon.in//boAt-Partypal-300-Signature-Bluetooth/dp/B0CG5XTL1R/ref=zg_bs_g_1389365031_d_sccl_28/261-0975833-5917763?psc=1,India,
Reviewed in India on 26 September 2023,amzn1.account.AHY6PPXMUBZZANCEQ2HDJRFZCZBQ,https://www.amazon.in/gp/profile/amzn1.account.AHY6PPXMUBZZANCEQ2HDJRFZCZBQ/ref=cm_cr_othr_d_gw_tr?ie=UTF8,5,Amazing lights and loud music better than expected,R3D2VQS79D1AZM,https://www.amazon.in/gp/customer-reviews/R3D2VQS79D1AZM/ref=cm_cr_othr_d_rvw_ttl?ie=UTF8&ASIN=B0CG5XTL1R,12 people found this helpful,The music and the flame light effects are the best and i am in love with this . Product is super and light weight,True,False,['https://m.media-amazon.com/images/I/71rso9CB4sL._SY88.jpg'],2023-09-26,61,Colour: Premium Black,"[{'key': 'Colour', 'value': 'Premium Black'}]",,,https://www.amazon.in/product-reviews/B0CG5XTL1R?pageNumber=8&filterByStar=all_stars&sortBy=helpful&formatType=all_formats&asin=B0CG5XTL1R&reftag=cm_cr_arp_d_paging_btm_next_8&scope=reviewsAjax0,allStars,,B0CG5XTL1R,B0CG5XTL1R,B0CG5XTL1R,"{'price': None, 'listPrice': None}",https://www.amazon.in//boAt-Partypal-300-Signature-Bluetooth/dp/B0CG5XTL1R/ref=zg_bs_g_1389365031_d_sccl_28/261-0975833-5917763?psc=1,India,
Reviewed in India on 27 September 2023,amzn1.account.AEL3RZA3NPDHJZ6GMWWRQNNTIT7Q,https://www.amazon.in/gp/profile/amzn1.account.AEL3RZA3NPDHJZ6GMWWRQNNTIT7Q/ref=cm_cr_othr_d_gw_tr?ie=UTF8,1,Not upto mark..,RJBE4L90ZRH9U,https://www.amazon.in/gp/customer-reviews/RJBE4L90ZRH9U/ref=cm_cr_othr_d_rvw_ttl?ie=UTF8&ASIN=B0CG5XTL1R,22 people found this helpful,120 watts of boat seems like 30w realme tv speaker. Not upto mark. Very much disappointed with the product. It's too high price for this kind of sound. Better go for zebronics or any other brand. Advertisement is too good but product is not that much upto mark.,True,False,[],2023-09-27,62,Colour: Premium Black,"[{'key': 'Colour', 'value': 'Premium Black'}]",,,https://www.amazon.in/product-reviews/B0CG5XTL1R?pageNumber=8&filterByStar=all_stars&sortBy=helpful&formatType=all_formats&asin=B0CG5XTL1R&reftag=cm_cr_arp_d_paging_btm_next_8&scope=reviewsAjax0,allStars,,B0CG5XTL1R,B0CG5XTL1R,B0CG5XTL1R,"{'price': None, 'listPrice': None}",https://www.amazon.in//boAt-Partypal-300-Signature-Bluetooth/dp/B0CG5XTL1R/ref=zg_bs_g_1389365031_d_sccl_28/261-0975833-5917763?psc=1,India,
Reviewed in India on 18 October 2023,amzn1.account.AHQOHDBMR2JWC5UGP5XII7RCZLZA,https://www.amazon.in/gp/profile/amzn1.account.AHQOHDBMR2JWC5UGP5XII7RCZLZA/ref=cm_cr_othr_d_gw_tr?ie=UTF8,5,Awesome ❤️,R303Z66B04IVYW,https://www.amazon.in/gp/customer-reviews/R303Z66B04IVYW/ref=cm_cr_othr_d_rvw_ttl?ie=UTF8&ASIN=B0CG5XTL1R,3 people found this helpful,Awesome product. Amazing build quality. Amazing sound quality. A must buy 👌,True,False,[],2023-10-18,63,Colour: Premium Black,"[{'key': 'Colour', 'value': 'Premium Black'}]",,,https://www.amazon.in/product-reviews/B0CG5XTL1R?pageNumber=8&filterByStar=all_stars&sortBy=helpful&formatType=all_formats&asin=B0CG5XTL1R&reftag=cm_cr_arp_d_paging_btm_next_8&scope=reviewsAjax0,allStars,,B0CG5XTL1R,B0CG5XTL1R,B0CG5XTL1R,"{'price': None, 'listPrice': None}",https://www.amazon.in//boAt-Partypal-300-Signature-Bluetooth/dp/B0CG5XTL1R/ref=zg_bs_g_1389365031_d_sccl_28/261-0975833-5917763?psc=1,India,
Reviewed in India on 22 May 2024,amzn1.account.AFMPKOB5QQOTB44SZ3KON6CZGWVQ,https://www.amazon.in/gp/profile/amzn1.account.AFMPKOB5QQOTB44SZ3KON6CZGWVQ/ref=cm_cr_othr_d_gw_tr?ie=UTF8,1,Very Low sound,R3Q0C1QS6DVEF0,https://www.amazon.in/gp/customer-reviews/R3Q0C1QS6DVEF0/ref=cm_cr_othr_d_rvw_ttl?ie=UTF8&ASIN=B0CG5XTL1R,,Pathetic sound. I bought it for outdoor party but the sound is very low. Very very expensive for such low sound quality.,True,False,[],2024-05-22,64,Colour: Premium Black,"[{'key': 'Colour', 'value': 'Premium Black'}]",,,https://www.amazon.in/product-reviews/B0CG5XTL1R?pageNumber=8&filterByStar=all_stars&sortBy=helpful&formatType=all_formats&asin=B0CG5XTL1R&reftag=cm_cr_arp_d_paging_btm_next_8&scope=reviewsAjax0,allStars,,B0CG5XTL1R,B0CG5XTL1R,B0CG5XTL1R,"{'price': None, 'listPrice': None}",https://www.amazon.in//boAt-Partypal-300-Signature-Bluetooth/dp/B0CG5XTL1R/ref=zg_bs_g_1389365031_d_sccl_28/261-0975833-5917763?psc=1,India,
Reviewed in India on 17 December 2023,amzn1.account.AHJ7FCQKGLEETNYCRN2BPOWPORNQ,https://www.amazon.in/gp/profile/amzn1.account.AHJ7FCQKGLEETNYCRN2BPOWPORNQ/ref=cm_cr_othr_d_gw_tr?ie=UTF8,4,Super music system.,R1IUNGQP4B563V,https://www.amazon.in/gp/customer-reviews/R1IUNGQP4B563V/ref=cm_cr_othr_d_rvw_ttl?ie=UTF8&ASIN=B0CG5XTL1R,One person found this helpful,"Yet again boat excelled here value for money took this system few days back sound quality excellent best in this cost.Boat trust cantinues..,Thank u boat for such a excellent karaoke music system.",True,False,['https://m.media-amazon.com/images/I/61nP4DPjGeL._SY88.jpg'],2023-12-17,33,Colour: Premium Black,"[{'key': 'Colour', 'value': 'Premium Black'}]",,,https://www.amazon.in/product-reviews/B0CG5XTL1R?pageNumber=5&filterByStar=all_stars&sortBy=helpful&formatType=all_formats&asin=B0CG5XTL1R&reftag=cm_cr_arp_d_paging_btm_next_5&scope=reviewsAjax0,allStars,,B0CG5XTL1R,B0CG5XTL1R,B0CG5XTL1R,"{'price': None, 'listPrice': None}",https://www.amazon.in//boAt-Partypal-300-Signature-Bluetooth/dp/B0CG5XTL1R/ref=zg_bs_g_1389365031_d_sccl_28/261-0975833-5917763?psc=1,India,
Reviewed in India on 10 January 2025,amzn1.account.AGSZEKNAL7BSTCYO5YAWEQ3QCVSA,https://www.amazon.in/gp/profile/amzn1.account.AGSZEKNAL7BSTCYO5YAWEQ3QCVSA/ref=cm_cr_othr_d_gw_tr?ie=UTF8,1,Really bad sound quality..,R2NPTJUFDCPCXI,https://www.amazon.in/gp/customer-reviews/R2NPTJUFDCPCXI/ref=cm_cr_othr_d_rvw_ttl?ie=UTF8&ASIN=B0CG5XTL1R,5 people found this helpful,There's only bass in this system.. sound clarity is nil.. please don't buy this .. if you're looking for clarity.,True,False,['https://m.media-amazon.com/images/I/61JDbxvfYSL._SY88.jpg'],2025-01-10,34,Colour: Premium Black,"[{'key': 'Colour', 'value': 'Premium Black'}]",,,https://www.amazon.in/product-reviews/B0CG5XTL1R?pageNumber=5&filterByStar=all_stars&sortBy=helpful&formatType=all_formats&asin=B0CG5XTL1R&reftag=cm_cr_arp_d_paging_btm_next_5&scope=reviewsAjax0,allStars,,B0CG5XTL1R,B0CG5XTL1R,B0CG5XTL1R,"{'price': None, 'listPrice': None}",https://www.amazon.in//boAt-Partypal-300-Signature-Bluetooth/dp/B0CG5XTL1R/ref=zg_bs_g_1389365031_d_sccl_28/261-0975833-5917763?psc=1,India,
Reviewed in India on 31 March 2024,amzn1.account.AEUMHG5PJRMO4BEB5SI7LKWML73Q,https://www.amazon.in/gp/profile/amzn1.account.AEUMHG5PJRMO4BEB5SI7LKWML73Q/ref=cm_cr_othr_d_gw_tr?ie=UTF8,4,बहुत अच्छा है जैसा दाम वैसा काम,R3VC0BGSBK7UNM,https://www.amazon.in/gp/customer-reviews/R3VC0BGSBK7UNM/ref=cm_cr_othr_d_rvw_ttl?ie=UTF8&ASIN=B0CG5XTL1R,35 people found this helpful,"The media could not be loaded.
                
            
                
            
        
    
    








  
     मैने अपयोग किया है ठिक है घर मे टिवी मे सेट कर के अप युज करेतो बहुत DJ वाला फिल आयेगा",True,False,[],2024-03-31,35,Colour: Premium Black,"[{'key': 'Colour', 'value': 'Premium Black'}]",,,https://www.amazon.in/product-reviews/B0CG5XTL1R?pageNumber=5&filterByStar=all_stars&sortBy=helpful&formatType=all_formats&asin=B0CG5XTL1R&reftag=cm_cr_arp_d_paging_btm_next_5&scope=reviewsAjax0,allStars,,B0CG5XTL1R,B0CG5XTL1R,B0CG5XTL1R,"{'price': None, 'listPrice': None}",https://www.amazon.in//boAt-Partypal-300-Signature-Bluetooth/dp/B0CG5XTL1R/ref=zg_bs_g_1389365031_d_sccl_28/261-0975833-5917763?psc=1,India,
Reviewed in India on 11 March 2024,amzn1.account.AGXUOXOB3SEIL2HIV6DE3F3T7WMQ,https://www.amazon.in/gp/profile/amzn1.account.AGXUOXOB3SEIL2HIV6DE3F3T7WMQ/ref=cm_cr_othr_d_gw_tr?ie=UTF8,4,Worth buying,R3R9YWBSFX4JNJ,https://www.amazon.in/gp/customer-reviews/R3R9YWBSFX4JNJ/ref=cm_cr_othr_d_rvw_ttl?ie=UTF8&ASIN=B0CG5XTL1R,3 people found this helpful,Product is very cool.... Sound is good...go for it,True,False,['https://m.media-amazon.com/images/I/61uwdiKwk6L._SY88.jpg'],2024-03-11,36,Colour: Premium Black,"[{'key': 'Colour', 'value': 'Premium Black'}]",,,https://www.amazon.in/product-reviews/B0CG5XTL1R?pageNumber=5&filterByStar=all_stars&sortBy=helpful&formatType=all_formats&asin=B0CG5XTL1R&reftag=cm_cr_arp_d_paging_btm_next_5&scope=reviewsAjax0,allStars,,B0CG5XTL1R,B0CG5XTL1R,B0CG5XTL1R,"{'price': None, 'listPrice': None}",https://www.amazon.in//boAt-Partypal-300-Signature-Bluetooth/dp/B0CG5XTL1R/ref=zg_bs_g_1389365031_d_sccl_28/261-0975833-5917763?psc=1,India,
Reviewed in India on 14 October 2024,amzn1.account.AHVJ6VVRVU6LZCFYV4HJHM5I66NA,https://www.amazon.in/gp/profile/amzn1.account.AHVJ6VVRVU6LZCFYV4HJHM5I66NA/ref=cm_cr_othr_d_gw_tr?ie=UTF8,5,Complete Value For Money,R1OAVQ8OF6VT4D,https://www.amazon.in/gp/customer-reviews/R1OAVQ8OF6VT4D/ref=cm_cr_othr_d_rvw_ttl?ie=UTF8&ASIN=B0CG5XTL1R,3 people found this helpful,Great output with very good sound quality.Worth every penny of the price.,True,False,[],2024-10-14,37,Colour: Premium Black,"[{'key': 'Colour', 'value': 'Premium Black'}]",,,https://www.amazon.in/product-reviews/B0CG5XTL1R?pageNumber=5&filterByStar=all_stars&sortBy=helpful&formatType=all_formats&asin=B0CG5XTL1R&reftag=cm_cr_arp_d_paging_btm_next_5&scope=reviewsAjax0,allStars,,B0CG5XTL1R,B0CG5XTL1R,B0CG5XTL1R,"{'price': None, 'listPrice': None}",https://www.amazon.in//boAt-Partypal-300-Signature-Bluetooth/dp/B0CG5XTL1R/ref=zg_bs_g_1389365031_d_sccl_28/261-0975833-5917763?psc=1,India,
Reviewed in India on 24 January 2024,amzn1.account.AES7CO7KI46HFGTJMY53VQVSBDHQ,https://www.amazon.in/gp/profile/amzn1.account.AES7CO7KI46HFGTJMY53VQVSBDHQ/ref=cm_cr_othr_d_gw_tr?ie=UTF8,3,Good product but it was received in not good condition,R2JA7V4K6V78PQ,https://www.amazon.in/gp/customer-reviews/R2JA7V4K6V78PQ/ref=cm_cr_othr_d_rvw_ttl?ie=UTF8&ASIN=B0CG5XTL1R,One person found this helpful,Some parts seems to have fallen inside the speaker 🔈 and it looks like it’s a used product because the speaker was dirty when I received it .,True,False,"['https://m.media-amazon.com/images/I/71N99DYxBvL._SY88.jpg', 'https://m.media-amazon.com/images/I/71iEd4YJ+8L._SY88.jpg', 'https://m.media-amazon.com/images/I/814YFqVfTVL._SY88.jpg']",2024-01-24,38,Colour: Premium Black,"[{'key': 'Colour', 'value': 'Premium Black'}]",,,https://www.amazon.in/product-reviews/B0CG5XTL1R?pageNumber=5&filterByStar=all_stars&sortBy=helpful&formatType=all_formats&asin=B0CG5XTL1R&reftag=cm_cr_arp_d_paging_btm_next_5&scope=reviewsAjax0,allStars,,B0CG5XTL1R,B0CG5XTL1R,B0CG5XTL1R,"{'price': None, 'listPrice': None}",https://www.amazon.in//boAt-Partypal-300-Signature-Bluetooth/dp/B0CG5XTL1R/ref=zg_bs_g_1389365031_d_sccl_28/261-0975833-5917763?psc=1,India,
Reviewed in India on 23 December 2024,amzn1.account.AH5MOESFITTNEOXZCKYBEMKXIDXA,https://www.amazon.in/gp/profile/amzn1.account.AH5MOESFITTNEOXZCKYBEMKXIDXA/ref=cm_cr_othr_d_gw_tr?ie=UTF8,1,Worst to Worst,R36ZDPRQQ4BAYR,https://www.amazon.in/gp/customer-reviews/R36ZDPRQQ4BAYR/ref=cm_cr_othr_d_rvw_ttl?ie=UTF8&ASIN=B0CG5XTL1R,,Worst to worst sound quality one of the sh** piece. Bluetooth gets discontinued frequently. Customer service never gets connected.,True,False,['https://m.media-amazon.com/images/I/81IiGDKmW6L._SY88.jpg'],2024-12-23,39,Colour: Premium Black,"[{'key': 'Colour', 'value': 'Premium Black'}]",,,https://www.amazon.in/product-reviews/B0CG5XTL1R?pageNumber=5&filterByStar=all_stars&sortBy=helpful&formatType=all_formats&asin=B0CG5XTL1R&reftag=cm_cr_arp_d_paging_btm_next_5&scope=reviewsAjax0,allStars,,B0CG5XTL1R,B0CG5XTL1R,B0CG5XTL1R,"{'price': None, 'listPrice': None}",https://www.amazon.in//boAt-Partypal-300-Signature-Bluetooth/dp/B0CG5XTL1R/ref=zg_bs_g_1389365031_d_sccl_28/261-0975833-5917763?psc=1,India,
Reviewed in India on 28 December 2024,amzn1.account.AH4PSSSKHAQPR5MIPRW3PXESYQLQ,https://www.amazon.in/gp/profile/amzn1.account.AH4PSSSKHAQPR5MIPRW3PXESYQLQ/ref=cm_cr_othr_d_gw_tr?ie=UTF8,1,Don't buy this product,R2SJFAHPYFWKZM,https://www.amazon.in/gp/customer-reviews/R2SJFAHPYFWKZM/ref=cm_cr_othr_d_rvw_ttl?ie=UTF8&ASIN=B0CG5XTL1R,2 people found this helpful,The sound is very small and also not clear and battery backup last till half and hour.,True,False,[],2024-12-28,40,Colour: Premium Black,"[{'key': 'Colour', 'value': 'Premium Black'}]",,,https://www.amazon.in/product-reviews/B0CG5XTL1R?pageNumber=5&filterByStar=all_stars&sortBy=helpful&formatType=all_formats&asin=B0CG5XTL1R&reftag=cm_cr_arp_d_paging_btm_next_5&scope=reviewsAjax0,allStars,,B0CG5XTL1R,B0CG5XTL1R,B0CG5XTL1R,"{'price': None, 'listPrice': None}",https://www.amazon.in//boAt-Partypal-300-Signature-Bluetooth/dp/B0CG5XTL1R/ref=zg_bs_g_1389365031_d_sccl_28/261-0975833-5917763?psc=1,India,
Reviewed in India on 12 January 2025,amzn1.account.AF7DPI6L2EVVRBVQLEEG2IK6HGKA,https://www.amazon.in/gp/profile/amzn1.account.AF7DPI6L2EVVRBVQLEEG2IK6HGKA/ref=cm_cr_othr_d_gw_tr?ie=UTF8,3,Don’t sound like 120 wats,R3FCOBQRD3NXTY,https://www.amazon.in/gp/customer-reviews/R3FCOBQRD3NXTY/ref=cm_cr_othr_d_rvw_ttl?ie=UTF8&ASIN=B0CG5XTL1R,,Good sound clarity fine base but the output as says 120 w sounds more like 80 w.,True,False,[],2025-01-12,9,Colour: Premium Black,"[{'key': 'Colour', 'value': 'Premium Black'}]",,,https://www.amazon.in/product-reviews/B0CG5XTL1R?pageNumber=2&filterByStar=all_stars&sortBy=helpful&formatType=all_formats&asin=B0CG5XTL1R&reftag=cm_cr_arp_d_paging_btm_next_2&scope=reviewsAjax0,allStars,,B0CG5XTL1R,B0CG5XTL1R,B0CG5XTL1R,"{'price': None, 'listPrice': None}",https://www.amazon.in//boAt-Partypal-300-Signature-Bluetooth/dp/B0CG5XTL1R/ref=zg_bs_g_1389365031_d_sccl_28/261-0975833-5917763?psc=1,India,
Reviewed in India on 14 October 2024,amzn1.account.AH27XNGR6IMOKEADMEY25A6A564A,https://www.amazon.in/gp/profile/amzn1.account.AH27XNGR6IMOKEADMEY25A6A564A/ref=cm_cr_othr_d_gw_tr?ie=UTF8,4,Awesome speaker,R1DEE3URQHZEB3,https://www.amazon.in/gp/customer-reviews/R1DEE3URQHZEB3/ref=cm_cr_othr_d_rvw_ttl?ie=UTF8&ASIN=B0CG5XTL1R,One person found this helpful,Good product for that price. Amazing for indoors. Very satisfying output. Can use it in the car too. Convenient to carry.,True,False,"['https://m.media-amazon.com/images/I/71Jc5BfXcwL._SY88.jpg', 'https://m.media-amazon.com/images/I/71PwYFtE5hL._SY88.jpg']",2024-10-14,10,Colour: Premium Black,"[{'key': 'Colour', 'value': 'Premium Black'}]",,,https://www.amazon.in/product-reviews/B0CG5XTL1R?pageNumber=2&filterByStar=all_stars&sortBy=helpful&formatType=all_formats&asin=B0CG5XTL1R&reftag=cm_cr_arp_d_paging_btm_next_2&scope=reviewsAjax0,allStars,,B0CG5XTL1R,B0CG5XTL1R,B0CG5XTL1R,"{'price': None, 'listPrice': None}",https://www.amazon.in//boAt-Partypal-300-Signature-Bluetooth/dp/B0CG5XTL1R/ref=zg_bs_g_1389365031_d_sccl_28/261-0975833-5917763?psc=1,India,
Reviewed in India on 20 January 2025,amzn1.account.AHNP5F2BXMAFG2BRJZYTLAEY6NEA,https://www.amazon.in/gp/profile/amzn1.account.AHNP5F2BXMAFG2BRJZYTLAEY6NEA/ref=cm_cr_othr_d_gw_tr?ie=UTF8,5,Very Good sound & battery backup,R3DVUUWN8IS98D,https://www.amazon.in/gp/customer-reviews/R3DVUUWN8IS98D/ref=cm_cr_othr_d_rvw_ttl?ie=UTF8&ASIN=B0CG5XTL1R,One person found this helpful,I like boat bluetooth speaker,True,False,[],2025-01-20,11,Colour: Premium Black,"[{'key': 'Colour', 'value': 'Premium Black'}]",,,https://www.amazon.in/product-reviews/B0CG5XTL1R?pageNumber=2&filterByStar=all_stars&sortBy=helpful&formatType=all_formats&asin=B0CG5XTL1R&reftag=cm_cr_arp_d_paging_btm_next_2&scope=reviewsAjax0,allStars,,B0CG5XTL1R,B0CG5XTL1R,B0CG5XTL1R,"{'price': None, 'listPrice': None}",https://www.amazon.in//boAt-Partypal-300-Signature-Bluetooth/dp/B0CG5XTL1R/ref=zg_bs_g_1389365031_d_sccl_28/261-0975833-5917763?psc=1,India,
Reviewed in India on 19 January 2025,amzn1.account.AHDZZTH2DOMJIMIIUL3RER2UON3A,https://www.amazon.in/gp/profile/amzn1.account.AHDZZTH2DOMJIMIIUL3RER2UON3A/ref=cm_cr_othr_d_gw_tr?ie=UTF8,2,Party pal 300 is not having remote wireless microphones and hence not satisfied,R36RVEV34ESV58,https://www.amazon.in/gp/customer-reviews/R36RVEV34ESV58/ref=cm_cr_othr_d_rvw_ttl?ie=UTF8&ASIN=B0CG5XTL1R,,"We were expecting that the Parrypal 300 would have Remote Wireless Micrphones, whereas, we found that it has wired one microphone connection only... Not satisfied at all",True,False,[],2025-01-19,12,Colour: Premium Black,"[{'key': 'Colour', 'value': 'Premium Black'}]",,,https://www.amazon.in/product-reviews/B0CG5XTL1R?pageNumber=2&filterByStar=all_stars&sortBy=helpful&formatType=all_formats&asin=B0CG5XTL1R&reftag=cm_cr_arp_d_paging_btm_next_2&scope=reviewsAjax0,allStars,,B0CG5XTL1R,B0CG5XTL1R,B0CG5XTL1R,"{'price': None, 'listPrice': None}",https://www.amazon.in//boAt-Partypal-300-Signature-Bluetooth/dp/B0CG5XTL1R/ref=zg_bs_g_1389365031_d_sccl_28/261-0975833-5917763?psc=1,India,
Reviewed in India on 14 October 2024,amzn1.account.AFYTOFVGQPCKNHTRMCEOMRTO4V6Q,https://www.amazon.in/gp/profile/amzn1.account.AFYTOFVGQPCKNHTRMCEOMRTO4V6Q/ref=cm_cr_othr_d_gw_tr?ie=UTF8,3,Ok,R16E0WBC3DEB8F,https://www.amazon.in/gp/customer-reviews/R16E0WBC3DEB8F/ref=cm_cr_othr_d_rvw_ttl?ie=UTF8&ASIN=B0CG5XTL1R,One person found this helpful,Just Ok,True,False,[],2024-10-14,13,Colour: Premium Black,"[{'key': 'Colour', 'value': 'Premium Black'}]",,,https://www.amazon.in/product-reviews/B0CG5XTL1R?pageNumber=2&filterByStar=all_stars&sortBy=helpful&formatType=all_formats&asin=B0CG5XTL1R&reftag=cm_cr_arp_d_paging_btm_next_2&scope=reviewsAjax0,allStars,,B0CG5XTL1R,B0CG5XTL1R,B0CG5XTL1R,"{'price': None, 'listPrice': None}",https://www.amazon.in//boAt-Partypal-300-Signature-Bluetooth/dp/B0CG5XTL1R/ref=zg_bs_g_1389365031_d_sccl_28/261-0975833-5917763?psc=1,India,
Reviewed in India on 27 September 2024,amzn1.account.AHCFAG5SB6TXFY4GJ5MSOL5OO2TA,https://www.amazon.in/gp/profile/amzn1.account.AHCFAG5SB6TXFY4GJ5MSOL5OO2TA/ref=cm_cr_othr_d_gw_tr?ie=UTF8,3,Good one!!,RCIMPZWWZU7Y,https://www.amazon.in/gp/customer-reviews/RCIMPZWWZU7Y/ref=cm_cr_othr_d_rvw_ttl?ie=UTF8&ASIN=B0CG5XTL1R,One person found this helpful,"It's nice for home, not for open place and for the karoke singers, please note that the echo button is missing in this!",True,False,[],2024-09-27,14,Colour: Premium Black,"[{'key': 'Colour', 'value': 'Premium Black'}]",,,https://www.amazon.in/product-reviews/B0CG5XTL1R?pageNumber=2&filterByStar=all_stars&sortBy=helpful&formatType=all_formats&asin=B0CG5XTL1R&reftag=cm_cr_arp_d_paging_btm_next_2&scope=reviewsAjax0,allStars,,B0CG5XTL1R,B0CG5XTL1R,B0CG5XTL1R,"{'price': None, 'listPrice': None}",https://www.amazon.in//boAt-Partypal-300-Signature-Bluetooth/dp/B0CG5XTL1R/ref=zg_bs_g_1389365031_d_sccl_28/261-0975833-5917763?psc=1,India,
Reviewed in India on 4 January 2025,amzn1.account.AHS2FAAKI3CZM36TST4MGTE6VKEA,https://www.amazon.in/gp/profile/amzn1.account.AHS2FAAKI3CZM36TST4MGTE6VKEA/ref=cm_cr_othr_d_gw_tr?ie=UTF8,5,nice one,R1TB4QSIRDJHDU,https://www.amazon.in/gp/customer-reviews/R1TB4QSIRDJHDU/ref=cm_cr_othr_d_rvw_ttl?ie=UTF8&ASIN=B0CG5XTL1R,,according to price its very nice,True,False,[],2025-01-04,15,Colour: Premium Black,"[{'key': 'Colour', 'value': 'Premium Black'}]",,,https://www.amazon.in/product-reviews/B0CG5XTL1R?pageNumber=2&filterByStar=all_stars&sortBy=helpful&formatType=all_formats&asin=B0CG5XTL1R&reftag=cm_cr_arp_d_paging_btm_next_2&scope=reviewsAjax0,allStars,,B0CG5XTL1R,B0CG5XTL1R,B0CG5XTL1R,"{'price': None, 'listPrice': None}",https://www.amazon.in//boAt-Partypal-300-Signature-Bluetooth/dp/B0CG5XTL1R/ref=zg_bs_g_1389365031_d_sccl_28/261-0975833-5917763?psc=1,India,
Reviewed in India on 22 October 2024,amzn1.account.AGB242JBJW47C3TE33YJOEGQSVMQ,https://www.amazon.in/gp/profile/amzn1.account.AGB242JBJW47C3TE33YJOEGQSVMQ/ref=cm_cr_othr_d_gw_tr?ie=UTF8,2,Money wasted,RR8720DDGTDBZ,https://www.amazon.in/gp/customer-reviews/RR8720DDGTDBZ/ref=cm_cr_othr_d_rvw_ttl?ie=UTF8&ASIN=B0CG5XTL1R,2 people found this helpful,"I thought it would be good if it is priced at Rs. 10,000 but the build quality is not that good and the sound is also weak",True,False,[],2024-10-22,16,Colour: Premium Black,"[{'key': 'Colour', 'value': 'Premium Black'}]",,,https://www.amazon.in/product-reviews/B0CG5XTL1R?pageNumber=2&filterByStar=all_stars&sortBy=helpful&formatType=all_formats&asin=B0CG5XTL1R&reftag=cm_cr_arp_d_paging_btm_next_2&scope=reviewsAjax0,allStars,,B0CG5XTL1R,B0CG5XTL1R,B0CG5XTL1R,"{'price': None, 'listPrice': None}",https://www.amazon.in//boAt-Partypal-300-Signature-Bluetooth/dp/B0CG5XTL1R/ref=zg_bs_g_1389365031_d_sccl_28/261-0975833-5917763?psc=1,India,
