reviewedIn,userId,userProfileLink,ratingScore,reviewTitle,reviewId,reviewUrl,reviewReaction,reviewDescription,isVerified,isAmazonVine,reviewImages,date,position,variant,variantAttributes,totalCategoryRatings,totalCategoryReviews,reviewCategoryUrl,filterByRating,filterByKeyword,productAsin,productOriginalAsin,variantAsin,product,input,country,countryCode
Reviewed in India on 22 January 2025,amzn1.account.AE5CZASDC5TN4VLWLM5TJRNNWKYA,https://www.amazon.in/gp/profile/amzn1.account.AE5CZASDC5TN4VLWLM5TJRNNWKYA/ref=cm_cr_othr_d_gw_tr?ie=UTF8,5,Product review,R2G4YFCE2F7CUK,https://www.amazon.in/gp/customer-reviews/R2G4YFCE2F7CUK/ref=cm_cr_othr_d_rvw_ttl?ie=UTF8&ASIN=B0CG6LP1MS,,"Overall, this product delivers good quality despite being made of plastic. The battery life is impressive, lasting up to 5 hours without the RGB lights on. The bass quality exceeded my expectations. While it is on the heavier side, the included strap makes it easier to carry. Overall, it's a solid product! 👍🏻",True,False,[],2025-01-22,1,Colour: Black,"[{'key': 'Colour', 'value': 'Black'}]",,,https://www.amazon.in/product-reviews/B0CG6LP1MS?pageNumber=1&filterByStar=all_stars&sortBy=helpful&formatType=all_formats&asin=B0CG6LP1MS&reftag=cm_cr_arp_d_paging_btm_next_1&scope=reviewsAjax0,allStars,,B0CG6LP1MS,B0CG6LP1MS,B0CG6LP1MS,"{'price': None, 'listPrice': None}",https://www.amazon.in//boAt-Bluetooth-Compatibility-Playback-Charging/dp/B0CG6LP1MS/ref=zg_bs_g_1389365031_d_sccl_3/262-4334605-4855948?psc=1,India,
Reviewed in India on 5 January 2025,amzn1.account.AGFAYJ5C76XFOXUPKXD2ZABZ4OQA,https://www.amazon.in/gp/profile/amzn1.account.AGFAYJ5C76XFOXUPKXD2ZABZ4OQA/ref=cm_cr_othr_d_gw_tr?ie=UTF8,5,For bass lover,R37ROXFAXY9YO4,https://www.amazon.in/gp/customer-reviews/R37ROXFAXY9YO4/ref=cm_cr_othr_d_rvw_ttl?ie=UTF8&ASIN=B0CG6LP1MS,One person found this helpful,"The media could not be loaded.
                
            
                
            
            
        
    
    








  
  
     If you want bass much bass then go for it thumping bass .Sound quality is good in 70 percent volume. And so loud speaker it gives fill u like mini dj system. In 6000 price just go for it totally valuable nice product 👍",True,False,[],2025-01-05,2,Colour: Black,"[{'key': 'Colour', 'value': 'Black'}]",,,https://www.amazon.in/product-reviews/B0CG6LP1MS?pageNumber=1&filterByStar=all_stars&sortBy=helpful&formatType=all_formats&asin=B0CG6LP1MS&reftag=cm_cr_arp_d_paging_btm_next_1&scope=reviewsAjax0,allStars,,B0CG6LP1MS,B0CG6LP1MS,B0CG6LP1MS,"{'price': None, 'listPrice': None}",https://www.amazon.in//boAt-Bluetooth-Compatibility-Playback-Charging/dp/B0CG6LP1MS/ref=zg_bs_g_1389365031_d_sccl_3/262-4334605-4855948?psc=1,India,
Reviewed in India on 15 January 2025,amzn1.account.AGH7BRLGRYCMIEEPJQNSSED6CE5A,https://www.amazon.in/gp/profile/amzn1.account.AGH7BRLGRYCMIEEPJQNSSED6CE5A/ref=cm_cr_othr_d_gw_tr?ie=UTF8,4,Best product at ₹6000/-,R1N487R7QU3UB8,https://www.amazon.in/gp/customer-reviews/R1N487R7QU3UB8/ref=cm_cr_othr_d_rvw_ttl?ie=UTF8&ASIN=B0CG6LP1MS,3 people found this helpful,"The media could not be loaded.
                
            
                
            
            
        
    
    








  
  
     Bass is awesome. Battery backup is 4-5 hr. Clarity of sound is there. Value for money 😀",True,False,[],2025-01-15,3,Colour: Black,"[{'key': 'Colour', 'value': 'Black'}]",,,https://www.amazon.in/product-reviews/B0CG6LP1MS?pageNumber=1&filterByStar=all_stars&sortBy=helpful&formatType=all_formats&asin=B0CG6LP1MS&reftag=cm_cr_arp_d_paging_btm_next_1&scope=reviewsAjax0,allStars,,B0CG6LP1MS,B0CG6LP1MS,B0CG6LP1MS,"{'price': None, 'listPrice': None}",https://www.amazon.in//boAt-Bluetooth-Compatibility-Playback-Charging/dp/B0CG6LP1MS/ref=zg_bs_g_1389365031_d_sccl_3/262-4334605-4855948?psc=1,India,
Reviewed in India on 14 January 2025,amzn1.account.AF4UJZEUBGAHJCMT5SFN3QSLM32A,https://www.amazon.in/gp/profile/amzn1.account.AF4UJZEUBGAHJCMT5SFN3QSLM32A/ref=cm_cr_othr_d_gw_tr?ie=UTF8,5,RGB LIGHT AND LOOKING,R2HYXYVFCDG1DC,https://www.amazon.in/gp/customer-reviews/R2HYXYVFCDG1DC/ref=cm_cr_othr_d_rvw_ttl?ie=UTF8&ASIN=B0CG6LP1MS,,"Awesome sound quality and value for money, bluetooth connectivity, ease of use battery life",True,False,[],2025-01-14,4,Colour: Black,"[{'key': 'Colour', 'value': 'Black'}]",,,https://www.amazon.in/product-reviews/B0CG6LP1MS?pageNumber=1&filterByStar=all_stars&sortBy=helpful&formatType=all_formats&asin=B0CG6LP1MS&reftag=cm_cr_arp_d_paging_btm_next_1&scope=reviewsAjax0,allStars,,B0CG6LP1MS,B0CG6LP1MS,B0CG6LP1MS,"{'price': None, 'listPrice': None}",https://www.amazon.in//boAt-Bluetooth-Compatibility-Playback-Charging/dp/B0CG6LP1MS/ref=zg_bs_g_1389365031_d_sccl_3/262-4334605-4855948?psc=1,India,
Reviewed in India on 31 December 2024,amzn1.account.AGZGCLMXIWIXTQHIMEAN4EG56QDA,https://www.amazon.in/gp/profile/amzn1.account.AGZGCLMXIWIXTQHIMEAN4EG56QDA/ref=cm_cr_othr_d_gw_tr?ie=UTF8,1,Dummy Amazon,R1W7G459KGFAOD,https://www.amazon.in/gp/customer-reviews/R1W7G459KGFAOD/ref=cm_cr_othr_d_rvw_ttl?ie=UTF8&ASIN=B0CG6LP1MS,One person found this helpful,Its ok to buy this product in case of defects Amazon is not going to take any responsibility.. recently i bought a product bost stone 1800 for the past few days its making cracking sound i called Amazon they said like you need to contact boat service center or claim your warranty even though am in 7 day replacement period,True,False,[],2024-12-31,5,Colour: Black,"[{'key': 'Colour', 'value': 'Black'}]",,,https://www.amazon.in/product-reviews/B0CG6LP1MS?pageNumber=1&filterByStar=all_stars&sortBy=helpful&formatType=all_formats&asin=B0CG6LP1MS&reftag=cm_cr_arp_d_paging_btm_next_1&scope=reviewsAjax0,allStars,,B0CG6LP1MS,B0CG6LP1MS,B0CG6LP1MS,"{'price': None, 'listPrice': None}",https://www.amazon.in//boAt-Bluetooth-Compatibility-Playback-Charging/dp/B0CG6LP1MS/ref=zg_bs_g_1389365031_d_sccl_3/262-4334605-4855948?psc=1,India,
Reviewed in India on 24 January 2025,amzn1.account.AGQLXSGQBS6UARL3MOSMRAFOARZQ,https://www.amazon.in/gp/profile/amzn1.account.AGQLXSGQBS6UARL3MOSMRAFOARZQ/ref=cm_cr_othr_d_gw_tr?ie=UTF8,5,Bass Box,R2DQE54ZLWKK78,https://www.amazon.in/gp/customer-reviews/R2DQE54ZLWKK78/ref=cm_cr_othr_d_rvw_ttl?ie=UTF8&ASIN=B0CG6LP1MS,,"Guys , its a value for money speaker , but weight is little bit more , otherwise everything is good. Full of Bass if you’re a Bass lover go for it .",True,False,['https://m.media-amazon.com/images/I/81gC-Q-axfL._SY88.jpg'],2025-01-24,6,Colour: Black,"[{'key': 'Colour', 'value': 'Black'}]",,,https://www.amazon.in/product-reviews/B0CG6LP1MS?pageNumber=1&filterByStar=all_stars&sortBy=helpful&formatType=all_formats&asin=B0CG6LP1MS&reftag=cm_cr_arp_d_paging_btm_next_1&scope=reviewsAjax0,allStars,,B0CG6LP1MS,B0CG6LP1MS,B0CG6LP1MS,"{'price': None, 'listPrice': None}",https://www.amazon.in//boAt-Bluetooth-Compatibility-Playback-Charging/dp/B0CG6LP1MS/ref=zg_bs_g_1389365031_d_sccl_3/262-4334605-4855948?psc=1,India,
Reviewed in India on 4 October 2024,amzn1.account.AHJPGA54FG4O5GCNDDR3UID26RYQ,https://www.amazon.in/gp/profile/amzn1.account.AHJPGA54FG4O5GCNDDR3UID26RYQ/ref=cm_cr_othr_d_gw_tr?ie=UTF8,3,before you purchase please consider these things:--,R2Z8ED7MKVNI1F,https://www.amazon.in/gp/customer-reviews/R2Z8ED7MKVNI1F/ref=cm_cr_othr_d_rvw_ttl?ie=UTF8&ASIN=B0CG6LP1MS,6 people found this helpful,"1. no FM2. no Remote3. cannot be played through AC power since company caution for battery heatup4. no fast forward, rewind facility5. disco light is disturbing while playing songs, that each and everytime you have to switch off on power on.6. usb pendrive is not detected when you copy so many mp3's in multiple folder.But:-sound effect is good, portability, small and compact. rest is your decision.",True,False,[],2024-10-04,7,Colour: Black,"[{'key': 'Colour', 'value': 'Black'}]",,,https://www.amazon.in/product-reviews/B0CG6LP1MS?pageNumber=1&filterByStar=all_stars&sortBy=helpful&formatType=all_formats&asin=B0CG6LP1MS&reftag=cm_cr_arp_d_paging_btm_next_1&scope=reviewsAjax0,allStars,,B0CG6LP1MS,B0CG6LP1MS,B0CG6LP1MS,"{'price': None, 'listPrice': None}",https://www.amazon.in//boAt-Bluetooth-Compatibility-Playback-Charging/dp/B0CG6LP1MS/ref=zg_bs_g_1389365031_d_sccl_3/262-4334605-4855948?psc=1,India,
Reviewed in India on 3 November 2024,amzn1.account.AGIYKSYWSWOJGWCUSDFATVBE6C2A,https://www.amazon.in/gp/profile/amzn1.account.AGIYKSYWSWOJGWCUSDFATVBE6C2A/ref=cm_cr_othr_d_gw_tr?ie=UTF8,5,Theatre level crystal clear Audio with Bass,R1DIKYUVDOPFNS,https://www.amazon.in/gp/customer-reviews/R1DIKYUVDOPFNS/ref=cm_cr_othr_d_rvw_ttl?ie=UTF8&ASIN=B0CG6LP1MS,2 people found this helpful,"Wow what a product this can be used in big hall for performances ..... The 90 W radiating sound with crystal clear Audio with Bass with compact size makes it more effective.... Beautiful and awesome product ,5 star from my side",True,False,[],2024-11-03,8,Colour: Black,"[{'key': 'Colour', 'value': 'Black'}]",,,https://www.amazon.in/product-reviews/B0CG6LP1MS?pageNumber=1&filterByStar=all_stars&sortBy=helpful&formatType=all_formats&asin=B0CG6LP1MS&reftag=cm_cr_arp_d_paging_btm_next_1&scope=reviewsAjax0,allStars,,B0CG6LP1MS,B0CG6LP1MS,B0CG6LP1MS,"{'price': None, 'listPrice': None}",https://www.amazon.in//boAt-Bluetooth-Compatibility-Playback-Charging/dp/B0CG6LP1MS/ref=zg_bs_g_1389365031_d_sccl_3/262-4334605-4855948?psc=1,India,
Reviewed in India on 18 January 2025,amzn1.account.AGKSCKYUL2ALRLIBUA6WOHXXYEEQ,https://www.amazon.in/gp/profile/amzn1.account.AGKSCKYUL2ALRLIBUA6WOHXXYEEQ/ref=cm_cr_othr_d_gw_tr?ie=UTF8,4,Boat stone 1800,RQE5BZMR6QOY4,https://www.amazon.in/gp/customer-reviews/RQE5BZMR6QOY4/ref=cm_cr_othr_d_rvw_ttl?ie=UTF8&ASIN=B0CG6LP1MS,,"Loud ,clear , bass is good, best for outdoor uses , easy to carry in travel,",True,False,[],2025-01-18,9,Colour: Black,"[{'key': 'Colour', 'value': 'Black'}]",,,https://www.amazon.in/product-reviews/B0CG6LP1MS?pageNumber=2&filterByStar=all_stars&sortBy=helpful&formatType=all_formats&asin=B0CG6LP1MS&reftag=cm_cr_arp_d_paging_btm_next_2&scope=reviewsAjax0,allStars,,B0CG6LP1MS,B0CG6LP1MS,B0CG6LP1MS,"{'price': None, 'listPrice': None}",https://www.amazon.in//boAt-Bluetooth-Compatibility-Playback-Charging/dp/B0CG6LP1MS/ref=zg_bs_g_1389365031_d_sccl_3/262-4334605-4855948?psc=1,India,
Reviewed in India on 30 December 2024,amzn1.account.AHY2OY72IVGT4RXUODQ7J7U3XNIA,https://www.amazon.in/gp/profile/amzn1.account.AHY2OY72IVGT4RXUODQ7J7U3XNIA/ref=cm_cr_othr_d_gw_tr?ie=UTF8,4,Fake 90watt,RRF0YUNX4TND4,https://www.amazon.in/gp/customer-reviews/RRF0YUNX4TND4/ref=cm_cr_othr_d_rvw_ttl?ie=UTF8&ASIN=B0CG6LP1MS,2 people found this helpful,"Allover sound quality is great, I'm pretty impress with these product, but as ""boat"" company says it's has 90watts boat signature sound is completely fake. It's 70 watt speaker.10+10 watt twisters25+25 watt woofers70 watt sound systemThey don't have to lie to people.",True,False,['https://m.media-amazon.com/images/I/71bdmUjcw2L._SY88.jpg'],2024-12-30,10,Colour: Black,"[{'key': 'Colour', 'value': 'Black'}]",,,https://www.amazon.in/product-reviews/B0CG6LP1MS?pageNumber=2&filterByStar=all_stars&sortBy=helpful&formatType=all_formats&asin=B0CG6LP1MS&reftag=cm_cr_arp_d_paging_btm_next_2&scope=reviewsAjax0,allStars,,B0CG6LP1MS,B0CG6LP1MS,B0CG6LP1MS,"{'price': None, 'listPrice': None}",https://www.amazon.in//boAt-Bluetooth-Compatibility-Playback-Charging/dp/B0CG6LP1MS/ref=zg_bs_g_1389365031_d_sccl_3/262-4334605-4855948?psc=1,India,
Reviewed in India on 22 December 2024,amzn1.account.AELHEZL7MKUSCGMN36TQ6XQ7HPWQ,https://www.amazon.in/gp/profile/amzn1.account.AELHEZL7MKUSCGMN36TQ6XQ7HPWQ/ref=cm_cr_othr_d_gw_tr?ie=UTF8,4,I think battery and bass quality,R3HDQ9AJXC8UMR,https://www.amazon.in/gp/customer-reviews/R3HDQ9AJXC8UMR/ref=cm_cr_othr_d_rvw_ttl?ie=UTF8&ASIN=B0CG6LP1MS,,I think if we correct the bass quality then it will sound better than JBL,True,False,"['https://m.media-amazon.com/images/I/71SzLuIYo0L._SY88.jpg', 'https://m.media-amazon.com/images/I/71lyr3c5OOL._SY88.jpg']",2024-12-22,11,Colour: Black,"[{'key': 'Colour', 'value': 'Black'}]",,,https://www.amazon.in/product-reviews/B0CG6LP1MS?pageNumber=2&filterByStar=all_stars&sortBy=helpful&formatType=all_formats&asin=B0CG6LP1MS&reftag=cm_cr_arp_d_paging_btm_next_2&scope=reviewsAjax0,allStars,,B0CG6LP1MS,B0CG6LP1MS,B0CG6LP1MS,"{'price': None, 'listPrice': None}",https://www.amazon.in//boAt-Bluetooth-Compatibility-Playback-Charging/dp/B0CG6LP1MS/ref=zg_bs_g_1389365031_d_sccl_3/262-4334605-4855948?psc=1,India,
Reviewed in India on 20 January 2025,amzn1.account.AEYKL6MSKFZV3HUEJNHXWNDFMZ2Q,https://www.amazon.in/gp/profile/amzn1.account.AEYKL6MSKFZV3HUEJNHXWNDFMZ2Q/ref=cm_cr_othr_d_gw_tr?ie=UTF8,5,Incredible,R38419KX49O2FI,https://www.amazon.in/gp/customer-reviews/R38419KX49O2FI/ref=cm_cr_othr_d_rvw_ttl?ie=UTF8&ASIN=B0CG6LP1MS,,Bahut hi badhiya battery life sound 🔊 too good.. Is price range me 90 watt bahut badhiya... Kisi ki na sune badhiya hai... 👌👌😃,True,False,"['https://m.media-amazon.com/images/I/61GtoAFdgUL._SY88.jpg', 'https://m.media-amazon.com/images/I/71-QCNVaj6L._SY88.jpg', 'https://m.media-amazon.com/images/I/710Y61lgwuL._SY88.jpg']",2025-01-20,12,Colour: Black,"[{'key': 'Colour', 'value': 'Black'}]",,,https://www.amazon.in/product-reviews/B0CG6LP1MS?pageNumber=2&filterByStar=all_stars&sortBy=helpful&formatType=all_formats&asin=B0CG6LP1MS&reftag=cm_cr_arp_d_paging_btm_next_2&scope=reviewsAjax0,allStars,,B0CG6LP1MS,B0CG6LP1MS,B0CG6LP1MS,"{'price': None, 'listPrice': None}",https://www.amazon.in//boAt-Bluetooth-Compatibility-Playback-Charging/dp/B0CG6LP1MS/ref=zg_bs_g_1389365031_d_sccl_3/262-4334605-4855948?psc=1,India,
Reviewed in India on 28 January 2025,amzn1.account.AFNDWC6BZF4TXOIHQX2GUFXZEZ4Q,https://www.amazon.in/gp/profile/amzn1.account.AFNDWC6BZF4TXOIHQX2GUFXZEZ4Q/ref=cm_cr_othr_d_gw_tr?ie=UTF8,5,Best Sound System,RY7CHSL8IDM83,https://www.amazon.in/gp/customer-reviews/RY7CHSL8IDM83/ref=cm_cr_othr_d_rvw_ttl?ie=UTF8&ASIN=B0CG6LP1MS,,Sound of the Bluetooth speaker is  Very good.Please buy the product,True,False,[],2025-01-28,13,Colour: Black,"[{'key': 'Colour', 'value': 'Black'}]",,,https://www.amazon.in/product-reviews/B0CG6LP1MS?pageNumber=2&filterByStar=all_stars&sortBy=helpful&formatType=all_formats&asin=B0CG6LP1MS&reftag=cm_cr_arp_d_paging_btm_next_2&scope=reviewsAjax0,allStars,,B0CG6LP1MS,B0CG6LP1MS,B0CG6LP1MS,"{'price': None, 'listPrice': None}",https://www.amazon.in//boAt-Bluetooth-Compatibility-Playback-Charging/dp/B0CG6LP1MS/ref=zg_bs_g_1389365031_d_sccl_3/262-4334605-4855948?psc=1,India,
Reviewed in India on 17 January 2025,amzn1.account.AHXKWJY5KY3J44GXUKYRNLSI6LAQ,https://www.amazon.in/gp/profile/amzn1.account.AHXKWJY5KY3J44GXUKYRNLSI6LAQ/ref=cm_cr_othr_d_gw_tr?ie=UTF8,3,The product life is only 3 nonths,R2RL9OUP5LJLZM,https://www.amazon.in/gp/customer-reviews/R2RL9OUP5LJLZM/ref=cm_cr_othr_d_rvw_ttl?ie=UTF8&ASIN=B0CG6LP1MS,,Theres no life in product only 3 months working,True,False,[],2025-01-17,14,Colour: Black,"[{'key': 'Colour', 'value': 'Black'}]",,,https://www.amazon.in/product-reviews/B0CG6LP1MS?pageNumber=2&filterByStar=all_stars&sortBy=helpful&formatType=all_formats&asin=B0CG6LP1MS&reftag=cm_cr_arp_d_paging_btm_next_2&scope=reviewsAjax0,allStars,,B0CG6LP1MS,B0CG6LP1MS,B0CG6LP1MS,"{'price': None, 'listPrice': None}",https://www.amazon.in//boAt-Bluetooth-Compatibility-Playback-Charging/dp/B0CG6LP1MS/ref=zg_bs_g_1389365031_d_sccl_3/262-4334605-4855948?psc=1,India,
Reviewed in India on 9 January 2025,amzn1.account.AE2KQWMUKTULU2GQ7E65UOYKR4WA,https://www.amazon.in/gp/profile/amzn1.account.AE2KQWMUKTULU2GQ7E65UOYKR4WA/ref=cm_cr_othr_d_gw_tr?ie=UTF8,3,the on off button will wear off soon,R2SULEE0WYAND6,https://www.amazon.in/gp/customer-reviews/R2SULEE0WYAND6/ref=cm_cr_othr_d_rvw_ttl?ie=UTF8&ASIN=B0CG6LP1MS,,the on off button will wear off soon,True,False,[],2025-01-09,15,Colour: Black,"[{'key': 'Colour', 'value': 'Black'}]",,,https://www.amazon.in/product-reviews/B0CG6LP1MS?pageNumber=2&filterByStar=all_stars&sortBy=helpful&formatType=all_formats&asin=B0CG6LP1MS&reftag=cm_cr_arp_d_paging_btm_next_2&scope=reviewsAjax0,allStars,,B0CG6LP1MS,B0CG6LP1MS,B0CG6LP1MS,"{'price': None, 'listPrice': None}",https://www.amazon.in//boAt-Bluetooth-Compatibility-Playback-Charging/dp/B0CG6LP1MS/ref=zg_bs_g_1389365031_d_sccl_3/262-4334605-4855948?psc=1,India,
Reviewed in India on 11 November 2024,amzn1.account.AFYMMH2Q2ZY2CQOLNTTFCRVXFRPA,https://www.amazon.in/gp/profile/amzn1.account.AFYMMH2Q2ZY2CQOLNTTFCRVXFRPA/ref=cm_cr_othr_d_gw_tr?ie=UTF8,4,O p,R1HZ22BT5T86OL,https://www.amazon.in/gp/customer-reviews/R1HZ22BT5T86OL/ref=cm_cr_othr_d_rvw_ttl?ie=UTF8&ASIN=B0CG6LP1MS,,,True,False,['https://m.media-amazon.com/images/I/71iP01ywoJL._SY88.jpg'],2024-11-11,16,Colour: Black,"[{'key': 'Colour', 'value': 'Black'}]",,,https://www.amazon.in/product-reviews/B0CG6LP1MS?pageNumber=2&filterByStar=all_stars&sortBy=helpful&formatType=all_formats&asin=B0CG6LP1MS&reftag=cm_cr_arp_d_paging_btm_next_2&scope=reviewsAjax0,allStars,,B0CG6LP1MS,B0CG6LP1MS,B0CG6LP1MS,"{'price': None, 'listPrice': None}",https://www.amazon.in//boAt-Bluetooth-Compatibility-Playback-Charging/dp/B0CG6LP1MS/ref=zg_bs_g_1389365031_d_sccl_3/262-4334605-4855948?psc=1,India,
Reviewed in India on 10 November 2024,amzn1.account.AHJJ6IO5GN4TJGK4VUVE5TVFGQMA,https://www.amazon.in/gp/profile/amzn1.account.AHJJ6IO5GN4TJGK4VUVE5TVFGQMA/ref=cm_cr_othr_d_gw_tr?ie=UTF8,5,Music machine,R116L82P80S72K,https://www.amazon.in/gp/customer-reviews/R116L82P80S72K/ref=cm_cr_othr_d_rvw_ttl?ie=UTF8&ASIN=B0CG6LP1MS,,"Superb Music machine with balance of Bass and terrible , it's ideal for indoor and outdoor parties 😃Battery is also going good over all a complete package in this price range better than other available brands",True,False,[],2024-11-10,33,Colour: Black,"[{'key': 'Colour', 'value': 'Black'}]",,,https://www.amazon.in/product-reviews/B0CG6LP1MS?pageNumber=5&filterByStar=all_stars&sortBy=helpful&formatType=all_formats&asin=B0CG6LP1MS&reftag=cm_cr_arp_d_paging_btm_next_5&scope=reviewsAjax0,allStars,,B0CG6LP1MS,B0CG6LP1MS,B0CG6LP1MS,"{'price': None, 'listPrice': None}",https://www.amazon.in//boAt-Bluetooth-Compatibility-Playback-Charging/dp/B0CG6LP1MS/ref=zg_bs_g_1389365031_d_sccl_3/262-4334605-4855948?psc=1,India,
Reviewed in India on 20 November 2024,amzn1.account.AGFH2QCU5IQWBAPNTCGOYDS3WL4A,https://www.amazon.in/gp/profile/amzn1.account.AGFH2QCU5IQWBAPNTCGOYDS3WL4A/ref=cm_cr_othr_d_gw_tr?ie=UTF8,5,Very good product,R2W26CB2FB67BN,https://www.amazon.in/gp/customer-reviews/R2W26CB2FB67BN/ref=cm_cr_othr_d_rvw_ttl?ie=UTF8&ASIN=B0CG6LP1MS,,Awsm product.. good sound & bass quality...RGB Lights are very beautiful to create wonderful environment,True,False,[],2024-11-20,34,Colour: Black,"[{'key': 'Colour', 'value': 'Black'}]",,,https://www.amazon.in/product-reviews/B0CG6LP1MS?pageNumber=5&filterByStar=all_stars&sortBy=helpful&formatType=all_formats&asin=B0CG6LP1MS&reftag=cm_cr_arp_d_paging_btm_next_5&scope=reviewsAjax0,allStars,,B0CG6LP1MS,B0CG6LP1MS,B0CG6LP1MS,"{'price': None, 'listPrice': None}",https://www.amazon.in//boAt-Bluetooth-Compatibility-Playback-Charging/dp/B0CG6LP1MS/ref=zg_bs_g_1389365031_d_sccl_3/262-4334605-4855948?psc=1,India,
Reviewed in India on 9 November 2024,amzn1.account.AGNUXU34Q5XE4LUXT2GGDYPTZFDQ,https://www.amazon.in/gp/profile/amzn1.account.AGNUXU34Q5XE4LUXT2GGDYPTZFDQ/ref=cm_cr_othr_d_gw_tr?ie=UTF8,5,BoAt 1800 स्पीकर,R3SIF6TE7QVVJO,https://www.amazon.in/gp/customer-reviews/R3SIF6TE7QVVJO/ref=cm_cr_othr_d_rvw_ttl?ie=UTF8&ASIN=B0CG6LP1MS,One person found this helpful,बहुत ही शानदार स्पीकर है घर मे अकेले या छोटा पार्टी मे भी बहुत शानदार उपयोगी है तकनीकी की सर्वश्रेष्ठ मिशाल है ये स्पीकर. Team  boAt को बहुत बहुत बधाई l👍,True,False,[],2024-11-09,35,Colour: Black,"[{'key': 'Colour', 'value': 'Black'}]",,,https://www.amazon.in/product-reviews/B0CG6LP1MS?pageNumber=5&filterByStar=all_stars&sortBy=helpful&formatType=all_formats&asin=B0CG6LP1MS&reftag=cm_cr_arp_d_paging_btm_next_5&scope=reviewsAjax0,allStars,,B0CG6LP1MS,B0CG6LP1MS,B0CG6LP1MS,"{'price': None, 'listPrice': None}",https://www.amazon.in//boAt-Bluetooth-Compatibility-Playback-Charging/dp/B0CG6LP1MS/ref=zg_bs_g_1389365031_d_sccl_3/262-4334605-4855948?psc=1,India,
Reviewed in India on 8 November 2024,amzn1.account.AHPTSKQLSS6U52RR46WT2PEMD6WQ,https://www.amazon.in/gp/profile/amzn1.account.AHPTSKQLSS6U52RR46WT2PEMD6WQ/ref=cm_cr_othr_d_gw_tr?ie=UTF8,5,Good for bass lover not for clear music.,RGYG07S87GGY,https://www.amazon.in/gp/customer-reviews/RGYG07S87GGY/ref=cm_cr_othr_d_rvw_ttl?ie=UTF8&ASIN=B0CG6LP1MS,,The sound quality is good according to my brother. The bass is good but if your are serious lisiner go for jbl flip series speaker.,True,False,[],2024-11-08,36,Colour: Black,"[{'key': 'Colour', 'value': 'Black'}]",,,https://www.amazon.in/product-reviews/B0CG6LP1MS?pageNumber=5&filterByStar=all_stars&sortBy=helpful&formatType=all_formats&asin=B0CG6LP1MS&reftag=cm_cr_arp_d_paging_btm_next_5&scope=reviewsAjax0,allStars,,B0CG6LP1MS,B0CG6LP1MS,B0CG6LP1MS,"{'price': None, 'listPrice': None}",https://www.amazon.in//boAt-Bluetooth-Compatibility-Playback-Charging/dp/B0CG6LP1MS/ref=zg_bs_g_1389365031_d_sccl_3/262-4334605-4855948?psc=1,India,
Reviewed in India on 20 November 2024,amzn1.account.AE2JXEX7DW4LOOOE4PRTK4M3L3UA,https://www.amazon.in/gp/profile/amzn1.account.AE2JXEX7DW4LOOOE4PRTK4M3L3UA/ref=cm_cr_othr_d_gw_tr?ie=UTF8,5,It was great sound and best performance,R36YV5A6X5ZEH1,https://www.amazon.in/gp/customer-reviews/R36YV5A6X5ZEH1/ref=cm_cr_othr_d_rvw_ttl?ie=UTF8&ASIN=B0CG6LP1MS,,Excellent performance,True,False,['https://m.media-amazon.com/images/I/71pMHuyejSL._SY88.jpg'],2024-11-20,37,Colour: Black,"[{'key': 'Colour', 'value': 'Black'}]",,,https://www.amazon.in/product-reviews/B0CG6LP1MS?pageNumber=5&filterByStar=all_stars&sortBy=helpful&formatType=all_formats&asin=B0CG6LP1MS&reftag=cm_cr_arp_d_paging_btm_next_5&scope=reviewsAjax0,allStars,,B0CG6LP1MS,B0CG6LP1MS,B0CG6LP1MS,"{'price': None, 'listPrice': None}",https://www.amazon.in//boAt-Bluetooth-Compatibility-Playback-Charging/dp/B0CG6LP1MS/ref=zg_bs_g_1389365031_d_sccl_3/262-4334605-4855948?psc=1,India,
Reviewed in India on 7 November 2024,amzn1.account.AHL6354BGT7JRHMMY55SIHQIXZXQ,https://www.amazon.in/gp/profile/amzn1.account.AHL6354BGT7JRHMMY55SIHQIXZXQ/ref=cm_cr_othr_d_gw_tr?ie=UTF8,5,Soooooooooooooooooooper,R3W27T4GP56T1U,https://www.amazon.in/gp/customer-reviews/R3W27T4GP56T1U/ref=cm_cr_othr_d_rvw_ttl?ie=UTF8&ASIN=B0CG6LP1MS,,It’s a great feeeelWhen we listen to music we are mesmerized,True,False,[],2024-11-07,38,Colour: Black,"[{'key': 'Colour', 'value': 'Black'}]",,,https://www.amazon.in/product-reviews/B0CG6LP1MS?pageNumber=5&filterByStar=all_stars&sortBy=helpful&formatType=all_formats&asin=B0CG6LP1MS&reftag=cm_cr_arp_d_paging_btm_next_5&scope=reviewsAjax0,allStars,,B0CG6LP1MS,B0CG6LP1MS,B0CG6LP1MS,"{'price': None, 'listPrice': None}",https://www.amazon.in//boAt-Bluetooth-Compatibility-Playback-Charging/dp/B0CG6LP1MS/ref=zg_bs_g_1389365031_d_sccl_3/262-4334605-4855948?psc=1,India,
Reviewed in India on 31 October 2024,amzn1.account.AG7BYUJJQTQWDUAX4YRHTTGCZPBA,https://www.amazon.in/gp/profile/amzn1.account.AG7BYUJJQTQWDUAX4YRHTTGCZPBA/ref=cm_cr_othr_d_gw_tr?ie=UTF8,5,The best in the value,RJ23DFTW1Y10F,https://www.amazon.in/gp/customer-reviews/RJ23DFTW1Y10F/ref=cm_cr_othr_d_rvw_ttl?ie=UTF8&ASIN=B0CG6LP1MS,,"Very good sound, great bass and other features,Recommended who want good product in less price.",True,False,['https://m.media-amazon.com/images/I/71ANi9BPyUL._SY88.jpg'],2024-10-31,39,Colour: Black,"[{'key': 'Colour', 'value': 'Black'}]",,,https://www.amazon.in/product-reviews/B0CG6LP1MS?pageNumber=5&filterByStar=all_stars&sortBy=helpful&formatType=all_formats&asin=B0CG6LP1MS&reftag=cm_cr_arp_d_paging_btm_next_5&scope=reviewsAjax0,allStars,,B0CG6LP1MS,B0CG6LP1MS,B0CG6LP1MS,"{'price': None, 'listPrice': None}",https://www.amazon.in//boAt-Bluetooth-Compatibility-Playback-Charging/dp/B0CG6LP1MS/ref=zg_bs_g_1389365031_d_sccl_3/262-4334605-4855948?psc=1,India,
Reviewed in India on 15 November 2024,amzn1.account.AFBHUS3TN7FRXGDUIAU4WJKO4QPQ,https://www.amazon.in/gp/profile/amzn1.account.AFBHUS3TN7FRXGDUIAU4WJKO4QPQ/ref=cm_cr_othr_d_gw_tr?ie=UTF8,5,Great sound in this budget,R2GIDD9W88K1VK,https://www.amazon.in/gp/customer-reviews/R2GIDD9W88K1VK/ref=cm_cr_othr_d_rvw_ttl?ie=UTF8&ASIN=B0CG6LP1MS,,,True,False,['https://m.media-amazon.com/images/I/71EJ+YGebgL._SY88.jpg'],2024-11-15,40,Colour: Black,"[{'key': 'Colour', 'value': 'Black'}]",,,https://www.amazon.in/product-reviews/B0CG6LP1MS?pageNumber=5&filterByStar=all_stars&sortBy=helpful&formatType=all_formats&asin=B0CG6LP1MS&reftag=cm_cr_arp_d_paging_btm_next_5&scope=reviewsAjax0,allStars,,B0CG6LP1MS,B0CG6LP1MS,B0CG6LP1MS,"{'price': None, 'listPrice': None}",https://www.amazon.in//boAt-Bluetooth-Compatibility-Playback-Charging/dp/B0CG6LP1MS/ref=zg_bs_g_1389365031_d_sccl_3/262-4334605-4855948?psc=1,India,
Reviewed in India on 16 January 2025,amzn1.account.AGGDGEGQEEKIZF5ULXYLPAVEHXLA,https://www.amazon.in/gp/profile/amzn1.account.AGGDGEGQEEKIZF5ULXYLPAVEHXLA/ref=cm_cr_othr_d_gw_tr?ie=UTF8,5,Sound,R55OUL9EFX2AP,https://www.amazon.in/gp/customer-reviews/R55OUL9EFX2AP/ref=cm_cr_othr_d_rvw_ttl?ie=UTF8&ASIN=B0CG6LP1MS,,Best,True,False,[],2025-01-16,17,Colour: Black,"[{'key': 'Colour', 'value': 'Black'}]",,,https://www.amazon.in/product-reviews/B0CG6LP1MS?pageNumber=3&filterByStar=all_stars&sortBy=helpful&formatType=all_formats&asin=B0CG6LP1MS&reftag=cm_cr_arp_d_paging_btm_next_3&scope=reviewsAjax0,allStars,,B0CG6LP1MS,B0CG6LP1MS,B0CG6LP1MS,"{'price': None, 'listPrice': None}",https://www.amazon.in//boAt-Bluetooth-Compatibility-Playback-Charging/dp/B0CG6LP1MS/ref=zg_bs_g_1389365031_d_sccl_3/262-4334605-4855948?psc=1,India,
Reviewed in India on 30 October 2024,amzn1.account.AHJU2L43M57P7RC3OIP7IFZQAMVQ,https://www.amazon.in/gp/profile/amzn1.account.AHJU2L43M57P7RC3OIP7IFZQAMVQ/ref=cm_cr_othr_d_gw_tr?ie=UTF8,4,Nice Speaker but iska base high volume pe dabta hai.,R32E5SG2FVPJ6,https://www.amazon.in/gp/customer-reviews/R32E5SG2FVPJ6/ref=cm_cr_othr_d_rvw_ttl?ie=UTF8&ASIN=B0CG6LP1MS,4 people found this helpful,Nice Speaker but iska base high volume pe dabta hai. Low volume me gana movies dekhne le liye perfect hai.,True,False,[],2024-10-30,18,Colour: Black,"[{'key': 'Colour', 'value': 'Black'}]",,,https://www.amazon.in/product-reviews/B0CG6LP1MS?pageNumber=3&filterByStar=all_stars&sortBy=helpful&formatType=all_formats&asin=B0CG6LP1MS&reftag=cm_cr_arp_d_paging_btm_next_3&scope=reviewsAjax0,allStars,,B0CG6LP1MS,B0CG6LP1MS,B0CG6LP1MS,"{'price': None, 'listPrice': None}",https://www.amazon.in//boAt-Bluetooth-Compatibility-Playback-Charging/dp/B0CG6LP1MS/ref=zg_bs_g_1389365031_d_sccl_3/262-4334605-4855948?psc=1,India,
Reviewed in India on 15 October 2024,amzn1.account.AFEAG65NV77VYMC5DI2EZ572YPCA,https://www.amazon.in/gp/profile/amzn1.account.AFEAG65NV77VYMC5DI2EZ572YPCA/ref=cm_cr_othr_d_gw_tr?ie=UTF8,4,Ok product,R3UHG8H5PTLUI5,https://www.amazon.in/gp/customer-reviews/R3UHG8H5PTLUI5/ref=cm_cr_othr_d_rvw_ttl?ie=UTF8&ASIN=B0CG6LP1MS,One person found this helpful,It's an average product which didn't reach upto my expectation in terms of bass being 90 watt i expected it bass to be more bassy oh well it is what it is that's why i gave it 4 stars,True,False,"['https://m.media-amazon.com/images/I/71Ub2FjxIZL._SY88.jpg', 'https://m.media-amazon.com/images/I/71qPkjPD1NL._SY88.jpg']",2024-10-15,19,Colour: Black,"[{'key': 'Colour', 'value': 'Black'}]",,,https://www.amazon.in/product-reviews/B0CG6LP1MS?pageNumber=3&filterByStar=all_stars&sortBy=helpful&formatType=all_formats&asin=B0CG6LP1MS&reftag=cm_cr_arp_d_paging_btm_next_3&scope=reviewsAjax0,allStars,,B0CG6LP1MS,B0CG6LP1MS,B0CG6LP1MS,"{'price': None, 'listPrice': None}",https://www.amazon.in//boAt-Bluetooth-Compatibility-Playback-Charging/dp/B0CG6LP1MS/ref=zg_bs_g_1389365031_d_sccl_3/262-4334605-4855948?psc=1,India,
Reviewed in India on 26 October 2024,amzn1.account.AGPTNYAPGSH5IKYAWX5ELKU5MSGQ,https://www.amazon.in/gp/profile/amzn1.account.AGPTNYAPGSH5IKYAWX5ELKU5MSGQ/ref=cm_cr_othr_d_gw_tr?ie=UTF8,4,Battery issue,RX3G177TXIOZC,https://www.amazon.in/gp/customer-reviews/RX3G177TXIOZC/ref=cm_cr_othr_d_rvw_ttl?ie=UTF8&ASIN=B0CG6LP1MS,,Overall ok but battery drain fast,True,False,['https://m.media-amazon.com/images/I/81AWH7A28RL._SY88.jpg'],2024-10-26,20,Colour: Black,"[{'key': 'Colour', 'value': 'Black'}]",,,https://www.amazon.in/product-reviews/B0CG6LP1MS?pageNumber=3&filterByStar=all_stars&sortBy=helpful&formatType=all_formats&asin=B0CG6LP1MS&reftag=cm_cr_arp_d_paging_btm_next_3&scope=reviewsAjax0,allStars,,B0CG6LP1MS,B0CG6LP1MS,B0CG6LP1MS,"{'price': None, 'listPrice': None}",https://www.amazon.in//boAt-Bluetooth-Compatibility-Playback-Charging/dp/B0CG6LP1MS/ref=zg_bs_g_1389365031_d_sccl_3/262-4334605-4855948?psc=1,India,
Reviewed in India on 7 January 2025,amzn1.account.AFIK2CYUIKIDKP7YDO4UBT2MSWMA,https://www.amazon.in/gp/profile/amzn1.account.AFIK2CYUIKIDKP7YDO4UBT2MSWMA/ref=cm_cr_othr_d_gw_tr?ie=UTF8,5,Love it,R1148I6XWTY80V,https://www.amazon.in/gp/customer-reviews/R1148I6XWTY80V/ref=cm_cr_othr_d_rvw_ttl?ie=UTF8&ASIN=B0CG6LP1MS,One person found this helpful,,True,False,"['https://m.media-amazon.com/images/I/81fOxZaVk-L._SY88.jpg', 'https://m.media-amazon.com/images/I/81lUjd9iBvL._SY88.jpg']",2025-01-07,21,Colour: Black,"[{'key': 'Colour', 'value': 'Black'}]",,,https://www.amazon.in/product-reviews/B0CG6LP1MS?pageNumber=3&filterByStar=all_stars&sortBy=helpful&formatType=all_formats&asin=B0CG6LP1MS&reftag=cm_cr_arp_d_paging_btm_next_3&scope=reviewsAjax0,allStars,,B0CG6LP1MS,B0CG6LP1MS,B0CG6LP1MS,"{'price': None, 'listPrice': None}",https://www.amazon.in//boAt-Bluetooth-Compatibility-Playback-Charging/dp/B0CG6LP1MS/ref=zg_bs_g_1389365031_d_sccl_3/262-4334605-4855948?psc=1,India,
Reviewed in India on 19 January 2025,amzn1.account.AFJAQRSLHRKZZAVD5D5TNRQUMJEA,https://www.amazon.in/gp/profile/amzn1.account.AFJAQRSLHRKZZAVD5D5TNRQUMJEA/ref=cm_cr_othr_d_gw_tr?ie=UTF8,5,BINA SOCHE SAMJHE PRODUCT PURCHASE KAR SAKTE HAI,R193DNI8VKBYCC,https://www.amazon.in/gp/customer-reviews/R193DNI8VKBYCC/ref=cm_cr_othr_d_rvw_ttl?ie=UTF8&ASIN=B0CG6LP1MS,,"The media could not be loaded.
                
            
                
            
            
        
    
    








  
  
     Very very good product nice sound nice bass",True,False,[],2025-01-19,22,Colour: Black,"[{'key': 'Colour', 'value': 'Black'}]",,,https://www.amazon.in/product-reviews/B0CG6LP1MS?pageNumber=3&filterByStar=all_stars&sortBy=helpful&formatType=all_formats&asin=B0CG6LP1MS&reftag=cm_cr_arp_d_paging_btm_next_3&scope=reviewsAjax0,allStars,,B0CG6LP1MS,B0CG6LP1MS,B0CG6LP1MS,"{'price': None, 'listPrice': None}",https://www.amazon.in//boAt-Bluetooth-Compatibility-Playback-Charging/dp/B0CG6LP1MS/ref=zg_bs_g_1389365031_d_sccl_3/262-4334605-4855948?psc=1,India,
Reviewed in India on 20 October 2024,amzn1.account.AFOTGGYHKDVBMLHX2ODK5GEFIEPQ,https://www.amazon.in/gp/profile/amzn1.account.AFOTGGYHKDVBMLHX2ODK5GEFIEPQ/ref=cm_cr_othr_d_gw_tr?ie=UTF8,4,Nice deal,R3GST9PZ54EOE8,https://www.amazon.in/gp/customer-reviews/R3GST9PZ54EOE8/ref=cm_cr_othr_d_rvw_ttl?ie=UTF8&ASIN=B0CG6LP1MS,,Sound could be more loud otherwise it’s good ….,True,False,[],2024-10-20,23,Colour: Black,"[{'key': 'Colour', 'value': 'Black'}]",,,https://www.amazon.in/product-reviews/B0CG6LP1MS?pageNumber=3&filterByStar=all_stars&sortBy=helpful&formatType=all_formats&asin=B0CG6LP1MS&reftag=cm_cr_arp_d_paging_btm_next_3&scope=reviewsAjax0,allStars,,B0CG6LP1MS,B0CG6LP1MS,B0CG6LP1MS,"{'price': None, 'listPrice': None}",https://www.amazon.in//boAt-Bluetooth-Compatibility-Playback-Charging/dp/B0CG6LP1MS/ref=zg_bs_g_1389365031_d_sccl_3/262-4334605-4855948?psc=1,India,
Reviewed in India on 29 December 2024,amzn1.account.AEVLF7B7HJYIA6ODEALTVZBKT7VQ,https://www.amazon.in/gp/profile/amzn1.account.AEVLF7B7HJYIA6ODEALTVZBKT7VQ/ref=cm_cr_othr_d_gw_tr?ie=UTF8,5,Nice product,R20OJGQ2PZSQ8J,https://www.amazon.in/gp/customer-reviews/R20OJGQ2PZSQ8J/ref=cm_cr_othr_d_rvw_ttl?ie=UTF8&ASIN=B0CG6LP1MS,,Nice and good quality sound,True,False,[],2024-12-29,24,Colour: Black,"[{'key': 'Colour', 'value': 'Black'}]",,,https://www.amazon.in/product-reviews/B0CG6LP1MS?pageNumber=3&filterByStar=all_stars&sortBy=helpful&formatType=all_formats&asin=B0CG6LP1MS&reftag=cm_cr_arp_d_paging_btm_next_3&scope=reviewsAjax0,allStars,,B0CG6LP1MS,B0CG6LP1MS,B0CG6LP1MS,"{'price': None, 'listPrice': None}",https://www.amazon.in//boAt-Bluetooth-Compatibility-Playback-Charging/dp/B0CG6LP1MS/ref=zg_bs_g_1389365031_d_sccl_3/262-4334605-4855948?psc=1,India,
Reviewed in India on 10 February 2024,amzn1.account.AH6ANACPF4MPAECXTRHLGPXCV3AA,https://www.amazon.in/gp/profile/amzn1.account.AH6ANACPF4MPAECXTRHLGPXCV3AA/ref=cm_cr_othr_d_gw_tr?ie=UTF8,4,Good could be better,R2M2X4WAK0NWEG,https://www.amazon.in/gp/customer-reviews/R2M2X4WAK0NWEG/ref=cm_cr_othr_d_rvw_ttl?ie=UTF8&ASIN=B0CG6LP1MS,One person found this helpful,I’m not sure but I expected it to be a little more louder i had stone 1500 previously and I don’t see much difference.,True,False,[],2024-02-10,57,Colour: Black,"[{'key': 'Colour', 'value': 'Black'}]",,,https://www.amazon.in/product-reviews/B0CG6LP1MS?pageNumber=8&filterByStar=all_stars&sortBy=helpful&formatType=all_formats&asin=B0CG6LP1MS&reftag=cm_cr_arp_d_paging_btm_next_8&scope=reviewsAjax0,allStars,,B0CG6LP1MS,B0CG6LP1MS,B0CG6LP1MS,"{'price': None, 'listPrice': None}",https://www.amazon.in//boAt-Bluetooth-Compatibility-Playback-Charging/dp/B0CG6LP1MS/ref=zg_bs_g_1389365031_d_sccl_3/262-4334605-4855948?psc=1,India,
Reviewed in India on 7 June 2024,amzn1.account.AHSRG4MHJONKBRMVKVD4UCCTF3EQ,https://www.amazon.in/gp/profile/amzn1.account.AHSRG4MHJONKBRMVKVD4UCCTF3EQ/ref=cm_cr_othr_d_gw_tr?ie=UTF8,3,After some months the bass of the speaker getting distortion,R2LRHGAXXF819U,https://www.amazon.in/gp/customer-reviews/R2LRHGAXXF819U/ref=cm_cr_othr_d_rvw_ttl?ie=UTF8&ASIN=B0CG6LP1MS,,After some months the bass of the speaker getting distortion not very great and sound also not that loud,True,False,[],2024-06-07,58,Colour: Black,"[{'key': 'Colour', 'value': 'Black'}]",,,https://www.amazon.in/product-reviews/B0CG6LP1MS?pageNumber=8&filterByStar=all_stars&sortBy=helpful&formatType=all_formats&asin=B0CG6LP1MS&reftag=cm_cr_arp_d_paging_btm_next_8&scope=reviewsAjax0,allStars,,B0CG6LP1MS,B0CG6LP1MS,B0CG6LP1MS,"{'price': None, 'listPrice': None}",https://www.amazon.in//boAt-Bluetooth-Compatibility-Playback-Charging/dp/B0CG6LP1MS/ref=zg_bs_g_1389365031_d_sccl_3/262-4334605-4855948?psc=1,India,
Reviewed in India on 16 April 2024,amzn1.account.AG62ATKLFR5H3IXVCGL4TT23UOIA,https://www.amazon.in/gp/profile/amzn1.account.AG62ATKLFR5H3IXVCGL4TT23UOIA/ref=cm_cr_othr_d_gw_tr?ie=UTF8,5,Boat 1800,R20KSH8LHCMROT,https://www.amazon.in/gp/customer-reviews/R20KSH8LHCMROT/ref=cm_cr_othr_d_rvw_ttl?ie=UTF8&ASIN=B0CG6LP1MS,7 people found this helpful,"I had been looking for a good portable speaker from quiet some time, had seen many big brands including Bose, Sonos, Marshall but this ""Boat 1800 Speaker"" beat them all ... with a powerful bass Boat 1800 is a very good buy and it's pocket friendly too, so guys if u r also looking to buy GO FOR BOAT 1800 ...",True,False,[],2024-04-16,59,Colour: Black,"[{'key': 'Colour', 'value': 'Black'}]",,,https://www.amazon.in/product-reviews/B0CG6LP1MS?pageNumber=8&filterByStar=all_stars&sortBy=helpful&formatType=all_formats&asin=B0CG6LP1MS&reftag=cm_cr_arp_d_paging_btm_next_8&scope=reviewsAjax0,allStars,,B0CG6LP1MS,B0CG6LP1MS,B0CG6LP1MS,"{'price': None, 'listPrice': None}",https://www.amazon.in//boAt-Bluetooth-Compatibility-Playback-Charging/dp/B0CG6LP1MS/ref=zg_bs_g_1389365031_d_sccl_3/262-4334605-4855948?psc=1,India,
Reviewed in India on 9 December 2024,amzn1.account.AFJ7CW6OSBG63S4MU2C2W7IMSMAA,https://www.amazon.in/gp/profile/amzn1.account.AFJ7CW6OSBG63S4MU2C2W7IMSMAA/ref=cm_cr_othr_d_gw_tr?ie=UTF8,1,Good product but very bad customer support and dealings,R1TY1BBKXM7EOX,https://www.amazon.in/gp/customer-reviews/R1TY1BBKXM7EOX/ref=cm_cr_othr_d_rvw_ttl?ie=UTF8&ASIN=B0CG6LP1MS,,Service is not professional..I bought a brand new product stone 1800 on 20.11.2024 and it’s not working now and I sent it back through Bluedart courier ..now they are telling that the product is a damaged product ..( when I was handovered the product it was fresh and in the company box itself ),True,False,['https://m.media-amazon.com/images/I/81+fGpgKDmL._SY88.jpg'],2024-12-09,60,Colour: Black,"[{'key': 'Colour', 'value': 'Black'}]",,,https://www.amazon.in/product-reviews/B0CG6LP1MS?pageNumber=8&filterByStar=all_stars&sortBy=helpful&formatType=all_formats&asin=B0CG6LP1MS&reftag=cm_cr_arp_d_paging_btm_next_8&scope=reviewsAjax0,allStars,,B0CG6LP1MS,B0CG6LP1MS,B0CG6LP1MS,"{'price': None, 'listPrice': None}",https://www.amazon.in//boAt-Bluetooth-Compatibility-Playback-Charging/dp/B0CG6LP1MS/ref=zg_bs_g_1389365031_d_sccl_3/262-4334605-4855948?psc=1,India,
Reviewed in India on 13 August 2024,amzn1.account.AE5PGTO3FS2ADNQONWGU7RC3MBHQ,https://www.amazon.in/gp/profile/amzn1.account.AE5PGTO3FS2ADNQONWGU7RC3MBHQ/ref=cm_cr_othr_d_gw_tr?ie=UTF8,5,Amazing,R1I1X0ZVDGQGGV,https://www.amazon.in/gp/customer-reviews/R1I1X0ZVDGQGGV/ref=cm_cr_othr_d_rvw_ttl?ie=UTF8&ASIN=B0CG6LP1MS,,Water ke price main fruit juice mila😇😇😇😇 beautiful sound. Beautiful look 💯💯💯💯 overall 💯💯💯💯,True,False,[],2024-08-13,61,Colour: Black,"[{'key': 'Colour', 'value': 'Black'}]",,,https://www.amazon.in/product-reviews/B0CG6LP1MS?pageNumber=8&filterByStar=all_stars&sortBy=helpful&formatType=all_formats&asin=B0CG6LP1MS&reftag=cm_cr_arp_d_paging_btm_next_8&scope=reviewsAjax0,allStars,,B0CG6LP1MS,B0CG6LP1MS,B0CG6LP1MS,"{'price': None, 'listPrice': None}",https://www.amazon.in//boAt-Bluetooth-Compatibility-Playback-Charging/dp/B0CG6LP1MS/ref=zg_bs_g_1389365031_d_sccl_3/262-4334605-4855948?psc=1,India,
Reviewed in India on 14 December 2023,amzn1.account.AEZNT2UE6LGSTYUL22KIVUOYD6DQ,https://www.amazon.in/gp/profile/amzn1.account.AEZNT2UE6LGSTYUL22KIVUOYD6DQ/ref=cm_cr_othr_d_gw_tr?ie=UTF8,4,Good product in such price,R226UPK18LTW6B,https://www.amazon.in/gp/customer-reviews/R226UPK18LTW6B/ref=cm_cr_othr_d_rvw_ttl?ie=UTF8&ASIN=B0CG6LP1MS,6 people found this helpful,"Nice product. Good design, sound and bass is very good. Some issues with battery back up. Overall 👍 will post more details after few days latter.",True,False,[],2023-12-14,62,Colour: Black,"[{'key': 'Colour', 'value': 'Black'}]",,,https://www.amazon.in/product-reviews/B0CG6LP1MS?pageNumber=8&filterByStar=all_stars&sortBy=helpful&formatType=all_formats&asin=B0CG6LP1MS&reftag=cm_cr_arp_d_paging_btm_next_8&scope=reviewsAjax0,allStars,,B0CG6LP1MS,B0CG6LP1MS,B0CG6LP1MS,"{'price': None, 'listPrice': None}",https://www.amazon.in//boAt-Bluetooth-Compatibility-Playback-Charging/dp/B0CG6LP1MS/ref=zg_bs_g_1389365031_d_sccl_3/262-4334605-4855948?psc=1,India,
Reviewed in India on 13 March 2024,amzn1.account.AGVVHM25NU2TGRD5KRE3JDV53ZZQ,https://www.amazon.in/gp/profile/amzn1.account.AGVVHM25NU2TGRD5KRE3JDV53ZZQ/ref=cm_cr_othr_d_gw_tr?ie=UTF8,4,Nothing to say. Definitely a good product,R2G7GGSZE8HYRY,https://www.amazon.in/gp/customer-reviews/R2G7GGSZE8HYRY/ref=cm_cr_othr_d_rvw_ttl?ie=UTF8&ASIN=B0CG6LP1MS,One person found this helpful,It takes 10 to 15 hours for full recharge,True,False,[],2024-03-13,63,Colour: Black,"[{'key': 'Colour', 'value': 'Black'}]",,,https://www.amazon.in/product-reviews/B0CG6LP1MS?pageNumber=8&filterByStar=all_stars&sortBy=helpful&formatType=all_formats&asin=B0CG6LP1MS&reftag=cm_cr_arp_d_paging_btm_next_8&scope=reviewsAjax0,allStars,,B0CG6LP1MS,B0CG6LP1MS,B0CG6LP1MS,"{'price': None, 'listPrice': None}",https://www.amazon.in//boAt-Bluetooth-Compatibility-Playback-Charging/dp/B0CG6LP1MS/ref=zg_bs_g_1389365031_d_sccl_3/262-4334605-4855948?psc=1,India,
Reviewed in India on 24 October 2023,amzn1.account.AGVODN6RPZSMOI2ZFCLPXLGMLUYA,https://www.amazon.in/gp/profile/amzn1.account.AGVODN6RPZSMOI2ZFCLPXLGMLUYA/ref=cm_cr_othr_d_gw_tr?ie=UTF8,3,Not upto the mark,R3JTL1FTLGM4YR,https://www.amazon.in/gp/customer-reviews/R3JTL1FTLGM4YR/ref=cm_cr_othr_d_rvw_ttl?ie=UTF8&ASIN=B0CG6LP1MS,4 people found this helpful,"So if you are upgrading from boat stone1500, let me tell you, do not upgrade. Overall sound quality is not upto the mark.If you are new to BT speaker and buying for first time go ahead.I’m not satisfied with the overall performance be it vocals, low, mid,high. Boat stone 1500 is anyday winner( if you dont see loudness as only factor).",True,False,[],2023-10-24,64,Colour: Black,"[{'key': 'Colour', 'value': 'Black'}]",,,https://www.amazon.in/product-reviews/B0CG6LP1MS?pageNumber=8&filterByStar=all_stars&sortBy=helpful&formatType=all_formats&asin=B0CG6LP1MS&reftag=cm_cr_arp_d_paging_btm_next_8&scope=reviewsAjax0,allStars,,B0CG6LP1MS,B0CG6LP1MS,B0CG6LP1MS,"{'price': None, 'listPrice': None}",https://www.amazon.in//boAt-Bluetooth-Compatibility-Playback-Charging/dp/B0CG6LP1MS/ref=zg_bs_g_1389365031_d_sccl_3/262-4334605-4855948?psc=1,India,
Reviewed in India on 30 September 2023,amzn1.account.AF4W7I5CB5TBGWCXDVELQO7N2GCA,https://www.amazon.in/gp/profile/amzn1.account.AF4W7I5CB5TBGWCXDVELQO7N2GCA/ref=cm_cr_othr_d_gw_tr?ie=UTF8,5,"Like a golden guinea, lovely, beautiful!",R2BBRAJAIX8O4S,https://www.amazon.in/gp/customer-reviews/R2BBRAJAIX8O4S/ref=cm_cr_othr_d_rvw_ttl?ie=UTF8&ASIN=B0CG6LP1MS,8 people found this helpful,"The media could not be loaded.
                
            
                
            
            
        
    
    








  
  
     The sweet smooth sound of stone 1800 cheers up the burdened mind and environment, this speaker is committed to prove the significance of every tune and rhythm of music, I am excited about this purchase_! But in Model 550/Rs1499/ only, Boat has provided a remote and a loudness button, such a small thing makes this boat speaker better than Stone 1800/Rs8999/ Model, the lack of a remote and a loudness button is a big mistake of Boat. Looks like it!",True,False,['https://m.media-amazon.com/images/I/71Re4ofKcJL._SY88.jpg'],2023-09-30,73,Colour: Black,"[{'key': 'Colour', 'value': 'Black'}]",,,https://www.amazon.in/product-reviews/B0CG6LP1MS?pageNumber=10&filterByStar=all_stars&sortBy=helpful&formatType=all_formats&asin=B0CG6LP1MS&reftag=cm_cr_arp_d_paging_btm_next_10&scope=reviewsAjax0,allStars,,B0CG6LP1MS,B0CG6LP1MS,B0CG6LP1MS,"{'price': None, 'listPrice': None}",https://www.amazon.in//boAt-Bluetooth-Compatibility-Playback-Charging/dp/B0CG6LP1MS/ref=zg_bs_g_1389365031_d_sccl_3/262-4334605-4855948?psc=1,India,
Reviewed in India on 10 June 2024,amzn1.account.AG7LKBT53AEUN5VTUAN7LKJ6YYBQ,https://www.amazon.in/gp/profile/amzn1.account.AG7LKBT53AEUN5VTUAN7LKJ6YYBQ/ref=cm_cr_othr_d_gw_tr?ie=UTF8,5,Good sound quality,R2W1E0QZMASW9M,https://www.amazon.in/gp/customer-reviews/R2W1E0QZMASW9M/ref=cm_cr_othr_d_rvw_ttl?ie=UTF8&ASIN=B0CG6LP1MS,,"If anyone is looking for good sound and base speaker, this could full fill your need.",True,False,[],2024-06-10,74,Colour: Black,"[{'key': 'Colour', 'value': 'Black'}]",,,https://www.amazon.in/product-reviews/B0CG6LP1MS?pageNumber=10&filterByStar=all_stars&sortBy=helpful&formatType=all_formats&asin=B0CG6LP1MS&reftag=cm_cr_arp_d_paging_btm_next_10&scope=reviewsAjax0,allStars,,B0CG6LP1MS,B0CG6LP1MS,B0CG6LP1MS,"{'price': None, 'listPrice': None}",https://www.amazon.in//boAt-Bluetooth-Compatibility-Playback-Charging/dp/B0CG6LP1MS/ref=zg_bs_g_1389365031_d_sccl_3/262-4334605-4855948?psc=1,India,
Reviewed in India on 17 October 2023,amzn1.account.AH6OQI6QZ47QE5XQYGDNUXD6UU2A,https://www.amazon.in/gp/profile/amzn1.account.AH6OQI6QZ47QE5XQYGDNUXD6UU2A/ref=cm_cr_othr_d_gw_tr?ie=UTF8,5,Worth or not?,R32D6ADPMPZFWR,https://www.amazon.in/gp/customer-reviews/R32D6ADPMPZFWR/ref=cm_cr_othr_d_rvw_ttl?ie=UTF8&ASIN=B0CG6LP1MS,10 people found this helpful,"Yes, I bought it for 7k and the speaker is up to the mark. The audio quality and bass is good.The clarity of sound in full volume is also good.The sound is massive.The build quality is also good.It has both aux compatibility and usb, blutooth range is also good.Overall a good purchase, if you have this budget go for it. It is beast in this price range.",True,False,"['https://m.media-amazon.com/images/I/61tbAl+rn1L._SY88.jpg', 'https://m.media-amazon.com/images/I/71atD0j42PL._SY88.jpg']",2023-10-17,75,Colour: Black,"[{'key': 'Colour', 'value': 'Black'}]",,,https://www.amazon.in/product-reviews/B0CG6LP1MS?pageNumber=10&filterByStar=all_stars&sortBy=helpful&formatType=all_formats&asin=B0CG6LP1MS&reftag=cm_cr_arp_d_paging_btm_next_10&scope=reviewsAjax0,allStars,,B0CG6LP1MS,B0CG6LP1MS,B0CG6LP1MS,"{'price': None, 'listPrice': None}",https://www.amazon.in//boAt-Bluetooth-Compatibility-Playback-Charging/dp/B0CG6LP1MS/ref=zg_bs_g_1389365031_d_sccl_3/262-4334605-4855948?psc=1,India,
Reviewed in India on 1 November 2023,amzn1.account.AEUWCNAABKGEALYTMEA7X6Y5I6FQ,https://www.amazon.in/gp/profile/amzn1.account.AEUWCNAABKGEALYTMEA7X6Y5I6FQ/ref=cm_cr_othr_d_gw_tr?ie=UTF8,4,Just wow,REGKHIGHM9NF1,https://www.amazon.in/gp/customer-reviews/REGKHIGHM9NF1/ref=cm_cr_othr_d_rvw_ttl?ie=UTF8&ASIN=B0CG6LP1MS,,Steal deal @ 6.3k only this great indian festivalPaisa vasool,True,False,[],2023-11-01,76,Colour: Black,"[{'key': 'Colour', 'value': 'Black'}]",,,https://www.amazon.in/product-reviews/B0CG6LP1MS?pageNumber=10&filterByStar=all_stars&sortBy=helpful&formatType=all_formats&asin=B0CG6LP1MS&reftag=cm_cr_arp_d_paging_btm_next_10&scope=reviewsAjax0,allStars,,B0CG6LP1MS,B0CG6LP1MS,B0CG6LP1MS,"{'price': None, 'listPrice': None}",https://www.amazon.in//boAt-Bluetooth-Compatibility-Playback-Charging/dp/B0CG6LP1MS/ref=zg_bs_g_1389365031_d_sccl_3/262-4334605-4855948?psc=1,India,
Reviewed in India on 20 October 2023,amzn1.account.AEL46XVV7TAO47GMMWQQBFDZ7WLA,https://www.amazon.in/gp/profile/amzn1.account.AEL46XVV7TAO47GMMWQQBFDZ7WLA/ref=cm_cr_othr_d_gw_tr?ie=UTF8,3,Cool speaker but...,R20EN3PXE1W0AU,https://www.amazon.in/gp/customer-reviews/R20EN3PXE1W0AU/ref=cm_cr_othr_d_rvw_ttl?ie=UTF8&ASIN=B0CG6LP1MS,,The speaker is cool but it's not 90w sound i got it's only 40-60w output you got and i don't think it's worth it in 8000 of price. Plus they didn't even provide the speaker strap also.,True,False,['https://m.media-amazon.com/images/I/71XSoz6B-1L._SY88.jpg'],2023-10-20,77,Colour: Black,"[{'key': 'Colour', 'value': 'Black'}]",,,https://www.amazon.in/product-reviews/B0CG6LP1MS?pageNumber=10&filterByStar=all_stars&sortBy=helpful&formatType=all_formats&asin=B0CG6LP1MS&reftag=cm_cr_arp_d_paging_btm_next_10&scope=reviewsAjax0,allStars,,B0CG6LP1MS,B0CG6LP1MS,B0CG6LP1MS,"{'price': None, 'listPrice': None}",https://www.amazon.in//boAt-Bluetooth-Compatibility-Playback-Charging/dp/B0CG6LP1MS/ref=zg_bs_g_1389365031_d_sccl_3/262-4334605-4855948?psc=1,India,
Reviewed in India on 10 June 2024,amzn1.account.AF7DWMGH3L65ZJ7GCPQ7SPBG3FLA,https://www.amazon.in/gp/profile/amzn1.account.AF7DWMGH3L65ZJ7GCPQ7SPBG3FLA/ref=cm_cr_othr_d_gw_tr?ie=UTF8,5,RGB LIGHTS ARE SO GOOD 👍,RJ3WX5EY5P3LQ,https://www.amazon.in/gp/customer-reviews/RJ3WX5EY5P3LQ/ref=cm_cr_othr_d_rvw_ttl?ie=UTF8&ASIN=B0CG6LP1MS,6 people found this helpful,"The media could not be loaded.
                
            
                
            
        
    
    








  
  
     Performance of this speaker is more better than my expectation.Sound quality of this speaker is so up to the mark ‼️",True,False,['https://m.media-amazon.com/images/I/71-L3lB6trL._SY88.jpg'],2024-06-10,78,Colour: Black,"[{'key': 'Colour', 'value': 'Black'}]",,,https://www.amazon.in/product-reviews/B0CG6LP1MS?pageNumber=10&filterByStar=all_stars&sortBy=helpful&formatType=all_formats&asin=B0CG6LP1MS&reftag=cm_cr_arp_d_paging_btm_next_10&scope=reviewsAjax0,allStars,,B0CG6LP1MS,B0CG6LP1MS,B0CG6LP1MS,"{'price': None, 'listPrice': None}",https://www.amazon.in//boAt-Bluetooth-Compatibility-Playback-Charging/dp/B0CG6LP1MS/ref=zg_bs_g_1389365031_d_sccl_3/262-4334605-4855948?psc=1,India,
Reviewed in India on 9 April 2024,amzn1.account.AFTKCZRDLOXHFFJABNS2OYDR4F5Q,https://www.amazon.in/gp/profile/amzn1.account.AFTKCZRDLOXHFFJABNS2OYDR4F5Q/ref=cm_cr_othr_d_gw_tr?ie=UTF8,3,Average speaker,R1LL9NVT4MC2I1,https://www.amazon.in/gp/customer-reviews/R1LL9NVT4MC2I1/ref=cm_cr_othr_d_rvw_ttl?ie=UTF8&ASIN=B0CG6LP1MS,,Sound is okiesh.,True,False,[],2024-04-09,79,Colour: Black,"[{'key': 'Colour', 'value': 'Black'}]",,,https://www.amazon.in/product-reviews/B0CG6LP1MS?pageNumber=10&filterByStar=all_stars&sortBy=helpful&formatType=all_formats&asin=B0CG6LP1MS&reftag=cm_cr_arp_d_paging_btm_next_10&scope=reviewsAjax0,allStars,,B0CG6LP1MS,B0CG6LP1MS,B0CG6LP1MS,"{'price': None, 'listPrice': None}",https://www.amazon.in//boAt-Bluetooth-Compatibility-Playback-Charging/dp/B0CG6LP1MS/ref=zg_bs_g_1389365031_d_sccl_3/262-4334605-4855948?psc=1,India,
Reviewed in India on 6 December 2024,amzn1.account.AFSKDLFOEUWEFPA2U6DU2VPGSQIA,https://www.amazon.in/gp/profile/amzn1.account.AFSKDLFOEUWEFPA2U6DU2VPGSQIA/ref=cm_cr_othr_d_gw_tr?ie=UTF8,4,Make this stock available & reduce the price,R25UY9N8E2OEUK,https://www.amazon.in/gp/customer-reviews/R25UY9N8E2OEUK/ref=cm_cr_othr_d_rvw_ttl?ie=UTF8&ASIN=B0CG6LP1MS,,Plz keep this product available as so many are willing & waiting for a price reduce. This is actually a good product tq,False,False,['https://m.media-amazon.com/images/I/515Pm4PWz+L._SY88.jpg'],2024-12-06,80,Colour: Black,"[{'key': 'Colour', 'value': 'Black'}]",,,https://www.amazon.in/product-reviews/B0CG6LP1MS?pageNumber=10&filterByStar=all_stars&sortBy=helpful&formatType=all_formats&asin=B0CG6LP1MS&reftag=cm_cr_arp_d_paging_btm_next_10&scope=reviewsAjax0,allStars,,B0CG6LP1MS,B0CG6LP1MS,B0CG6LP1MS,"{'price': None, 'listPrice': None}",https://www.amazon.in//boAt-Bluetooth-Compatibility-Playback-Charging/dp/B0CG6LP1MS/ref=zg_bs_g_1389365031_d_sccl_3/262-4334605-4855948?psc=1,India,
Reviewed in India on 5 November 2024,amzn1.account.AGNNWLGXVIDAJ3NNNPGBI724HBAA,https://www.amazon.in/gp/profile/amzn1.account.AGNNWLGXVIDAJ3NNNPGBI724HBAA/ref=cm_cr_othr_d_gw_tr?ie=UTF8,5,Superb sound impact,RLYYRQ8F8MD52,https://www.amazon.in/gp/customer-reviews/RLYYRQ8F8MD52/ref=cm_cr_othr_d_rvw_ttl?ie=UTF8&ASIN=B0CG6LP1MS,,SOUNDS IMPACT TO WHOLE BUILDING THEY ENJOYED LOT,True,False,[],2024-11-05,41,Colour: Black,"[{'key': 'Colour', 'value': 'Black'}]",,,https://www.amazon.in/product-reviews/B0CG6LP1MS?pageNumber=6&filterByStar=all_stars&sortBy=helpful&formatType=all_formats&asin=B0CG6LP1MS&reftag=cm_cr_arp_d_paging_btm_next_6&scope=reviewsAjax0,allStars,,B0CG6LP1MS,B0CG6LP1MS,B0CG6LP1MS,"{'price': None, 'listPrice': None}",https://www.amazon.in//boAt-Bluetooth-Compatibility-Playback-Charging/dp/B0CG6LP1MS/ref=zg_bs_g_1389365031_d_sccl_3/262-4334605-4855948?psc=1,India,
Reviewed in India on 15 November 2024,amzn1.account.AGDQR7Q6OK5F42IWPZ2HLBRMDEBQ,https://www.amazon.in/gp/profile/amzn1.account.AGDQR7Q6OK5F42IWPZ2HLBRMDEBQ/ref=cm_cr_othr_d_gw_tr?ie=UTF8,5,Very nice,RIECQL6Q22BQ1,https://www.amazon.in/gp/customer-reviews/RIECQL6Q22BQ1/ref=cm_cr_othr_d_rvw_ttl?ie=UTF8&ASIN=B0CG6LP1MS,,Very nice,True,False,[],2024-11-15,42,Colour: Black,"[{'key': 'Colour', 'value': 'Black'}]",,,https://www.amazon.in/product-reviews/B0CG6LP1MS?pageNumber=6&filterByStar=all_stars&sortBy=helpful&formatType=all_formats&asin=B0CG6LP1MS&reftag=cm_cr_arp_d_paging_btm_next_6&scope=reviewsAjax0,allStars,,B0CG6LP1MS,B0CG6LP1MS,B0CG6LP1MS,"{'price': None, 'listPrice': None}",https://www.amazon.in//boAt-Bluetooth-Compatibility-Playback-Charging/dp/B0CG6LP1MS/ref=zg_bs_g_1389365031_d_sccl_3/262-4334605-4855948?psc=1,India,
Reviewed in India on 4 November 2024,amzn1.account.AEIQUFFESQC3UUQOAWDNZCDEOWZA,https://www.amazon.in/gp/profile/amzn1.account.AEIQUFFESQC3UUQOAWDNZCDEOWZA/ref=cm_cr_othr_d_gw_tr?ie=UTF8,5,Very nice,R14H17ZVT20XPY,https://www.amazon.in/gp/customer-reviews/R14H17ZVT20XPY/ref=cm_cr_othr_d_rvw_ttl?ie=UTF8&ASIN=B0CG6LP1MS,,Superb sound quality,True,False,['https://m.media-amazon.com/images/I/71+R4rHSXAL._SY88.jpg'],2024-11-04,43,Colour: Black,"[{'key': 'Colour', 'value': 'Black'}]",,,https://www.amazon.in/product-reviews/B0CG6LP1MS?pageNumber=6&filterByStar=all_stars&sortBy=helpful&formatType=all_formats&asin=B0CG6LP1MS&reftag=cm_cr_arp_d_paging_btm_next_6&scope=reviewsAjax0,allStars,,B0CG6LP1MS,B0CG6LP1MS,B0CG6LP1MS,"{'price': None, 'listPrice': None}",https://www.amazon.in//boAt-Bluetooth-Compatibility-Playback-Charging/dp/B0CG6LP1MS/ref=zg_bs_g_1389365031_d_sccl_3/262-4334605-4855948?psc=1,India,
Reviewed in India on 31 October 2024,amzn1.account.AFMS4SR633MTQKDWKMAQFWK3S7FQ,https://www.amazon.in/gp/profile/amzn1.account.AFMS4SR633MTQKDWKMAQFWK3S7FQ/ref=cm_cr_othr_d_gw_tr?ie=UTF8,5,Unbelievable,RQEHP6VU44Y6C,https://www.amazon.in/gp/customer-reviews/RQEHP6VU44Y6C/ref=cm_cr_othr_d_rvw_ttl?ie=UTF8&ASIN=B0CG6LP1MS,,Great product,True,False,[],2024-10-31,44,Colour: Black,"[{'key': 'Colour', 'value': 'Black'}]",,,https://www.amazon.in/product-reviews/B0CG6LP1MS?pageNumber=6&filterByStar=all_stars&sortBy=helpful&formatType=all_formats&asin=B0CG6LP1MS&reftag=cm_cr_arp_d_paging_btm_next_6&scope=reviewsAjax0,allStars,,B0CG6LP1MS,B0CG6LP1MS,B0CG6LP1MS,"{'price': None, 'listPrice': None}",https://www.amazon.in//boAt-Bluetooth-Compatibility-Playback-Charging/dp/B0CG6LP1MS/ref=zg_bs_g_1389365031_d_sccl_3/262-4334605-4855948?psc=1,India,
Reviewed in India on 8 October 2024,amzn1.account.AFNDOX24JEAQ2ZQA5TTVKBKHF2PQ,https://www.amazon.in/gp/profile/amzn1.account.AFNDOX24JEAQ2ZQA5TTVKBKHF2PQ/ref=cm_cr_othr_d_gw_tr?ie=UTF8,5,Grate Speaker at Best Price.,R246CC0WLYHJRC,https://www.amazon.in/gp/customer-reviews/R246CC0WLYHJRC/ref=cm_cr_othr_d_rvw_ttl?ie=UTF8&ASIN=B0CG6LP1MS,One person found this helpful,"Bought during sale. At this price point, awesome speaker. Good Sound build quality and finish. Feels premium.",True,False,[],2024-10-08,45,Colour: Black,"[{'key': 'Colour', 'value': 'Black'}]",,,https://www.amazon.in/product-reviews/B0CG6LP1MS?pageNumber=6&filterByStar=all_stars&sortBy=helpful&formatType=all_formats&asin=B0CG6LP1MS&reftag=cm_cr_arp_d_paging_btm_next_6&scope=reviewsAjax0,allStars,,B0CG6LP1MS,B0CG6LP1MS,B0CG6LP1MS,"{'price': None, 'listPrice': None}",https://www.amazon.in//boAt-Bluetooth-Compatibility-Playback-Charging/dp/B0CG6LP1MS/ref=zg_bs_g_1389365031_d_sccl_3/262-4334605-4855948?psc=1,India,
Reviewed in India on 19 October 2024,amzn1.account.AEND6WP4WLRO6V2KPR2O5RC3XRJA,https://www.amazon.in/gp/profile/amzn1.account.AEND6WP4WLRO6V2KPR2O5RC3XRJA/ref=cm_cr_othr_d_gw_tr?ie=UTF8,5,Best product🤟,R5ZIT79U8ITFL,https://www.amazon.in/gp/customer-reviews/R5ZIT79U8ITFL/ref=cm_cr_othr_d_rvw_ttl?ie=UTF8&ASIN=B0CG6LP1MS,,Sound and lighting are very good.,True,False,"['https://m.media-amazon.com/images/I/710J46y3KML._SY88.jpg', 'https://m.media-amazon.com/images/I/71KC+vBEDiL._SY88.jpg']",2024-10-19,46,Colour: Black,"[{'key': 'Colour', 'value': 'Black'}]",,,https://www.amazon.in/product-reviews/B0CG6LP1MS?pageNumber=6&filterByStar=all_stars&sortBy=helpful&formatType=all_formats&asin=B0CG6LP1MS&reftag=cm_cr_arp_d_paging_btm_next_6&scope=reviewsAjax0,allStars,,B0CG6LP1MS,B0CG6LP1MS,B0CG6LP1MS,"{'price': None, 'listPrice': None}",https://www.amazon.in//boAt-Bluetooth-Compatibility-Playback-Charging/dp/B0CG6LP1MS/ref=zg_bs_g_1389365031_d_sccl_3/262-4334605-4855948?psc=1,India,
Reviewed in India on 7 October 2024,amzn1.account.AEYMLFK6IB2W3VG5X6KUMHIWGYIQ,https://www.amazon.in/gp/profile/amzn1.account.AEYMLFK6IB2W3VG5X6KUMHIWGYIQ/ref=cm_cr_othr_d_gw_tr?ie=UTF8,5,Turn up the volume and feel the beat with the powerful Boat Stone 1800,R37FBMKEH4UGRB,https://www.amazon.in/gp/customer-reviews/R37FBMKEH4UGRB/ref=cm_cr_othr_d_rvw_ttl?ie=UTF8&ASIN=B0CG6LP1MS,7 people found this helpful,"The media could not be loaded.
                
            
                
            
            
        
    
    








  
  
     Turn up the volume and feel the beat with the powerful Boat Stone 1800! 🎶🔊 Rugged, portable, and ready to go wherever the music takes you. #BoatStone1800 #UnleashTheSound #WirelessFreedom",True,False,[],2024-10-07,47,Colour: Black,"[{'key': 'Colour', 'value': 'Black'}]",,,https://www.amazon.in/product-reviews/B0CG6LP1MS?pageNumber=6&filterByStar=all_stars&sortBy=helpful&formatType=all_formats&asin=B0CG6LP1MS&reftag=cm_cr_arp_d_paging_btm_next_6&scope=reviewsAjax0,allStars,,B0CG6LP1MS,B0CG6LP1MS,B0CG6LP1MS,"{'price': None, 'listPrice': None}",https://www.amazon.in//boAt-Bluetooth-Compatibility-Playback-Charging/dp/B0CG6LP1MS/ref=zg_bs_g_1389365031_d_sccl_3/262-4334605-4855948?psc=1,India,
Reviewed in India on 3 November 2023,amzn1.account.AFTQXIU3344A64BZYJ5RXLWITZDA,https://www.amazon.in/gp/profile/amzn1.account.AFTQXIU3344A64BZYJ5RXLWITZDA/ref=cm_cr_othr_d_gw_tr?ie=UTF8,4,Useful information before purchasing,R1T2A1ODLKODMM,https://www.amazon.in/gp/customer-reviews/R1T2A1ODLKODMM/ref=cm_cr_othr_d_rvw_ttl?ie=UTF8&ASIN=B0CG6LP1MS,19 people found this helpful,"The media could not be loaded.
                
            
                
            
            
        
    
    








  
  
     Some important things to know:- If your phone does not have inbuilt Dolby Atmos, then don't buy- Dolby Atmos will provide the punchy bass you need but till the 70-80% of volume- The camouflage colour is different. You will receive black and green instead of grey/black (see the attached video)- Battery life is really good since I used it 50-60% of volume. It went for straight 2-3 days (6-7 hours/day)- This Bluetooth speaker is really good to have in this budget. If you get it under ₹7k. Specially in 2023.",True,False,[],2023-11-03,48,Colour: Black,"[{'key': 'Colour', 'value': 'Black'}]",,,https://www.amazon.in/product-reviews/B0CG6LP1MS?pageNumber=6&filterByStar=all_stars&sortBy=helpful&formatType=all_formats&asin=B0CG6LP1MS&reftag=cm_cr_arp_d_paging_btm_next_6&scope=reviewsAjax0,allStars,,B0CG6LP1MS,B0CG6LP1MS,B0CG6LP1MS,"{'price': None, 'listPrice': None}",https://www.amazon.in//boAt-Bluetooth-Compatibility-Playback-Charging/dp/B0CG6LP1MS/ref=zg_bs_g_1389365031_d_sccl_3/262-4334605-4855948?psc=1,India,
Reviewed in India on 19 December 2024,amzn1.account.AH4SSNXTWE73NMPANSEDFUCCJT4A,https://www.amazon.in/gp/profile/amzn1.account.AH4SSNXTWE73NMPANSEDFUCCJT4A/ref=cm_cr_othr_d_gw_tr?ie=UTF8,5,Awsm Sound,RQQT8FV0FPZN8,https://www.amazon.in/gp/customer-reviews/RQQT8FV0FPZN8/ref=cm_cr_othr_d_rvw_ttl?ie=UTF8&ASIN=B0CG6LP1MS,,Sound quality just wow... Battery life is also good and as always boat is boat.,True,False,[],2024-12-19,25,Colour: Black,"[{'key': 'Colour', 'value': 'Black'}]",,,https://www.amazon.in/product-reviews/B0CG6LP1MS?pageNumber=4&filterByStar=all_stars&sortBy=helpful&formatType=all_formats&asin=B0CG6LP1MS&reftag=cm_cr_arp_d_paging_btm_next_4&scope=reviewsAjax0,allStars,,B0CG6LP1MS,B0CG6LP1MS,B0CG6LP1MS,"{'price': None, 'listPrice': None}",https://www.amazon.in//boAt-Bluetooth-Compatibility-Playback-Charging/dp/B0CG6LP1MS/ref=zg_bs_g_1389365031_d_sccl_3/262-4334605-4855948?psc=1,India,
Reviewed in India on 17 October 2024,amzn1.account.AHWWIKXRKBYII3O6G6H5VTBFZQHA,https://www.amazon.in/gp/profile/amzn1.account.AHWWIKXRKBYII3O6G6H5VTBFZQHA/ref=cm_cr_othr_d_gw_tr?ie=UTF8,4,Rechargeable battery should be good,R3RQKBNW4K74SD,https://www.amazon.in/gp/customer-reviews/R3RQKBNW4K74SD/ref=cm_cr_othr_d_rvw_ttl?ie=UTF8&ASIN=B0CG6LP1MS,,Good,True,False,[],2024-10-17,26,Colour: Black,"[{'key': 'Colour', 'value': 'Black'}]",,,https://www.amazon.in/product-reviews/B0CG6LP1MS?pageNumber=4&filterByStar=all_stars&sortBy=helpful&formatType=all_formats&asin=B0CG6LP1MS&reftag=cm_cr_arp_d_paging_btm_next_4&scope=reviewsAjax0,allStars,,B0CG6LP1MS,B0CG6LP1MS,B0CG6LP1MS,"{'price': None, 'listPrice': None}",https://www.amazon.in//boAt-Bluetooth-Compatibility-Playback-Charging/dp/B0CG6LP1MS/ref=zg_bs_g_1389365031_d_sccl_3/262-4334605-4855948?psc=1,India,
Reviewed in India on 4 October 2024,amzn1.account.AEY5DU3E6NJE52PU5RGWWFLZFALA,https://www.amazon.in/gp/profile/amzn1.account.AEY5DU3E6NJE52PU5RGWWFLZFALA/ref=cm_cr_othr_d_gw_tr?ie=UTF8,4,It is really worth it,R1EFS7DCDMDZN0,https://www.amazon.in/gp/customer-reviews/R1EFS7DCDMDZN0/ref=cm_cr_othr_d_rvw_ttl?ie=UTF8&ASIN=B0CG6LP1MS,,In all aspects the best speaker i was waiting for. Sound quality and all features are mind blowing,True,False,[],2024-10-04,27,Colour: Black,"[{'key': 'Colour', 'value': 'Black'}]",,,https://www.amazon.in/product-reviews/B0CG6LP1MS?pageNumber=4&filterByStar=all_stars&sortBy=helpful&formatType=all_formats&asin=B0CG6LP1MS&reftag=cm_cr_arp_d_paging_btm_next_4&scope=reviewsAjax0,allStars,,B0CG6LP1MS,B0CG6LP1MS,B0CG6LP1MS,"{'price': None, 'listPrice': None}",https://www.amazon.in//boAt-Bluetooth-Compatibility-Playback-Charging/dp/B0CG6LP1MS/ref=zg_bs_g_1389365031_d_sccl_3/262-4334605-4855948?psc=1,India,
Reviewed in India on 13 October 2024,amzn1.account.AFU3HVJF2TVD4HUYS6LFL2YWW75A,https://www.amazon.in/gp/profile/amzn1.account.AFU3HVJF2TVD4HUYS6LFL2YWW75A/ref=cm_cr_othr_d_gw_tr?ie=UTF8,4,Good product,RN2NTTX8H05Q9,https://www.amazon.in/gp/customer-reviews/RN2NTTX8H05Q9/ref=cm_cr_othr_d_rvw_ttl?ie=UTF8&ASIN=B0CG6LP1MS,,The product is good at this price,True,False,[],2024-10-13,28,Colour: Black,"[{'key': 'Colour', 'value': 'Black'}]",,,https://www.amazon.in/product-reviews/B0CG6LP1MS?pageNumber=4&filterByStar=all_stars&sortBy=helpful&formatType=all_formats&asin=B0CG6LP1MS&reftag=cm_cr_arp_d_paging_btm_next_4&scope=reviewsAjax0,allStars,,B0CG6LP1MS,B0CG6LP1MS,B0CG6LP1MS,"{'price': None, 'listPrice': None}",https://www.amazon.in//boAt-Bluetooth-Compatibility-Playback-Charging/dp/B0CG6LP1MS/ref=zg_bs_g_1389365031_d_sccl_3/262-4334605-4855948?psc=1,India,
Reviewed in India on 13 January 2025,amzn1.account.AFRD4TQUGLEA2JOZYC3TBEU6KC3A,https://www.amazon.in/gp/profile/amzn1.account.AFRD4TQUGLEA2JOZYC3TBEU6KC3A/ref=cm_cr_othr_d_gw_tr?ie=UTF8,5,Superb spekar bass 🔥🔥 next level,R333KLG7PFCRI6,https://www.amazon.in/gp/customer-reviews/R333KLG7PFCRI6/ref=cm_cr_othr_d_rvw_ttl?ie=UTF8&ASIN=B0CG6LP1MS,2 people found this helpful,"The media could not be loaded.
                
            
                
            
        
    
    








  
  
     Boom 💥",True,False,"['https://m.media-amazon.com/images/I/51h2a64aj6L._SY88.jpg', 'https://m.media-amazon.com/images/I/61xhHqogXyL._SY88.jpg']",2025-01-13,29,Colour: Black,"[{'key': 'Colour', 'value': 'Black'}]",,,https://www.amazon.in/product-reviews/B0CG6LP1MS?pageNumber=4&filterByStar=all_stars&sortBy=helpful&formatType=all_formats&asin=B0CG6LP1MS&reftag=cm_cr_arp_d_paging_btm_next_4&scope=reviewsAjax0,allStars,,B0CG6LP1MS,B0CG6LP1MS,B0CG6LP1MS,"{'price': None, 'listPrice': None}",https://www.amazon.in//boAt-Bluetooth-Compatibility-Playback-Charging/dp/B0CG6LP1MS/ref=zg_bs_g_1389365031_d_sccl_3/262-4334605-4855948?psc=1,India,
Reviewed in India on 3 November 2024,amzn1.account.AHRMGXSPI7HV7THKC5PTY72HM4MA,https://www.amazon.in/gp/profile/amzn1.account.AHRMGXSPI7HV7THKC5PTY72HM4MA/ref=cm_cr_othr_d_gw_tr?ie=UTF8,3,Sound quality not good,R1M6U1SHM4Q2UV,https://www.amazon.in/gp/customer-reviews/R1M6U1SHM4Q2UV/ref=cm_cr_othr_d_rvw_ttl?ie=UTF8&ASIN=B0CG6LP1MS,,Sound not good,True,False,[],2024-11-03,30,Colour: Black,"[{'key': 'Colour', 'value': 'Black'}]",,,https://www.amazon.in/product-reviews/B0CG6LP1MS?pageNumber=4&filterByStar=all_stars&sortBy=helpful&formatType=all_formats&asin=B0CG6LP1MS&reftag=cm_cr_arp_d_paging_btm_next_4&scope=reviewsAjax0,allStars,,B0CG6LP1MS,B0CG6LP1MS,B0CG6LP1MS,"{'price': None, 'listPrice': None}",https://www.amazon.in//boAt-Bluetooth-Compatibility-Playback-Charging/dp/B0CG6LP1MS/ref=zg_bs_g_1389365031_d_sccl_3/262-4334605-4855948?psc=1,India,
Reviewed in India on 30 November 2024,amzn1.account.AFKW4OYQDXKIVCR2CGJK2JROL7QA,https://www.amazon.in/gp/profile/amzn1.account.AFKW4OYQDXKIVCR2CGJK2JROL7QA/ref=cm_cr_othr_d_gw_tr?ie=UTF8,5,Worth the money,R3P728BC65RU81,https://www.amazon.in/gp/customer-reviews/R3P728BC65RU81/ref=cm_cr_othr_d_rvw_ttl?ie=UTF8&ASIN=B0CG6LP1MS,,Very nice product at reasonable price tag. Go for it.,True,False,['https://m.media-amazon.com/images/I/61vmnEqOVHL._SY88.jpg'],2024-11-30,31,Colour: Black,"[{'key': 'Colour', 'value': 'Black'}]",,,https://www.amazon.in/product-reviews/B0CG6LP1MS?pageNumber=4&filterByStar=all_stars&sortBy=helpful&formatType=all_formats&asin=B0CG6LP1MS&reftag=cm_cr_arp_d_paging_btm_next_4&scope=reviewsAjax0,allStars,,B0CG6LP1MS,B0CG6LP1MS,B0CG6LP1MS,"{'price': None, 'listPrice': None}",https://www.amazon.in//boAt-Bluetooth-Compatibility-Playback-Charging/dp/B0CG6LP1MS/ref=zg_bs_g_1389365031_d_sccl_3/262-4334605-4855948?psc=1,India,
Reviewed in India on 5 December 2024,amzn1.account.AGBTEPFPU2KONXCEAKAEAFHMMYYA,https://www.amazon.in/gp/profile/amzn1.account.AGBTEPFPU2KONXCEAKAEAFHMMYYA/ref=cm_cr_othr_d_gw_tr?ie=UTF8,5,Good Product,R1JHIX4G4WE7UG,https://www.amazon.in/gp/customer-reviews/R1JHIX4G4WE7UG/ref=cm_cr_othr_d_rvw_ttl?ie=UTF8&ASIN=B0CG6LP1MS,,Highly recommended 👍,True,False,[],2024-12-05,32,Colour: Black,"[{'key': 'Colour', 'value': 'Black'}]",,,https://www.amazon.in/product-reviews/B0CG6LP1MS?pageNumber=4&filterByStar=all_stars&sortBy=helpful&formatType=all_formats&asin=B0CG6LP1MS&reftag=cm_cr_arp_d_paging_btm_next_4&scope=reviewsAjax0,allStars,,B0CG6LP1MS,B0CG6LP1MS,B0CG6LP1MS,"{'price': None, 'listPrice': None}",https://www.amazon.in//boAt-Bluetooth-Compatibility-Playback-Charging/dp/B0CG6LP1MS/ref=zg_bs_g_1389365031_d_sccl_3/262-4334605-4855948?psc=1,India,
Reviewed in India on 19 October 2024,amzn1.account.AFQJLZ2VMQWZSKXGM2CRNI6XUPUQ,https://www.amazon.in/gp/profile/amzn1.account.AFQJLZ2VMQWZSKXGM2CRNI6XUPUQ/ref=cm_cr_othr_d_gw_tr?ie=UTF8,5,👍,R1JGE681WTI1XW,https://www.amazon.in/gp/customer-reviews/R1JGE681WTI1XW/ref=cm_cr_othr_d_rvw_ttl?ie=UTF8&ASIN=B0CG6LP1MS,,Nice,True,False,[],2024-10-19,49,Colour: Black,"[{'key': 'Colour', 'value': 'Black'}]",,,https://www.amazon.in/product-reviews/B0CG6LP1MS?pageNumber=7&filterByStar=all_stars&sortBy=helpful&formatType=all_formats&asin=B0CG6LP1MS&reftag=cm_cr_arp_d_paging_btm_next_7&scope=reviewsAjax0,allStars,,B0CG6LP1MS,B0CG6LP1MS,B0CG6LP1MS,"{'price': None, 'listPrice': None}",https://www.amazon.in//boAt-Bluetooth-Compatibility-Playback-Charging/dp/B0CG6LP1MS/ref=zg_bs_g_1389365031_d_sccl_3/262-4334605-4855948?psc=1,India,
Reviewed in India on 13 October 2024,amzn1.account.AFM2ZKQZAIP34Y5KRCFPC6FOYJ3A,https://www.amazon.in/gp/profile/amzn1.account.AFM2ZKQZAIP34Y5KRCFPC6FOYJ3A/ref=cm_cr_othr_d_gw_tr?ie=UTF8,5,Boat,R2VXJYJMJQZ9SQ,https://www.amazon.in/gp/customer-reviews/R2VXJYJMJQZ9SQ/ref=cm_cr_othr_d_rvw_ttl?ie=UTF8&ASIN=B0CG6LP1MS,,Good in all aspects,True,False,[],2024-10-13,50,Colour: Black,"[{'key': 'Colour', 'value': 'Black'}]",,,https://www.amazon.in/product-reviews/B0CG6LP1MS?pageNumber=7&filterByStar=all_stars&sortBy=helpful&formatType=all_formats&asin=B0CG6LP1MS&reftag=cm_cr_arp_d_paging_btm_next_7&scope=reviewsAjax0,allStars,,B0CG6LP1MS,B0CG6LP1MS,B0CG6LP1MS,"{'price': None, 'listPrice': None}",https://www.amazon.in//boAt-Bluetooth-Compatibility-Playback-Charging/dp/B0CG6LP1MS/ref=zg_bs_g_1389365031_d_sccl_3/262-4334605-4855948?psc=1,India,
Reviewed in India on 15 May 2024,amzn1.account.AEEFN4EI27PMQNQHYBOKXCV5HCAA,https://www.amazon.in/gp/profile/amzn1.account.AEEFN4EI27PMQNQHYBOKXCV5HCAA/ref=cm_cr_othr_d_gw_tr?ie=UTF8,4,Boat 1800,R2M3HSNA87MZK1,https://www.amazon.in/gp/customer-reviews/R2M3HSNA87MZK1/ref=cm_cr_othr_d_rvw_ttl?ie=UTF8&ASIN=B0CG6LP1MS,One person found this helpful,Boat speaker I puchase is awesome 👌 quality speaker,True,False,[],2024-05-15,51,Colour: Black,"[{'key': 'Colour', 'value': 'Black'}]",,,https://www.amazon.in/product-reviews/B0CG6LP1MS?pageNumber=7&filterByStar=all_stars&sortBy=helpful&formatType=all_formats&asin=B0CG6LP1MS&reftag=cm_cr_arp_d_paging_btm_next_7&scope=reviewsAjax0,allStars,,B0CG6LP1MS,B0CG6LP1MS,B0CG6LP1MS,"{'price': None, 'listPrice': None}",https://www.amazon.in//boAt-Bluetooth-Compatibility-Playback-Charging/dp/B0CG6LP1MS/ref=zg_bs_g_1389365031_d_sccl_3/262-4334605-4855948?psc=1,India,
Reviewed in India on 4 October 2024,amzn1.account.AFWWN2XQGMKWZOE5EHVSGX3VB2IA,https://www.amazon.in/gp/profile/amzn1.account.AFWWN2XQGMKWZOE5EHVSGX3VB2IA/ref=cm_cr_othr_d_gw_tr?ie=UTF8,5,Best quality sound,R27XKUEKFOBMGY,https://www.amazon.in/gp/customer-reviews/R27XKUEKFOBMGY/ref=cm_cr_othr_d_rvw_ttl?ie=UTF8&ASIN=B0CG6LP1MS,,Best quality sound in this range 5.5k,True,False,['https://m.media-amazon.com/images/I/61E00Zz28gL._SY88.jpg'],2024-10-04,52,Colour: Black,"[{'key': 'Colour', 'value': 'Black'}]",,,https://www.amazon.in/product-reviews/B0CG6LP1MS?pageNumber=7&filterByStar=all_stars&sortBy=helpful&formatType=all_formats&asin=B0CG6LP1MS&reftag=cm_cr_arp_d_paging_btm_next_7&scope=reviewsAjax0,allStars,,B0CG6LP1MS,B0CG6LP1MS,B0CG6LP1MS,"{'price': None, 'listPrice': None}",https://www.amazon.in//boAt-Bluetooth-Compatibility-Playback-Charging/dp/B0CG6LP1MS/ref=zg_bs_g_1389365031_d_sccl_3/262-4334605-4855948?psc=1,India,
Reviewed in India on 6 April 2024,amzn1.account.AFBARFDWDBAMMIR2U32B27Z4M76Q,https://www.amazon.in/gp/profile/amzn1.account.AFBARFDWDBAMMIR2U32B27Z4M76Q/ref=cm_cr_othr_d_gw_tr?ie=UTF8,4,Sound is awesome,R11F7D93CKF9GT,https://www.amazon.in/gp/customer-reviews/R11F7D93CKF9GT/ref=cm_cr_othr_d_rvw_ttl?ie=UTF8&ASIN=B0CG6LP1MS,5 people found this helpful,"The media could not be loaded.
                
            
                
            
            
        
    
    








  
  
     The sound quality is awesome and battery backup is only 4 hoursMy experience is speaker only 6000to 7000",True,False,['https://m.media-amazon.com/images/I/71-N2Mpbi3L._SY88.jpg'],2024-04-06,53,Colour: Black,"[{'key': 'Colour', 'value': 'Black'}]",,,https://www.amazon.in/product-reviews/B0CG6LP1MS?pageNumber=7&filterByStar=all_stars&sortBy=helpful&formatType=all_formats&asin=B0CG6LP1MS&reftag=cm_cr_arp_d_paging_btm_next_7&scope=reviewsAjax0,allStars,,B0CG6LP1MS,B0CG6LP1MS,B0CG6LP1MS,"{'price': None, 'listPrice': None}",https://www.amazon.in//boAt-Bluetooth-Compatibility-Playback-Charging/dp/B0CG6LP1MS/ref=zg_bs_g_1389365031_d_sccl_3/262-4334605-4855948?psc=1,India,
Reviewed in India on 10 June 2024,amzn1.account.AHQEZC7RT64Q4BZUW7C4O7Z44DDA,https://www.amazon.in/gp/profile/amzn1.account.AHQEZC7RT64Q4BZUW7C4O7Z44DDA/ref=cm_cr_othr_d_gw_tr?ie=UTF8,3,"Unsatisfactory Bass, harsh on rars",R30XVG9KJ21U7B,https://www.amazon.in/gp/customer-reviews/R30XVG9KJ21U7B/ref=cm_cr_othr_d_rvw_ttl?ie=UTF8&ASIN=B0CG6LP1MS,,"Unsatisfactory Bass, highs and mids are harsh on ears. It doesn't sound like 90 watt RMS may be 40.I won't recommend for music lovers",True,False,['https://m.media-amazon.com/images/I/71rECe4Dc7L._SY88.jpg'],2024-06-10,54,Colour: Black,"[{'key': 'Colour', 'value': 'Black'}]",,,https://www.amazon.in/product-reviews/B0CG6LP1MS?pageNumber=7&filterByStar=all_stars&sortBy=helpful&formatType=all_formats&asin=B0CG6LP1MS&reftag=cm_cr_arp_d_paging_btm_next_7&scope=reviewsAjax0,allStars,,B0CG6LP1MS,B0CG6LP1MS,B0CG6LP1MS,"{'price': None, 'listPrice': None}",https://www.amazon.in//boAt-Bluetooth-Compatibility-Playback-Charging/dp/B0CG6LP1MS/ref=zg_bs_g_1389365031_d_sccl_3/262-4334605-4855948?psc=1,India,
Reviewed in India on 27 September 2023,amzn1.account.AHGOY4TDQWECHLVVJ2SD2QBTWXXQ,https://www.amazon.in/gp/profile/amzn1.account.AHGOY4TDQWECHLVVJ2SD2QBTWXXQ/ref=cm_cr_othr_d_gw_tr?ie=UTF8,4,A much awaited upgrade!,RKNKCRX0C34LN,https://www.amazon.in/gp/customer-reviews/RKNKCRX0C34LN/ref=cm_cr_othr_d_rvw_ttl?ie=UTF8&ASIN=B0CG6LP1MS,29 people found this helpful,The boAt Stone 1800 packs a hefty sound.It is definitely boAts loudest portable bluetooth speaker till date.The broadcast function allows you to pair over 100 boAt Stone 1800s instead of the traditional 2 with TWS speakers.The speaker favours the mid frequency/vocals.Bass is also very punchy but at Max volume there is  a hint of muddiness.But at 80% it's fine.Battery life could be a concern.Microphone works well.Overall a worthy upgrade from the boAt Stone 1500.,True,False,['https://m.media-amazon.com/images/I/61M+PiPBmAL._SY88.jpg'],2023-09-27,55,Colour: Black,"[{'key': 'Colour', 'value': 'Black'}]",,,https://www.amazon.in/product-reviews/B0CG6LP1MS?pageNumber=7&filterByStar=all_stars&sortBy=helpful&formatType=all_formats&asin=B0CG6LP1MS&reftag=cm_cr_arp_d_paging_btm_next_7&scope=reviewsAjax0,allStars,,B0CG6LP1MS,B0CG6LP1MS,B0CG6LP1MS,"{'price': None, 'listPrice': None}",https://www.amazon.in//boAt-Bluetooth-Compatibility-Playback-Charging/dp/B0CG6LP1MS/ref=zg_bs_g_1389365031_d_sccl_3/262-4334605-4855948?psc=1,India,
Reviewed in India on 13 June 2024,amzn1.account.AHO4LMRJWIODJ3IVCKIW54HMZAQA,https://www.amazon.in/gp/profile/amzn1.account.AHO4LMRJWIODJ3IVCKIW54HMZAQA/ref=cm_cr_othr_d_gw_tr?ie=UTF8,3,Battery,R1NM6FHEB1PHWP,https://www.amazon.in/gp/customer-reviews/R1NM6FHEB1PHWP/ref=cm_cr_othr_d_rvw_ttl?ie=UTF8&ASIN=B0CG6LP1MS,,Battery drains so fast and charging time is even more than playback time.,True,False,[],2024-06-13,56,Colour: Black,"[{'key': 'Colour', 'value': 'Black'}]",,,https://www.amazon.in/product-reviews/B0CG6LP1MS?pageNumber=7&filterByStar=all_stars&sortBy=helpful&formatType=all_formats&asin=B0CG6LP1MS&reftag=cm_cr_arp_d_paging_btm_next_7&scope=reviewsAjax0,allStars,,B0CG6LP1MS,B0CG6LP1MS,B0CG6LP1MS,"{'price': None, 'listPrice': None}",https://www.amazon.in//boAt-Bluetooth-Compatibility-Playback-Charging/dp/B0CG6LP1MS/ref=zg_bs_g_1389365031_d_sccl_3/262-4334605-4855948?psc=1,India,
Reviewed in India on 22 October 2023,amzn1.account.AG4S4R6EY6X3NMRFFLVDX5G5I4GQ,https://www.amazon.in/gp/profile/amzn1.account.AG4S4R6EY6X3NMRFFLVDX5G5I4GQ/ref=cm_cr_othr_d_gw_tr?ie=UTF8,3,Mixed Feelings,R1EZIEP7YY5LQA,https://www.amazon.in/gp/customer-reviews/R1EZIEP7YY5LQA/ref=cm_cr_othr_d_rvw_ttl?ie=UTF8&ASIN=B0CG6LP1MS,One person found this helpful,"This is an immediate review after 30 mins of use, will update after more usage.First impression suggests its LOUD, but it misses the balance between vocals and base.Look wise also okaish, the camouflage design shown in advertisements and and the actual products differs a LOT.Most of the times first impressions are the most honest ones, but still this is my individual opinion.",True,False,[],2023-10-22,65,Colour: Black,"[{'key': 'Colour', 'value': 'Black'}]",,,https://www.amazon.in/product-reviews/B0CG6LP1MS?pageNumber=9&filterByStar=all_stars&sortBy=helpful&formatType=all_formats&asin=B0CG6LP1MS&reftag=cm_cr_arp_d_paging_btm_next_9&scope=reviewsAjax0,allStars,,B0CG6LP1MS,B0CG6LP1MS,B0CG6LP1MS,"{'price': None, 'listPrice': None}",https://www.amazon.in//boAt-Bluetooth-Compatibility-Playback-Charging/dp/B0CG6LP1MS/ref=zg_bs_g_1389365031_d_sccl_3/262-4334605-4855948?psc=1,India,
Reviewed in India on 27 December 2024,amzn1.account.AG2JMAOARKNHNJJVEGVZOERJNFDQ,https://www.amazon.in/gp/profile/amzn1.account.AG2JMAOARKNHNJJVEGVZOERJNFDQ/ref=cm_cr_othr_d_gw_tr?ie=UTF8,4,go for it,RGHA06SBOV08G,https://www.amazon.in/gp/customer-reviews/RGHA06SBOV08G/ref=cm_cr_othr_d_rvw_ttl?ie=UTF8&ASIN=B0CG6LP1MS,,The advertisement is wrong it's not 90 w rms but 70 only. Dont know why boat falsely ad but i heard the boat signature sound and hands down it's the best in its segment. You can close your eyes and buy it.,False,False,[],2024-12-27,66,Colour: Black,"[{'key': 'Colour', 'value': 'Black'}]",,,https://www.amazon.in/product-reviews/B0CG6LP1MS?pageNumber=9&filterByStar=all_stars&sortBy=helpful&formatType=all_formats&asin=B0CG6LP1MS&reftag=cm_cr_arp_d_paging_btm_next_9&scope=reviewsAjax0,allStars,,B0CG6LP1MS,B0CG6LP1MS,B0CG6LP1MS,"{'price': None, 'listPrice': None}",https://www.amazon.in//boAt-Bluetooth-Compatibility-Playback-Charging/dp/B0CG6LP1MS/ref=zg_bs_g_1389365031_d_sccl_3/262-4334605-4855948?psc=1,India,
Reviewed in India on 9 August 2024,amzn1.account.AHSUZA4RXDTTXAUQV2ODYMHH5KCQ,https://www.amazon.in/gp/profile/amzn1.account.AHSUZA4RXDTTXAUQV2ODYMHH5KCQ/ref=cm_cr_othr_d_gw_tr?ie=UTF8,5,Best quality,R200MXWQDKL2T4,https://www.amazon.in/gp/customer-reviews/R200MXWQDKL2T4/ref=cm_cr_othr_d_rvw_ttl?ie=UTF8&ASIN=B0CG6LP1MS,,best sound 👍👍,True,False,[],2024-08-09,67,Colour: Black,"[{'key': 'Colour', 'value': 'Black'}]",,,https://www.amazon.in/product-reviews/B0CG6LP1MS?pageNumber=9&filterByStar=all_stars&sortBy=helpful&formatType=all_formats&asin=B0CG6LP1MS&reftag=cm_cr_arp_d_paging_btm_next_9&scope=reviewsAjax0,allStars,,B0CG6LP1MS,B0CG6LP1MS,B0CG6LP1MS,"{'price': None, 'listPrice': None}",https://www.amazon.in//boAt-Bluetooth-Compatibility-Playback-Charging/dp/B0CG6LP1MS/ref=zg_bs_g_1389365031_d_sccl_3/262-4334605-4855948?psc=1,India,
Reviewed in India on 29 November 2023,amzn1.account.AH7CFVVQQ3RYHAHFL3GM5YWANU6A,https://www.amazon.in/gp/profile/amzn1.account.AH7CFVVQQ3RYHAHFL3GM5YWANU6A/ref=cm_cr_othr_d_gw_tr?ie=UTF8,5,Awesome Quality,R1B4O3EAHAA46H,https://www.amazon.in/gp/customer-reviews/R1B4O3EAHAA46H/ref=cm_cr_othr_d_rvw_ttl?ie=UTF8&ASIN=B0CG6LP1MS,2 people found this helpful,"I was first not sure when I bought if it will be good or not but after using it for almost 2 months I can say it’s the best speaker out there made by boAt, One thing is that it’s a high Watt Speaker so it consume lot of battery when loudly but still gives an experience of a “₹30,000 JBL speaker in this price”",True,False,[],2023-11-29,68,Colour: Black,"[{'key': 'Colour', 'value': 'Black'}]",,,https://www.amazon.in/product-reviews/B0CG6LP1MS?pageNumber=9&filterByStar=all_stars&sortBy=helpful&formatType=all_formats&asin=B0CG6LP1MS&reftag=cm_cr_arp_d_paging_btm_next_9&scope=reviewsAjax0,allStars,,B0CG6LP1MS,B0CG6LP1MS,B0CG6LP1MS,"{'price': None, 'listPrice': None}",https://www.amazon.in//boAt-Bluetooth-Compatibility-Playback-Charging/dp/B0CG6LP1MS/ref=zg_bs_g_1389365031_d_sccl_3/262-4334605-4855948?psc=1,India,
Reviewed in India on 7 June 2024,amzn1.account.AHANCBKNM733B6QU3VGHN66PAXUA,https://www.amazon.in/gp/profile/amzn1.account.AHANCBKNM733B6QU3VGHN66PAXUA/ref=cm_cr_othr_d_gw_tr?ie=UTF8,5,Boat Rolling on Fire 🔥🔥,RC4YX590Q97ML,https://www.amazon.in/gp/customer-reviews/RC4YX590Q97ML/ref=cm_cr_othr_d_rvw_ttl?ie=UTF8&ASIN=B0CG6LP1MS,,"Amazing for outdoor travelling, good in handling, boat products is always valuable in terms of money, lighting effects are cool 😎🔥❤️🥰🤩🤩",True,False,"['https://m.media-amazon.com/images/I/71eNNV4nO6L._SY88.jpg', 'https://m.media-amazon.com/images/I/81fro+oZyjL._SY88.jpg']",2024-06-07,69,Colour: Black,"[{'key': 'Colour', 'value': 'Black'}]",,,https://www.amazon.in/product-reviews/B0CG6LP1MS?pageNumber=9&filterByStar=all_stars&sortBy=helpful&formatType=all_formats&asin=B0CG6LP1MS&reftag=cm_cr_arp_d_paging_btm_next_9&scope=reviewsAjax0,allStars,,B0CG6LP1MS,B0CG6LP1MS,B0CG6LP1MS,"{'price': None, 'listPrice': None}",https://www.amazon.in//boAt-Bluetooth-Compatibility-Playback-Charging/dp/B0CG6LP1MS/ref=zg_bs_g_1389365031_d_sccl_3/262-4334605-4855948?psc=1,India,
Reviewed in India on 28 March 2024,amzn1.account.AFP4TWUG7SBEE6LQUKK7L5HAWBTQ,https://www.amazon.in/gp/profile/amzn1.account.AFP4TWUG7SBEE6LQUKK7L5HAWBTQ/ref=cm_cr_othr_d_gw_tr?ie=UTF8,3,Ok ok,R26FAS5TVOHPDS,https://www.amazon.in/gp/customer-reviews/R26FAS5TVOHPDS/ref=cm_cr_othr_d_rvw_ttl?ie=UTF8&ASIN=B0CG6LP1MS,One person found this helpful,Actually sound and bass lower to my obage omeewa speaker of 25W (wired),True,False,[],2024-03-28,70,Colour: Black,"[{'key': 'Colour', 'value': 'Black'}]",,,https://www.amazon.in/product-reviews/B0CG6LP1MS?pageNumber=9&filterByStar=all_stars&sortBy=helpful&formatType=all_formats&asin=B0CG6LP1MS&reftag=cm_cr_arp_d_paging_btm_next_9&scope=reviewsAjax0,allStars,,B0CG6LP1MS,B0CG6LP1MS,B0CG6LP1MS,"{'price': None, 'listPrice': None}",https://www.amazon.in//boAt-Bluetooth-Compatibility-Playback-Charging/dp/B0CG6LP1MS/ref=zg_bs_g_1389365031_d_sccl_3/262-4334605-4855948?psc=1,India,
Reviewed in India on 6 January 2024,amzn1.account.AFBEBR6LDTKC6S6EM2KBJ5CA4IVQ,https://www.amazon.in/gp/profile/amzn1.account.AFBEBR6LDTKC6S6EM2KBJ5CA4IVQ/ref=cm_cr_othr_d_gw_tr?ie=UTF8,3,Not like Jbl but provide killer look and good sound,R15FQA2FZWT8BW,https://www.amazon.in/gp/customer-reviews/R15FQA2FZWT8BW/ref=cm_cr_othr_d_rvw_ttl?ie=UTF8&ASIN=B0CG6LP1MS,,Who have no budget for jbl boom box then go for it ...look wise awesome. ..sound also good but not like jbl ....but this price range it's make awesome,True,False,[],2024-01-06,71,Colour: Black,"[{'key': 'Colour', 'value': 'Black'}]",,,https://www.amazon.in/product-reviews/B0CG6LP1MS?pageNumber=9&filterByStar=all_stars&sortBy=helpful&formatType=all_formats&asin=B0CG6LP1MS&reftag=cm_cr_arp_d_paging_btm_next_9&scope=reviewsAjax0,allStars,,B0CG6LP1MS,B0CG6LP1MS,B0CG6LP1MS,"{'price': None, 'listPrice': None}",https://www.amazon.in//boAt-Bluetooth-Compatibility-Playback-Charging/dp/B0CG6LP1MS/ref=zg_bs_g_1389365031_d_sccl_3/262-4334605-4855948?psc=1,India,
Reviewed in India on 18 November 2023,amzn1.account.AEIHOUDFJETSFF2YKU7ULARFAW6A,https://www.amazon.in/gp/profile/amzn1.account.AEIHOUDFJETSFF2YKU7ULARFAW6A/ref=cm_cr_othr_d_gw_tr?ie=UTF8,3,Good product.,R2N1G07BHSN610,https://www.amazon.in/gp/customer-reviews/R2N1G07BHSN610/ref=cm_cr_othr_d_rvw_ttl?ie=UTF8&ASIN=B0CG6LP1MS,,Good product . Size enormous. Mediocre clarity. Great bass. But delivery guy told to come to place where about 4 km from the place even though I have given the accurate address and all. The guy was rushing us to come there,True,False,[],2023-11-18,72,Colour: Black,"[{'key': 'Colour', 'value': 'Black'}]",,,https://www.amazon.in/product-reviews/B0CG6LP1MS?pageNumber=9&filterByStar=all_stars&sortBy=helpful&formatType=all_formats&asin=B0CG6LP1MS&reftag=cm_cr_arp_d_paging_btm_next_9&scope=reviewsAjax0,allStars,,B0CG6LP1MS,B0CG6LP1MS,B0CG6LP1MS,"{'price': None, 'listPrice': None}",https://www.amazon.in//boAt-Bluetooth-Compatibility-Playback-Charging/dp/B0CG6LP1MS/ref=zg_bs_g_1389365031_d_sccl_3/262-4334605-4855948?psc=1,India,
