reviewedIn,userId,userProfileLink,ratingScore,reviewTitle,reviewId,reviewUrl,reviewReaction,reviewDescription,isVerified,isAmazonVine,reviewImages,date,position,variant,variantAttributes,totalCategoryRatings,totalCategoryReviews,reviewCategoryUrl,filterByRating,filterByKeyword,productAsin,productOriginalAsin,variantAsin,product,input,country,countryCode
Reviewed in India on 10 October 2024,amzn1.account.AG3K42T6JUE6ZR7GWLXGQ3HWKFSA,https://www.amazon.in/gp/profile/amzn1.account.AG3K42T6JUE6ZR7GWLXGQ3HWKFSA/ref=cm_cr_othr_d_gw_tr?ie=UTF8,5,A Solid Performer,R21E0WIEINSTHC,https://www.amazon.in/gp/customer-reviews/R21E0WIEINSTHC/ref=cm_cr_othr_d_rvw_ttl?ie=UTF8&ASIN=B0CNXW42H8,3 people found this helpful,"I've been using the Protonics Dash 4 speakers for a few weeks now, and I'm really impressed with their sound quality. Everything sounds clear and well-defined, from the subtle nuances of classical music to the driving beats of EDM. The wireless mic feature adds versatility for karaoke or presentations. If you're looking for a pair of speakers that offer great value for money, I highly recommend the Protonics Dash 4.",True,False,[],2024-10-10,1,,[],,,https://www.amazon.in/product-reviews/B0CNXW42H8?pageNumber=1&filterByStar=all_stars&sortBy=helpful&formatType=all_formats&asin=B0CNXW42H8&reftag=cm_cr_arp_d_paging_btm_next_1&scope=reviewsAjax0,allStars,,B0CNXW42H8,B0CNXW42H8,B0CNXW42H8,"{'price': None, 'listPrice': None}",https://www.amazon.in//Portronics-Wireless-Bluetooth-Playtime-Technology/dp/B0CNXW42H8/ref=zg_bs_g_1389365031_d_sccl_8/262-4334605-4855948?psc=1,India,
Reviewed in India on 6 August 2024,amzn1.account.AFJYC23AIN3AICEUUJZ23GKIUZNQ,https://www.amazon.in/gp/profile/amzn1.account.AFJYC23AIN3AICEUUJZ23GKIUZNQ/ref=cm_cr_othr_d_gw_tr?ie=UTF8,5,Great at this price,R196NCGWJBZZBF,https://www.amazon.in/gp/customer-reviews/R196NCGWJBZZBF/ref=cm_cr_othr_d_rvw_ttl?ie=UTF8&ASIN=B0CNXW42H8,12 people found this helpful,"The media could not be loaded.
                
            
                
            
        
    
    








  
  
     I wanted a speaker that supported bluetooth and aux in the price range of 5-6k.This speaker is the best in this price range. The RGB lights makes it look more cooler and adds more asthetics to your decor. The sound quality is good in both bass and trebels. The mic is an additional plus point which is awesome for home party's.The build quality of the product is also very good.",True,False,"['https://m.media-amazon.com/images/I/61G4SxEyIWL._SY88.jpg', 'https://m.media-amazon.com/images/I/61U5J8a3PwL._SY88.jpg', 'https://m.media-amazon.com/images/I/61mO4g8WnPL._SY88.jpg']",2024-08-06,2,,[],,,https://www.amazon.in/product-reviews/B0CNXW42H8?pageNumber=1&filterByStar=all_stars&sortBy=helpful&formatType=all_formats&asin=B0CNXW42H8&reftag=cm_cr_arp_d_paging_btm_next_1&scope=reviewsAjax0,allStars,,B0CNXW42H8,B0CNXW42H8,B0CNXW42H8,"{'price': None, 'listPrice': None}",https://www.amazon.in//Portronics-Wireless-Bluetooth-Playtime-Technology/dp/B0CNXW42H8/ref=zg_bs_g_1389365031_d_sccl_8/262-4334605-4855948?psc=1,India,
Reviewed in India on 20 June 2024,amzn1.account.AGVFSBODAMUYKG6CV5XYJ74ZDOGQ,https://www.amazon.in/gp/profile/amzn1.account.AGVFSBODAMUYKG6CV5XYJ74ZDOGQ/ref=cm_cr_othr_d_gw_tr?ie=UTF8,4,Good for free time,R32TNSZ054QARL,https://www.amazon.in/gp/customer-reviews/R32TNSZ054QARL/ref=cm_cr_othr_d_rvw_ttl?ie=UTF8&ASIN=B0CNXW42H8,10 people found this helpful,"It good for spending free time with family and friends, the Portronics Dash 4Party Box is a fantastic investment for anyone looking to enhance their social gatherings with great music and a fun atmosphere. Its superior sound quality, portability, long battery life, and versatile connectivity make it a standout choice in its category. I highly recommend it to anyone in need of a reliable and entertaining portable speaker",True,False,[],2024-06-20,3,,[],,,https://www.amazon.in/product-reviews/B0CNXW42H8?pageNumber=1&filterByStar=all_stars&sortBy=helpful&formatType=all_formats&asin=B0CNXW42H8&reftag=cm_cr_arp_d_paging_btm_next_1&scope=reviewsAjax0,allStars,,B0CNXW42H8,B0CNXW42H8,B0CNXW42H8,"{'price': None, 'listPrice': None}",https://www.amazon.in//Portronics-Wireless-Bluetooth-Playtime-Technology/dp/B0CNXW42H8/ref=zg_bs_g_1389365031_d_sccl_8/262-4334605-4855948?psc=1,India,
Reviewed in India on 13 November 2024,amzn1.account.AHICSWMEYVQRHIL7JJ3ECO3434KA,https://www.amazon.in/gp/profile/amzn1.account.AHICSWMEYVQRHIL7JJ3ECO3434KA/ref=cm_cr_othr_d_gw_tr?ie=UTF8,5,Excellant Product - Amazed with its performance,RCOAG8L7F61A0,https://www.amazon.in/gp/customer-reviews/RCOAG8L7F61A0/ref=cm_cr_othr_d_rvw_ttl?ie=UTF8&ASIN=B0CNXW42H8,One person found this helpful,"Used it at home and during trips, high quality speaker, very nice bass and audio quality. Amazing lights. Micophone is little basic as we cannot control the voice volume. FM is not working for me, not sure why. Otherwise everything is excellant. We are using it all the time, Great !!",True,False,[],2024-11-13,4,,[],,,https://www.amazon.in/product-reviews/B0CNXW42H8?pageNumber=1&filterByStar=all_stars&sortBy=helpful&formatType=all_formats&asin=B0CNXW42H8&reftag=cm_cr_arp_d_paging_btm_next_1&scope=reviewsAjax0,allStars,,B0CNXW42H8,B0CNXW42H8,B0CNXW42H8,"{'price': None, 'listPrice': None}",https://www.amazon.in//Portronics-Wireless-Bluetooth-Playtime-Technology/dp/B0CNXW42H8/ref=zg_bs_g_1389365031_d_sccl_8/262-4334605-4855948?psc=1,India,
Reviewed in India on 23 January 2025,amzn1.account.AFV7HWMZLROONC7KT5JFDQLD7NBA,https://www.amazon.in/gp/profile/amzn1.account.AFV7HWMZLROONC7KT5JFDQLD7NBA/ref=cm_cr_othr_d_gw_tr?ie=UTF8,5,Excellent product,RYWPVQFQ0XPJV,https://www.amazon.in/gp/customer-reviews/RYWPVQFQ0XPJV/ref=cm_cr_othr_d_rvw_ttl?ie=UTF8&ASIN=B0CNXW42H8,,Excellent product and best for beginners for karioke singing.,True,False,[],2025-01-23,5,,[],,,https://www.amazon.in/product-reviews/B0CNXW42H8?pageNumber=1&filterByStar=all_stars&sortBy=helpful&formatType=all_formats&asin=B0CNXW42H8&reftag=cm_cr_arp_d_paging_btm_next_1&scope=reviewsAjax0,allStars,,B0CNXW42H8,B0CNXW42H8,B0CNXW42H8,"{'price': None, 'listPrice': None}",https://www.amazon.in//Portronics-Wireless-Bluetooth-Playtime-Technology/dp/B0CNXW42H8/ref=zg_bs_g_1389365031_d_sccl_8/262-4334605-4855948?psc=1,India,
Reviewed in India on 29 December 2024,amzn1.account.AESDBSX53DHGS6H52VXA4KMF3TQA,https://www.amazon.in/gp/profile/amzn1.account.AESDBSX53DHGS6H52VXA4KMF3TQA/ref=cm_cr_othr_d_gw_tr?ie=UTF8,1,Sound not good.  Feels like 15watt low cost speaker,R3QU59PI0V7FP4,https://www.amazon.in/gp/customer-reviews/R3QU59PI0V7FP4/ref=cm_cr_othr_d_rvw_ttl?ie=UTF8&ASIN=B0CNXW42H8,,The full volume also is not good at all.  Feels like a 15-20 watt speaker. It's sound is too low for a closed room even forget outdoor party. Karaoke mic looks good and connects well. Charging of the device also don't blink the 4th dot. Upto 3 dots only it blinks. Overall not good for this price range. Design looks good but performance is not worthy at all.,True,False,[],2024-12-29,6,,[],,,https://www.amazon.in/product-reviews/B0CNXW42H8?pageNumber=1&filterByStar=all_stars&sortBy=helpful&formatType=all_formats&asin=B0CNXW42H8&reftag=cm_cr_arp_d_paging_btm_next_1&scope=reviewsAjax0,allStars,,B0CNXW42H8,B0CNXW42H8,B0CNXW42H8,"{'price': None, 'listPrice': None}",https://www.amazon.in//Portronics-Wireless-Bluetooth-Playtime-Technology/dp/B0CNXW42H8/ref=zg_bs_g_1389365031_d_sccl_8/262-4334605-4855948?psc=1,India,
Reviewed in India on 19 January 2025,amzn1.account.AF6ZC4X26WLHLKYUCKB7CU2CP7WA,https://www.amazon.in/gp/profile/amzn1.account.AF6ZC4X26WLHLKYUCKB7CU2CP7WA/ref=cm_cr_othr_d_gw_tr?ie=UTF8,5,Best quality,R1DP8AG7WZEBCM,https://www.amazon.in/gp/customer-reviews/R1DP8AG7WZEBCM/ref=cm_cr_othr_d_rvw_ttl?ie=UTF8&ASIN=B0CNXW42H8,,Best sound best qualityPesa wasul 😊,True,False,[],2025-01-19,7,,[],,,https://www.amazon.in/product-reviews/B0CNXW42H8?pageNumber=1&filterByStar=all_stars&sortBy=helpful&formatType=all_formats&asin=B0CNXW42H8&reftag=cm_cr_arp_d_paging_btm_next_1&scope=reviewsAjax0,allStars,,B0CNXW42H8,B0CNXW42H8,B0CNXW42H8,"{'price': None, 'listPrice': None}",https://www.amazon.in//Portronics-Wireless-Bluetooth-Playtime-Technology/dp/B0CNXW42H8/ref=zg_bs_g_1389365031_d_sccl_8/262-4334605-4855948?psc=1,India,
Reviewed in India on 18 January 2025,amzn1.account.AHXR7HJLGSCZZ3RQCZZR3EBEYZQA,https://www.amazon.in/gp/profile/amzn1.account.AHXR7HJLGSCZZ3RQCZZR3EBEYZQA/ref=cm_cr_othr_d_gw_tr?ie=UTF8,5,Best karaoke portable system,R336UZ1CVN8TSL,https://www.amazon.in/gp/customer-reviews/R336UZ1CVN8TSL/ref=cm_cr_othr_d_rvw_ttl?ie=UTF8&ASIN=B0CNXW42H8,,Best karaoke portable system. Mike quality is good. If you are looking for portable karaoke speaker then Dash 4 is best I can recommend,True,False,[],2025-01-18,8,,[],,,https://www.amazon.in/product-reviews/B0CNXW42H8?pageNumber=1&filterByStar=all_stars&sortBy=helpful&formatType=all_formats&asin=B0CNXW42H8&reftag=cm_cr_arp_d_paging_btm_next_1&scope=reviewsAjax0,allStars,,B0CNXW42H8,B0CNXW42H8,B0CNXW42H8,"{'price': None, 'listPrice': None}",https://www.amazon.in//Portronics-Wireless-Bluetooth-Playtime-Technology/dp/B0CNXW42H8/ref=zg_bs_g_1389365031_d_sccl_8/262-4334605-4855948?psc=1,India,
Reviewed in India on 11 October 2024,amzn1.account.AFFIWMALH7ELLB7WHCZLENEBH6XA,https://www.amazon.in/gp/profile/amzn1.account.AFFIWMALH7ELLB7WHCZLENEBH6XA/ref=cm_cr_othr_d_gw_tr?ie=UTF8,4,Great product,R25JDYL3C4T50A,https://www.amazon.in/gp/customer-reviews/R25JDYL3C4T50A/ref=cm_cr_othr_d_rvw_ttl?ie=UTF8&ASIN=B0CNXW42H8,,It is worth the money spent. My daughter loved the karaoke feature so do I. Well crafted product.,True,False,['https://m.media-amazon.com/images/I/61MxiAyfrDL._SY88.jpg'],2024-10-11,17,,[],,,https://www.amazon.in/product-reviews/B0CNXW42H8?pageNumber=3&filterByStar=all_stars&sortBy=helpful&formatType=all_formats&asin=B0CNXW42H8&reftag=cm_cr_arp_d_paging_btm_next_3&scope=reviewsAjax0,allStars,,B0CNXW42H8,B0CNXW42H8,B0CNXW42H8,"{'price': None, 'listPrice': None}",https://www.amazon.in//Portronics-Wireless-Bluetooth-Playtime-Technology/dp/B0CNXW42H8/ref=zg_bs_g_1389365031_d_sccl_8/262-4334605-4855948?psc=1,India,
Reviewed in India on 9 December 2024,amzn1.account.AEASTSFFOXEYMOG5FTBBPQUN2FZQ,https://www.amazon.in/gp/profile/amzn1.account.AEASTSFFOXEYMOG5FTBBPQUN2FZQ/ref=cm_cr_othr_d_gw_tr?ie=UTF8,5,So good product,R2BRFYWEMJT6G8,https://www.amazon.in/gp/customer-reviews/R2BRFYWEMJT6G8/ref=cm_cr_othr_d_rvw_ttl?ie=UTF8&ASIN=B0CNXW42H8,,I love this product so much,True,False,[],2024-12-09,18,,[],,,https://www.amazon.in/product-reviews/B0CNXW42H8?pageNumber=3&filterByStar=all_stars&sortBy=helpful&formatType=all_formats&asin=B0CNXW42H8&reftag=cm_cr_arp_d_paging_btm_next_3&scope=reviewsAjax0,allStars,,B0CNXW42H8,B0CNXW42H8,B0CNXW42H8,"{'price': None, 'listPrice': None}",https://www.amazon.in//Portronics-Wireless-Bluetooth-Playtime-Technology/dp/B0CNXW42H8/ref=zg_bs_g_1389365031_d_sccl_8/262-4334605-4855948?psc=1,India,
Reviewed in India on 9 December 2024,amzn1.account.AG5KSH22MKJ7JPYJAWF4EYSWGHAA,https://www.amazon.in/gp/profile/amzn1.account.AG5KSH22MKJ7JPYJAWF4EYSWGHAA/ref=cm_cr_othr_d_gw_tr?ie=UTF8,5,Dash 4,R2ZYTPN29DKRNC,https://www.amazon.in/gp/customer-reviews/R2ZYTPN29DKRNC/ref=cm_cr_othr_d_rvw_ttl?ie=UTF8&ASIN=B0CNXW42H8,,It's an amazing product from portronics,True,False,[],2024-12-09,19,,[],,,https://www.amazon.in/product-reviews/B0CNXW42H8?pageNumber=3&filterByStar=all_stars&sortBy=helpful&formatType=all_formats&asin=B0CNXW42H8&reftag=cm_cr_arp_d_paging_btm_next_3&scope=reviewsAjax0,allStars,,B0CNXW42H8,B0CNXW42H8,B0CNXW42H8,"{'price': None, 'listPrice': None}",https://www.amazon.in//Portronics-Wireless-Bluetooth-Playtime-Technology/dp/B0CNXW42H8/ref=zg_bs_g_1389365031_d_sccl_8/262-4334605-4855948?psc=1,India,
Reviewed in India on 9 December 2024,amzn1.account.AELTMETI2GZR7AWBGVPXIKHDMJEA,https://www.amazon.in/gp/profile/amzn1.account.AELTMETI2GZR7AWBGVPXIKHDMJEA/ref=cm_cr_othr_d_gw_tr?ie=UTF8,5,Good product,R33X8W94VXL3O6,https://www.amazon.in/gp/customer-reviews/R33X8W94VXL3O6/ref=cm_cr_othr_d_rvw_ttl?ie=UTF8&ASIN=B0CNXW42H8,,Good product,True,False,[],2024-12-09,20,,[],,,https://www.amazon.in/product-reviews/B0CNXW42H8?pageNumber=3&filterByStar=all_stars&sortBy=helpful&formatType=all_formats&asin=B0CNXW42H8&reftag=cm_cr_arp_d_paging_btm_next_3&scope=reviewsAjax0,allStars,,B0CNXW42H8,B0CNXW42H8,B0CNXW42H8,"{'price': None, 'listPrice': None}",https://www.amazon.in//Portronics-Wireless-Bluetooth-Playtime-Technology/dp/B0CNXW42H8/ref=zg_bs_g_1389365031_d_sccl_8/262-4334605-4855948?psc=1,India,
Reviewed in India on 9 December 2024,amzn1.account.AEGAJH3VDZLTWARKFR2IEEF4MEOA,https://www.amazon.in/gp/profile/amzn1.account.AEGAJH3VDZLTWARKFR2IEEF4MEOA/ref=cm_cr_othr_d_gw_tr?ie=UTF8,5,Nice one,R2XPYSBI6PRKVL,https://www.amazon.in/gp/customer-reviews/R2XPYSBI6PRKVL/ref=cm_cr_othr_d_rvw_ttl?ie=UTF8&ASIN=B0CNXW42H8,One person found this helpful,Good product,True,False,[],2024-12-09,21,,[],,,https://www.amazon.in/product-reviews/B0CNXW42H8?pageNumber=3&filterByStar=all_stars&sortBy=helpful&formatType=all_formats&asin=B0CNXW42H8&reftag=cm_cr_arp_d_paging_btm_next_3&scope=reviewsAjax0,allStars,,B0CNXW42H8,B0CNXW42H8,B0CNXW42H8,"{'price': None, 'listPrice': None}",https://www.amazon.in//Portronics-Wireless-Bluetooth-Playtime-Technology/dp/B0CNXW42H8/ref=zg_bs_g_1389365031_d_sccl_8/262-4334605-4855948?psc=1,India,
Reviewed in India on 10 October 2024,amzn1.account.AEJOCNXZ3VZ2SGT7FIWXXNWJ5GIA,https://www.amazon.in/gp/profile/amzn1.account.AEJOCNXZ3VZ2SGT7FIWXXNWJ5GIA/ref=cm_cr_othr_d_gw_tr?ie=UTF8,4,It’s a good product,R2ISU6HWJLDXQP,https://www.amazon.in/gp/customer-reviews/R2ISU6HWJLDXQP/ref=cm_cr_othr_d_rvw_ttl?ie=UTF8&ASIN=B0CNXW42H8,,"Nice product, quality is good",True,False,[],2024-10-10,22,,[],,,https://www.amazon.in/product-reviews/B0CNXW42H8?pageNumber=3&filterByStar=all_stars&sortBy=helpful&formatType=all_formats&asin=B0CNXW42H8&reftag=cm_cr_arp_d_paging_btm_next_3&scope=reviewsAjax0,allStars,,B0CNXW42H8,B0CNXW42H8,B0CNXW42H8,"{'price': None, 'listPrice': None}",https://www.amazon.in//Portronics-Wireless-Bluetooth-Playtime-Technology/dp/B0CNXW42H8/ref=zg_bs_g_1389365031_d_sccl_8/262-4334605-4855948?psc=1,India,
Reviewed in India on 6 September 2024,amzn1.account.AGPGOYEOCFJBDIMD4IKKNI7PAWQQ,https://www.amazon.in/gp/profile/amzn1.account.AGPGOYEOCFJBDIMD4IKKNI7PAWQQ/ref=cm_cr_othr_d_gw_tr?ie=UTF8,4,Speaker quality,R1B6F8X283I0XX,https://www.amazon.in/gp/customer-reviews/R1B6F8X283I0XX/ref=cm_cr_othr_d_rvw_ttl?ie=UTF8&ASIN=B0CNXW42H8,2 people found this helpful,Sound quality is good but only for small room. Mic system is awesome. RGB lighting affect looks so impressive,True,False,[],2024-09-06,23,,[],,,https://www.amazon.in/product-reviews/B0CNXW42H8?pageNumber=3&filterByStar=all_stars&sortBy=helpful&formatType=all_formats&asin=B0CNXW42H8&reftag=cm_cr_arp_d_paging_btm_next_3&scope=reviewsAjax0,allStars,,B0CNXW42H8,B0CNXW42H8,B0CNXW42H8,"{'price': None, 'listPrice': None}",https://www.amazon.in//Portronics-Wireless-Bluetooth-Playtime-Technology/dp/B0CNXW42H8/ref=zg_bs_g_1389365031_d_sccl_8/262-4334605-4855948?psc=1,India,
Reviewed in India on 6 November 2024,amzn1.account.AGO6HWCIS2DLDYGKTGJAQBJUBZLQ,https://www.amazon.in/gp/profile/amzn1.account.AGO6HWCIS2DLDYGKTGJAQBJUBZLQ/ref=cm_cr_othr_d_gw_tr?ie=UTF8,5,Amazing sound quality and loudness,R33CA1O5CI6INC,https://www.amazon.in/gp/customer-reviews/R33CA1O5CI6INC/ref=cm_cr_othr_d_rvw_ttl?ie=UTF8&ASIN=B0CNXW42H8,,"The speaker is an all rounder, be it sound quality, bass, loudness, and vocals. Sound is clear even at higher volumes. The mic provided is cherry on top. Highly recommended speaker around 5k!",True,False,[],2024-11-06,24,,[],,,https://www.amazon.in/product-reviews/B0CNXW42H8?pageNumber=3&filterByStar=all_stars&sortBy=helpful&formatType=all_formats&asin=B0CNXW42H8&reftag=cm_cr_arp_d_paging_btm_next_3&scope=reviewsAjax0,allStars,,B0CNXW42H8,B0CNXW42H8,B0CNXW42H8,"{'price': None, 'listPrice': None}",https://www.amazon.in//Portronics-Wireless-Bluetooth-Playtime-Technology/dp/B0CNXW42H8/ref=zg_bs_g_1389365031_d_sccl_8/262-4334605-4855948?psc=1,India,
Reviewed in India on 31 July 2024,amzn1.account.AHIVHSZM2SDAARV7NIEKNQUXYKSA,https://www.amazon.in/gp/profile/amzn1.account.AHIVHSZM2SDAARV7NIEKNQUXYKSA/ref=cm_cr_othr_d_gw_tr?ie=UTF8,5,Best loud party speaker,RX5YU6QJUF3WJ,https://www.amazon.in/gp/customer-reviews/RX5YU6QJUF3WJ/ref=cm_cr_othr_d_rvw_ttl?ie=UTF8&ASIN=B0CNXW42H8,,Build quality is great and battery backup is fantastic really enjoyed itEasy to carry and premium product,True,False,[],2024-07-31,65,,[],,,https://www.amazon.in/product-reviews/B0CNXW42H8?pageNumber=9&filterByStar=all_stars&sortBy=helpful&formatType=all_formats&asin=B0CNXW42H8&reftag=cm_cr_arp_d_paging_btm_next_9&scope=reviewsAjax0,allStars,,B0CNXW42H8,B0CNXW42H8,B0CNXW42H8,"{'price': None, 'listPrice': None}",https://www.amazon.in//Portronics-Wireless-Bluetooth-Playtime-Technology/dp/B0CNXW42H8/ref=zg_bs_g_1389365031_d_sccl_8/262-4334605-4855948?psc=1,India,
Reviewed in India on 6 August 2024,amzn1.account.AERTWPVG26KHQHLSP24RVGIBQXRA,https://www.amazon.in/gp/profile/amzn1.account.AERTWPVG26KHQHLSP24RVGIBQXRA/ref=cm_cr_othr_d_gw_tr?ie=UTF8,5,Good product for house parties,R1UJJTES3K9B3N,https://www.amazon.in/gp/customer-reviews/R1UJJTES3K9B3N/ref=cm_cr_othr_d_rvw_ttl?ie=UTF8&ASIN=B0CNXW42H8,,Loved the productGood build quality and works just fine,True,False,[],2024-08-06,66,,[],,,https://www.amazon.in/product-reviews/B0CNXW42H8?pageNumber=9&filterByStar=all_stars&sortBy=helpful&formatType=all_formats&asin=B0CNXW42H8&reftag=cm_cr_arp_d_paging_btm_next_9&scope=reviewsAjax0,allStars,,B0CNXW42H8,B0CNXW42H8,B0CNXW42H8,"{'price': None, 'listPrice': None}",https://www.amazon.in//Portronics-Wireless-Bluetooth-Playtime-Technology/dp/B0CNXW42H8/ref=zg_bs_g_1389365031_d_sccl_8/262-4334605-4855948?psc=1,India,
Reviewed in India on 25 April 2024,amzn1.account.AFEC75KL2LDXOBUXPTBOZXEH6JNA,https://www.amazon.in/gp/profile/amzn1.account.AFEC75KL2LDXOBUXPTBOZXEH6JNA/ref=cm_cr_othr_d_gw_tr?ie=UTF8,4,Good product,R1DJWVAS6W0AY,https://www.amazon.in/gp/customer-reviews/R1DJWVAS6W0AY/ref=cm_cr_othr_d_rvw_ttl?ie=UTF8&ASIN=B0CNXW42H8,,Compact and easy to use. Good performance and sound.,True,False,[],2024-04-25,67,,[],,,https://www.amazon.in/product-reviews/B0CNXW42H8?pageNumber=9&filterByStar=all_stars&sortBy=helpful&formatType=all_formats&asin=B0CNXW42H8&reftag=cm_cr_arp_d_paging_btm_next_9&scope=reviewsAjax0,allStars,,B0CNXW42H8,B0CNXW42H8,B0CNXW42H8,"{'price': None, 'listPrice': None}",https://www.amazon.in//Portronics-Wireless-Bluetooth-Playtime-Technology/dp/B0CNXW42H8/ref=zg_bs_g_1389365031_d_sccl_8/262-4334605-4855948?psc=1,India,
Reviewed in India on 22 August 2024,amzn1.account.AG5IHTKU4N6IMI7BBX6FTHGWVVRQ,https://www.amazon.in/gp/profile/amzn1.account.AG5IHTKU4N6IMI7BBX6FTHGWVVRQ/ref=cm_cr_othr_d_gw_tr?ie=UTF8,5,Fantastic..,R28XG3HJQ0K7ZC,https://www.amazon.in/gp/customer-reviews/R28XG3HJQ0K7ZC/ref=cm_cr_othr_d_rvw_ttl?ie=UTF8&ASIN=B0CNXW42H8,,Superb performance,True,False,[],2024-08-22,68,,[],,,https://www.amazon.in/product-reviews/B0CNXW42H8?pageNumber=9&filterByStar=all_stars&sortBy=helpful&formatType=all_formats&asin=B0CNXW42H8&reftag=cm_cr_arp_d_paging_btm_next_9&scope=reviewsAjax0,allStars,,B0CNXW42H8,B0CNXW42H8,B0CNXW42H8,"{'price': None, 'listPrice': None}",https://www.amazon.in//Portronics-Wireless-Bluetooth-Playtime-Technology/dp/B0CNXW42H8/ref=zg_bs_g_1389365031_d_sccl_8/262-4334605-4855948?psc=1,India,
Reviewed in India on 22 August 2024,amzn1.account.AE7PRJACASS42G7IT4MVL7SVDTQQ,https://www.amazon.in/gp/profile/amzn1.account.AE7PRJACASS42G7IT4MVL7SVDTQQ/ref=cm_cr_othr_d_gw_tr?ie=UTF8,5,Good product. Nice sound quality,RMQOFBW02IBRX,https://www.amazon.in/gp/customer-reviews/RMQOFBW02IBRX/ref=cm_cr_othr_d_rvw_ttl?ie=UTF8&ASIN=B0CNXW42H8,,Mic quality,True,False,[],2024-08-22,69,,[],,,https://www.amazon.in/product-reviews/B0CNXW42H8?pageNumber=9&filterByStar=all_stars&sortBy=helpful&formatType=all_formats&asin=B0CNXW42H8&reftag=cm_cr_arp_d_paging_btm_next_9&scope=reviewsAjax0,allStars,,B0CNXW42H8,B0CNXW42H8,B0CNXW42H8,"{'price': None, 'listPrice': None}",https://www.amazon.in//Portronics-Wireless-Bluetooth-Playtime-Technology/dp/B0CNXW42H8/ref=zg_bs_g_1389365031_d_sccl_8/262-4334605-4855948?psc=1,India,
Reviewed in India on 22 August 2024,amzn1.account.AH76AX7T3ORN4BONXBHBJE7FB2LQ,https://www.amazon.in/gp/profile/amzn1.account.AH76AX7T3ORN4BONXBHBJE7FB2LQ/ref=cm_cr_othr_d_gw_tr?ie=UTF8,5,Best product,R1OJGCOZY0G6U9,https://www.amazon.in/gp/customer-reviews/R1OJGCOZY0G6U9/ref=cm_cr_othr_d_rvw_ttl?ie=UTF8&ASIN=B0CNXW42H8,,Good product,True,False,[],2024-08-22,70,,[],,,https://www.amazon.in/product-reviews/B0CNXW42H8?pageNumber=9&filterByStar=all_stars&sortBy=helpful&formatType=all_formats&asin=B0CNXW42H8&reftag=cm_cr_arp_d_paging_btm_next_9&scope=reviewsAjax0,allStars,,B0CNXW42H8,B0CNXW42H8,B0CNXW42H8,"{'price': None, 'listPrice': None}",https://www.amazon.in//Portronics-Wireless-Bluetooth-Playtime-Technology/dp/B0CNXW42H8/ref=zg_bs_g_1389365031_d_sccl_8/262-4334605-4855948?psc=1,India,
Reviewed in India on 7 May 2024,amzn1.account.AHO5VL2WFHMXHIAFWWBHTAGEQL7A,https://www.amazon.in/gp/profile/amzn1.account.AHO5VL2WFHMXHIAFWWBHTAGEQL7A/ref=cm_cr_othr_d_gw_tr?ie=UTF8,4,Looks of the speaker,R35M4I04UDNC18,https://www.amazon.in/gp/customer-reviews/R35M4I04UDNC18/ref=cm_cr_othr_d_rvw_ttl?ie=UTF8&ASIN=B0CNXW42H8,,Amazing product,True,False,[],2024-05-07,71,,[],,,https://www.amazon.in/product-reviews/B0CNXW42H8?pageNumber=9&filterByStar=all_stars&sortBy=helpful&formatType=all_formats&asin=B0CNXW42H8&reftag=cm_cr_arp_d_paging_btm_next_9&scope=reviewsAjax0,allStars,,B0CNXW42H8,B0CNXW42H8,B0CNXW42H8,"{'price': None, 'listPrice': None}",https://www.amazon.in//Portronics-Wireless-Bluetooth-Playtime-Technology/dp/B0CNXW42H8/ref=zg_bs_g_1389365031_d_sccl_8/262-4334605-4855948?psc=1,India,
Reviewed in India on 31 July 2024,amzn1.account.AHYX3ZKAO3DZKOYGR4OLWAQWNFLQ,https://www.amazon.in/gp/profile/amzn1.account.AHYX3ZKAO3DZKOYGR4OLWAQWNFLQ/ref=cm_cr_othr_d_gw_tr?ie=UTF8,5,Good sound quality gr8 kaaraoke,R2ZAODJRSVU2CY,https://www.amazon.in/gp/customer-reviews/R2ZAODJRSVU2CY/ref=cm_cr_othr_d_rvw_ttl?ie=UTF8&ASIN=B0CNXW42H8,,Good battery backup portability sound qualityDurabilityHowever best base by additional woofers,True,False,[],2024-07-31,72,,[],,,https://www.amazon.in/product-reviews/B0CNXW42H8?pageNumber=9&filterByStar=all_stars&sortBy=helpful&formatType=all_formats&asin=B0CNXW42H8&reftag=cm_cr_arp_d_paging_btm_next_9&scope=reviewsAjax0,allStars,,B0CNXW42H8,B0CNXW42H8,B0CNXW42H8,"{'price': None, 'listPrice': None}",https://www.amazon.in//Portronics-Wireless-Bluetooth-Playtime-Technology/dp/B0CNXW42H8/ref=zg_bs_g_1389365031_d_sccl_8/262-4334605-4855948?psc=1,India,
Reviewed in India on 8 October 2024,amzn1.account.AF33IKRAVA6URGN4FDYONCDZSVYQ,https://www.amazon.in/gp/profile/amzn1.account.AF33IKRAVA6URGN4FDYONCDZSVYQ/ref=cm_cr_othr_d_gw_tr?ie=UTF8,5,Quality & Sound,RXLNTV67FX4XL,https://www.amazon.in/gp/customer-reviews/RXLNTV67FX4XL/ref=cm_cr_othr_d_rvw_ttl?ie=UTF8&ASIN=B0CNXW42H8,,Excellent product at reasonable price… worth it….,True,False,[],2024-10-08,41,,[],,,https://www.amazon.in/product-reviews/B0CNXW42H8?pageNumber=6&filterByStar=all_stars&sortBy=helpful&formatType=all_formats&asin=B0CNXW42H8&reftag=cm_cr_arp_d_paging_btm_next_6&scope=reviewsAjax0,allStars,,B0CNXW42H8,B0CNXW42H8,B0CNXW42H8,"{'price': None, 'listPrice': None}",https://www.amazon.in//Portronics-Wireless-Bluetooth-Playtime-Technology/dp/B0CNXW42H8/ref=zg_bs_g_1389365031_d_sccl_8/262-4334605-4855948?psc=1,India,
Reviewed in India on 20 October 2024,amzn1.account.AHI7HJGXJ5GDZQ5HSTLUYRXPJ7CA,https://www.amazon.in/gp/profile/amzn1.account.AHI7HJGXJ5GDZQ5HSTLUYRXPJ7CA/ref=cm_cr_othr_d_gw_tr?ie=UTF8,5,"Goo product, but FM not good",RTBP5WAUUCF1P,https://www.amazon.in/gp/customer-reviews/RTBP5WAUUCF1P/ref=cm_cr_othr_d_rvw_ttl?ie=UTF8&ASIN=B0CNXW42H8,,"The media could not be loaded.
                
            
                
            
        
    
    








  
  
     Nice speaker,Nice mic,audio,great for home party,Kirtan,ladies sangeet etc .FM very bad",True,False,"['https://m.media-amazon.com/images/I/71EYlFPEjYL._SY88.jpg', 'https://m.media-amazon.com/images/I/71XGEchmJEL._SY88.jpg']",2024-10-20,42,,[],,,https://www.amazon.in/product-reviews/B0CNXW42H8?pageNumber=6&filterByStar=all_stars&sortBy=helpful&formatType=all_formats&asin=B0CNXW42H8&reftag=cm_cr_arp_d_paging_btm_next_6&scope=reviewsAjax0,allStars,,B0CNXW42H8,B0CNXW42H8,B0CNXW42H8,"{'price': None, 'listPrice': None}",https://www.amazon.in//Portronics-Wireless-Bluetooth-Playtime-Technology/dp/B0CNXW42H8/ref=zg_bs_g_1389365031_d_sccl_8/262-4334605-4855948?psc=1,India,
Reviewed in India on 5 September 2024,amzn1.account.AFGXXKKKC6JRAT2SEH3LQJGO34VA,https://www.amazon.in/gp/profile/amzn1.account.AFGXXKKKC6JRAT2SEH3LQJGO34VA/ref=cm_cr_othr_d_gw_tr?ie=UTF8,3,Average,R2H1YSPWEV6FHJ,https://www.amazon.in/gp/customer-reviews/R2H1YSPWEV6FHJ/ref=cm_cr_othr_d_rvw_ttl?ie=UTF8&ASIN=B0CNXW42H8,One person found this helpful,Not bad but average. In same price range you will get good JBL speaker ofcourse not with mic or lights but its your choice whether you need premium sound quality or average sound quality,True,False,[],2024-09-05,43,,[],,,https://www.amazon.in/product-reviews/B0CNXW42H8?pageNumber=6&filterByStar=all_stars&sortBy=helpful&formatType=all_formats&asin=B0CNXW42H8&reftag=cm_cr_arp_d_paging_btm_next_6&scope=reviewsAjax0,allStars,,B0CNXW42H8,B0CNXW42H8,B0CNXW42H8,"{'price': None, 'listPrice': None}",https://www.amazon.in//Portronics-Wireless-Bluetooth-Playtime-Technology/dp/B0CNXW42H8/ref=zg_bs_g_1389365031_d_sccl_8/262-4334605-4855948?psc=1,India,
Reviewed in India on 10 October 2024,amzn1.account.AFGMVOGO3IY3GM5BSDRKSNCTXBCQ,https://www.amazon.in/gp/profile/amzn1.account.AFGMVOGO3IY3GM5BSDRKSNCTXBCQ/ref=cm_cr_othr_d_gw_tr?ie=UTF8,5,Good,R1Y9QCLI0WP30N,https://www.amazon.in/gp/customer-reviews/R1Y9QCLI0WP30N/ref=cm_cr_othr_d_rvw_ttl?ie=UTF8&ASIN=B0CNXW42H8,,Good products,True,False,[],2024-10-10,44,,[],,,https://www.amazon.in/product-reviews/B0CNXW42H8?pageNumber=6&filterByStar=all_stars&sortBy=helpful&formatType=all_formats&asin=B0CNXW42H8&reftag=cm_cr_arp_d_paging_btm_next_6&scope=reviewsAjax0,allStars,,B0CNXW42H8,B0CNXW42H8,B0CNXW42H8,"{'price': None, 'listPrice': None}",https://www.amazon.in//Portronics-Wireless-Bluetooth-Playtime-Technology/dp/B0CNXW42H8/ref=zg_bs_g_1389365031_d_sccl_8/262-4334605-4855948?psc=1,India,
Reviewed in India on 10 October 2024,amzn1.account.AELQB5QJIV4Y7WQCDSE6FJ5EFGYQ,https://www.amazon.in/gp/profile/amzn1.account.AELQB5QJIV4Y7WQCDSE6FJ5EFGYQ/ref=cm_cr_othr_d_gw_tr?ie=UTF8,5,Good product,RJX3HUCCZ6PY5,https://www.amazon.in/gp/customer-reviews/RJX3HUCCZ6PY5/ref=cm_cr_othr_d_rvw_ttl?ie=UTF8&ASIN=B0CNXW42H8,One person found this helpful,Good product,True,False,[],2024-10-10,45,,[],,,https://www.amazon.in/product-reviews/B0CNXW42H8?pageNumber=6&filterByStar=all_stars&sortBy=helpful&formatType=all_formats&asin=B0CNXW42H8&reftag=cm_cr_arp_d_paging_btm_next_6&scope=reviewsAjax0,allStars,,B0CNXW42H8,B0CNXW42H8,B0CNXW42H8,"{'price': None, 'listPrice': None}",https://www.amazon.in//Portronics-Wireless-Bluetooth-Playtime-Technology/dp/B0CNXW42H8/ref=zg_bs_g_1389365031_d_sccl_8/262-4334605-4855948?psc=1,India,
Reviewed in India on 30 August 2024,amzn1.account.AERP4M732MXG5BYV2AG5COVIBOVA,https://www.amazon.in/gp/profile/amzn1.account.AERP4M732MXG5BYV2AG5COVIBOVA/ref=cm_cr_othr_d_gw_tr?ie=UTF8,5,Excellent product and on time delivery,R1ZKP8B8H6ARGZ,https://www.amazon.in/gp/customer-reviews/R1ZKP8B8H6ARGZ/ref=cm_cr_othr_d_rvw_ttl?ie=UTF8&ASIN=B0CNXW42H8,,Product performance and Delivery experience was wonderfull. Value for money product. Have bought 2 pieces as of now..planing to buy 3rd one for family and friends.,True,False,[],2024-08-30,46,,[],,,https://www.amazon.in/product-reviews/B0CNXW42H8?pageNumber=6&filterByStar=all_stars&sortBy=helpful&formatType=all_formats&asin=B0CNXW42H8&reftag=cm_cr_arp_d_paging_btm_next_6&scope=reviewsAjax0,allStars,,B0CNXW42H8,B0CNXW42H8,B0CNXW42H8,"{'price': None, 'listPrice': None}",https://www.amazon.in//Portronics-Wireless-Bluetooth-Playtime-Technology/dp/B0CNXW42H8/ref=zg_bs_g_1389365031_d_sccl_8/262-4334605-4855948?psc=1,India,
Reviewed in India on 30 September 2024,amzn1.account.AF72DJ5DWUFVDVDHYXJX2SKFPAKQ,https://www.amazon.in/gp/profile/amzn1.account.AF72DJ5DWUFVDVDHYXJX2SKFPAKQ/ref=cm_cr_othr_d_gw_tr?ie=UTF8,5,Amazing product,R1TNN3ZV87D4PK,https://www.amazon.in/gp/customer-reviews/R1TNN3ZV87D4PK/ref=cm_cr_othr_d_rvw_ttl?ie=UTF8&ASIN=B0CNXW42H8,2 people found this helpful,Super bassSuper soundGood bluetoothValue for money,True,False,[],2024-09-30,47,,[],,,https://www.amazon.in/product-reviews/B0CNXW42H8?pageNumber=6&filterByStar=all_stars&sortBy=helpful&formatType=all_formats&asin=B0CNXW42H8&reftag=cm_cr_arp_d_paging_btm_next_6&scope=reviewsAjax0,allStars,,B0CNXW42H8,B0CNXW42H8,B0CNXW42H8,"{'price': None, 'listPrice': None}",https://www.amazon.in//Portronics-Wireless-Bluetooth-Playtime-Technology/dp/B0CNXW42H8/ref=zg_bs_g_1389365031_d_sccl_8/262-4334605-4855948?psc=1,India,
Reviewed in India on 3 October 2024,amzn1.account.AFTPDLAT3MO6JBON3GD2V5NCJPLA,https://www.amazon.in/gp/profile/amzn1.account.AFTPDLAT3MO6JBON3GD2V5NCJPLA/ref=cm_cr_othr_d_gw_tr?ie=UTF8,5,Simply great,R2U2RMQWF6Y0L3,https://www.amazon.in/gp/customer-reviews/R2U2RMQWF6Y0L3/ref=cm_cr_othr_d_rvw_ttl?ie=UTF8&ASIN=B0CNXW42H8,,Excellent,True,False,[],2024-10-03,48,,[],,,https://www.amazon.in/product-reviews/B0CNXW42H8?pageNumber=6&filterByStar=all_stars&sortBy=helpful&formatType=all_formats&asin=B0CNXW42H8&reftag=cm_cr_arp_d_paging_btm_next_6&scope=reviewsAjax0,allStars,,B0CNXW42H8,B0CNXW42H8,B0CNXW42H8,"{'price': None, 'listPrice': None}",https://www.amazon.in//Portronics-Wireless-Bluetooth-Playtime-Technology/dp/B0CNXW42H8/ref=zg_bs_g_1389365031_d_sccl_8/262-4334605-4855948?psc=1,India,
Reviewed in India on 23 August 2024,amzn1.account.AGWEX4LBDJKF64DW2I4MLYZTRYMA,https://www.amazon.in/gp/profile/amzn1.account.AGWEX4LBDJKF64DW2I4MLYZTRYMA/ref=cm_cr_othr_d_gw_tr?ie=UTF8,4,Fir quality  for  the  cost,R1PK8ISO4NB2OZ,https://www.amazon.in/gp/customer-reviews/R1PK8ISO4NB2OZ/ref=cm_cr_othr_d_rvw_ttl?ie=UTF8&ASIN=B0CNXW42H8,,"Ease of handling,  but essentially one or two person's job. Delicate, so as not to fritter  away  to  all and  sundry  in gatherings. Sound volume  and quality adequate.",True,False,[],2024-08-23,25,,[],,,https://www.amazon.in/product-reviews/B0CNXW42H8?pageNumber=4&filterByStar=all_stars&sortBy=helpful&formatType=all_formats&asin=B0CNXW42H8&reftag=cm_cr_arp_d_paging_btm_next_4&scope=reviewsAjax0,allStars,,B0CNXW42H8,B0CNXW42H8,B0CNXW42H8,"{'price': None, 'listPrice': None}",https://www.amazon.in//Portronics-Wireless-Bluetooth-Playtime-Technology/dp/B0CNXW42H8/ref=zg_bs_g_1389365031_d_sccl_8/262-4334605-4855948?psc=1,India,
Reviewed in India on 12 October 2024,amzn1.account.AE5VDVDI6RMGSLLQSMLMKWMPCAMQ,https://www.amazon.in/gp/profile/amzn1.account.AE5VDVDI6RMGSLLQSMLMKWMPCAMQ/ref=cm_cr_othr_d_gw_tr?ie=UTF8,5,One of the best Karaoke speaker with wireless mic at this price range.,R24DUZ6W034SWL,https://www.amazon.in/gp/customer-reviews/R24DUZ6W034SWL/ref=cm_cr_othr_d_rvw_ttl?ie=UTF8&ASIN=B0CNXW42H8,,"One of the best Karaoke speaker with wireless mic at this price range. The sound quality is really good with zero distortion even at maximum volume. To top it up, the battery backup is one of the best as well.keep up the amazing work portronics.",True,False,[],2024-10-12,26,,[],,,https://www.amazon.in/product-reviews/B0CNXW42H8?pageNumber=4&filterByStar=all_stars&sortBy=helpful&formatType=all_formats&asin=B0CNXW42H8&reftag=cm_cr_arp_d_paging_btm_next_4&scope=reviewsAjax0,allStars,,B0CNXW42H8,B0CNXW42H8,B0CNXW42H8,"{'price': None, 'listPrice': None}",https://www.amazon.in//Portronics-Wireless-Bluetooth-Playtime-Technology/dp/B0CNXW42H8/ref=zg_bs_g_1389365031_d_sccl_8/262-4334605-4855948?psc=1,India,
Reviewed in India on 10 October 2024,amzn1.account.AHK2UYEGHN6IZYUVSRB24EAYLMLQ,https://www.amazon.in/gp/profile/amzn1.account.AHK2UYEGHN6IZYUVSRB24EAYLMLQ/ref=cm_cr_othr_d_gw_tr?ie=UTF8,5,Nice sound quality for the price,R107ITR3QMUUCT,https://www.amazon.in/gp/customer-reviews/R107ITR3QMUUCT/ref=cm_cr_othr_d_rvw_ttl?ie=UTF8&ASIN=B0CNXW42H8,,"The design, sound quality and ease of use is very excellent for the price range of the product and best thing is we can take it anywhere while travelling cause of its small size",True,False,[],2024-10-10,27,,[],,,https://www.amazon.in/product-reviews/B0CNXW42H8?pageNumber=4&filterByStar=all_stars&sortBy=helpful&formatType=all_formats&asin=B0CNXW42H8&reftag=cm_cr_arp_d_paging_btm_next_4&scope=reviewsAjax0,allStars,,B0CNXW42H8,B0CNXW42H8,B0CNXW42H8,"{'price': None, 'listPrice': None}",https://www.amazon.in//Portronics-Wireless-Bluetooth-Playtime-Technology/dp/B0CNXW42H8/ref=zg_bs_g_1389365031_d_sccl_8/262-4334605-4855948?psc=1,India,
Reviewed in India on 24 November 2024,amzn1.account.AHY2RLTKBRGKQSNQ6LT4MFC7W5WQ,https://www.amazon.in/gp/profile/amzn1.account.AHY2RLTKBRGKQSNQ6LT4MFC7W5WQ/ref=cm_cr_othr_d_gw_tr?ie=UTF8,5,Good Sound and good bluetooth connectivity,R3GUIZRO11QUSO,https://www.amazon.in/gp/customer-reviews/R3GUIZRO11QUSO/ref=cm_cr_othr_d_rvw_ttl?ie=UTF8&ASIN=B0CNXW42H8,One person found this helpful,"The media could not be loaded.
                
            
                
            
        
    
    








  
  
     Good sound and good bluetooth connectivity",True,False,[],2024-11-24,28,,[],,,https://www.amazon.in/product-reviews/B0CNXW42H8?pageNumber=4&filterByStar=all_stars&sortBy=helpful&formatType=all_formats&asin=B0CNXW42H8&reftag=cm_cr_arp_d_paging_btm_next_4&scope=reviewsAjax0,allStars,,B0CNXW42H8,B0CNXW42H8,B0CNXW42H8,"{'price': None, 'listPrice': None}",https://www.amazon.in//Portronics-Wireless-Bluetooth-Playtime-Technology/dp/B0CNXW42H8/ref=zg_bs_g_1389365031_d_sccl_8/262-4334605-4855948?psc=1,India,
Reviewed in India on 4 November 2024,amzn1.account.AEUBEJR3NSLTYRB3XOQAEE5O2H4Q,https://www.amazon.in/gp/profile/amzn1.account.AEUBEJR3NSLTYRB3XOQAEE5O2H4Q/ref=cm_cr_othr_d_gw_tr?ie=UTF8,5,Best Purchase!!,R195SE1LS5AL4T,https://www.amazon.in/gp/customer-reviews/R195SE1LS5AL4T/ref=cm_cr_othr_d_rvw_ttl?ie=UTF8&ASIN=B0CNXW42H8,,"The media could not be loaded.
                
            
                
            
        
    
    








  
  
     Amazing Sound Quality!! The balance of bass and treble is good too...Sturdy, nicely built product!!",True,False,[],2024-11-04,29,,[],,,https://www.amazon.in/product-reviews/B0CNXW42H8?pageNumber=4&filterByStar=all_stars&sortBy=helpful&formatType=all_formats&asin=B0CNXW42H8&reftag=cm_cr_arp_d_paging_btm_next_4&scope=reviewsAjax0,allStars,,B0CNXW42H8,B0CNXW42H8,B0CNXW42H8,"{'price': None, 'listPrice': None}",https://www.amazon.in//Portronics-Wireless-Bluetooth-Playtime-Technology/dp/B0CNXW42H8/ref=zg_bs_g_1389365031_d_sccl_8/262-4334605-4855948?psc=1,India,
Reviewed in India on 20 August 2024,amzn1.account.AHO262TMR37NDNLTOF677RSRHUYQ,https://www.amazon.in/gp/profile/amzn1.account.AHO262TMR37NDNLTOF677RSRHUYQ/ref=cm_cr_othr_d_gw_tr?ie=UTF8,4,Great,R2KBXJKQIFZO8E,https://www.amazon.in/gp/customer-reviews/R2KBXJKQIFZO8E/ref=cm_cr_othr_d_rvw_ttl?ie=UTF8&ASIN=B0CNXW42H8,One person found this helpful,Great,True,False,[],2024-08-20,30,,[],,,https://www.amazon.in/product-reviews/B0CNXW42H8?pageNumber=4&filterByStar=all_stars&sortBy=helpful&formatType=all_formats&asin=B0CNXW42H8&reftag=cm_cr_arp_d_paging_btm_next_4&scope=reviewsAjax0,allStars,,B0CNXW42H8,B0CNXW42H8,B0CNXW42H8,"{'price': None, 'listPrice': None}",https://www.amazon.in//Portronics-Wireless-Bluetooth-Playtime-Technology/dp/B0CNXW42H8/ref=zg_bs_g_1389365031_d_sccl_8/262-4334605-4855948?psc=1,India,
Reviewed in India on 5 August 2024,amzn1.account.AERC5GSYQW6QFI3FKMRAMXJMOMAQ,https://www.amazon.in/gp/profile/amzn1.account.AERC5GSYQW6QFI3FKMRAMXJMOMAQ/ref=cm_cr_othr_d_gw_tr?ie=UTF8,4,Nice product,RGFQ4IFE20915,https://www.amazon.in/gp/customer-reviews/RGFQ4IFE20915/ref=cm_cr_othr_d_rvw_ttl?ie=UTF8&ASIN=B0CNXW42H8,,Sound and mic quality is good,True,False,['https://m.media-amazon.com/images/I/71-EqcbCm7L._SY88.jpg'],2024-08-05,31,,[],,,https://www.amazon.in/product-reviews/B0CNXW42H8?pageNumber=4&filterByStar=all_stars&sortBy=helpful&formatType=all_formats&asin=B0CNXW42H8&reftag=cm_cr_arp_d_paging_btm_next_4&scope=reviewsAjax0,allStars,,B0CNXW42H8,B0CNXW42H8,B0CNXW42H8,"{'price': None, 'listPrice': None}",https://www.amazon.in//Portronics-Wireless-Bluetooth-Playtime-Technology/dp/B0CNXW42H8/ref=zg_bs_g_1389365031_d_sccl_8/262-4334605-4855948?psc=1,India,
Reviewed in India on 8 November 2024,amzn1.account.AGJB4ZU26KCXJY75RX4KSJA7JO7Q,https://www.amazon.in/gp/profile/amzn1.account.AGJB4ZU26KCXJY75RX4KSJA7JO7Q/ref=cm_cr_othr_d_gw_tr?ie=UTF8,5,Sing on,RNFAKVMH3JP36,https://www.amazon.in/gp/customer-reviews/RNFAKVMH3JP36/ref=cm_cr_othr_d_rvw_ttl?ie=UTF8&ASIN=B0CNXW42H8,,Good item,True,False,[],2024-11-08,32,,[],,,https://www.amazon.in/product-reviews/B0CNXW42H8?pageNumber=4&filterByStar=all_stars&sortBy=helpful&formatType=all_formats&asin=B0CNXW42H8&reftag=cm_cr_arp_d_paging_btm_next_4&scope=reviewsAjax0,allStars,,B0CNXW42H8,B0CNXW42H8,B0CNXW42H8,"{'price': None, 'listPrice': None}",https://www.amazon.in//Portronics-Wireless-Bluetooth-Playtime-Technology/dp/B0CNXW42H8/ref=zg_bs_g_1389365031_d_sccl_8/262-4334605-4855948?psc=1,India,
Reviewed in India on 20 August 2024,amzn1.account.AEJRJWH7K3CFPLWQEUGSTYP6S6QA,https://www.amazon.in/gp/profile/amzn1.account.AEJRJWH7K3CFPLWQEUGSTYP6S6QA/ref=cm_cr_othr_d_gw_tr?ie=UTF8,5,Its beast,R1P2FR1YB7Q60V,https://www.amazon.in/gp/customer-reviews/R1P2FR1YB7Q60V/ref=cm_cr_othr_d_rvw_ttl?ie=UTF8&ASIN=B0CNXW42H8,,The loudness is high with good bass and treable.5/5 From my side,True,False,[],2024-08-20,57,,[],,,https://www.amazon.in/product-reviews/B0CNXW42H8?pageNumber=8&filterByStar=all_stars&sortBy=helpful&formatType=all_formats&asin=B0CNXW42H8&reftag=cm_cr_arp_d_paging_btm_next_8&scope=reviewsAjax0,allStars,,B0CNXW42H8,B0CNXW42H8,B0CNXW42H8,"{'price': None, 'listPrice': None}",https://www.amazon.in//Portronics-Wireless-Bluetooth-Playtime-Technology/dp/B0CNXW42H8/ref=zg_bs_g_1389365031_d_sccl_8/262-4334605-4855948?psc=1,India,
Reviewed in India on 27 May 2024,amzn1.account.AFTVIFUDFLPJEVHB5RR3VIEUBZTA,https://www.amazon.in/gp/profile/amzn1.account.AFTVIFUDFLPJEVHB5RR3VIEUBZTA/ref=cm_cr_othr_d_gw_tr?ie=UTF8,4,Dash 4,RZEX6BMICVPH6,https://www.amazon.in/gp/customer-reviews/RZEX6BMICVPH6/ref=cm_cr_othr_d_rvw_ttl?ie=UTF8&ASIN=B0CNXW42H8,,Good one,True,False,[],2024-05-27,58,,[],,,https://www.amazon.in/product-reviews/B0CNXW42H8?pageNumber=8&filterByStar=all_stars&sortBy=helpful&formatType=all_formats&asin=B0CNXW42H8&reftag=cm_cr_arp_d_paging_btm_next_8&scope=reviewsAjax0,allStars,,B0CNXW42H8,B0CNXW42H8,B0CNXW42H8,"{'price': None, 'listPrice': None}",https://www.amazon.in//Portronics-Wireless-Bluetooth-Playtime-Technology/dp/B0CNXW42H8/ref=zg_bs_g_1389365031_d_sccl_8/262-4334605-4855948?psc=1,India,
Reviewed in India on 20 October 2024,amzn1.account.AG7SNISPO7SH6ZTTGXTWNISCXONA,https://www.amazon.in/gp/profile/amzn1.account.AG7SNISPO7SH6ZTTGXTWNISCXONA/ref=cm_cr_othr_d_gw_tr?ie=UTF8,2,Product failure within six months and poor service support,R1I4J36WWG4IG4,https://www.amazon.in/gp/customer-reviews/R1I4J36WWG4IG4/ref=cm_cr_othr_d_rvw_ttl?ie=UTF8&ASIN=B0CNXW42H8,2 people found this helpful,"Within six months charging system failed. No email support. When customer support was contacted, they mentioned that we have to send the product to their support centre and sending and receiving charges to be borne by us. Ridiculous. Amazon needs to intervene. What is the use of one year warranty. Once bought, customer becomes helpless.",True,False,[],2024-10-20,59,,[],,,https://www.amazon.in/product-reviews/B0CNXW42H8?pageNumber=8&filterByStar=all_stars&sortBy=helpful&formatType=all_formats&asin=B0CNXW42H8&reftag=cm_cr_arp_d_paging_btm_next_8&scope=reviewsAjax0,allStars,,B0CNXW42H8,B0CNXW42H8,B0CNXW42H8,"{'price': None, 'listPrice': None}",https://www.amazon.in//Portronics-Wireless-Bluetooth-Playtime-Technology/dp/B0CNXW42H8/ref=zg_bs_g_1389365031_d_sccl_8/262-4334605-4855948?psc=1,India,
Reviewed in India on 27 May 2024,amzn1.account.AGV5C56TWJGSJJY4YJ63S4EYTYXA,https://www.amazon.in/gp/profile/amzn1.account.AGV5C56TWJGSJJY4YJ63S4EYTYXA/ref=cm_cr_othr_d_gw_tr?ie=UTF8,4,Good sound quality,R2D54E8DZ8SHP2,https://www.amazon.in/gp/customer-reviews/R2D54E8DZ8SHP2/ref=cm_cr_othr_d_rvw_ttl?ie=UTF8&ASIN=B0CNXW42H8,,Like,True,False,[],2024-05-27,60,,[],,,https://www.amazon.in/product-reviews/B0CNXW42H8?pageNumber=8&filterByStar=all_stars&sortBy=helpful&formatType=all_formats&asin=B0CNXW42H8&reftag=cm_cr_arp_d_paging_btm_next_8&scope=reviewsAjax0,allStars,,B0CNXW42H8,B0CNXW42H8,B0CNXW42H8,"{'price': None, 'listPrice': None}",https://www.amazon.in//Portronics-Wireless-Bluetooth-Playtime-Technology/dp/B0CNXW42H8/ref=zg_bs_g_1389365031_d_sccl_8/262-4334605-4855948?psc=1,India,
Reviewed in India on 2 August 2024,amzn1.account.AE7WL3ESWHYTTJKUJZHYEUWDT7TA,https://www.amazon.in/gp/profile/amzn1.account.AE7WL3ESWHYTTJKUJZHYEUWDT7TA/ref=cm_cr_othr_d_gw_tr?ie=UTF8,5,Simply nice,ROZOP3NVPD6P4,https://www.amazon.in/gp/customer-reviews/ROZOP3NVPD6P4/ref=cm_cr_othr_d_rvw_ttl?ie=UTF8&ASIN=B0CNXW42H8,One person found this helpful,"Decent bass and volume, mic quality is also good we can control the mic volume in the mic,rgb lights gives a party mood",True,False,['https://m.media-amazon.com/images/I/61o8DQ8rKtL._SY88.jpg'],2024-08-02,61,,[],,,https://www.amazon.in/product-reviews/B0CNXW42H8?pageNumber=8&filterByStar=all_stars&sortBy=helpful&formatType=all_formats&asin=B0CNXW42H8&reftag=cm_cr_arp_d_paging_btm_next_8&scope=reviewsAjax0,allStars,,B0CNXW42H8,B0CNXW42H8,B0CNXW42H8,"{'price': None, 'listPrice': None}",https://www.amazon.in//Portronics-Wireless-Bluetooth-Playtime-Technology/dp/B0CNXW42H8/ref=zg_bs_g_1389365031_d_sccl_8/262-4334605-4855948?psc=1,India,
Reviewed in India on 22 August 2024,amzn1.account.AGYC3Y7STFGFEVDCIA3Z2DUBHWWQ,https://www.amazon.in/gp/profile/amzn1.account.AGYC3Y7STFGFEVDCIA3Z2DUBHWWQ/ref=cm_cr_othr_d_gw_tr?ie=UTF8,5,Product feedback,R384542L159C44,https://www.amazon.in/gp/customer-reviews/R384542L159C44/ref=cm_cr_othr_d_rvw_ttl?ie=UTF8&ASIN=B0CNXW42H8,One person found this helpful,"Great product l, with great sound quality and lightings",True,False,[],2024-08-22,62,,[],,,https://www.amazon.in/product-reviews/B0CNXW42H8?pageNumber=8&filterByStar=all_stars&sortBy=helpful&formatType=all_formats&asin=B0CNXW42H8&reftag=cm_cr_arp_d_paging_btm_next_8&scope=reviewsAjax0,allStars,,B0CNXW42H8,B0CNXW42H8,B0CNXW42H8,"{'price': None, 'listPrice': None}",https://www.amazon.in//Portronics-Wireless-Bluetooth-Playtime-Technology/dp/B0CNXW42H8/ref=zg_bs_g_1389365031_d_sccl_8/262-4334605-4855948?psc=1,India,
Reviewed in India on 22 August 2024,amzn1.account.AHZSKUPFXAWUFRKORWGX3URGV4EA,https://www.amazon.in/gp/profile/amzn1.account.AHZSKUPFXAWUFRKORWGX3URGV4EA/ref=cm_cr_othr_d_gw_tr?ie=UTF8,5,Super se uper party speaker,R2I9OQ2SEEBFP4,https://www.amazon.in/gp/customer-reviews/R2I9OQ2SEEBFP4/ref=cm_cr_othr_d_rvw_ttl?ie=UTF8&ASIN=B0CNXW42H8,,Very nice qualityEntertainment piece for family,True,False,[],2024-08-22,63,,[],,,https://www.amazon.in/product-reviews/B0CNXW42H8?pageNumber=8&filterByStar=all_stars&sortBy=helpful&formatType=all_formats&asin=B0CNXW42H8&reftag=cm_cr_arp_d_paging_btm_next_8&scope=reviewsAjax0,allStars,,B0CNXW42H8,B0CNXW42H8,B0CNXW42H8,"{'price': None, 'listPrice': None}",https://www.amazon.in//Portronics-Wireless-Bluetooth-Playtime-Technology/dp/B0CNXW42H8/ref=zg_bs_g_1389365031_d_sccl_8/262-4334605-4855948?psc=1,India,
Reviewed in India on 22 August 2024,amzn1.account.AEPJNYHH5JAHAVZO6UGNUHR4ZAHA,https://www.amazon.in/gp/profile/amzn1.account.AEPJNYHH5JAHAVZO6UGNUHR4ZAHA/ref=cm_cr_othr_d_gw_tr?ie=UTF8,5,Worth for money,R3GW34YHU6H2Z7,https://www.amazon.in/gp/customer-reviews/R3GW34YHU6H2Z7/ref=cm_cr_othr_d_rvw_ttl?ie=UTF8&ASIN=B0CNXW42H8,,Look and sound quality are too good,True,False,[],2024-08-22,64,,[],,,https://www.amazon.in/product-reviews/B0CNXW42H8?pageNumber=8&filterByStar=all_stars&sortBy=helpful&formatType=all_formats&asin=B0CNXW42H8&reftag=cm_cr_arp_d_paging_btm_next_8&scope=reviewsAjax0,allStars,,B0CNXW42H8,B0CNXW42H8,B0CNXW42H8,"{'price': None, 'listPrice': None}",https://www.amazon.in//Portronics-Wireless-Bluetooth-Playtime-Technology/dp/B0CNXW42H8/ref=zg_bs_g_1389365031_d_sccl_8/262-4334605-4855948?psc=1,India,
Reviewed in India on 6 August 2024,amzn1.account.AGRW65JMWNVO2HV65PSDERKJHFWA,https://www.amazon.in/gp/profile/amzn1.account.AGRW65JMWNVO2HV65PSDERKJHFWA/ref=cm_cr_othr_d_gw_tr?ie=UTF8,5,Powerful Wireless Speaker with Karaoke,R2VKQX2D8LXCWJ,https://www.amazon.in/gp/customer-reviews/R2VKQX2D8LXCWJ/ref=cm_cr_othr_d_rvw_ttl?ie=UTF8&ASIN=B0CNXW42H8,,This is a great sounding portable speaker. The karaoke mic also works nicely.,True,False,[],2024-08-06,73,,[],,,https://www.amazon.in/product-reviews/B0CNXW42H8?pageNumber=10&filterByStar=all_stars&sortBy=helpful&formatType=all_formats&asin=B0CNXW42H8&reftag=cm_cr_arp_d_paging_btm_next_10&scope=reviewsAjax0,allStars,,B0CNXW42H8,B0CNXW42H8,B0CNXW42H8,"{'price': None, 'listPrice': None}",https://www.amazon.in//Portronics-Wireless-Bluetooth-Playtime-Technology/dp/B0CNXW42H8/ref=zg_bs_g_1389365031_d_sccl_8/262-4334605-4855948?psc=1,India,
Reviewed in India on 20 February 2024,amzn1.account.AH4HUE6U5L3O4HYJ7HNFBY54V5AA,https://www.amazon.in/gp/profile/amzn1.account.AH4HUE6U5L3O4HYJ7HNFBY54V5AA/ref=cm_cr_othr_d_gw_tr?ie=UTF8,4,Good product and Amazon Support,R9PVC65FJAZH3,https://www.amazon.in/gp/customer-reviews/R9PVC65FJAZH3/ref=cm_cr_othr_d_rvw_ttl?ie=UTF8&ASIN=B0CNXW42H8,One person found this helpful,Product is faulty and Amazon gave me refund for this product. Overall product may be good but mine was faulty.,True,False,[],2024-02-20,74,,[],,,https://www.amazon.in/product-reviews/B0CNXW42H8?pageNumber=10&filterByStar=all_stars&sortBy=helpful&formatType=all_formats&asin=B0CNXW42H8&reftag=cm_cr_arp_d_paging_btm_next_10&scope=reviewsAjax0,allStars,,B0CNXW42H8,B0CNXW42H8,B0CNXW42H8,"{'price': None, 'listPrice': None}",https://www.amazon.in//Portronics-Wireless-Bluetooth-Playtime-Technology/dp/B0CNXW42H8/ref=zg_bs_g_1389365031_d_sccl_8/262-4334605-4855948?psc=1,India,
Reviewed in India on 6 August 2024,amzn1.account.AEQ7LDYFOKDIDITMLFNGC2QHWXAQ,https://www.amazon.in/gp/profile/amzn1.account.AEQ7LDYFOKDIDITMLFNGC2QHWXAQ/ref=cm_cr_othr_d_gw_tr?ie=UTF8,5,Best product,R38VA8ROF4P71,https://www.amazon.in/gp/customer-reviews/R38VA8ROF4P71/ref=cm_cr_othr_d_rvw_ttl?ie=UTF8&ASIN=B0CNXW42H8,,"Battery back up, voice",True,False,[],2024-08-06,75,,[],,,https://www.amazon.in/product-reviews/B0CNXW42H8?pageNumber=10&filterByStar=all_stars&sortBy=helpful&formatType=all_formats&asin=B0CNXW42H8&reftag=cm_cr_arp_d_paging_btm_next_10&scope=reviewsAjax0,allStars,,B0CNXW42H8,B0CNXW42H8,B0CNXW42H8,"{'price': None, 'listPrice': None}",https://www.amazon.in//Portronics-Wireless-Bluetooth-Playtime-Technology/dp/B0CNXW42H8/ref=zg_bs_g_1389365031_d_sccl_8/262-4334605-4855948?psc=1,India,
Reviewed in India on 29 December 2023,amzn1.account.AFWD2ZSOVYFUSGSKOLOZAME4LWEQ,https://www.amazon.in/gp/profile/amzn1.account.AFWD2ZSOVYFUSGSKOLOZAME4LWEQ/ref=cm_cr_othr_d_gw_tr?ie=UTF8,5,"Sound that Rocks, Value for Money - Dash 4",R2QSFRK5ZMYR74,https://www.amazon.in/gp/customer-reviews/R2QSFRK5ZMYR74/ref=cm_cr_othr_d_rvw_ttl?ie=UTF8&ASIN=B0CNXW42H8,One person found this helpful,"50 watts of crystal-clear audio with thumping bass boost technology guarantees room-filling sound that'll get everyone moving. Whether you're belting out ballads or rocking out to anthems, the Dash 4 delivers.Karaoke Magic - The included wireless microphone with vocal echo effects lets you transform any song into your personal karaoke masterpiece. Plus, the mic seamlessly connects via Bluetooth, so you can roam the room and unleash your inner rockstar without missing a beat.Happy to with Portronics Dash 4",True,False,[],2023-12-29,76,,[],,,https://www.amazon.in/product-reviews/B0CNXW42H8?pageNumber=10&filterByStar=all_stars&sortBy=helpful&formatType=all_formats&asin=B0CNXW42H8&reftag=cm_cr_arp_d_paging_btm_next_10&scope=reviewsAjax0,allStars,,B0CNXW42H8,B0CNXW42H8,B0CNXW42H8,"{'price': None, 'listPrice': None}",https://www.amazon.in//Portronics-Wireless-Bluetooth-Playtime-Technology/dp/B0CNXW42H8/ref=zg_bs_g_1389365031_d_sccl_8/262-4334605-4855948?psc=1,India,
Reviewed in India on 31 July 2024,amzn1.account.AGAVLKOEOEW5ERUKUM3M2ZHOBS6A,https://www.amazon.in/gp/profile/amzn1.account.AGAVLKOEOEW5ERUKUM3M2ZHOBS6A/ref=cm_cr_othr_d_gw_tr?ie=UTF8,5,Good Speaker.....,R34HZRAHXTH9AZ,https://www.amazon.in/gp/customer-reviews/R34HZRAHXTH9AZ/ref=cm_cr_othr_d_rvw_ttl?ie=UTF8&ASIN=B0CNXW42H8,,Good sound quality with powerful bass.,True,False,[],2024-07-31,77,,[],,,https://www.amazon.in/product-reviews/B0CNXW42H8?pageNumber=10&filterByStar=all_stars&sortBy=helpful&formatType=all_formats&asin=B0CNXW42H8&reftag=cm_cr_arp_d_paging_btm_next_10&scope=reviewsAjax0,allStars,,B0CNXW42H8,B0CNXW42H8,B0CNXW42H8,"{'price': None, 'listPrice': None}",https://www.amazon.in//Portronics-Wireless-Bluetooth-Playtime-Technology/dp/B0CNXW42H8/ref=zg_bs_g_1389365031_d_sccl_8/262-4334605-4855948?psc=1,India,
Reviewed in India on 5 August 2024,amzn1.account.AE7SHE2OURD7GI2D66BZG6MRW2NQ,https://www.amazon.in/gp/profile/amzn1.account.AE7SHE2OURD7GI2D66BZG6MRW2NQ/ref=cm_cr_othr_d_gw_tr?ie=UTF8,5,Good,RWR4XWWNKG5LX,https://www.amazon.in/gp/customer-reviews/RWR4XWWNKG5LX/ref=cm_cr_othr_d_rvw_ttl?ie=UTF8&ASIN=B0CNXW42H8,,Good product,True,False,[],2024-08-05,78,,[],,,https://www.amazon.in/product-reviews/B0CNXW42H8?pageNumber=10&filterByStar=all_stars&sortBy=helpful&formatType=all_formats&asin=B0CNXW42H8&reftag=cm_cr_arp_d_paging_btm_next_10&scope=reviewsAjax0,allStars,,B0CNXW42H8,B0CNXW42H8,B0CNXW42H8,"{'price': None, 'listPrice': None}",https://www.amazon.in//Portronics-Wireless-Bluetooth-Playtime-Technology/dp/B0CNXW42H8/ref=zg_bs_g_1389365031_d_sccl_8/262-4334605-4855948?psc=1,India,
Reviewed in India on 29 May 2024,amzn1.account.AFDG6JLJDEM5ZAHYUHGSQQUBRZ4Q,https://www.amazon.in/gp/profile/amzn1.account.AFDG6JLJDEM5ZAHYUHGSQQUBRZ4Q/ref=cm_cr_othr_d_gw_tr?ie=UTF8,5,Decent product for the price.,R3BGEIGSXXK343,https://www.amazon.in/gp/customer-reviews/R3BGEIGSXXK343/ref=cm_cr_othr_d_rvw_ttl?ie=UTF8&ASIN=B0CNXW42H8,6 people found this helpful,"A decent product for the price. It's pretty loud and has good build quality. The karaoke mode is nice. However, the bass and overall audio quality are average, and the buttons on top are a bit hard to press.",True,False,"['https://m.media-amazon.com/images/I/61m04ReGX6L._SY88.jpg', 'https://m.media-amazon.com/images/I/71Apgwef2oL._SY88.jpg']",2024-05-29,79,,[],,,https://www.amazon.in/product-reviews/B0CNXW42H8?pageNumber=10&filterByStar=all_stars&sortBy=helpful&formatType=all_formats&asin=B0CNXW42H8&reftag=cm_cr_arp_d_paging_btm_next_10&scope=reviewsAjax0,allStars,,B0CNXW42H8,B0CNXW42H8,B0CNXW42H8,"{'price': None, 'listPrice': None}",https://www.amazon.in//Portronics-Wireless-Bluetooth-Playtime-Technology/dp/B0CNXW42H8/ref=zg_bs_g_1389365031_d_sccl_8/262-4334605-4855948?psc=1,India,
Reviewed in India on 5 August 2024,amzn1.account.AH55R3RYGKLFAUNYYFXOAZU7ZFIQ,https://www.amazon.in/gp/profile/amzn1.account.AH55R3RYGKLFAUNYYFXOAZU7ZFIQ/ref=cm_cr_othr_d_gw_tr?ie=UTF8,5,Good product,R1ZRIJKD26RAPG,https://www.amazon.in/gp/customer-reviews/R1ZRIJKD26RAPG/ref=cm_cr_othr_d_rvw_ttl?ie=UTF8&ASIN=B0CNXW42H8,,Good product,True,False,[],2024-08-05,80,,[],,,https://www.amazon.in/product-reviews/B0CNXW42H8?pageNumber=10&filterByStar=all_stars&sortBy=helpful&formatType=all_formats&asin=B0CNXW42H8&reftag=cm_cr_arp_d_paging_btm_next_10&scope=reviewsAjax0,allStars,,B0CNXW42H8,B0CNXW42H8,B0CNXW42H8,"{'price': None, 'listPrice': None}",https://www.amazon.in//Portronics-Wireless-Bluetooth-Playtime-Technology/dp/B0CNXW42H8/ref=zg_bs_g_1389365031_d_sccl_8/262-4334605-4855948?psc=1,India,
Reviewed in India on 16 January 2025,amzn1.account.AHIBL6MZ7EDYH7H27J2YO6UMBSFA,https://www.amazon.in/gp/profile/amzn1.account.AHIBL6MZ7EDYH7H27J2YO6UMBSFA/ref=cm_cr_othr_d_gw_tr?ie=UTF8,4,Good product,R2J4BKIU6WTQZB,https://www.amazon.in/gp/customer-reviews/R2J4BKIU6WTQZB/ref=cm_cr_othr_d_rvw_ttl?ie=UTF8&ASIN=B0CNXW42H8,,Good product,True,False,[],2025-01-16,9,,[],,,https://www.amazon.in/product-reviews/B0CNXW42H8?pageNumber=2&filterByStar=all_stars&sortBy=helpful&formatType=all_formats&asin=B0CNXW42H8&reftag=cm_cr_arp_d_paging_btm_next_2&scope=reviewsAjax0,allStars,,B0CNXW42H8,B0CNXW42H8,B0CNXW42H8,"{'price': None, 'listPrice': None}",https://www.amazon.in//Portronics-Wireless-Bluetooth-Playtime-Technology/dp/B0CNXW42H8/ref=zg_bs_g_1389365031_d_sccl_8/262-4334605-4855948?psc=1,India,
Reviewed in India on 29 January 2025,amzn1.account.AH6GA55IEU6QJ27AW5TG7KAUQP7Q,https://www.amazon.in/gp/profile/amzn1.account.AH6GA55IEU6QJ27AW5TG7KAUQP7Q/ref=cm_cr_othr_d_gw_tr?ie=UTF8,5,Dash 4,RC67G3VW95U75,https://www.amazon.in/gp/customer-reviews/RC67G3VW95U75/ref=cm_cr_othr_d_rvw_ttl?ie=UTF8&ASIN=B0CNXW42H8,,Very Good product. Good sound and play hours,True,False,[],2025-01-29,10,,[],,,https://www.amazon.in/product-reviews/B0CNXW42H8?pageNumber=2&filterByStar=all_stars&sortBy=helpful&formatType=all_formats&asin=B0CNXW42H8&reftag=cm_cr_arp_d_paging_btm_next_2&scope=reviewsAjax0,allStars,,B0CNXW42H8,B0CNXW42H8,B0CNXW42H8,"{'price': None, 'listPrice': None}",https://www.amazon.in//Portronics-Wireless-Bluetooth-Playtime-Technology/dp/B0CNXW42H8/ref=zg_bs_g_1389365031_d_sccl_8/262-4334605-4855948?psc=1,India,
Reviewed in India on 22 January 2025,amzn1.account.AHEKP34NHCCRAL3RZNX6ZW2TZ4AA,https://www.amazon.in/gp/profile/amzn1.account.AHEKP34NHCCRAL3RZNX6ZW2TZ4AA/ref=cm_cr_othr_d_gw_tr?ie=UTF8,5,Great product at the price,R1HBO3NBEI917Z,https://www.amazon.in/gp/customer-reviews/R1HBO3NBEI917Z/ref=cm_cr_othr_d_rvw_ttl?ie=UTF8&ASIN=B0CNXW42H8,,Absolutely worth the price.,True,False,[],2025-01-22,11,,[],,,https://www.amazon.in/product-reviews/B0CNXW42H8?pageNumber=2&filterByStar=all_stars&sortBy=helpful&formatType=all_formats&asin=B0CNXW42H8&reftag=cm_cr_arp_d_paging_btm_next_2&scope=reviewsAjax0,allStars,,B0CNXW42H8,B0CNXW42H8,B0CNXW42H8,"{'price': None, 'listPrice': None}",https://www.amazon.in//Portronics-Wireless-Bluetooth-Playtime-Technology/dp/B0CNXW42H8/ref=zg_bs_g_1389365031_d_sccl_8/262-4334605-4855948?psc=1,India,
Reviewed in India on 16 January 2025,amzn1.account.AF7UOWX63X5YDR5IHV4FVMS4EOZQ,https://www.amazon.in/gp/profile/amzn1.account.AF7UOWX63X5YDR5IHV4FVMS4EOZQ/ref=cm_cr_othr_d_gw_tr?ie=UTF8,5,Nice speakers,R17CHU4N0NHAIC,https://www.amazon.in/gp/customer-reviews/R17CHU4N0NHAIC/ref=cm_cr_othr_d_rvw_ttl?ie=UTF8&ASIN=B0CNXW42H8,,"Awesome speaker quality, excellent connection",True,False,[],2025-01-16,12,,[],,,https://www.amazon.in/product-reviews/B0CNXW42H8?pageNumber=2&filterByStar=all_stars&sortBy=helpful&formatType=all_formats&asin=B0CNXW42H8&reftag=cm_cr_arp_d_paging_btm_next_2&scope=reviewsAjax0,allStars,,B0CNXW42H8,B0CNXW42H8,B0CNXW42H8,"{'price': None, 'listPrice': None}",https://www.amazon.in//Portronics-Wireless-Bluetooth-Playtime-Technology/dp/B0CNXW42H8/ref=zg_bs_g_1389365031_d_sccl_8/262-4334605-4855948?psc=1,India,
Reviewed in India on 3 January 2025,amzn1.account.AFLDNPWMSGKLDAIGJGHTRA625YQQ,https://www.amazon.in/gp/profile/amzn1.account.AFLDNPWMSGKLDAIGJGHTRA625YQQ/ref=cm_cr_othr_d_gw_tr?ie=UTF8,5,Value for money,R28OSNRZXOV1LK,https://www.amazon.in/gp/customer-reviews/R28OSNRZXOV1LK/ref=cm_cr_othr_d_rvw_ttl?ie=UTF8&ASIN=B0CNXW42H8,,Used this in our recent bus trip. Superb performance and connectivity.,True,False,[],2025-01-03,13,,[],,,https://www.amazon.in/product-reviews/B0CNXW42H8?pageNumber=2&filterByStar=all_stars&sortBy=helpful&formatType=all_formats&asin=B0CNXW42H8&reftag=cm_cr_arp_d_paging_btm_next_2&scope=reviewsAjax0,allStars,,B0CNXW42H8,B0CNXW42H8,B0CNXW42H8,"{'price': None, 'listPrice': None}",https://www.amazon.in//Portronics-Wireless-Bluetooth-Playtime-Technology/dp/B0CNXW42H8/ref=zg_bs_g_1389365031_d_sccl_8/262-4334605-4855948?psc=1,India,
Reviewed in India on 10 November 2024,amzn1.account.AF6RN4APCLO7M5PSEBTKGRYNC5CA,https://www.amazon.in/gp/profile/amzn1.account.AF6RN4APCLO7M5PSEBTKGRYNC5CA/ref=cm_cr_othr_d_gw_tr?ie=UTF8,4,Fm not working.,R2A8G92D955T3,https://www.amazon.in/gp/customer-reviews/R2A8G92D955T3/ref=cm_cr_othr_d_rvw_ttl?ie=UTF8&ASIN=B0CNXW42H8,,"Fm is not working,  I checked replacing the product as well. It seems it's not supported. Rest all good",True,False,[],2024-11-10,14,,[],,,https://www.amazon.in/product-reviews/B0CNXW42H8?pageNumber=2&filterByStar=all_stars&sortBy=helpful&formatType=all_formats&asin=B0CNXW42H8&reftag=cm_cr_arp_d_paging_btm_next_2&scope=reviewsAjax0,allStars,,B0CNXW42H8,B0CNXW42H8,B0CNXW42H8,"{'price': None, 'listPrice': None}",https://www.amazon.in//Portronics-Wireless-Bluetooth-Playtime-Technology/dp/B0CNXW42H8/ref=zg_bs_g_1389365031_d_sccl_8/262-4334605-4855948?psc=1,India,
Reviewed in India on 11 October 2024,amzn1.account.AF2JXOJQ2JDDTZKQUAP26I7UC4IA,https://www.amazon.in/gp/profile/amzn1.account.AF2JXOJQ2JDDTZKQUAP26I7UC4IA/ref=cm_cr_othr_d_gw_tr?ie=UTF8,4,Good quality,R2QOIMJ02PZRVO,https://www.amazon.in/gp/customer-reviews/R2QOIMJ02PZRVO/ref=cm_cr_othr_d_rvw_ttl?ie=UTF8&ASIN=B0CNXW42H8,2 people found this helpful,"Me satisfied in all manner like Audio quality, build quality, mic and performanceSome cons I noticed below1.Bluetooth mic has small delay in output2.Battery backup is not getting as mentioned 8 hours. I think it is 3 to 4 hours",True,False,"['https://m.media-amazon.com/images/I/71glQHgEpRL._SY88.jpg', 'https://m.media-amazon.com/images/I/71wSD456zeL._SY88.jpg']",2024-10-11,15,,[],,,https://www.amazon.in/product-reviews/B0CNXW42H8?pageNumber=2&filterByStar=all_stars&sortBy=helpful&formatType=all_formats&asin=B0CNXW42H8&reftag=cm_cr_arp_d_paging_btm_next_2&scope=reviewsAjax0,allStars,,B0CNXW42H8,B0CNXW42H8,B0CNXW42H8,"{'price': None, 'listPrice': None}",https://www.amazon.in//Portronics-Wireless-Bluetooth-Playtime-Technology/dp/B0CNXW42H8/ref=zg_bs_g_1389365031_d_sccl_8/262-4334605-4855948?psc=1,India,
Reviewed in India on 10 December 2024,amzn1.account.AHHBHWB5EAKXYIJPQYZLY4QVDTOQ,https://www.amazon.in/gp/profile/amzn1.account.AHHBHWB5EAKXYIJPQYZLY4QVDTOQ/ref=cm_cr_othr_d_gw_tr?ie=UTF8,5,Bluetooth connection,RDDRV2LNH1G5F,https://www.amazon.in/gp/customer-reviews/RDDRV2LNH1G5F/ref=cm_cr_othr_d_rvw_ttl?ie=UTF8&ASIN=B0CNXW42H8,,Very unfortunate it's bluetooth connectivity cutoff after 10 minutes,True,False,[],2024-12-10,16,,[],,,https://www.amazon.in/product-reviews/B0CNXW42H8?pageNumber=2&filterByStar=all_stars&sortBy=helpful&formatType=all_formats&asin=B0CNXW42H8&reftag=cm_cr_arp_d_paging_btm_next_2&scope=reviewsAjax0,allStars,,B0CNXW42H8,B0CNXW42H8,B0CNXW42H8,"{'price': None, 'listPrice': None}",https://www.amazon.in//Portronics-Wireless-Bluetooth-Playtime-Technology/dp/B0CNXW42H8/ref=zg_bs_g_1389365031_d_sccl_8/262-4334605-4855948?psc=1,India,
Reviewed in India on 23 May 2024,amzn1.account.AEYXZELA7FZPIP7SAP2FABUF3CFA,https://www.amazon.in/gp/profile/amzn1.account.AEYXZELA7FZPIP7SAP2FABUF3CFA/ref=cm_cr_othr_d_gw_tr?ie=UTF8,4,Good product value for money,R1IYHZ4U6T2EQD,https://www.amazon.in/gp/customer-reviews/R1IYHZ4U6T2EQD/ref=cm_cr_othr_d_rvw_ttl?ie=UTF8&ASIN=B0CNXW42H8,,"A good karaoke set, good connectivity and battery backup, the mic is charageable which is a plus point",True,False,[],2024-05-23,49,,[],,,https://www.amazon.in/product-reviews/B0CNXW42H8?pageNumber=7&filterByStar=all_stars&sortBy=helpful&formatType=all_formats&asin=B0CNXW42H8&reftag=cm_cr_arp_d_paging_btm_next_7&scope=reviewsAjax0,allStars,,B0CNXW42H8,B0CNXW42H8,B0CNXW42H8,"{'price': None, 'listPrice': None}",https://www.amazon.in//Portronics-Wireless-Bluetooth-Playtime-Technology/dp/B0CNXW42H8/ref=zg_bs_g_1389365031_d_sccl_8/262-4334605-4855948?psc=1,India,
Reviewed in India on 26 September 2024,amzn1.account.AFTC65NX3R6MCN3XDPOB3ZHM4JZQ,https://www.amazon.in/gp/profile/amzn1.account.AFTC65NX3R6MCN3XDPOB3ZHM4JZQ/ref=cm_cr_othr_d_gw_tr?ie=UTF8,5,Good,R1950ODCXW8KYS,https://www.amazon.in/gp/customer-reviews/R1950ODCXW8KYS/ref=cm_cr_othr_d_rvw_ttl?ie=UTF8&ASIN=B0CNXW42H8,,"Good quality, no issues",True,False,[],2024-09-26,50,,[],,,https://www.amazon.in/product-reviews/B0CNXW42H8?pageNumber=7&filterByStar=all_stars&sortBy=helpful&formatType=all_formats&asin=B0CNXW42H8&reftag=cm_cr_arp_d_paging_btm_next_7&scope=reviewsAjax0,allStars,,B0CNXW42H8,B0CNXW42H8,B0CNXW42H8,"{'price': None, 'listPrice': None}",https://www.amazon.in//Portronics-Wireless-Bluetooth-Playtime-Technology/dp/B0CNXW42H8/ref=zg_bs_g_1389365031_d_sccl_8/262-4334605-4855948?psc=1,India,
Reviewed in India on 15 October 2024,amzn1.account.AG6AWVREUP7P26Q77FGU6YL6PB3A,https://www.amazon.in/gp/profile/amzn1.account.AG6AWVREUP7P26Q77FGU6YL6PB3A/ref=cm_cr_othr_d_gw_tr?ie=UTF8,5,Best system under this price pls buy it if you love music worth the money.,R24KDO0GLPG5TJ,https://www.amazon.in/gp/customer-reviews/R24KDO0GLPG5TJ/ref=cm_cr_othr_d_rvw_ttl?ie=UTF8&ASIN=B0CNXW42H8,,The media could not be loaded.,True,False,"['https://m.media-amazon.com/images/I/61D9m5LenVL._SY88.jpg', 'https://m.media-amazon.com/images/I/61Xql45A4PL._SY88.jpg']",2024-10-15,51,,[],,,https://www.amazon.in/product-reviews/B0CNXW42H8?pageNumber=7&filterByStar=all_stars&sortBy=helpful&formatType=all_formats&asin=B0CNXW42H8&reftag=cm_cr_arp_d_paging_btm_next_7&scope=reviewsAjax0,allStars,,B0CNXW42H8,B0CNXW42H8,B0CNXW42H8,"{'price': None, 'listPrice': None}",https://www.amazon.in//Portronics-Wireless-Bluetooth-Playtime-Technology/dp/B0CNXW42H8/ref=zg_bs_g_1389365031_d_sccl_8/262-4334605-4855948?psc=1,India,
Reviewed in India on 26 July 2024,amzn1.account.AFZPH3JB34OWZF2BTFU6KRQ56X3Q,https://www.amazon.in/gp/profile/amzn1.account.AFZPH3JB34OWZF2BTFU6KRQ56X3Q/ref=cm_cr_othr_d_gw_tr?ie=UTF8,3,Value for money,R25YARJYEPU2QQ,https://www.amazon.in/gp/customer-reviews/R25YARJYEPU2QQ/ref=cm_cr_othr_d_rvw_ttl?ie=UTF8&ASIN=B0CNXW42H8,One person found this helpful,"Sound and build quality is good. Wireless bluetooth mic is good too. FM is just awful, same as non-existent. A basic LED display is missing.Pros: Portability, sound quality, battery, build qualityCons : Poor FM, Absence of LED display",True,False,[],2024-07-26,52,,[],,,https://www.amazon.in/product-reviews/B0CNXW42H8?pageNumber=7&filterByStar=all_stars&sortBy=helpful&formatType=all_formats&asin=B0CNXW42H8&reftag=cm_cr_arp_d_paging_btm_next_7&scope=reviewsAjax0,allStars,,B0CNXW42H8,B0CNXW42H8,B0CNXW42H8,"{'price': None, 'listPrice': None}",https://www.amazon.in//Portronics-Wireless-Bluetooth-Playtime-Technology/dp/B0CNXW42H8/ref=zg_bs_g_1389365031_d_sccl_8/262-4334605-4855948?psc=1,India,
Reviewed in India on 22 August 2024,amzn1.account.AFRWDBL7PR73XWFTK623BJTFIS2Q,https://www.amazon.in/gp/profile/amzn1.account.AFRWDBL7PR73XWFTK623BJTFIS2Q/ref=cm_cr_othr_d_gw_tr?ie=UTF8,5,Best product with good sound,R1X470DVPS1CEX,https://www.amazon.in/gp/customer-reviews/R1X470DVPS1CEX/ref=cm_cr_othr_d_rvw_ttl?ie=UTF8&ASIN=B0CNXW42H8,,Best product .the sound and battery backup also  good. Mic performance also good,True,False,[],2024-08-22,53,,[],,,https://www.amazon.in/product-reviews/B0CNXW42H8?pageNumber=7&filterByStar=all_stars&sortBy=helpful&formatType=all_formats&asin=B0CNXW42H8&reftag=cm_cr_arp_d_paging_btm_next_7&scope=reviewsAjax0,allStars,,B0CNXW42H8,B0CNXW42H8,B0CNXW42H8,"{'price': None, 'listPrice': None}",https://www.amazon.in//Portronics-Wireless-Bluetooth-Playtime-Technology/dp/B0CNXW42H8/ref=zg_bs_g_1389365031_d_sccl_8/262-4334605-4855948?psc=1,India,
Reviewed in India on 25 August 2024,amzn1.account.AERCWU6VC36QIFTBRHCMGY4RAJYQ,https://www.amazon.in/gp/profile/amzn1.account.AERCWU6VC36QIFTBRHCMGY4RAJYQ/ref=cm_cr_othr_d_gw_tr?ie=UTF8,5,Very good product,RLLSTDTZ6B3WM,https://www.amazon.in/gp/customer-reviews/RLLSTDTZ6B3WM/ref=cm_cr_othr_d_rvw_ttl?ie=UTF8&ASIN=B0CNXW42H8,One person found this helpful,Excellent performance 👌no bad commentsSuper sound clarityValue for money,True,False,"['https://m.media-amazon.com/images/I/71i5szuURcL._SY88.jpg', 'https://m.media-amazon.com/images/I/71jAW5OUm7L._SY88.jpg']",2024-08-25,54,,[],,,https://www.amazon.in/product-reviews/B0CNXW42H8?pageNumber=7&filterByStar=all_stars&sortBy=helpful&formatType=all_formats&asin=B0CNXW42H8&reftag=cm_cr_arp_d_paging_btm_next_7&scope=reviewsAjax0,allStars,,B0CNXW42H8,B0CNXW42H8,B0CNXW42H8,"{'price': None, 'listPrice': None}",https://www.amazon.in//Portronics-Wireless-Bluetooth-Playtime-Technology/dp/B0CNXW42H8/ref=zg_bs_g_1389365031_d_sccl_8/262-4334605-4855948?psc=1,India,
Reviewed in India on 30 July 2024,amzn1.account.AEDRLAZ2ETFTWNTUN2KPKQQIDMOA,https://www.amazon.in/gp/profile/amzn1.account.AEDRLAZ2ETFTWNTUN2KPKQQIDMOA/ref=cm_cr_othr_d_gw_tr?ie=UTF8,5,Review,R1QOA1THRREYQT,https://www.amazon.in/gp/customer-reviews/R1QOA1THRREYQT/ref=cm_cr_othr_d_rvw_ttl?ie=UTF8&ASIN=B0CNXW42H8,One person found this helpful,"The media could not be loaded.
                
            
                
            
            
        
    
    








  
  
     Good product,nice sound,little more better of there is ipx6/7 I have only one weak experience I will write if there is any bad experience.service centre is not near me is also a problem",True,False,[],2024-07-30,55,,[],,,https://www.amazon.in/product-reviews/B0CNXW42H8?pageNumber=7&filterByStar=all_stars&sortBy=helpful&formatType=all_formats&asin=B0CNXW42H8&reftag=cm_cr_arp_d_paging_btm_next_7&scope=reviewsAjax0,allStars,,B0CNXW42H8,B0CNXW42H8,B0CNXW42H8,"{'price': None, 'listPrice': None}",https://www.amazon.in//Portronics-Wireless-Bluetooth-Playtime-Technology/dp/B0CNXW42H8/ref=zg_bs_g_1389365031_d_sccl_8/262-4334605-4855948?psc=1,India,
Reviewed in India on 30 August 2024,amzn1.account.AHCB2HQ4GH4ODV65OXX7ZSJSJFHQ,https://www.amazon.in/gp/profile/amzn1.account.AHCB2HQ4GH4ODV65OXX7ZSJSJFHQ/ref=cm_cr_othr_d_gw_tr?ie=UTF8,5,Value for money,RT7CGINTB2JDH,https://www.amazon.in/gp/customer-reviews/RT7CGINTB2JDH/ref=cm_cr_othr_d_rvw_ttl?ie=UTF8&ASIN=B0CNXW42H8,,Value for money,True,False,[],2024-08-30,56,,[],,,https://www.amazon.in/product-reviews/B0CNXW42H8?pageNumber=7&filterByStar=all_stars&sortBy=helpful&formatType=all_formats&asin=B0CNXW42H8&reftag=cm_cr_arp_d_paging_btm_next_7&scope=reviewsAjax0,allStars,,B0CNXW42H8,B0CNXW42H8,B0CNXW42H8,"{'price': None, 'listPrice': None}",https://www.amazon.in//Portronics-Wireless-Bluetooth-Playtime-Technology/dp/B0CNXW42H8/ref=zg_bs_g_1389365031_d_sccl_8/262-4334605-4855948?psc=1,India,
Reviewed in India on 5 August 2024,amzn1.account.AEBR3DHTDWZFM6EIHSCR55GUGE2Q,https://www.amazon.in/gp/profile/amzn1.account.AEBR3DHTDWZFM6EIHSCR55GUGE2Q/ref=cm_cr_othr_d_gw_tr?ie=UTF8,4,Nice product,R23XEPFPD5KXO9,https://www.amazon.in/gp/customer-reviews/R23XEPFPD5KXO9/ref=cm_cr_othr_d_rvw_ttl?ie=UTF8&ASIN=B0CNXW42H8,,Nice product,True,False,[],2024-08-05,33,,[],,,https://www.amazon.in/product-reviews/B0CNXW42H8?pageNumber=5&filterByStar=all_stars&sortBy=helpful&formatType=all_formats&asin=B0CNXW42H8&reftag=cm_cr_arp_d_paging_btm_next_5&scope=reviewsAjax0,allStars,,B0CNXW42H8,B0CNXW42H8,B0CNXW42H8,"{'price': None, 'listPrice': None}",https://www.amazon.in//Portronics-Wireless-Bluetooth-Playtime-Technology/dp/B0CNXW42H8/ref=zg_bs_g_1389365031_d_sccl_8/262-4334605-4855948?psc=1,India,
Reviewed in India on 10 October 2024,amzn1.account.AEGTV7DFRKJG3RS2Q5V5LLZRVH4Q,https://www.amazon.in/gp/profile/amzn1.account.AEGTV7DFRKJG3RS2Q5V5LLZRVH4Q/ref=cm_cr_othr_d_gw_tr?ie=UTF8,5,Good quality Karaoke,RB5CCWLPIBBTH,https://www.amazon.in/gp/customer-reviews/RB5CCWLPIBBTH/ref=cm_cr_othr_d_rvw_ttl?ie=UTF8&ASIN=B0CNXW42H8,,I have purchased this for my Kidz and they loved it. The Audio and Mic quality is good.,True,False,[],2024-10-10,34,,[],,,https://www.amazon.in/product-reviews/B0CNXW42H8?pageNumber=5&filterByStar=all_stars&sortBy=helpful&formatType=all_formats&asin=B0CNXW42H8&reftag=cm_cr_arp_d_paging_btm_next_5&scope=reviewsAjax0,allStars,,B0CNXW42H8,B0CNXW42H8,B0CNXW42H8,"{'price': None, 'listPrice': None}",https://www.amazon.in//Portronics-Wireless-Bluetooth-Playtime-Technology/dp/B0CNXW42H8/ref=zg_bs_g_1389365031_d_sccl_8/262-4334605-4855948?psc=1,India,
Reviewed in India on 28 September 2024,amzn1.account.AFZBPHMJFGOWGCEC5KE5ED5JUSTA,https://www.amazon.in/gp/profile/amzn1.account.AFZBPHMJFGOWGCEC5KE5ED5JUSTA/ref=cm_cr_othr_d_gw_tr?ie=UTF8,5,Very good,R3E9P8VXQC9TWC,https://www.amazon.in/gp/customer-reviews/R3E9P8VXQC9TWC/ref=cm_cr_othr_d_rvw_ttl?ie=UTF8&ASIN=B0CNXW42H8,,"Good product for home use and parties, easy to use. Can carry it to places. Worth the value.Loved it.",True,False,[],2024-09-28,35,,[],,,https://www.amazon.in/product-reviews/B0CNXW42H8?pageNumber=5&filterByStar=all_stars&sortBy=helpful&formatType=all_formats&asin=B0CNXW42H8&reftag=cm_cr_arp_d_paging_btm_next_5&scope=reviewsAjax0,allStars,,B0CNXW42H8,B0CNXW42H8,B0CNXW42H8,"{'price': None, 'listPrice': None}",https://www.amazon.in//Portronics-Wireless-Bluetooth-Playtime-Technology/dp/B0CNXW42H8/ref=zg_bs_g_1389365031_d_sccl_8/262-4334605-4855948?psc=1,India,
Reviewed in India on 20 June 2024,amzn1.account.AFKDD243XMIYJK6X4J7FVJV2P25Q,https://www.amazon.in/gp/profile/amzn1.account.AFKDD243XMIYJK6X4J7FVJV2P25Q/ref=cm_cr_othr_d_gw_tr?ie=UTF8,4,"Designed well , with colourful led, portable & good sound.",R3O2XPSQPJJE69,https://www.amazon.in/gp/customer-reviews/R3O2XPSQPJJE69/ref=cm_cr_othr_d_rvw_ttl?ie=UTF8&ASIN=B0CNXW42H8,One person found this helpful,Very good connectivity & easy to use . Sound is good with mic.use in party or leisure .Battery back up etc not yet checked,True,False,[],2024-06-20,36,,[],,,https://www.amazon.in/product-reviews/B0CNXW42H8?pageNumber=5&filterByStar=all_stars&sortBy=helpful&formatType=all_formats&asin=B0CNXW42H8&reftag=cm_cr_arp_d_paging_btm_next_5&scope=reviewsAjax0,allStars,,B0CNXW42H8,B0CNXW42H8,B0CNXW42H8,"{'price': None, 'listPrice': None}",https://www.amazon.in//Portronics-Wireless-Bluetooth-Playtime-Technology/dp/B0CNXW42H8/ref=zg_bs_g_1389365031_d_sccl_8/262-4334605-4855948?psc=1,India,
Reviewed in India on 22 October 2024,amzn1.account.AHCH4ED3NBVGNPUW3LRSE4CPDPPA,https://www.amazon.in/gp/profile/amzn1.account.AHCH4ED3NBVGNPUW3LRSE4CPDPPA/ref=cm_cr_othr_d_gw_tr?ie=UTF8,5,Superb quality,R450M7NK2Q5VJ,https://www.amazon.in/gp/customer-reviews/R450M7NK2Q5VJ/ref=cm_cr_othr_d_rvw_ttl?ie=UTF8&ASIN=B0CNXW42H8,,Good quality,True,False,[],2024-10-22,37,,[],,,https://www.amazon.in/product-reviews/B0CNXW42H8?pageNumber=5&filterByStar=all_stars&sortBy=helpful&formatType=all_formats&asin=B0CNXW42H8&reftag=cm_cr_arp_d_paging_btm_next_5&scope=reviewsAjax0,allStars,,B0CNXW42H8,B0CNXW42H8,B0CNXW42H8,"{'price': None, 'listPrice': None}",https://www.amazon.in//Portronics-Wireless-Bluetooth-Playtime-Technology/dp/B0CNXW42H8/ref=zg_bs_g_1389365031_d_sccl_8/262-4334605-4855948?psc=1,India,
Reviewed in India on 21 October 2024,amzn1.account.AEHOS5RS2AA24AQRAMXAEBGHQ57A,https://www.amazon.in/gp/profile/amzn1.account.AEHOS5RS2AA24AQRAMXAEBGHQ57A/ref=cm_cr_othr_d_gw_tr?ie=UTF8,5,Superb,R19MCYS9S76O1N,https://www.amazon.in/gp/customer-reviews/R19MCYS9S76O1N/ref=cm_cr_othr_d_rvw_ttl?ie=UTF8&ASIN=B0CNXW42H8,,Superb,True,False,[],2024-10-21,38,,[],,,https://www.amazon.in/product-reviews/B0CNXW42H8?pageNumber=5&filterByStar=all_stars&sortBy=helpful&formatType=all_formats&asin=B0CNXW42H8&reftag=cm_cr_arp_d_paging_btm_next_5&scope=reviewsAjax0,allStars,,B0CNXW42H8,B0CNXW42H8,B0CNXW42H8,"{'price': None, 'listPrice': None}",https://www.amazon.in//Portronics-Wireless-Bluetooth-Playtime-Technology/dp/B0CNXW42H8/ref=zg_bs_g_1389365031_d_sccl_8/262-4334605-4855948?psc=1,India,
Reviewed in India on 30 May 2024,amzn1.account.AHYEH6F4N46GHTMKLFAUS3UXCA3Q,https://www.amazon.in/gp/profile/amzn1.account.AHYEH6F4N46GHTMKLFAUS3UXCA3Q/ref=cm_cr_othr_d_gw_tr?ie=UTF8,4,Overall good,R18U74BA2CO37C,https://www.amazon.in/gp/customer-reviews/R18U74BA2CO37C/ref=cm_cr_othr_d_rvw_ttl?ie=UTF8&ASIN=B0CNXW42H8,One person found this helpful,"Nice product!I am facing a issue of mic connectivity with speaker. Randomly, the mic is reconnecting and the sound/volume set on the mic is increasing. Is anyone else facing the same issue.",True,False,[],2024-05-30,39,,[],,,https://www.amazon.in/product-reviews/B0CNXW42H8?pageNumber=5&filterByStar=all_stars&sortBy=helpful&formatType=all_formats&asin=B0CNXW42H8&reftag=cm_cr_arp_d_paging_btm_next_5&scope=reviewsAjax0,allStars,,B0CNXW42H8,B0CNXW42H8,B0CNXW42H8,"{'price': None, 'listPrice': None}",https://www.amazon.in//Portronics-Wireless-Bluetooth-Playtime-Technology/dp/B0CNXW42H8/ref=zg_bs_g_1389365031_d_sccl_8/262-4334605-4855948?psc=1,India,
Reviewed in India on 13 October 2024,amzn1.account.AGUAIT6WSTU6I7SWLJ4AD3G6HCBA,https://www.amazon.in/gp/profile/amzn1.account.AGUAIT6WSTU6I7SWLJ4AD3G6HCBA/ref=cm_cr_othr_d_gw_tr?ie=UTF8,5,Value for money,R346PESHTM24CY,https://www.amazon.in/gp/customer-reviews/R346PESHTM24CY/ref=cm_cr_othr_d_rvw_ttl?ie=UTF8&ASIN=B0CNXW42H8,,"Good quality product, rightly priced.",True,False,[],2024-10-13,40,,[],,,https://www.amazon.in/product-reviews/B0CNXW42H8?pageNumber=5&filterByStar=all_stars&sortBy=helpful&formatType=all_formats&asin=B0CNXW42H8&reftag=cm_cr_arp_d_paging_btm_next_5&scope=reviewsAjax0,allStars,,B0CNXW42H8,B0CNXW42H8,B0CNXW42H8,"{'price': None, 'listPrice': None}",https://www.amazon.in//Portronics-Wireless-Bluetooth-Playtime-Technology/dp/B0CNXW42H8/ref=zg_bs_g_1389365031_d_sccl_8/262-4334605-4855948?psc=1,India,
