reviewedIn,userId,userProfileLink,ratingScore,reviewTitle,reviewId,reviewUrl,reviewReaction,reviewDescription,isVerified,isAmazonVine,reviewImages,date,position,variant,variantAttributes,totalCategoryRatings,totalCategoryReviews,reviewCategoryUrl,filterByRating,filterByKeyword,productAsin,productOriginalAsin,variantAsin,product,input,country,countryCode
Reviewed in India on 29 December 2024,amzn1.account.AEUTSGPTXDDZGOEUIP7XG5EBWNRA,https://www.amazon.in/gp/profile/amzn1.account.AEUTSGPTXDDZGOEUIP7XG5EBWNRA/ref=cm_cr_othr_d_gw_tr?ie=UTF8,5,Excellent Product,R27EP2XK9E4F9S,https://www.amazon.in/gp/customer-reviews/R27EP2XK9E4F9S/ref=cm_cr_othr_d_rvw_ttl?ie=UTF8&ASIN=B0CLH74T2W,,Product is supercool and is very easy to setup. The wireless charger is excellent. The lights can be changed according to the mood and theme.,True,False,['https://m.media-amazon.com/images/I/61tm7HG1VEL._SY88.jpg'],2024-12-29,1,,[],,,https://www.amazon.in/product-reviews/B0CLH74T2W?pageNumber=1&filterByStar=all_stars&sortBy=helpful&formatType=all_formats&asin=B0CLH74T2W&reftag=cm_cr_arp_d_paging_btm_next_1&scope=reviewsAjax0,allStars,,B0CLH74T2W,B0CLH74T2W,B0CLH74T2W,"{'price': None, 'listPrice': None}",https://www.amazon.in//Wireless-Speaker-Charging-Bedside-Machine/dp/B0CLH74T2W/ref=zg_bs_g_1389365031_d_sccl_20/262-4334605-4855948?psc=1,India,
Reviewed in India on 6 January 2025,amzn1.account.AGYIGFAFEKT6KJPEL4T4PNOX53ZQ,https://www.amazon.in/gp/profile/amzn1.account.AGYIGFAFEKT6KJPEL4T4PNOX53ZQ/ref=cm_cr_othr_d_gw_tr?ie=UTF8,5,Worth it.,RMFBMM8AENGZ1,https://www.amazon.in/gp/customer-reviews/RMFBMM8AENGZ1/ref=cm_cr_othr_d_rvw_ttl?ie=UTF8&ASIN=B0CLH74T2W,,"The Elevea Wireless G Speaker is not just a gadget; it’s an all-around lifestyle upgrade. Whether you need a reliable speaker, a charging hub, soothing light, or sleep aid, this multifunctional device ticks all the boxes. Highly recommended for anyone looking to elevate their home and tech setup!",True,False,[],2025-01-06,2,,[],,,https://www.amazon.in/product-reviews/B0CLH74T2W?pageNumber=1&filterByStar=all_stars&sortBy=helpful&formatType=all_formats&asin=B0CLH74T2W&reftag=cm_cr_arp_d_paging_btm_next_1&scope=reviewsAjax0,allStars,,B0CLH74T2W,B0CLH74T2W,B0CLH74T2W,"{'price': None, 'listPrice': None}",https://www.amazon.in//Wireless-Speaker-Charging-Bedside-Machine/dp/B0CLH74T2W/ref=zg_bs_g_1389365031_d_sccl_20/262-4334605-4855948?psc=1,India,
Reviewed in India on 20 December 2024,amzn1.account.AFBUDCT56UWHY37VR3J5TUQW3I5A,https://www.amazon.in/gp/profile/amzn1.account.AFBUDCT56UWHY37VR3J5TUQW3I5A/ref=cm_cr_othr_d_gw_tr?ie=UTF8,5,Good product,R31HHUOPVIURDE,https://www.amazon.in/gp/customer-reviews/R31HHUOPVIURDE/ref=cm_cr_othr_d_rvw_ttl?ie=UTF8&ASIN=B0CLH74T2W,,"Easy to use, fit for light music needs. Connects easily. Multicolour light changing is good feature",True,False,[],2024-12-20,3,,[],,,https://www.amazon.in/product-reviews/B0CLH74T2W?pageNumber=1&filterByStar=all_stars&sortBy=helpful&formatType=all_formats&asin=B0CLH74T2W&reftag=cm_cr_arp_d_paging_btm_next_1&scope=reviewsAjax0,allStars,,B0CLH74T2W,B0CLH74T2W,B0CLH74T2W,"{'price': None, 'listPrice': None}",https://www.amazon.in//Wireless-Speaker-Charging-Bedside-Machine/dp/B0CLH74T2W/ref=zg_bs_g_1389365031_d_sccl_20/262-4334605-4855948?psc=1,India,
Reviewed in India on 15 January 2025,amzn1.account.AGCJJH3I6MRMS6NI2DFA3UPHL4PA,https://www.amazon.in/gp/profile/amzn1.account.AGCJJH3I6MRMS6NI2DFA3UPHL4PA/ref=cm_cr_othr_d_gw_tr?ie=UTF8,5,Excellent,R2BO85XC3X4M8C,https://www.amazon.in/gp/customer-reviews/R2BO85XC3X4M8C/ref=cm_cr_othr_d_rvw_ttl?ie=UTF8&ASIN=B0CLH74T2W,,Excellent product...Multiple options...easy to use...,True,False,[],2025-01-15,4,,[],,,https://www.amazon.in/product-reviews/B0CLH74T2W?pageNumber=1&filterByStar=all_stars&sortBy=helpful&formatType=all_formats&asin=B0CLH74T2W&reftag=cm_cr_arp_d_paging_btm_next_1&scope=reviewsAjax0,allStars,,B0CLH74T2W,B0CLH74T2W,B0CLH74T2W,"{'price': None, 'listPrice': None}",https://www.amazon.in//Wireless-Speaker-Charging-Bedside-Machine/dp/B0CLH74T2W/ref=zg_bs_g_1389365031_d_sccl_20/262-4334605-4855948?psc=1,India,
Reviewed in India on 23 December 2024,amzn1.account.AFMJF7HHJGU7BIHIHTAHP7OBP4FA,https://www.amazon.in/gp/profile/amzn1.account.AFMJF7HHJGU7BIHIHTAHP7OBP4FA/ref=cm_cr_othr_d_gw_tr?ie=UTF8,1,Product looks bigger but received smaller,RO4ALGX5T18VV,https://www.amazon.in/gp/customer-reviews/RO4ALGX5T18VV/ref=cm_cr_othr_d_rvw_ttl?ie=UTF8&ASIN=B0CLH74T2W,2 people found this helpful,"Dear Team],I recently placed an order this speaker based on the images displayed on your website. However, upon receiving it, I noticed that the product is much smaller than expected. The images on your site make it appear significantly larger, which I find misleading.Could you please clarify this discrepancy? I’d appreciate a resolution to this issue.It’s totally scam",True,False,[],2024-12-23,5,,[],,,https://www.amazon.in/product-reviews/B0CLH74T2W?pageNumber=1&filterByStar=all_stars&sortBy=helpful&formatType=all_formats&asin=B0CLH74T2W&reftag=cm_cr_arp_d_paging_btm_next_1&scope=reviewsAjax0,allStars,,B0CLH74T2W,B0CLH74T2W,B0CLH74T2W,"{'price': None, 'listPrice': None}",https://www.amazon.in//Wireless-Speaker-Charging-Bedside-Machine/dp/B0CLH74T2W/ref=zg_bs_g_1389365031_d_sccl_20/262-4334605-4855948?psc=1,India,
Reviewed in India on 2 January 2025,amzn1.account.AGNW7QZGDUIJCJWQNNJRTRHB4LLA,https://www.amazon.in/gp/profile/amzn1.account.AGNW7QZGDUIJCJWQNNJRTRHB4LLA/ref=cm_cr_othr_d_gw_tr?ie=UTF8,5,Wireless speaker,R245J3RXZRWE7M,https://www.amazon.in/gp/customer-reviews/R245J3RXZRWE7M/ref=cm_cr_othr_d_rvw_ttl?ie=UTF8&ASIN=B0CLH74T2W,,The product is good and the audio quality is better and looks good,True,False,[],2025-01-02,6,,[],,,https://www.amazon.in/product-reviews/B0CLH74T2W?pageNumber=1&filterByStar=all_stars&sortBy=helpful&formatType=all_formats&asin=B0CLH74T2W&reftag=cm_cr_arp_d_paging_btm_next_1&scope=reviewsAjax0,allStars,,B0CLH74T2W,B0CLH74T2W,B0CLH74T2W,"{'price': None, 'listPrice': None}",https://www.amazon.in//Wireless-Speaker-Charging-Bedside-Machine/dp/B0CLH74T2W/ref=zg_bs_g_1389365031_d_sccl_20/262-4334605-4855948?psc=1,India,
Reviewed in India on 7 December 2024,amzn1.account.AGD35AXZ22L4NSRK6PICJNZ7RYNA,https://www.amazon.in/gp/profile/amzn1.account.AGD35AXZ22L4NSRK6PICJNZ7RYNA/ref=cm_cr_othr_d_gw_tr?ie=UTF8,5,Good Product With Multiple Functions,R1XKHBKM7LGMDV,https://www.amazon.in/gp/customer-reviews/R1XKHBKM7LGMDV/ref=cm_cr_othr_d_rvw_ttl?ie=UTF8&ASIN=B0CLH74T2W,,The Product Is Of Standard Quality And As Described Has All The Functions Working Perfectly Also The Light Changing System Is The Best,True,False,[],2024-12-07,7,,[],,,https://www.amazon.in/product-reviews/B0CLH74T2W?pageNumber=1&filterByStar=all_stars&sortBy=helpful&formatType=all_formats&asin=B0CLH74T2W&reftag=cm_cr_arp_d_paging_btm_next_1&scope=reviewsAjax0,allStars,,B0CLH74T2W,B0CLH74T2W,B0CLH74T2W,"{'price': None, 'listPrice': None}",https://www.amazon.in//Wireless-Speaker-Charging-Bedside-Machine/dp/B0CLH74T2W/ref=zg_bs_g_1389365031_d_sccl_20/262-4334605-4855948?psc=1,India,
Reviewed in India on 13 January 2025,amzn1.account.AETTLMOSLO6KN5JRAEQUEPO4RSZQ,https://www.amazon.in/gp/profile/amzn1.account.AETTLMOSLO6KN5JRAEQUEPO4RSZQ/ref=cm_cr_othr_d_gw_tr?ie=UTF8,5,Good voice quality and super product,R2QKW6PS30A0Q9,https://www.amazon.in/gp/customer-reviews/R2QKW6PS30A0Q9/ref=cm_cr_othr_d_rvw_ttl?ie=UTF8&ASIN=B0CLH74T2W,One person found this helpful,"The media could not be loaded.
                
            
                
            
            
        
    
    








  
  
     I like wireless chargerLight and variations are goodGood inbuilt quality",True,False,[],2025-01-13,8,,[],,,https://www.amazon.in/product-reviews/B0CLH74T2W?pageNumber=1&filterByStar=all_stars&sortBy=helpful&formatType=all_formats&asin=B0CLH74T2W&reftag=cm_cr_arp_d_paging_btm_next_1&scope=reviewsAjax0,allStars,,B0CLH74T2W,B0CLH74T2W,B0CLH74T2W,"{'price': None, 'listPrice': None}",https://www.amazon.in//Wireless-Speaker-Charging-Bedside-Machine/dp/B0CLH74T2W/ref=zg_bs_g_1389365031_d_sccl_20/262-4334605-4855948?psc=1,India,
Reviewed in India on 17 January 2025,amzn1.account.AHWIYB7MZR2MP2TFELOF4WSPYY4A,https://www.amazon.in/gp/profile/amzn1.account.AHWIYB7MZR2MP2TFELOF4WSPYY4A/ref=cm_cr_othr_d_gw_tr?ie=UTF8,5,Value of money,R39E94TANLTFN0,https://www.amazon.in/gp/customer-reviews/R39E94TANLTFN0/ref=cm_cr_othr_d_rvw_ttl?ie=UTF8&ASIN=B0CLH74T2W,,"Yeh Wireless G Speaker sab kuch ek saath offer karta hai! Wireless charging, desk lamp, night light aur sound machine ka combo hai. Smart light se bedroom ki decor bhi enhance hoti hai. Stylish aur multifunctional!",False,False,[],2025-01-17,25,,[],,,https://www.amazon.in/product-reviews/B0CLH74T2W?pageNumber=4&filterByStar=all_stars&sortBy=helpful&formatType=all_formats&asin=B0CLH74T2W&reftag=cm_cr_arp_d_paging_btm_next_4&scope=reviewsAjax0,allStars,,B0CLH74T2W,B0CLH74T2W,B0CLH74T2W,"{'price': None, 'listPrice': None}",https://www.amazon.in//Wireless-Speaker-Charging-Bedside-Machine/dp/B0CLH74T2W/ref=zg_bs_g_1389365031_d_sccl_20/262-4334605-4855948?psc=1,India,
Reviewed in India on 17 January 2025,amzn1.account.AGR7NOHAKCH73CFQ5PH555JMMY4Q,https://www.amazon.in/gp/profile/amzn1.account.AGR7NOHAKCH73CFQ5PH555JMMY4Q/ref=cm_cr_othr_d_gw_tr?ie=UTF8,5,Good product,R2P8NT9UTG0EKS,https://www.amazon.in/gp/customer-reviews/R2P8NT9UTG0EKS/ref=cm_cr_othr_d_rvw_ttl?ie=UTF8&ASIN=B0CLH74T2W,,"Yeh Wireless G Speaker ek perfect combo hai! Wireless charging, desk lamp, night light, aur sound machine ka feature hai. Smart light ke saath bedroom ki decor ko enhance karta hai. Stylish aur functional item!",False,False,[],2025-01-17,26,,[],,,https://www.amazon.in/product-reviews/B0CLH74T2W?pageNumber=4&filterByStar=all_stars&sortBy=helpful&formatType=all_formats&asin=B0CLH74T2W&reftag=cm_cr_arp_d_paging_btm_next_4&scope=reviewsAjax0,allStars,,B0CLH74T2W,B0CLH74T2W,B0CLH74T2W,"{'price': None, 'listPrice': None}",https://www.amazon.in//Wireless-Speaker-Charging-Bedside-Machine/dp/B0CLH74T2W/ref=zg_bs_g_1389365031_d_sccl_20/262-4334605-4855948?psc=1,India,
Reviewed in India on 10 January 2025,amzn1.account.AGHJ7QCNKIHFBF6XYL4GABG6CYRQ,https://www.amazon.in/gp/profile/amzn1.account.AGHJ7QCNKIHFBF6XYL4GABG6CYRQ/ref=cm_cr_othr_d_gw_tr?ie=UTF8,5,Great,RRN3HU9BPK8ZK,https://www.amazon.in/gp/customer-reviews/RRN3HU9BPK8ZK/ref=cm_cr_othr_d_rvw_ttl?ie=UTF8&ASIN=B0CLH74T2W,,"Yeh Wireless G Speaker ek zabardast combination hai! Wireless charging, desk lamp, night light, sound machine aur smart light features ke saath bedroom decor ko enhance karta hai. Functionality aur design dono best hai!",False,False,[],2025-01-10,27,,[],,,https://www.amazon.in/product-reviews/B0CLH74T2W?pageNumber=4&filterByStar=all_stars&sortBy=helpful&formatType=all_formats&asin=B0CLH74T2W&reftag=cm_cr_arp_d_paging_btm_next_4&scope=reviewsAjax0,allStars,,B0CLH74T2W,B0CLH74T2W,B0CLH74T2W,"{'price': None, 'listPrice': None}",https://www.amazon.in//Wireless-Speaker-Charging-Bedside-Machine/dp/B0CLH74T2W/ref=zg_bs_g_1389365031_d_sccl_20/262-4334605-4855948?psc=1,India,
Reviewed in India on 10 January 2025,amzn1.account.AFYO6MLVAMFLGJ6PRAVUZSRGGMGQ,https://www.amazon.in/gp/profile/amzn1.account.AFYO6MLVAMFLGJ6PRAVUZSRGGMGQ/ref=cm_cr_othr_d_gw_tr?ie=UTF8,5,Priyanka,R3KY452VMXBX94,https://www.amazon.in/gp/customer-reviews/R3KY452VMXBX94/ref=cm_cr_othr_d_rvw_ttl?ie=UTF8&ASIN=B0CLH74T2W,,"Wireless G Speaker with wireless charging ek smart combination hai. Desk lamp, bedside night light, sound machine, aur smart light ka feature, bedroom ki decor ko enhance karta hai. Convenient, stylish aur multi-functional product hai.",False,False,[],2025-01-10,28,,[],,,https://www.amazon.in/product-reviews/B0CLH74T2W?pageNumber=4&filterByStar=all_stars&sortBy=helpful&formatType=all_formats&asin=B0CLH74T2W&reftag=cm_cr_arp_d_paging_btm_next_4&scope=reviewsAjax0,allStars,,B0CLH74T2W,B0CLH74T2W,B0CLH74T2W,"{'price': None, 'listPrice': None}",https://www.amazon.in//Wireless-Speaker-Charging-Bedside-Machine/dp/B0CLH74T2W/ref=zg_bs_g_1389365031_d_sccl_20/262-4334605-4855948?psc=1,India,
Reviewed in India on 3 January 2025,amzn1.account.AFFPE7VUBN6JSQNASL63WG4KAPLA,https://www.amazon.in/gp/profile/amzn1.account.AFFPE7VUBN6JSQNASL63WG4KAPLA/ref=cm_cr_othr_d_gw_tr?ie=UTF8,5,5/5 stars,R2KJ1J3HE8GDPH,https://www.amazon.in/gp/customer-reviews/R2KJ1J3HE8GDPH/ref=cm_cr_othr_d_rvw_ttl?ie=UTF8&ASIN=B0CLH74T2W,,"I'm loving my new night lamp! It's a game-changer with its:Color-changing magic for a cozy ambianceWireless charging pad for convenient phone chargingAlarm settings with simulated sunrise for a refreshing wake-upSleek design, sturdy build, and excellent value. Highly recommended for a relaxing and tech-savvy sleeping experience!",False,False,[],2025-01-03,29,,[],,,https://www.amazon.in/product-reviews/B0CLH74T2W?pageNumber=4&filterByStar=all_stars&sortBy=helpful&formatType=all_formats&asin=B0CLH74T2W&reftag=cm_cr_arp_d_paging_btm_next_4&scope=reviewsAjax0,allStars,,B0CLH74T2W,B0CLH74T2W,B0CLH74T2W,"{'price': None, 'listPrice': None}",https://www.amazon.in//Wireless-Speaker-Charging-Bedside-Machine/dp/B0CLH74T2W/ref=zg_bs_g_1389365031_d_sccl_20/262-4334605-4855948?psc=1,India,
Reviewed in India on 31 December 2024,amzn1.account.AGCJRCM5DOIBM33DAFGH7M5YUFBQ,https://www.amazon.in/gp/profile/amzn1.account.AGCJRCM5DOIBM33DAFGH7M5YUFBQ/ref=cm_cr_othr_d_gw_tr?ie=UTF8,5,Cool & elegant,RNHS4GJPB1NXV,https://www.amazon.in/gp/customer-reviews/RNHS4GJPB1NXV/ref=cm_cr_othr_d_rvw_ttl?ie=UTF8&ASIN=B0CLH74T2W,,Product is supercool and is very easy to setup. The wireless charger is excellent. The lights can be changed according to the mood and theme.,False,False,[],2024-12-31,30,,[],,,https://www.amazon.in/product-reviews/B0CLH74T2W?pageNumber=4&filterByStar=all_stars&sortBy=helpful&formatType=all_formats&asin=B0CLH74T2W&reftag=cm_cr_arp_d_paging_btm_next_4&scope=reviewsAjax0,allStars,,B0CLH74T2W,B0CLH74T2W,B0CLH74T2W,"{'price': None, 'listPrice': None}",https://www.amazon.in//Wireless-Speaker-Charging-Bedside-Machine/dp/B0CLH74T2W/ref=zg_bs_g_1389365031_d_sccl_20/262-4334605-4855948?psc=1,India,
Reviewed in India on 29 December 2024,amzn1.account.AHPQSILRUXVKVQDQW6NHU4TBXMRQ,https://www.amazon.in/gp/profile/amzn1.account.AHPQSILRUXVKVQDQW6NHU4TBXMRQ/ref=cm_cr_othr_d_gw_tr?ie=UTF8,5,Good produt,RUQCW9FW1JHQY,https://www.amazon.in/gp/customer-reviews/RUQCW9FW1JHQY/ref=cm_cr_othr_d_rvw_ttl?ie=UTF8&ASIN=B0CLH74T2W,,"Wireless G Speaker multifunctional design ke saath aata hai, jisme wireless charging, desk lamp, aur bedside night light shamil hai. Smart light aur sound machine features bedroom decor ko upgrade karte hain. Compact aur stylish, perfect blend of utility aur elegance.",False,False,[],2024-12-29,31,,[],,,https://www.amazon.in/product-reviews/B0CLH74T2W?pageNumber=4&filterByStar=all_stars&sortBy=helpful&formatType=all_formats&asin=B0CLH74T2W&reftag=cm_cr_arp_d_paging_btm_next_4&scope=reviewsAjax0,allStars,,B0CLH74T2W,B0CLH74T2W,B0CLH74T2W,"{'price': None, 'listPrice': None}",https://www.amazon.in//Wireless-Speaker-Charging-Bedside-Machine/dp/B0CLH74T2W/ref=zg_bs_g_1389365031_d_sccl_20/262-4334605-4855948?psc=1,India,
Reviewed in India on 18 December 2024,amzn1.account.AHD4MXEKMJFGTWWRQ6WO66GUZHHA,https://www.amazon.in/gp/profile/amzn1.account.AHD4MXEKMJFGTWWRQ6WO66GUZHHA/ref=cm_cr_othr_d_gw_tr?ie=UTF8,5,Best product value of money,RL6E6J429NUV3,https://www.amazon.in/gp/customer-reviews/RL6E6J429NUV3/ref=cm_cr_othr_d_rvw_ttl?ie=UTF8&ASIN=B0CLH74T2W,,Very nice product value of money every one can purchase best quality I have already purchased 5 pis for my uses and my family,False,False,[],2024-12-18,32,,[],,,https://www.amazon.in/product-reviews/B0CLH74T2W?pageNumber=4&filterByStar=all_stars&sortBy=helpful&formatType=all_formats&asin=B0CLH74T2W&reftag=cm_cr_arp_d_paging_btm_next_4&scope=reviewsAjax0,allStars,,B0CLH74T2W,B0CLH74T2W,B0CLH74T2W,"{'price': None, 'listPrice': None}",https://www.amazon.in//Wireless-Speaker-Charging-Bedside-Machine/dp/B0CLH74T2W/ref=zg_bs_g_1389365031_d_sccl_20/262-4334605-4855948?psc=1,India,
Reviewed in India on 14 December 2024,amzn1.account.AHKU4VDO2BKMPN6NO5OJ5PUNFSKA,https://www.amazon.in/gp/profile/amzn1.account.AHKU4VDO2BKMPN6NO5OJ5PUNFSKA/ref=cm_cr_othr_d_gw_tr?ie=UTF8,5,Good portable speaker,R3ER0YQEFNSP2,https://www.amazon.in/gp/customer-reviews/R3ER0YQEFNSP2/ref=cm_cr_othr_d_rvw_ttl?ie=UTF8&ASIN=B0CLH74T2W,,Its provide good quality of sound and easy to install and value for money and i love the lights and shape of the speaker,False,False,[],2024-12-14,33,,[],,,https://www.amazon.in/product-reviews/B0CLH74T2W?pageNumber=5&filterByStar=all_stars&sortBy=helpful&formatType=all_formats&asin=B0CLH74T2W&reftag=cm_cr_arp_d_paging_btm_next_5&scope=reviewsAjax0,allStars,,B0CLH74T2W,B0CLH74T2W,B0CLH74T2W,"{'price': None, 'listPrice': None}",https://www.amazon.in//Wireless-Speaker-Charging-Bedside-Machine/dp/B0CLH74T2W/ref=zg_bs_g_1389365031_d_sccl_20/262-4334605-4855948?psc=1,India,
Reviewed in India on 2 December 2024,amzn1.account.AFXTULN6ZI44G2AJZOBREZIVWONA,https://www.amazon.in/gp/profile/amzn1.account.AFXTULN6ZI44G2AJZOBREZIVWONA/ref=cm_cr_othr_d_gw_tr?ie=UTF8,5,Best,R12WK28LT738JU,https://www.amazon.in/gp/customer-reviews/R12WK28LT738JU/ref=cm_cr_othr_d_rvw_ttl?ie=UTF8&ASIN=B0CLH74T2W,,"The Wireless G Speaker is a versatile gadget offering wireless charging, premium sound quality, and a bedside night light. Its sleek design doubles as a desk lamp, making it a functional and stylish addition to any space. Perfect for music lovers seeking convenience and modern aesthetics! 🎶✨",False,False,[],2024-12-02,34,,[],,,https://www.amazon.in/product-reviews/B0CLH74T2W?pageNumber=5&filterByStar=all_stars&sortBy=helpful&formatType=all_formats&asin=B0CLH74T2W&reftag=cm_cr_arp_d_paging_btm_next_5&scope=reviewsAjax0,allStars,,B0CLH74T2W,B0CLH74T2W,B0CLH74T2W,"{'price': None, 'listPrice': None}",https://www.amazon.in//Wireless-Speaker-Charging-Bedside-Machine/dp/B0CLH74T2W/ref=zg_bs_g_1389365031_d_sccl_20/262-4334605-4855948?psc=1,India,
Reviewed in India on 24 November 2024,amzn1.account.AF2KX5WVHHVC2I7NEJ6GHHGLNDZQ,https://www.amazon.in/gp/profile/amzn1.account.AF2KX5WVHHVC2I7NEJ6GHHGLNDZQ/ref=cm_cr_othr_d_gw_tr?ie=UTF8,5,Best product,RTHED81211N2E,https://www.amazon.in/gp/customer-reviews/RTHED81211N2E/ref=cm_cr_othr_d_rvw_ttl?ie=UTF8&ASIN=B0CLH74T2W,,"https://www.amazon.in/gp/product/B0CLH74T2WThe Wireless G Speaker with Wireless Charging combines music and functionality, offering a Bluetooth speaker and convenient wireless charging pad. Additionally, its desk lamp feature provides soft, adjustable lighting, making it a versatile bedside night light for both relaxation and convenience.",False,False,[],2024-11-24,35,,[],,,https://www.amazon.in/product-reviews/B0CLH74T2W?pageNumber=5&filterByStar=all_stars&sortBy=helpful&formatType=all_formats&asin=B0CLH74T2W&reftag=cm_cr_arp_d_paging_btm_next_5&scope=reviewsAjax0,allStars,,B0CLH74T2W,B0CLH74T2W,B0CLH74T2W,"{'price': None, 'listPrice': None}",https://www.amazon.in//Wireless-Speaker-Charging-Bedside-Machine/dp/B0CLH74T2W/ref=zg_bs_g_1389365031_d_sccl_20/262-4334605-4855948?psc=1,India,
Reviewed in India on 14 August 2024,amzn1.account.AHWTWEJLYIBGYVGMDV3UXTM76KYQ,https://www.amazon.in/gp/profile/amzn1.account.AHWTWEJLYIBGYVGMDV3UXTM76KYQ/ref=cm_cr_othr_d_gw_tr?ie=UTF8,5,Amazing item,R24XTJF0QJJ9KZ,https://www.amazon.in/gp/customer-reviews/R24XTJF0QJJ9KZ/ref=cm_cr_othr_d_rvw_ttl?ie=UTF8&ASIN=B0CLH74T2W,,That's intersting item for wearing and style.You can buy it in your pocket money.You show his style after wearing this item.,False,False,['https://m.media-amazon.com/images/I/51n-JeYLPVL._SY88.jpg'],2024-08-14,36,,[],,,https://www.amazon.in/product-reviews/B0CLH74T2W?pageNumber=5&filterByStar=all_stars&sortBy=helpful&formatType=all_formats&asin=B0CLH74T2W&reftag=cm_cr_arp_d_paging_btm_next_5&scope=reviewsAjax0,allStars,,B0CLH74T2W,B0CLH74T2W,B0CLH74T2W,"{'price': None, 'listPrice': None}",https://www.amazon.in//Wireless-Speaker-Charging-Bedside-Machine/dp/B0CLH74T2W/ref=zg_bs_g_1389365031_d_sccl_20/262-4334605-4855948?psc=1,India,
Reviewed in India on 30 January 2025,amzn1.account.AFRLRFXBEYNOYNGDH6PX2BERPKEA,https://www.amazon.in/gp/profile/amzn1.account.AFRLRFXBEYNOYNGDH6PX2BERPKEA/ref=cm_cr_othr_d_gw_tr?ie=UTF8,5,Nice product ☺️,R2IL5B00I20CVP,https://www.amazon.in/gp/customer-reviews/R2IL5B00I20CVP/ref=cm_cr_othr_d_rvw_ttl?ie=UTF8&ASIN=B0CLH74T2W,,"Yeh wireless G speaker kaafi multifunctional hai! Wireless charging, desk lamp, bedside night light aur smart light ke features ke saath, sound machine bhi hai. Bedroom decor ke liye perfect, stylish aur space-saving design.",False,False,[],2025-01-30,37,,[],,,https://www.amazon.in/product-reviews/B0CLH74T2W?pageNumber=5&filterByStar=all_stars&sortBy=helpful&formatType=all_formats&asin=B0CLH74T2W&reftag=cm_cr_arp_d_paging_btm_next_5&scope=reviewsAjax0,allStars,,B0CLH74T2W,B0CLH74T2W,B0CLH74T2W,"{'price': None, 'listPrice': None}",https://www.amazon.in//Wireless-Speaker-Charging-Bedside-Machine/dp/B0CLH74T2W/ref=zg_bs_g_1389365031_d_sccl_20/262-4334605-4855948?psc=1,India,
Reviewed in India on 13 November 2024,amzn1.account.AGEFBQ2FIKZL6SATIJ67SHTZSVEA,https://www.amazon.in/gp/profile/amzn1.account.AGEFBQ2FIKZL6SATIJ67SHTZSVEA/ref=cm_cr_othr_d_gw_tr?ie=UTF8,1,Not good as expected,R3QZRXJP5EF5O4,https://www.amazon.in/gp/customer-reviews/R3QZRXJP5EF5O4/ref=cm_cr_othr_d_rvw_ttl?ie=UTF8&ASIN=B0CLH74T2W,,Product build is not good as expected by seller,True,False,[],2024-11-13,38,,[],,,https://www.amazon.in/product-reviews/B0CLH74T2W?pageNumber=5&filterByStar=all_stars&sortBy=helpful&formatType=all_formats&asin=B0CLH74T2W&reftag=cm_cr_arp_d_paging_btm_next_5&scope=reviewsAjax0,allStars,,B0CLH74T2W,B0CLH74T2W,B0CLH74T2W,"{'price': None, 'listPrice': None}",https://www.amazon.in//Wireless-Speaker-Charging-Bedside-Machine/dp/B0CLH74T2W/ref=zg_bs_g_1389365031_d_sccl_20/262-4334605-4855948?psc=1,India,
Reviewed in India on 2 December 2024,amzn1.account.AEDLWHJ4N5TERDLK6SXZTH7SYKBA,https://www.amazon.in/gp/profile/amzn1.account.AEDLWHJ4N5TERDLK6SXZTH7SYKBA/ref=cm_cr_othr_d_gw_tr?ie=UTF8,5,A cool look gadget,R2OT3CBZABV0F2,https://www.amazon.in/gp/customer-reviews/R2OT3CBZABV0F2/ref=cm_cr_othr_d_rvw_ttl?ie=UTF8&ASIN=B0CLH74T2W,,"Wireless G Speaker ek multifunctional device hai jo wireless charging, high-quality audio, aur bedside night light features combine karta hai. Compact aur stylish design ke saath, yeh desk lamp aur ambient lighting ke liye bhi perfect hai. Practical aur elegant solution for modern living! 🎶✨",False,False,[],2024-12-02,39,,[],,,https://www.amazon.in/product-reviews/B0CLH74T2W?pageNumber=5&filterByStar=all_stars&sortBy=helpful&formatType=all_formats&asin=B0CLH74T2W&reftag=cm_cr_arp_d_paging_btm_next_5&scope=reviewsAjax0,allStars,,B0CLH74T2W,B0CLH74T2W,B0CLH74T2W,"{'price': None, 'listPrice': None}",https://www.amazon.in//Wireless-Speaker-Charging-Bedside-Machine/dp/B0CLH74T2W/ref=zg_bs_g_1389365031_d_sccl_20/262-4334605-4855948?psc=1,India,
Reviewed in India on 21 August 2024,amzn1.account.AFI6XDYGKARSMIHX2V75ZSV4JHWA,https://www.amazon.in/gp/profile/amzn1.account.AFI6XDYGKARSMIHX2V75ZSV4JHWA/ref=cm_cr_othr_d_gw_tr?ie=UTF8,5,Elevea,R29JDI0IB80KXW,https://www.amazon.in/gp/customer-reviews/R29JDI0IB80KXW/ref=cm_cr_othr_d_rvw_ttl?ie=UTF8&ASIN=B0CLH74T2W,One person found this helpful,"Wonderful wireless 3 in 1 charger for Apple Iphone, Watch and Airpods.. I got this in the recent sale and was really impressed with the build quality of the product. The delivery was quick as well. In this price range, I would say this is one of the best 3 in 1 charger for..",False,False,[],2024-08-21,40,,[],,,https://www.amazon.in/product-reviews/B0CLH74T2W?pageNumber=5&filterByStar=all_stars&sortBy=helpful&formatType=all_formats&asin=B0CLH74T2W&reftag=cm_cr_arp_d_paging_btm_next_5&scope=reviewsAjax0,allStars,,B0CLH74T2W,B0CLH74T2W,B0CLH74T2W,"{'price': None, 'listPrice': None}",https://www.amazon.in//Wireless-Speaker-Charging-Bedside-Machine/dp/B0CLH74T2W/ref=zg_bs_g_1389365031_d_sccl_20/262-4334605-4855948?psc=1,India,
Reviewed in India on 24 January 2025,amzn1.account.AHQ5QBOAK7KQI7PIKYJ5R2DSBVIA,https://www.amazon.in/gp/profile/amzn1.account.AHQ5QBOAK7KQI7PIKYJ5R2DSBVIA/ref=cm_cr_othr_d_gw_tr?ie=UTF8,5,Product reviwe,RFGC0LNH4OJH,https://www.amazon.in/gp/customer-reviews/RFGC0LNH4OJH/ref=cm_cr_othr_d_rvw_ttl?ie=UTF8&ASIN=B0CLH74T2W,,Paisa vasul product.. very easy to use sound quality is very good.,True,False,[],2025-01-24,9,,[],,,https://www.amazon.in/product-reviews/B0CLH74T2W?pageNumber=2&filterByStar=all_stars&sortBy=helpful&formatType=all_formats&asin=B0CLH74T2W&reftag=cm_cr_arp_d_paging_btm_next_2&scope=reviewsAjax0,allStars,,B0CLH74T2W,B0CLH74T2W,B0CLH74T2W,"{'price': None, 'listPrice': None}",https://www.amazon.in//Wireless-Speaker-Charging-Bedside-Machine/dp/B0CLH74T2W/ref=zg_bs_g_1389365031_d_sccl_20/262-4334605-4855948?psc=1,India,
Reviewed in India on 18 January 2025,amzn1.account.AFLHK4ZUUXRKRFGQB2YZXPC6PV2A,https://www.amazon.in/gp/profile/amzn1.account.AFLHK4ZUUXRKRFGQB2YZXPC6PV2A/ref=cm_cr_othr_d_gw_tr?ie=UTF8,5,Very Good,RM5ACCVRPN413,https://www.amazon.in/gp/customer-reviews/RM5ACCVRPN413/ref=cm_cr_othr_d_rvw_ttl?ie=UTF8&ASIN=B0CLH74T2W,,The product is very handy. Multifunction in one unit.,True,False,[],2025-01-18,10,,[],,,https://www.amazon.in/product-reviews/B0CLH74T2W?pageNumber=2&filterByStar=all_stars&sortBy=helpful&formatType=all_formats&asin=B0CLH74T2W&reftag=cm_cr_arp_d_paging_btm_next_2&scope=reviewsAjax0,allStars,,B0CLH74T2W,B0CLH74T2W,B0CLH74T2W,"{'price': None, 'listPrice': None}",https://www.amazon.in//Wireless-Speaker-Charging-Bedside-Machine/dp/B0CLH74T2W/ref=zg_bs_g_1389365031_d_sccl_20/262-4334605-4855948?psc=1,India,
Reviewed in India on 22 January 2025,amzn1.account.AGBKOGILLGMKCFSBZP7V7YCDZ2UQ,https://www.amazon.in/gp/profile/amzn1.account.AGBKOGILLGMKCFSBZP7V7YCDZ2UQ/ref=cm_cr_othr_d_gw_tr?ie=UTF8,5,Nice Product,R363WFHHT0KQJK,https://www.amazon.in/gp/customer-reviews/R363WFHHT0KQJK/ref=cm_cr_othr_d_rvw_ttl?ie=UTF8&ASIN=B0CLH74T2W,,Product is good and is very easy to use.,True,False,[],2025-01-22,11,,[],,,https://www.amazon.in/product-reviews/B0CLH74T2W?pageNumber=2&filterByStar=all_stars&sortBy=helpful&formatType=all_formats&asin=B0CLH74T2W&reftag=cm_cr_arp_d_paging_btm_next_2&scope=reviewsAjax0,allStars,,B0CLH74T2W,B0CLH74T2W,B0CLH74T2W,"{'price': None, 'listPrice': None}",https://www.amazon.in//Wireless-Speaker-Charging-Bedside-Machine/dp/B0CLH74T2W/ref=zg_bs_g_1389365031_d_sccl_20/262-4334605-4855948?psc=1,India,
Reviewed in India on 17 January 2025,amzn1.account.AFK64IOLHV5XUNB2B7346XVS5WBQ,https://www.amazon.in/gp/profile/amzn1.account.AFK64IOLHV5XUNB2B7346XVS5WBQ/ref=cm_cr_othr_d_gw_tr?ie=UTF8,5,Good,R1JS81X70P36W8,https://www.amazon.in/gp/customer-reviews/R1JS81X70P36W8/ref=cm_cr_othr_d_rvw_ttl?ie=UTF8&ASIN=B0CLH74T2W,,Beautiful lights of the product.,True,False,[],2025-01-17,12,,[],,,https://www.amazon.in/product-reviews/B0CLH74T2W?pageNumber=2&filterByStar=all_stars&sortBy=helpful&formatType=all_formats&asin=B0CLH74T2W&reftag=cm_cr_arp_d_paging_btm_next_2&scope=reviewsAjax0,allStars,,B0CLH74T2W,B0CLH74T2W,B0CLH74T2W,"{'price': None, 'listPrice': None}",https://www.amazon.in//Wireless-Speaker-Charging-Bedside-Machine/dp/B0CLH74T2W/ref=zg_bs_g_1389365031_d_sccl_20/262-4334605-4855948?psc=1,India,
Reviewed in India on 10 January 2025,amzn1.account.AGJ6COWMX2X5SL2NMZYWGOPUUDOQ,https://www.amazon.in/gp/profile/amzn1.account.AGJ6COWMX2X5SL2NMZYWGOPUUDOQ/ref=cm_cr_othr_d_gw_tr?ie=UTF8,5,Very usefull,R2Q5G6YICCU5IZ,https://www.amazon.in/gp/customer-reviews/R2Q5G6YICCU5IZ/ref=cm_cr_othr_d_rvw_ttl?ie=UTF8&ASIN=B0CLH74T2W,,Excellent product,True,False,[],2025-01-10,13,,[],,,https://www.amazon.in/product-reviews/B0CLH74T2W?pageNumber=2&filterByStar=all_stars&sortBy=helpful&formatType=all_formats&asin=B0CLH74T2W&reftag=cm_cr_arp_d_paging_btm_next_2&scope=reviewsAjax0,allStars,,B0CLH74T2W,B0CLH74T2W,B0CLH74T2W,"{'price': None, 'listPrice': None}",https://www.amazon.in//Wireless-Speaker-Charging-Bedside-Machine/dp/B0CLH74T2W/ref=zg_bs_g_1389365031_d_sccl_20/262-4334605-4855948?psc=1,India,
Reviewed in India on 27 December 2024,amzn1.account.AEZGVTYCAFGNGMXIQGPEXQ57TWRQ,https://www.amazon.in/gp/profile/amzn1.account.AEZGVTYCAFGNGMXIQGPEXQ57TWRQ/ref=cm_cr_othr_d_gw_tr?ie=UTF8,5,Best product at the given budget,R3T0Z58W4CQ8WU,https://www.amazon.in/gp/customer-reviews/R3T0Z58W4CQ8WU/ref=cm_cr_othr_d_rvw_ttl?ie=UTF8&ASIN=B0CLH74T2W,,Except wireless charging all other purposes are significantly useful in day to day usage,True,False,[],2024-12-27,14,,[],,,https://www.amazon.in/product-reviews/B0CLH74T2W?pageNumber=2&filterByStar=all_stars&sortBy=helpful&formatType=all_formats&asin=B0CLH74T2W&reftag=cm_cr_arp_d_paging_btm_next_2&scope=reviewsAjax0,allStars,,B0CLH74T2W,B0CLH74T2W,B0CLH74T2W,"{'price': None, 'listPrice': None}",https://www.amazon.in//Wireless-Speaker-Charging-Bedside-Machine/dp/B0CLH74T2W/ref=zg_bs_g_1389365031_d_sccl_20/262-4334605-4855948?psc=1,India,
Reviewed in India on 2 January 2025,amzn1.account.AHGT4TEXNWLN6HWTLAWEUSSJFHJA,https://www.amazon.in/gp/profile/amzn1.account.AHGT4TEXNWLN6HWTLAWEUSSJFHJA/ref=cm_cr_othr_d_gw_tr?ie=UTF8,5,Superb,R3EFEPIM1HNEG7,https://www.amazon.in/gp/customer-reviews/R3EFEPIM1HNEG7/ref=cm_cr_othr_d_rvw_ttl?ie=UTF8&ASIN=B0CLH74T2W,,Amazing,True,False,[],2025-01-02,15,,[],,,https://www.amazon.in/product-reviews/B0CLH74T2W?pageNumber=2&filterByStar=all_stars&sortBy=helpful&formatType=all_formats&asin=B0CLH74T2W&reftag=cm_cr_arp_d_paging_btm_next_2&scope=reviewsAjax0,allStars,,B0CLH74T2W,B0CLH74T2W,B0CLH74T2W,"{'price': None, 'listPrice': None}",https://www.amazon.in//Wireless-Speaker-Charging-Bedside-Machine/dp/B0CLH74T2W/ref=zg_bs_g_1389365031_d_sccl_20/262-4334605-4855948?psc=1,India,
Reviewed in India on 25 January 2025,amzn1.account.AGJDZCYESFUJUEZAFEMXVUD23STA,https://www.amazon.in/gp/profile/amzn1.account.AGJDZCYESFUJUEZAFEMXVUD23STA/ref=cm_cr_othr_d_gw_tr?ie=UTF8,5,About product,R39XG8MA6FN745,https://www.amazon.in/gp/customer-reviews/R39XG8MA6FN745/ref=cm_cr_othr_d_rvw_ttl?ie=UTF8&ASIN=B0CLH74T2W,,"The media could not be loaded.
                
            
                
            
            
        
    
    








  
  
     Nice Product",True,False,[],2025-01-25,16,,[],,,https://www.amazon.in/product-reviews/B0CLH74T2W?pageNumber=2&filterByStar=all_stars&sortBy=helpful&formatType=all_formats&asin=B0CLH74T2W&reftag=cm_cr_arp_d_paging_btm_next_2&scope=reviewsAjax0,allStars,,B0CLH74T2W,B0CLH74T2W,B0CLH74T2W,"{'price': None, 'listPrice': None}",https://www.amazon.in//Wireless-Speaker-Charging-Bedside-Machine/dp/B0CLH74T2W/ref=zg_bs_g_1389365031_d_sccl_20/262-4334605-4855948?psc=1,India,
Reviewed in India on 24 December 2024,amzn1.account.AEQQH3TAYCSOAXZAC4NMHP4TIGYQ,https://www.amazon.in/gp/profile/amzn1.account.AEQQH3TAYCSOAXZAC4NMHP4TIGYQ/ref=cm_cr_othr_d_gw_tr?ie=UTF8,5,Useful for day today life,R2FZI6MPOUUM17,https://www.amazon.in/gp/customer-reviews/R2FZI6MPOUUM17/ref=cm_cr_othr_d_rvw_ttl?ie=UTF8&ASIN=B0CLH74T2W,,Everything alarm lights during nightSpeaker and above all time,True,False,['https://m.media-amazon.com/images/I/71s3PCZnnZL._SY88.jpg'],2024-12-24,17,,[],,,https://www.amazon.in/product-reviews/B0CLH74T2W?pageNumber=3&filterByStar=all_stars&sortBy=helpful&formatType=all_formats&asin=B0CLH74T2W&reftag=cm_cr_arp_d_paging_btm_next_3&scope=reviewsAjax0,allStars,,B0CLH74T2W,B0CLH74T2W,B0CLH74T2W,"{'price': None, 'listPrice': None}",https://www.amazon.in//Wireless-Speaker-Charging-Bedside-Machine/dp/B0CLH74T2W/ref=zg_bs_g_1389365031_d_sccl_20/262-4334605-4855948?psc=1,India,
Reviewed in India on 20 December 2024,amzn1.account.AHJ7TNSQGEU3NL6VOCUEMNBI3QVQ,https://www.amazon.in/gp/profile/amzn1.account.AHJ7TNSQGEU3NL6VOCUEMNBI3QVQ/ref=cm_cr_othr_d_gw_tr?ie=UTF8,5,Contemporary product with lots of feature,R2A1HMGF553GQJ,https://www.amazon.in/gp/customer-reviews/R2A1HMGF553GQJ/ref=cm_cr_othr_d_rvw_ttl?ie=UTF8&ASIN=B0CLH74T2W,,"Very nice ,Contemporary product with lots of feature.Thanks",True,False,['https://m.media-amazon.com/images/I/71ZoOPizflL._SY88.jpg'],2024-12-20,18,,[],,,https://www.amazon.in/product-reviews/B0CLH74T2W?pageNumber=3&filterByStar=all_stars&sortBy=helpful&formatType=all_formats&asin=B0CLH74T2W&reftag=cm_cr_arp_d_paging_btm_next_3&scope=reviewsAjax0,allStars,,B0CLH74T2W,B0CLH74T2W,B0CLH74T2W,"{'price': None, 'listPrice': None}",https://www.amazon.in//Wireless-Speaker-Charging-Bedside-Machine/dp/B0CLH74T2W/ref=zg_bs_g_1389365031_d_sccl_20/262-4334605-4855948?psc=1,India,
Reviewed in India on 29 November 2024,amzn1.account.AFB7G5U7T64DC62A3PHS7PLUFX3A,https://www.amazon.in/gp/profile/amzn1.account.AFB7G5U7T64DC62A3PHS7PLUFX3A/ref=cm_cr_othr_d_gw_tr?ie=UTF8,5,Charging is low,RVVG8MWJLMFHD,https://www.amazon.in/gp/customer-reviews/RVVG8MWJLMFHD/ref=cm_cr_othr_d_rvw_ttl?ie=UTF8&ASIN=B0CLH74T2W,,Wow super product,True,False,[],2024-11-29,19,,[],,,https://www.amazon.in/product-reviews/B0CLH74T2W?pageNumber=3&filterByStar=all_stars&sortBy=helpful&formatType=all_formats&asin=B0CLH74T2W&reftag=cm_cr_arp_d_paging_btm_next_3&scope=reviewsAjax0,allStars,,B0CLH74T2W,B0CLH74T2W,B0CLH74T2W,"{'price': None, 'listPrice': None}",https://www.amazon.in//Wireless-Speaker-Charging-Bedside-Machine/dp/B0CLH74T2W/ref=zg_bs_g_1389365031_d_sccl_20/262-4334605-4855948?psc=1,India,
Reviewed in India on 31 October 2024,amzn1.account.AHZ4XGGVERGYSUWK5LYSVECS3LDQ,https://www.amazon.in/gp/profile/amzn1.account.AHZ4XGGVERGYSUWK5LYSVECS3LDQ/ref=cm_cr_othr_d_gw_tr?ie=UTF8,5,Sleek product,R3JWWD8MZ6LLO9,https://www.amazon.in/gp/customer-reviews/R3JWWD8MZ6LLO9/ref=cm_cr_othr_d_rvw_ttl?ie=UTF8&ASIN=B0CLH74T2W,One person found this helpful,Finishing is excellent and  nice looking flooded with featuresValue of money,True,False,['https://m.media-amazon.com/images/I/71CybqWeSkL._SY88.jpg'],2024-10-31,20,,[],,,https://www.amazon.in/product-reviews/B0CLH74T2W?pageNumber=3&filterByStar=all_stars&sortBy=helpful&formatType=all_formats&asin=B0CLH74T2W&reftag=cm_cr_arp_d_paging_btm_next_3&scope=reviewsAjax0,allStars,,B0CLH74T2W,B0CLH74T2W,B0CLH74T2W,"{'price': None, 'listPrice': None}",https://www.amazon.in//Wireless-Speaker-Charging-Bedside-Machine/dp/B0CLH74T2W/ref=zg_bs_g_1389365031_d_sccl_20/262-4334605-4855948?psc=1,India,
Reviewed in India on 28 December 2024,amzn1.account.AHYARPAYUQNLWTYDYKAVR36E7DHA,https://www.amazon.in/gp/profile/amzn1.account.AHYARPAYUQNLWTYDYKAVR36E7DHA/ref=cm_cr_othr_d_gw_tr?ie=UTF8,1,Not worth,R2HQC32QKSBZ8P,https://www.amazon.in/gp/customer-reviews/R2HQC32QKSBZ8P/ref=cm_cr_othr_d_rvw_ttl?ie=UTF8&ASIN=B0CLH74T2W,,Wireless charging is not working properly and was unable to return the product,True,False,['https://m.media-amazon.com/images/I/61jZ4IX26dL._SY88.jpg'],2024-12-28,21,,[],,,https://www.amazon.in/product-reviews/B0CLH74T2W?pageNumber=3&filterByStar=all_stars&sortBy=helpful&formatType=all_formats&asin=B0CLH74T2W&reftag=cm_cr_arp_d_paging_btm_next_3&scope=reviewsAjax0,allStars,,B0CLH74T2W,B0CLH74T2W,B0CLH74T2W,"{'price': None, 'listPrice': None}",https://www.amazon.in//Wireless-Speaker-Charging-Bedside-Machine/dp/B0CLH74T2W/ref=zg_bs_g_1389365031_d_sccl_20/262-4334605-4855948?psc=1,India,
Reviewed in India on 4 January 2025,amzn1.account.AEHYMWP6NBENJJEVGABACY7LRAUA,https://www.amazon.in/gp/profile/amzn1.account.AEHYMWP6NBENJJEVGABACY7LRAUA/ref=cm_cr_othr_d_gw_tr?ie=UTF8,1,Too small size,RBDO1SUQ730NG,https://www.amazon.in/gp/customer-reviews/RBDO1SUQ730NG/ref=cm_cr_othr_d_rvw_ttl?ie=UTF8&ASIN=B0CLH74T2W,,"The media could not be loaded.
                
            
                
            
            
        
    
    








  
  
     Useless  product .... Size is too small.. Phone bhi nhi aarha ispr.... Charging bhi nhi ho rhi",True,False,['https://m.media-amazon.com/images/I/71UjNy+G2-L._SY88.jpg'],2025-01-04,22,,[],,,https://www.amazon.in/product-reviews/B0CLH74T2W?pageNumber=3&filterByStar=all_stars&sortBy=helpful&formatType=all_formats&asin=B0CLH74T2W&reftag=cm_cr_arp_d_paging_btm_next_3&scope=reviewsAjax0,allStars,,B0CLH74T2W,B0CLH74T2W,B0CLH74T2W,"{'price': None, 'listPrice': None}",https://www.amazon.in//Wireless-Speaker-Charging-Bedside-Machine/dp/B0CLH74T2W/ref=zg_bs_g_1389365031_d_sccl_20/262-4334605-4855948?psc=1,India,
Reviewed in India on 27 January 2025,amzn1.account.AFPQAXAGLXMXOX4SUVMRMPQA55NQ,https://www.amazon.in/gp/profile/amzn1.account.AFPQAXAGLXMXOX4SUVMRMPQA55NQ/ref=cm_cr_othr_d_gw_tr?ie=UTF8,5,Good product,R3GWB4WMZH8L8N,https://www.amazon.in/gp/customer-reviews/R3GWB4WMZH8L8N/ref=cm_cr_othr_d_rvw_ttl?ie=UTF8&ASIN=B0CLH74T2W,,I purchased this product and i found it a Very Nice product and easy to use . . . .,False,False,[],2025-01-27,23,,[],,,https://www.amazon.in/product-reviews/B0CLH74T2W?pageNumber=3&filterByStar=all_stars&sortBy=helpful&formatType=all_formats&asin=B0CLH74T2W&reftag=cm_cr_arp_d_paging_btm_next_3&scope=reviewsAjax0,allStars,,B0CLH74T2W,B0CLH74T2W,B0CLH74T2W,"{'price': None, 'listPrice': None}",https://www.amazon.in//Wireless-Speaker-Charging-Bedside-Machine/dp/B0CLH74T2W/ref=zg_bs_g_1389365031_d_sccl_20/262-4334605-4855948?psc=1,India,
Reviewed in India on 20 January 2025,amzn1.account.AHI3UXUDUKGVIOXO4HIUEZWS42NA,https://www.amazon.in/gp/profile/amzn1.account.AHI3UXUDUKGVIOXO4HIUEZWS42NA/ref=cm_cr_othr_d_gw_tr?ie=UTF8,5,Great product,R14TR38WYR9CWU,https://www.amazon.in/gp/customer-reviews/R14TR38WYR9CWU/ref=cm_cr_othr_d_rvw_ttl?ie=UTF8&ASIN=B0CLH74T2W,,The Product is worth for the given amount money.very useful for daily essential life. Sound quality is good. Look wise also it's very nice,False,False,[],2025-01-20,24,,[],,,https://www.amazon.in/product-reviews/B0CLH74T2W?pageNumber=3&filterByStar=all_stars&sortBy=helpful&formatType=all_formats&asin=B0CLH74T2W&reftag=cm_cr_arp_d_paging_btm_next_3&scope=reviewsAjax0,allStars,,B0CLH74T2W,B0CLH74T2W,B0CLH74T2W,"{'price': None, 'listPrice': None}",https://www.amazon.in//Wireless-Speaker-Charging-Bedside-Machine/dp/B0CLH74T2W/ref=zg_bs_g_1389365031_d_sccl_20/262-4334605-4855948?psc=1,India,
