ratingScore,reviewTitle,reviewId,reviewUrl,reviewDescription,reviewImages,date,position,variant,totalCategoryRatings
5,Best bass in this price range.,R16KOQ081YJ1GF,https://www.amazon.in/gp/customer-reviews/R16KOQ081YJ1GF/ref=cm_cr_othr_d_rvw_ttl?ie=UTF8&ASIN=B078S4P3J9,"The bass is absolutely immaculate. It’s deep, rich, and powerful, yet perfectly balanced. Whether you’re listening to bass-heavy genres like hip-hop and EDM or acoustic tracks, the sound remains clear and detailed. Even at high volumes, there’s no distortion—just crisp highs, warm mids, and flawless bass. The Bluetooth connection is reliable, with a strong range and seamless pairing. The battery life is outstanding, lasting for extended listening sessions without needing a recharge. If you’re a fan of premium sound with an emphasis on bass, this speaker is an excellent choice. It’s perfect for parties, casual listening, or filling your space with incredible sound. Highly recommended for audiophiles and casual listeners alike!",[],2025-01-02,1,Colour: Black,
4,Good for travel and personal listening,R323N7LJJG9CRE,https://www.amazon.in/gp/customer-reviews/R323N7LJJG9CRE/ref=cm_cr_othr_d_rvw_ttl?ie=UTF8&ASIN=B078S4P3J9,"The media could not be loaded.
                
            
                
            
            
        
    
    








  
  
     This speaker is good for personal listening especially when want to keep it on your desk only. It has clear treble and good mids the bass is deep but because the speaker is so small it can't fill up a large place that's why when u keep the speaker at an distance you feel the drop in bass imidiately. Also the loudness is not enough if you wanna enjoy it outside.The battery is the best thing about this speaker also the build quality is top notch.It's a good speaker if it's selling at 2400rs but not more than that. You should look for bigger speaker is you want more bass and loudness.",[],2024-11-06,2,Colour: Black,
5,Sound and Build quality is superior also Not for Those who wants very high and funky Base,R3POV0DMFPYQ8E,https://www.amazon.in/gp/customer-reviews/R3POV0DMFPYQ8E/ref=cm_cr_othr_d_rvw_ttl?ie=UTF8&ASIN=B078S4P3J9,"The media could not be loaded.
                
            
                
            
        
    
    








  
  
     *Tribit XSound Go Bluetooth Speaker Review*The Tribit XSound Go Bluetooth speaker is an exceptional device that offers outstanding build quality, superior sound quality, and impressive battery life. Priced under ₹3000, this speaker is an unbeatable value for personal use and small to medium-sized rooms.*Build Quality: 5/5*The Tribit XSound Go boasts a rugged and compact design, making it perfect for indoor and outdoor use. The speaker's IPX7 waterproof rating ensures it can withstand accidental splashes or rain showers. The build quality is exceptional, with a sturdy plastic body and a metal grille that protects the drivers.*Sound Quality: 5/5*The Tribit XSound Go delivers superior sound quality, with clear and balanced vocals. The speaker's dual 8W drivers produce a rich and detailed soundstage, with deep bass and crisp treble. The sound quality is impressive, especially considering the speaker's compact size. Not for those who wants very high funky base and loudness*Battery Life: 5/5*The Tribit XSound Go offers an impressive 20 hour battery life at 70-80% volume on a single charge. This makes it perfect for long trips, camping, or backyard parties.*Additional Features:*1. *Bluetooth 5.3*: Seamless connectivity with devices up to 100 feet away.2. *Hands-Free Calls*: Built-in microphone for clear voice calls.4. *Auxiliary Input*: Connect devices via 3.5mm audio cable.*Verdict:*The Tribit XSound Go Bluetooth speaker is an outstanding device that offers exceptional build quality, superior sound quality, and impressive battery life. Priced under ₹3000, it's an unbeatable value for personal use and small to medium-sized rooms. If you're looking for a reliable and high-quality Bluetooth speaker, the Tribit XSound Go is an excellent choice.*Rating:* 5/5*Recommendation:*The Tribit XSound Go is perfect for:1. Personal use (indoor and outdoor)2. Small to medium-sized rooms3. Camping and outdoor activities4. Backyard parties and gatheringsHowever, the Tribit XSound Go offers an unbeatable combination of build quality, sound quality, and battery life at an affordable price.And also if you want more loudness and base you should definitely goes for other but I personally says this device have enough base and loudness for small areas like small to medium room and backyard bornfire gathering.And I Personally says in my opinion this speaker is definitely compet with JBL Sony Boat Portronics in this price range and I don't think any brand are made this type of sound quality build quality and battery life.Definitely go for it.","['https://m.media-amazon.com/images/I/71Ln7BlertL._SY88.jpg', 'https://m.media-amazon.com/images/I/71fWAuXWq4L._SY88.jpg', 'https://m.media-amazon.com/images/I/71gv1S9UoyL._SY88.jpg', 'https://m.media-amazon.com/images/I/71iLLa0NHhL._SY88.jpg', 'https://m.media-amazon.com/images/I/71kX90Rl7TL._SY88.jpg', 'https://m.media-amazon.com/images/I/71q4SX3EgQL._SY88.jpg', 'https://m.media-amazon.com/images/I/71vse-49fmL._SY88.jpg', 'https://m.media-amazon.com/images/I/71ywn6xpO4L._SY88.jpg', 'https://m.media-amazon.com/images/I/81s6q6EYCiL._SY88.jpg']",2024-11-23,3,Colour: Black,
5,Unbelievable Sound Quality and Durability!,R3FGBG4SLPPKYJ,https://www.amazon.in/gp/customer-reviews/R3FGBG4SLPPKYJ/ref=cm_cr_othr_d_rvw_ttl?ie=UTF8&ASIN=B078S4P3J9,"The media could not be loaded.
                
            
                
            
        
    
    








  
  
     I recently purchased the Tribit XSound Go Bluetooth Speaker, and it has completely blown me away with its performance. This upgraded version is nothing short of spectacular. Here are the reasons why I'm so impressed:Sound Quality: The sound quality is absolutely mind-blowing! The 16W output delivers crisp highs, deep lows, and a rich bass that fills the room. I was pleasantly surprised by the clarity and volume of this speaker. It easily competes with much more expensive speakers on the market.Durability: The IPX7 waterproof rating means I can take this speaker virtually anywhere. It's survived accidental splashes & rain without missing a beat. Tribit's build quality is top-notch, and it shows in this product.Battery Life: The 24-hour playtime is no exaggeration. I've used it for days without needing to recharge, making it the perfect companion for outdoor adventures or long road trips.Wireless Stereo Pairing: Pairing two of these speakers together for a stereo experience is a breeze. The result is an immersive soundstage that enhances music, movies, and even podcasts.Portability: The compact design and the convenience of Type-C charging make it an excellent travel companion. It's super easy to throw in a bag and take it on the go.Sound Quality and Toning:The sound quality of the Tribit XSound Go is nothing short of exceptional. What truly sets it apart is its ability to produce a well-balanced, crystal-clear audio experience. The mids and highs are remarkably crisp, allowing you to hear every nuance of your favorite tracks with stunning clarity. Whether you're listening to classical music with intricate melodies or enjoying the vocals in your favorite pop songs, the XSound Go delivers the sound as the artist intended.But what truly blew me away is the tonal accuracy of this speaker. It doesn't overemphasize or muddle any part of the audio spectrum. This means you get a true representation of your music, where each instrument and note shines with its distinctive character. The speaker's tonal balance ensures that your music sounds authentic and enjoyable, regardless of the genre.Rich Bass:Now, let's talk about the bass. The XSound Go packs an impressive punch when it comes to bass performance. The 16W output, coupled with carefully tuned drivers, delivers deep and rich bass that you can feel. It's not just about being loud; it's about the quality of the bass. Whether it's the thumping beats of electronic dance music, the low-frequency rumble of action movie explosions, or the resonance of a double bass in jazz, this speaker reproduces bass notes with remarkable depth and power.What's truly remarkable is that even at higher volumes, the bass remains clean and distortion-free. The speaker manages to balance the bass with the mids and highs beautifully, creating an audio experience that's both powerful and nuanced. You'll be amazed at how a speaker this compact can produce such satisfying low-end frequencies.In summary, the Tribit XSound Go excels in delivering a balanced, tonally accurate sound with rich, satisfying bass. It's a testament to Tribit's engineering prowess, ensuring that your music and audio content are elevated to a whole new level. Whether you're an audiophile or simply someone who enjoys great music, this speaker won't disappoint. It's the perfect audio companion for any occasion.The Tribit XSound Go has consistently delivered exceptional audio quality and reliability. If you're looking for a Bluetooth speaker that offers fantastic sound, durability, and great features, don't hesitate to grab one of these. It's an incredible value for the price, and I couldn't be happier with my purchase! 🎧🤌🏼","['https://m.media-amazon.com/images/I/71e1UMwy1LL._SY88.jpg', 'https://m.media-amazon.com/images/I/71w3oGrvtYL._SY88.jpg', 'https://m.media-amazon.com/images/I/71w3oGrvtYL._SY88.jpg']",2023-10-28,4,Colour: Black,
5,Enchanting Sound Quality with Volume Constraints,R20KKW5MY3EX3G,https://www.amazon.in/gp/customer-reviews/R20KKW5MY3EX3G/ref=cm_cr_othr_d_rvw_ttl?ie=UTF8&ASIN=B078S4P3J9,"Recently acquired this remarkable speaker that left me awe-inspired with its otherworldly sound quality. The audio produced by this device is simply exceptional, immersing me in a sonic experience that transports me to another realm. However, I must confess that my enthusiasm is tinged with a hint of disappointment, as this magnificent speaker lacks the volume to match its extraordinary audio prowess.Let's start with the positives. The sound quality delivered by this speaker is nothing short of phenomenal. Every note, every beat, and every whisper resonates with astonishing clarity and precision. The highs are crisp and shimmering, the mids are rich and warm, and the bass punches through with a satisfying thump. It's as if the music emanates from a celestial orchestra, capturing every nuance and detail with finesse. The immersive experience it provides is unparalleled, allowing me to rediscover my favorite songs and experience them in a whole new light.The design and build quality of the speaker are also commendable. It boasts an elegant and minimalist aesthetic that blends seamlessly into any room decor. The materials used are top-notch, exuding durability and a sense of luxury. Furthermore, the intuitive controls and user-friendly interface make operating this device a breeze, adding convenience to the overall experience.However, my enthusiasm takes a hit when it comes to the speaker's volume capabilities. While it delivers sonic perfection at lower volumes, it falls short in terms of sheer loudness. In large spaces or when I crave a bit of a kick during a party or gathering, the speaker struggles to reach the desired volume levels. It's disappointing that such a magnificent audio performer lacks the ability to truly fill a room with sound, leaving me longing for more oomph and power.To clarify, this speaker is by no means ""quiet"" or ineffective. It performs admirably in smaller settings, such as a cozy living room or a bedroom, where its sound quality shines. Nevertheless, if you seek a speaker capable of booming audio that can energize larger spaces, this may not be the perfect fit.Despite my reservations about its volume limitations, I cannot deny the unparalleled sound quality offered by this speaker. It effortlessly transports listeners into a captivating audio realm that is truly otherworldly. If you prioritize audio fidelity and are content with moderate volume levels, this speaker will undoubtedly leave you mesmerized.Pros:Unparalleled sound quality with exceptional clarity and precisionElegant and minimalist designUser-friendly controls and interfaceSuperb build quality and durabilityCons:Falls short in terms of sheer volume for larger spaces or gatheringsLimitations in delivering booming audioIn conclusion, this speaker is a sonic masterpiece that will enchant you with its otherworldly sound quality. However, if you anticipate the need for higher volume levels, it might be worth considering other options. Nonetheless, for those who value audio fidelity and appreciate a captivating auditory experience, this speaker's enchanting soI recently acquired a mesmerizing speaker that delivers an otherworldly sound experience. The audio quality is exceptional, immersing me in a sonic realm of pure delight. However, while the sound is enchanting, I must note that the speaker falls short in terms of volume, limiting its performance in larger spaces or lively gatherings.The speaker's sound quality is simply phenomenal. Every note, beat, and whisper is rendered with astonishing clarity and precision. The highs are crisp, the mids are rich, and the bass packs a satisfying punch. It's like being transported to a celestial orchestra, experiencing music in a whole new light.In terms of design and build quality, the speaker impresses with its elegant and minimalist aesthetic. It seamlessly blends into any room decor and exudes a sense of luxury. The controls are intuitive, and the user-friendly interface adds convenience to the overall experience.Unfortunately, the speaker's volume capabilities leave something to be desired. While it performs admirably in smaller settings, it struggles to reach the desired volume levels in larger spaces or during energetic gatherings. It's important to note that it's not a quiet device, but it lacks the power to truly fill a room with sound.In summary, this speaker offers enchanting sound quality that will captivate your senses. However, if you anticipate needing higher volume levels, it may not be the perfect fit. Nonetheless, for those who prioritize audio fidelity and appreciate an immersive auditory experience, this speaker will undoubtedly leave you mesmerized.Pros:Phenomenal sound quality with exceptional clarityElegant and minimalist designUser-friendly controls and interfaceHigh build qualityCons:Volume limitations for larger spaces or lively gatheringsIn conclusion, this speaker delivers an enchanting audio experience, albeit with some volume constraints. Its mesmerizing sound quality will transport you to a sonic wonderland, but it may not be ideal for those seeking booming audio in larger settings.",[],2023-06-20,5,Colour: Black,
4,Awesome for indoor use!,R1RINW6W6AL42X,https://www.amazon.in/gp/customer-reviews/R1RINW6W6AL42X/ref=cm_cr_othr_d_rvw_ttl?ie=UTF8&ASIN=B078S4P3J9,"Loud sound, good base, compact size, it's handy to use, Bluetooth range is very good, battery life awesome.But if you think to buy this like a woffer speaker and expect too much loud sound then this product is not for you..Inside house you will get sufficient loud sound and easy to carry along on vacation trip",[],2025-01-14,6,Colour: Black,
5,Wonderful and worth the money,RUV9WAG9M4NXL,https://www.amazon.in/gp/customer-reviews/RUV9WAG9M4NXL/ref=cm_cr_othr_d_rvw_ttl?ie=UTF8&ASIN=B078S4P3J9,"Writing this review after 3 months of regular usage.It's super compact in size, but the sound is mind-blowing!The small body is capable of producing heavy bass and crisp trebles, performance wise it's superb!I have connected it with my old Alexa speaker which was defunct. It connected in less than 30 seconds and has been performing consistently.Very compact design and light weight. Haven't used the external Usb port yet, so can't comment on it.",[],2025-01-28,7,Colour: Black,
4,"Excellent sound quality, but its Bluetooth connectivity is horrible",RZNFBEQ32E0HO,https://www.amazon.in/gp/customer-reviews/RZNFBEQ32E0HO/ref=cm_cr_othr_d_rvw_ttl?ie=UTF8&ASIN=B078S4P3J9,"The Tribit [Upgraded Version] XSound Go Wireless Bluetooth 5.0 Speakers Bluetooth connectivity feature is not working. The audio sound keeps coming and going periodically, even with a fully charged battery. The range of the speakers Bluetooth is not more then 10 feet maximum, against the claimed 100 feet. Place your hand over the speaker to carry it, and the sound goes off completely !!I tried pairing this Tribit speaker with both my smart phones, as well as my PC's Bluetooth feature, but the problem persists. I have requested Amazon for a replacement. I hope the seller sends a NEW and fully tested and reliable speaker this time.Will update when the replacement speaker arrives.Update on the TRIBIT XSOUND GO 16W speaker, after 25 days of usage  .......When received new, I faced considerable problems with its Bluetooth connectivity, as mentioned in my initial review above. I had put in a request for a replacement a couple of days after it was received from Amazon.However, as luck or fate would have it, that very day the Speaker miraculously sorted itself out, and the Bluetooth connectivity disappeared completely. I thereon cancelled my ''replacement'' request, as the speaker was working excellently now.Some salient points about the speaker ...... It has incredible sound reproduction. very clear vocals, with absolutely zero distortion or muffling of the vocals even at Max volume. As I use the speaker mainly to listen to video podcasts, the quality of the vocals is what I desired, and I got it in this BT TRIBIT speaker.That said, it plays the MP3 music files flawlessly too, with clear separations of the vocals from the instrumental sounds. Thank fully there is no mindless artificial Bass that keeps going ''dhum dhum'' at regular intervals, completely out of sync with the vocals and instrumental music being played,  as is the norm now in most BT enabled speakers, even high end ones.I have JBL and BOAT BT speakers, but this speaker outclasses them both in this price range of Rs 2500 to Rs 5000. I bought the TRIBIT for Rs 2799.The built quality is very robust, and it feels very substantial when holding it. Battery back up is not more then 10 to 12 hours when it is playing at 50% to 60% volume levels. Manufacturer claims 24 hr's backup. Perhaps this is achievable if one plays the speaker at 20% to 25% volume levels.From Zero to 100% charge it takes at a average of 4.5 hours to 6 hours. Less if one is charging it from a wall socket with a DC Adapter. More time required if one is charging it from the PC, or Laptop via the C Type cable that is provided. Sadly, for such a expensive product the DC Adapter for the C type cable, nor a 3.5 Aux In Cable is provided with the speaker, but only a C Type cable. One has to buy them both separately.Finally, I must add the excellent Customer response that the seller of the product ''TribitDirect-IN'' provided to me. After my initial review with a 1 Star rating, (revised to 4 Star now) and my request to Amazon for a replacement, they reached out on their own initiative via a e-mail, and offered a full refund for the speaker, without returning it.This is absolutely extraordinary, as no seller so far on Amazon.in has given the same immediate response on their own initiative. I have been buying from Amazon.in for more then a decade now, and no seller to-date has been so prompt and efficient in reaching out to the buyer with a immediate solution.As my speaker had miraculously overcome its initial out of the box Bluetooth connectivity issue, and was working flawlessly, I declined their most generous offer.The speaker deserves a full 5 STAR rating for all its excellent quality parameters.I have though reduced 1 Star only on the issue of packaging. The seller used a thin plastic envelope, albeit with bubble packing inside, it to send such a expensive and delicate piece of equipment, that if dropped in transit would have surely damaged it.A strong and well padded carton should be used, so that there is no transit damage, even if the package is mis-handled by the Courier Agency, etc, before the delivery.Finally: If one is looking for a outstanding BT speaker, just buy this ''Tribit XSound Go 16W 5.0 Bluetooth Speaker'' without any hesitation.Yes, those wanting a Boombox type Bass generator of a ''LOUD'' BT speaker, then this might not meet your requirements.Hope that the above helped out.",['https://m.media-amazon.com/images/I/71re7dGm5kL._SY88.jpg'],2023-06-01,8,Colour: Blue,
5,A great performer in budget,R1Y41D65GTEMTA,https://www.amazon.in/gp/customer-reviews/R1Y41D65GTEMTA/ref=cm_cr_othr_d_rvw_ttl?ie=UTF8&ASIN=B078S4P3J9,"The media could not be loaded.
                
            
                
            
        
    
    








  
  
     Review after Having this device for over a year...I have to say, that i didn't expect it to be so compact. It was smaller than what i expected. I was sceptical about the sound output because of that. But when i played the speaker i was pleasantly surprised.Let me give you my background a little..I am a picky listener. I can't stand tinny or even slightly distorted sound, low or excessive bassy outputs, so i have to look a lot for a rich overall sound signature that can sooth my earbuds with just the right amount of bass and crystal clear vocals.. and also i don't want to spent a lot for so little of requirements 😆...So..I wanted a portable speaker with good sound signature. I was checking out many speakers in this price range of 3 to 4k, be it boat, JBL, Sony, etc. The only speaker in this price range came close to deliver a good overall output was sonySRS-XB13, but then it didn't have BT 5.0 or Type C charging which in this day and age, is a necessity.Then i found this company, and i was amazed with how good the sound quality the products provide in this price range, and even having all the bells and whistles that i needed.Although Sony Speakers had same specifications in terms of speaker wattage, but this one is way lauder than those ones it seemed and also what i learned from all the user reviews.Now to the actual review,,1. Sound of the speaker is top notch. It can easily be mistaken with any high end brands like Sony or Sennheiser. The sound signature it has, it pretty balanced, with a crystal clear vocal output, so much so that even my oldschool parents could recognise every voice from some oldschool songs, and appreciated the sound quality. Any instrumental Or vocal heavy Melody will just act like a sleeping pill at night, it's so sweetly tuned.When it comes to Bass, it is Great, it is not like it will shake your glass windows, but it is perfectly tuned with the other sound frequencies, When it comes to 16wt portable speakers, the bass is one of the best you'll find out there. And it doesn't cover up the other instruments or vocal to deliver a bass heavy output, but it does a good job of delivering a sweet mixture of rich sounds mixed with thumping bass..At even the highest volume, it doesn't distort or sound tiny or something. The sound signature stays the same and it can fill an entire room,,2. BT connectivity is good, there's no connectivity issue even from the second room, or even the third room.3. Battery is really good, i didn't get 24hr playback but i can say that even the claim of it is very outrageous, still i got like more than 15 16 hours of playtime in mixed volume settings of mid to high. It is still way better than other options available at this price. Atleast i dont have to charge it in even 3 or 4 odd days with a playback of around 3 to 4 hrs.4. I didn't test how water resistant it is, or the ruggedness of it, but i can say that it has a build quite robust. And has a heft to it, which makes it even better when keeping it on a surface. All the ports are safely kept hidden with a rubber sealed cavity around the back of it. And the whole body is grippy, so it doesn't slide of off a slightly slanted surface..5. Mic quality is great, other party said the sound is really clear.6. Connectivity is fast. No issue there. Once ot is connected, you'll just have to switch it on amd it connects automatically within one or two seconds max.7. Buttons are good enough, not very tactile. But it's okay.Cons.:- i couldn't find any significant cons for this product especially considering the price. But if i have to nitpick, then I'll have to say the heft makes it a little more noticeable when you carry it in your pocket.That's it, I'll update this review after one or two months if i see any new features or cons.Got it for 2.3k , but it was available for even less than that. Which makes it one of the, if not the best BT speaker in this range. And Tribit products in every price range is in my wishlist. They are a damn good speaker manufacturer.🙏",[],2022-10-06,9,Colour: Blue,
4,Nice.,R1SMOM01CQCYF2,https://www.amazon.in/gp/customer-reviews/R1SMOM01CQCYF2/ref=cm_cr_othr_d_rvw_ttl?ie=UTF8&ASIN=B078S4P3J9,"Compared with JBL go 3 speaker. First of all if you are thinking it's more louder than JBL go 3 then u will be disappointed. As mentioned it's 16w out put.  Don't purchase only reading by 20w,30w.  It's marketing strategies.  Overall the speaker is good and for tough use it really good. Bettry test - 3.5/5.  in 100% charge u will use easily 3 hours. As I have tested only for 3 hours max still better was remained 20% But the volume will decrease as the bettry runs out.Loudness - 4/5Water proof test - i haven't deep this product in the bucket 🪣. But yes it's splesh proof and water proof as mentioned it comes with IP 7 rating.Rough & tough - 4/5","['https://m.media-amazon.com/images/I/71ZEL2jeePL._SY88.jpg', 'https://m.media-amazon.com/images/I/71lAKr4u3fL._SY88.jpg', 'https://m.media-amazon.com/images/I/71sbOlCYU4L._SY88.jpg', 'https://m.media-amazon.com/images/I/81iepkB9YPL._SY88.jpg']",2025-01-25,10,Colour: Black,
4,Loud,R3P76NC07E2UMZ,https://www.amazon.in/gp/customer-reviews/R3P76NC07E2UMZ/ref=cm_cr_othr_d_rvw_ttl?ie=UTF8&ASIN=B078S4P3J9,"Sound quality is good. Battery life is also good. Base is slightly less from other 16w speaker. For movie, web series it is best. Fast connectivity , small size.","['https://m.media-amazon.com/images/I/71cFjDxg1JL._SY88.jpg', 'https://m.media-amazon.com/images/I/71k6Sh1BdHL._SY88.jpg', 'https://m.media-amazon.com/images/I/81LDTqKi45L._SY88.jpg']",2025-01-23,11,Colour: Black,
4,Product is good but boat is better in less price,R27DFLXRF4AEJ,https://www.amazon.in/gp/customer-reviews/R27DFLXRF4AEJ/ref=cm_cr_othr_d_rvw_ttl?ie=UTF8&ASIN=B078S4P3J9,If u need battery life than go for it if need good sound or baseGo for boat,[],2025-01-27,12,Colour: Black,
4,"Good for music, not movies",R10KJAJDF5KIBE,https://www.amazon.in/gp/customer-reviews/R10KJAJDF5KIBE/ref=cm_cr_othr_d_rvw_ttl?ie=UTF8&ASIN=B078S4P3J9,"Good for music, not movies",[],2025-01-21,13,Colour: Black,
4,Quality,R3979AF2Q4Z4OH,https://www.amazon.in/gp/customer-reviews/R3979AF2Q4Z4OH/ref=cm_cr_othr_d_rvw_ttl?ie=UTF8&ASIN=B078S4P3J9,Product is really very good. But loudness of sound is little low in crowd places.,"['https://m.media-amazon.com/images/I/61TjobW-weL._SY88.jpg', 'https://m.media-amazon.com/images/I/61vuvI17LmL._SY88.jpg', 'https://m.media-amazon.com/images/I/61xpgNtb0UL._SY88.jpg', 'https://m.media-amazon.com/images/I/61yQz0oa1+L._SY88.jpg', 'https://m.media-amazon.com/images/I/71ThDhr4iDL._SY88.jpg']",2025-01-16,14,Colour: Red,
5,Satisfied customer,R1A18L2MFZ6P47,https://www.amazon.in/gp/customer-reviews/R1A18L2MFZ6P47/ref=cm_cr_othr_d_rvw_ttl?ie=UTF8&ASIN=B078S4P3J9,"The media could not be loaded.
                
            
                
            
        
    
    








  
  
     Assuming it a budget segment  ,small tiny bluetooth speaker, Frankly speaking , I was not optimistic about it's performance that much, but after using it since last 24 hours I must say it performs well in every aspect. Being a first time bluetooth speaker user, I initially struggle a little to configure it with my two mobiles, but after some initial struggle, I achieved that successfully... Since then, I found no connectivity issues at all, though it comes with a small type c to usb cable but you can charge your device safely with your mobile usb charger... Power consumption is moderate, since it's arrival, on yesterday ,  I have watched a full movie  on YouTube and several audio, videos  one by one, yesterday for 2-3 hours and today 2-3 hours... And consumption is only 20%... One thing , I would like to mention that throughout  these period, I have set my device volume to 50% only...Satisfactory sound quality... These are the pros part... But there is one  con part as well, this device doesn't have any official app support.. so, from connectivity to battery consumption to sound tweak ( equaliser etc) , you have to rely on your device settings only...","['https://m.media-amazon.com/images/I/61K2G23nw3L._SY88.jpg', 'https://m.media-amazon.com/images/I/61WFTbB4GVL._SY88.jpg', 'https://m.media-amazon.com/images/I/71Zs4i3d-YL._SY88.jpg', 'https://m.media-amazon.com/images/I/71uidMMftUL._SY88.jpg']",2025-01-21,15,Colour: Blue,
4,Good in normal use,R198EGZAH4S71V,https://www.amazon.in/gp/customer-reviews/R198EGZAH4S71V/ref=cm_cr_othr_d_rvw_ttl?ie=UTF8&ASIN=B078S4P3J9,This is good speaker in normal use within this price section.,[],2025-01-16,16,Colour: Black,
5,Good Quality Product,R2KTCRL6ZRPX7I,https://www.amazon.in/gp/customer-reviews/R2KTCRL6ZRPX7I/ref=cm_cr_othr_d_rvw_ttl?ie=UTF8&ASIN=B078S4P3J9,"Working fine after more than 1 yr, good sound, enough for 1 room.",[],2025-01-20,57,Colour: Blue,
4,Started liking it from the first few minutes of usage,RF4I3EG1Q45SO,https://www.amazon.in/gp/customer-reviews/RF4I3EG1Q45SO/ref=cm_cr_othr_d_rvw_ttl?ie=UTF8&ASIN=B078S4P3J9,Just now opened the box and paired it with my phone playing HIRES audio for last 30 minutes in full volume.. No pairing issue .simply connected to my phone instantly .sound output is enough for a room.bought this for my living room.quite happy.need to connect to other devices like laptop tv and tablet to check it's sound quality..will wait for few more days to add 1 more star..only Con I could notice is there is no USB slot to put pendrive.,[],2024-10-25,58,Colour: Blue,
5,Best speaker,R35LDHY1YYNN12,https://www.amazon.in/gp/customer-reviews/R35LDHY1YYNN12/ref=cm_cr_othr_d_rvw_ttl?ie=UTF8&ASIN=B078S4P3J9,,['https://m.media-amazon.com/images/I/71GBAB6KKXL._SY88.jpg'],2025-01-18,59,Colour: Black,
4,Sound quality is good in this worthy price,R32324US1Q4KBG,https://www.amazon.in/gp/customer-reviews/R32324US1Q4KBG/ref=cm_cr_othr_d_rvw_ttl?ie=UTF8&ASIN=B078S4P3J9,Sound quality is good in this worthy price,[],2024-12-06,60,Colour: Black,
5,Excellent speaker for home,R2HBCMTVSRV8UI,https://www.amazon.in/gp/customer-reviews/R2HBCMTVSRV8UI/ref=cm_cr_othr_d_rvw_ttl?ie=UTF8&ASIN=B078S4P3J9,"Good sound quality, loudness, powr backup, looks and bluetooth connectivity.",[],2025-01-11,61,Colour: Black,
5,Supreb,R18MMP15GE0VOB,https://www.amazon.in/gp/customer-reviews/R18MMP15GE0VOB/ref=cm_cr_othr_d_rvw_ttl?ie=UTF8&ASIN=B078S4P3J9,Suberb,[],2025-01-27,62,Colour: Black,
5,Good sound quality 💯,R3SGZE0A97SIER,https://www.amazon.in/gp/customer-reviews/R3SGZE0A97SIER/ref=cm_cr_othr_d_rvw_ttl?ie=UTF8&ASIN=B078S4P3J9,Sound and bass quality is very good. Chota packet bada dhamaka🥰,"['https://m.media-amazon.com/images/I/613xfrse1XL._SY88.jpg', 'https://m.media-amazon.com/images/I/6175TWrhvEL._SY88.jpg', 'https://m.media-amazon.com/images/I/61HiBBn8aVL._SY88.jpg', 'https://m.media-amazon.com/images/I/61noK8DWpOL._SY88.jpg']",2025-01-12,63,Colour: Blue,
5,Good quality,R90L1WTDUUVEN,https://www.amazon.in/gp/customer-reviews/R90L1WTDUUVEN/ref=cm_cr_othr_d_rvw_ttl?ie=UTF8&ASIN=B078S4P3J9,Great sound. Good quality. Handy,[],2025-01-23,64,Colour: Black,
5,Incredible clarity,R20RHSSBOHFZHO,https://www.amazon.in/gp/customer-reviews/R20RHSSBOHFZHO/ref=cm_cr_othr_d_rvw_ttl?ie=UTF8&ASIN=B078S4P3J9,Incredible clarity in audio. Plays reasonably loud for such a small sized speaker. Highly recommend.,[],2025-01-10,73,Colour: Blue,
4,Really amazing sound quality wonderful bass,R118THPNERO5WU,https://www.amazon.in/gp/customer-reviews/R118THPNERO5WU/ref=cm_cr_othr_d_rvw_ttl?ie=UTF8&ASIN=B078S4P3J9,This product battery not 4000mAh this 2000mAh,['https://m.media-amazon.com/images/I/71zOaWge2BL._SY88.jpg'],2024-11-25,74,Colour: Black,
5,Awesome,R1046N0AYF2GX3,https://www.amazon.in/gp/customer-reviews/R1046N0AYF2GX3/ref=cm_cr_othr_d_rvw_ttl?ie=UTF8&ASIN=B078S4P3J9,Sound quality is too goodBass clarity was perfect song and moviesworthy product,[],2025-01-08,75,Colour: Blue,
5,Best sound quality,R1POV1USJM5C9D,https://www.amazon.in/gp/customer-reviews/R1POV1USJM5C9D/ref=cm_cr_othr_d_rvw_ttl?ie=UTF8&ASIN=B078S4P3J9,"Still working flawless after  1.5 years of  daily usage, excellent battery life",['https://m.media-amazon.com/images/I/71cc0x4nzSL._SY88.jpg'],2025-01-09,76,Colour: Black,
5,Qulity कनेक्टिविटी मजबूती बैटरी,RDSEOODPDWE7K,https://www.amazon.in/gp/customer-reviews/RDSEOODPDWE7K/ref=cm_cr_othr_d_rvw_ttl?ie=UTF8&ASIN=B078S4P3J9,बेहद शानदार बेजोड़।❤️,[],2025-01-16,77,Colour: Blue,
3,Extremely overpriced and a bit overrated too,R2U4SQ438CBGQT,https://www.amazon.in/gp/customer-reviews/R2U4SQ438CBGQT/ref=cm_cr_othr_d_rvw_ttl?ie=UTF8&ASIN=B078S4P3J9,"Sound is clear and good, bass is just okay and loudness is low. Only good for watching movies. There are better options available for half the price",[],2025-01-18,78,Colour: Black,
3,It looks used,R3RRWWVZ180IJS,https://www.amazon.in/gp/customer-reviews/R3RRWWVZ180IJS/ref=cm_cr_othr_d_rvw_ttl?ie=UTF8&ASIN=B078S4P3J9,The seal is broke and replaced with tape and the product has dirt on it .,"['https://m.media-amazon.com/images/I/61F9vOUj5WL._SY88.jpg', 'https://m.media-amazon.com/images/I/61sw4FmpzLL._SY88.jpg']",2025-01-30,79,Colour: Black,
4,Superb Sound Quality but...,R3V0GJH8YLNZUA,https://www.amazon.in/gp/customer-reviews/R3V0GJH8YLNZUA/ref=cm_cr_othr_d_rvw_ttl?ie=UTF8&ASIN=B078S4P3J9,"The media could not be loaded.
                
            
                
            
            
        
    
    








  
  
     There are many reviews on Amazon and on YouTubeHere's the TruthYoutubers lie that it's the loudest 16 watt speaker in the marketIt's just as loud as a 10 watt speaker, not a bit louder than that.But but but the sound quality and the vocals are just put of this world, the lvl of quality can be directly compared with JBL etcBut then that crystal clear is achievable at 80% volume - on 100% also it clear but that soothinness is not there.It's good for a Room not for outdoor and large hallsIf you want loudness under 3000 there are lot of good speakers from boat portronics etc which will be double loud compared to this.But you will have to sacrifice of quality and portability.To sum my review upIf you want superb quality and are satisfied with approximately 10watt type loudness - then go for itIf you want loud party speaker, just skip it don't waste your money.","['https://m.media-amazon.com/images/I/619cqq4JPlL._SY88.jpg', 'https://m.media-amazon.com/images/I/61MVcvR4nQL._SY88.jpg', 'https://m.media-amazon.com/images/I/71nA4ucasqL._SY88.jpg']",2024-07-01,80,Colour: Black,
4,Worth the money,R20BGN7T27TWPV,https://www.amazon.in/gp/customer-reviews/R20BGN7T27TWPV/ref=cm_cr_othr_d_rvw_ttl?ie=UTF8&ASIN=B078S4P3J9,Worth For Money. Updating this comments after one month of usage. Worth the money. No complaints.,[],2024-12-16,33,Colour: Black,
4,Good,R2U1KL54LHZX04,https://www.amazon.in/gp/customer-reviews/R2U1KL54LHZX04/ref=cm_cr_othr_d_rvw_ttl?ie=UTF8&ASIN=B078S4P3J9,Quality is good volume is very very good 👍Size complete ✅,"['https://m.media-amazon.com/images/I/61j22A5znvL._SY88.jpg', 'https://m.media-amazon.com/images/I/61xcMDNBnLL._SY88.jpg', 'https://m.media-amazon.com/images/I/61xcMDNBnLL._SY88.jpg', 'https://m.media-amazon.com/images/I/71Hv3hwM6WL._SY88.jpg', 'https://m.media-amazon.com/images/I/71TjvZU361L._SY88.jpg']",2024-12-17,34,Colour: Black,
5,One of the best out there,R3SAG5VBY0AJVF,https://www.amazon.in/gp/customer-reviews/R3SAG5VBY0AJVF/ref=cm_cr_othr_d_rvw_ttl?ie=UTF8&ASIN=B078S4P3J9,"I have bought both xsound go and Maxsound plus and honestly I love the xsound go, dispite being smaller the sound quality on this one is pure gold...THIS SPEAKER IS NOT FOR PEOPLE LOOKING FOR THUMPY BEATS AND BASS........But if you are a music lover who likes to listen music in it true sense, then this will make your jaw drop....when I close my eyes and listen a song on this I could listen to all the layers of instruments separately. Moreover I have heard new layers in songs that I have been listening to for years.Also the sound it puts out for it size is amazing and it does that while maintaining the quality of the music. I have used many boat speaker and all but this ones the best of all in terms of sound quality....If you buy this i would suggest you to lay down on your bed, place the speaker on the bed, close your eyes and listen to your fav songs and try to focus on different sounds.If you want something more punchy you could go the xsound plus2The build quality is superb....feels and is very premium","['https://m.media-amazon.com/images/I/71iDnsfH4FL._SY88.jpg', 'https://m.media-amazon.com/images/I/71mPHLb2WGL._SY88.jpg']",2024-12-12,35,Colour: Black,
5,Powerful product,R2SLC9CHLEDO1V,https://www.amazon.in/gp/customer-reviews/R2SLC9CHLEDO1V/ref=cm_cr_othr_d_rvw_ttl?ie=UTF8&ASIN=B078S4P3J9,"Product is small in size can be easily kept anywhere. Powerful product. Voice is so clear , loud .. I liked the product its outer designing ...it's quality all is so awesome...you don't require a special place to keep it... It can be kept anywhere and everywhere...",[],2025-01-14,36,Colour: Black,
4,Worth every penny!! Real good sound quality!,R2U9XNA0UPO5N5,https://www.amazon.in/gp/customer-reviews/R2U9XNA0UPO5N5/ref=cm_cr_othr_d_rvw_ttl?ie=UTF8&ASIN=B078S4P3J9,"I was sceptical when I ordered this product seeing the rave reviews. But this time it's real, the sound quality for the price is too good to be true!! Premium build quality and awesome battery backup!!",[],2024-12-05,37,Colour: Black,
5,I find it perfect!,R142MXOEGF2VFA,https://www.amazon.in/gp/customer-reviews/R142MXOEGF2VFA/ref=cm_cr_othr_d_rvw_ttl?ie=UTF8&ASIN=B078S4P3J9,I like the sound quality. Bass is awesome. At this price range I can blindly trust the sound output it delivers. Doesn't feel that it's a small speaker. So loud in a good way. Bass is perfect.,['https://m.media-amazon.com/images/I/61o5CGsU6EL._SY88.jpg'],2025-01-15,38,Colour: Black,
4,I'm totally satisfied with this product,R4N8FCPAU0YRB,https://www.amazon.in/gp/customer-reviews/R4N8FCPAU0YRB/ref=cm_cr_othr_d_rvw_ttl?ie=UTF8&ASIN=B078S4P3J9,Sound and bass very lovely and the look is also quite pretty 😍You can definitely checkout this product onceI got it 2526 inr,[],2024-12-02,39,Colour: Black,
5,This is the best speaker under 3k,R1XCYOLH574QCO,https://www.amazon.in/gp/customer-reviews/R1XCYOLH574QCO/ref=cm_cr_othr_d_rvw_ttl?ie=UTF8&ASIN=B078S4P3J9,"The media could not be loaded.
                
            
                
            
            
        
    
    








  
  
     It is very rumoured bluetooth speaker , every YouTube is saying that you should buy this item is best , but when I saw this I think this is a small form factor buy boy , I was starstruck when I listened this speaker sound , it live up to the saying “small but mighty “,Sound 10on10Bass 9on10Battery 10on10That's all.Give it a try and you will never regret",[],2025-01-15,40,Colour: Black,
5,Meets Expectation,R1ZIHN40J7J2NC,https://www.amazon.in/gp/customer-reviews/R1ZIHN40J7J2NC/ref=cm_cr_othr_d_rvw_ttl?ie=UTF8&ASIN=B078S4P3J9,Good music output and one of the best.,[],2025-01-27,49,Colour: Black,
5,Value for Money 😄😄😄,R1TF5X1Y4E5LV4,https://www.amazon.in/gp/customer-reviews/R1TF5X1Y4E5LV4/ref=cm_cr_othr_d_rvw_ttl?ie=UTF8&ASIN=B078S4P3J9,"Super speaker at the price, connectivity is perfect, functions are easy to access, size is compact to use, durability is good.",[],2025-01-19,50,Colour: Black,
5,It's was just asooom...,R2S6XM3RKQ6AAG,https://www.amazon.in/gp/customer-reviews/R2S6XM3RKQ6AAG/ref=cm_cr_othr_d_rvw_ttl?ie=UTF8&ASIN=B078S4P3J9,Very well and smooth sound quality..I just like this soooo much.... thank you amazon ❣️,['https://m.media-amazon.com/images/I/71scGoYX27L._SY88.jpg'],2025-01-23,51,Colour: Black,
4,i.like it. no high bass.  super sound quality,R1FRJL4XPL6RFM,https://www.amazon.in/gp/customer-reviews/R1FRJL4XPL6RFM/ref=cm_cr_othr_d_rvw_ttl?ie=UTF8&ASIN=B078S4P3J9,The media could not be loaded.,['https://m.media-amazon.com/images/I/71U5RKraBrL._SY88.jpg'],2024-12-29,52,Colour: Black,
4,Pros but cons too,RAA0N5CDWHXH9,https://www.amazon.in/gp/customer-reviews/RAA0N5CDWHXH9/ref=cm_cr_othr_d_rvw_ttl?ie=UTF8&ASIN=B078S4P3J9,"It's not the best for listening high base music, but it's damn amazingggg to watch a movie or something in which you want that hear that tiny details, Rich audio quality",[],2024-11-30,53,Colour: Black,
5,Allrounder,R3780S1XEOTMWO,https://www.amazon.in/gp/customer-reviews/R3780S1XEOTMWO/ref=cm_cr_othr_d_rvw_ttl?ie=UTF8&ASIN=B078S4P3J9,Paisa wasool product,[],2025-01-24,54,Colour: Blue,
4,Bass Quality and Compact Size,R2BTGLFHN3YD2Q,https://www.amazon.in/gp/customer-reviews/R2BTGLFHN3YD2Q/ref=cm_cr_othr_d_rvw_ttl?ie=UTF8&ASIN=B078S4P3J9,"The media could not be loaded.
                
            
                
            
            
        
    
    








  
  
     Really liked the quality of the speaker. In the video attached the volume is 60%. The most impressive thing is the sound quality in this size form. Really good for indoor listening, travelling purpose.Good deal under 2800",[],2024-11-30,55,Colour: Blue,
5,Always best,R2YPEKN1XI0C71,https://www.amazon.in/gp/customer-reviews/R2YPEKN1XI0C71/ref=cm_cr_othr_d_rvw_ttl?ie=UTF8&ASIN=B078S4P3J9,Everything is great in a small beast.,[],2025-01-25,56,Colour: Black,
4,CHHOTA PACK BADA DHAMAKA,R113E4MSRV2ZBW,https://www.amazon.in/gp/customer-reviews/R113E4MSRV2ZBW/ref=cm_cr_othr_d_rvw_ttl?ie=UTF8&ASIN=B078S4P3J9,,['https://m.media-amazon.com/images/I/71OAmBZYxzL._SY88.jpg'],2024-11-27,65,Colour: Black,
5,Amazing performance,R3D75I39HHMLDH,https://www.amazon.in/gp/customer-reviews/R3D75I39HHMLDH/ref=cm_cr_othr_d_rvw_ttl?ie=UTF8&ASIN=B078S4P3J9,"The media could not be loaded.
                
            
                
            
            
        
    
    








  
  
     I was thinking to buy a portable speakers under 2k but as I've went into youtube suddenly I've came across this and I was impressed and i purchased it and seriously it's worth buying and value for money and my requirement is 10w but it's 16w and it delivers super clarity on 70% of volume and it's sufficient for me.And the best part is there is no connectivity issues and I'm very much impressed.",[],2024-12-24,66,Colour: Black,
4,Impressive Sound Quality with Decent Bass,R1PH6QHDC4AJRV,https://www.amazon.in/gp/customer-reviews/R1PH6QHDC4AJRV/ref=cm_cr_othr_d_rvw_ttl?ie=UTF8&ASIN=B078S4P3J9,"**Great Sound Quality!**The sound is clear with decent bass, and there's no distortion even at high volumes. Highly recommended!","['https://m.media-amazon.com/images/I/61jjxrlG62L._SY88.jpg', 'https://m.media-amazon.com/images/I/61npG7lUcXL._SY88.jpg']",2024-12-01,67,Colour: Black,
5,After 1 year use.,R38YBWLLVGNE20,https://www.amazon.in/gp/customer-reviews/R38YBWLLVGNE20/ref=cm_cr_othr_d_rvw_ttl?ie=UTF8&ASIN=B078S4P3J9,Hands down the best speaker you can buy at this price.,[],2025-01-15,68,Colour: Black,
5,The key factor,R1KWBJSK7WU2LT,https://www.amazon.in/gp/customer-reviews/R1KWBJSK7WU2LT/ref=cm_cr_othr_d_rvw_ttl?ie=UTF8&ASIN=B078S4P3J9,Best speaker. It has a great bass and great build quality and connectivity. In high volume the vocals are clear.,"['https://m.media-amazon.com/images/I/81JKsX9NBGL._SY88.jpg', 'https://m.media-amazon.com/images/I/81NmAJ5BlxL._SY88.jpg']",2025-01-16,69,Colour: Black,
5,Exceptional Sound Quality and Long-Lasting Battery Performance,R141069IZHNWI4,https://www.amazon.in/gp/customer-reviews/R141069IZHNWI4/ref=cm_cr_othr_d_rvw_ttl?ie=UTF8&ASIN=B078S4P3J9,"The media could not be loaded.
                
            
                
            
        
    
    








  
  
     I am thoroughly impressed with the sound quality of this Bluetooth speaker. The audio is crystal clear, with excellent balance between the highs, mids, and lows. The bass is rich and deep, yet it doesn’t overpower the other frequencies. Even at maximum volume, there is no distortion, which speaks to the high-quality engineering behind this product. Whether you’re listening to music, podcasts, or movies, this speaker delivers an immersive experience. Highly satisfied and would definitely recommend it!",['https://m.media-amazon.com/images/I/81cIpURxG1L._SY88.jpg'],2024-12-31,70,Colour: Black,
5,Premium experience,R2G34Q6WB0FV3W,https://www.amazon.in/gp/customer-reviews/R2G34Q6WB0FV3W/ref=cm_cr_othr_d_rvw_ttl?ie=UTF8&ASIN=B078S4P3J9,The best Bluetooth speaker I have used till now.. It will give the rich and premium quality of sound that you can never expect from such a tiny speaker... It feels like the sound from a home theatre such quality sound and I am not exaggerating...To all the bass lovers like me: go for it.. The lower frequency vibration will make you fall in love with this speaker.. Tribit is doing great job.. Happy shopping,[],2024-12-09,71,Colour: Black,
5,Amazing Sound,R1E2P9UL6CLNO4,https://www.amazon.in/gp/customer-reviews/R1E2P9UL6CLNO4/ref=cm_cr_othr_d_rvw_ttl?ie=UTF8&ASIN=B078S4P3J9,Not as loud as the other speakes in this range but produces beautiful high quality audio,[],2025-01-05,72,Colour: Black,
5,Awesome sound output from small sized speaker.,RTRE6R9C0H2T,https://www.amazon.in/gp/customer-reviews/RTRE6R9C0H2T/ref=cm_cr_othr_d_rvw_ttl?ie=UTF8&ASIN=B078S4P3J9,After recent tribit app update audio output is decent. Nice app to customise audio according to music genre. Bass output is decent. Bass lovers can opt for other models featuring dual passive bass radiators.,['https://m.media-amazon.com/images/I/719JvMBFu9L._SY88.jpg'],2025-01-24,25,Colour: Blue,
4,Happy to have it.,R2MKLSB24SHTXH,https://www.amazon.in/gp/customer-reviews/R2MKLSB24SHTXH/ref=cm_cr_othr_d_rvw_ttl?ie=UTF8&ASIN=B078S4P3J9,"The charging ability, connectivity and build quality is good. It produces good sound. I rate 4 star due to high price.",[],2024-12-24,26,Colour: Black,
4,Connectivity,R7LCGI3X9OZCF,https://www.amazon.in/gp/customer-reviews/R7LCGI3X9OZCF/ref=cm_cr_othr_d_rvw_ttl?ie=UTF8&ASIN=B078S4P3J9,Little bit Connectivity issue,[],2024-12-29,27,Colour: Black,
5,Value for money product,R2J81KE2W19X75,https://www.amazon.in/gp/customer-reviews/R2J81KE2W19X75/ref=cm_cr_othr_d_rvw_ttl?ie=UTF8&ASIN=B078S4P3J9,"It's been like 2 months I'm using this product. And it's battery is amazing I tested it by keeping is whole night on and it really works. About sound quality, on this price point it's good. And product quality is also good not so premium but ya it's good.",[],2025-01-21,28,Colour: Black,
5,Unexpected Excellent sound,R2YCJT39JQO4FG,https://www.amazon.in/gp/customer-reviews/R2YCJT39JQO4FG/ref=cm_cr_othr_d_rvw_ttl?ie=UTF8&ASIN=B078S4P3J9,"Guys dont buy sony, jbl overpriced sound. Buy tribet without any hesitation. This speaker gives feel of home theatre bass is thumping, vocals are crystel clear , very good battery, good build quality. Full paisa vasool product.",[],2025-01-24,29,Colour: Black,
5,"Sound quality fine,battery very genuine and long lasting.",RK0657YGKPB0N,https://www.amazon.in/gp/customer-reviews/RK0657YGKPB0N/ref=cm_cr_othr_d_rvw_ttl?ie=UTF8&ASIN=B078S4P3J9,"It's size is very compact n good ,material used is also fine.connectivity with your device is very fast,sound quality is fine,volume control is easy and good.over all performance is very good.you must bye if you have need to have a bluetooth speaker.",[],2025-01-23,30,Colour: Blue,
5,Perfect speaker,R21OQ7UILFPGV2,https://www.amazon.in/gp/customer-reviews/R21OQ7UILFPGV2/ref=cm_cr_othr_d_rvw_ttl?ie=UTF8&ASIN=B078S4P3J9,"One of the best speaker I have ever seen. Don’t think twice just go for it, balance sound good bass and best overall experience build quality is fantastic",[],2025-01-22,31,Colour: Black,
5,Best in the segment in any comparison Matrix...!!!,R1I0EKGCGCSHHS,https://www.amazon.in/gp/customer-reviews/R1I0EKGCGCSHHS/ref=cm_cr_othr_d_rvw_ttl?ie=UTF8&ASIN=B078S4P3J9,"Blindly Go for itif it's in your budget. You won't regret at all.Best battery backup, decent sound, good look, easy to carry...!!In love with this product and already recommended to 5 more people who are happy as well with the purchase",[],2025-01-20,32,Colour: Blue,
4,Nothing Can beat this khareed lo bhaai,R3OMGBYG0DYG55,https://www.amazon.in/gp/customer-reviews/R3OMGBYG0DYG55/ref=cm_cr_othr_d_rvw_ttl?ie=UTF8&ASIN=B078S4P3J9,"It's just awesome, nowadays connectivity is available with super fast pairing.It's sound is unmatched no is around trust me no one. It's like sony signature sound in budget range.Just one drawback only one it doesnt produce sub frequencies . So if you are a sub techno heavy bass edm lover you might not hear the sub... But THE BASS is crisp and clear no mud. It's a package",[],2024-12-15,17,Colour: Black,
4,Battery life,R26XQ7SCS46JG2,https://www.amazon.in/gp/customer-reviews/R26XQ7SCS46JG2/ref=cm_cr_othr_d_rvw_ttl?ie=UTF8&ASIN=B078S4P3J9,"The media could not be loaded.
                
            
                
            
            
        
    
    








  
  
     What I liked the most about this speaker is its exceptional battery life. It lasts long enough to watch several movies and listen to numerous songs on a single charge. I charged it on December 30, and today is January 4 and it still has 40% battery remaining. The sound quality is also impressive.",[],2025-01-04,18,Colour: Black,
4,Must have,R1EFVZL6S9ZSIL,https://www.amazon.in/gp/customer-reviews/R1EFVZL6S9ZSIL/ref=cm_cr_othr_d_rvw_ttl?ie=UTF8&ASIN=B078S4P3J9,"Those who are looking for a sound which can have good bass, faster connectivity it's for them.",[],2025-01-04,19,Colour: Black,
4,What a speaker.... excellent sound clarity,RMNO8TNZGBJQZ,https://www.amazon.in/gp/customer-reviews/RMNO8TNZGBJQZ/ref=cm_cr_othr_d_rvw_ttl?ie=UTF8&ASIN=B078S4P3J9,Sound clarity is best in this price segment. I had tried so many speakers past couple of years but this is the best so far in terms of sound . Speaker is nominal loud not to high or low . Not for someone who is looking for very loud speaker. But it's a chota packet bada dhamaka kinda product.Let's see what happens in long term use,['https://m.media-amazon.com/images/I/61Kbna1ZvUL._SY88.jpg'],2024-12-10,20,Colour: Black,
5,Best under 10K,R2VOUM5KE2DSG1,https://www.amazon.in/gp/customer-reviews/R2VOUM5KE2DSG1/ref=cm_cr_othr_d_rvw_ttl?ie=UTF8&ASIN=B078S4P3J9,"The sharpness in sound and detail is very clear. It's only competitor could be Emebrton which is 4 times as much. For the price, specs and value offered it's a bang for bucks. One of the best affordable speaker below 10K. Worth it.",[],2025-01-27,21,Colour: Blue,
5,What a amazing product,R20AYC1UGKZKYV,https://www.amazon.in/gp/customer-reviews/R20AYC1UGKZKYV/ref=cm_cr_othr_d_rvw_ttl?ie=UTF8&ASIN=B078S4P3J9,"I have been using many speakers but this one has exceeded my expectations. Audio, Treble, Bass on the spot for my requirements. I used it on my desk with volume below 50% and listening since morning till evening, enjoying it.",[],2025-01-22,22,Colour: Black,
5,The Ultimate Portable Speaker for Sound and Durability,R3UKAY47QV9H7E,https://www.amazon.in/gp/customer-reviews/R3UKAY47QV9H7E/ref=cm_cr_othr_d_rvw_ttl?ie=UTF8&ASIN=B078S4P3J9,"The Tribit Xsound Go is a standout portable speaker that impresses with its exceptional sound quality and rugged design. From the moment you hold it, you can feel the solid build and premium materials that promise durability and longevity.",['https://m.media-amazon.com/images/I/71keeCO7CjL._SY88.jpg'],2025-01-22,23,Colour: Black,
5,Best Bluetooth speaker under ₹3000 .,R3KKBUY71B1MS2,https://www.amazon.in/gp/customer-reviews/R3KKBUY71B1MS2/ref=cm_cr_othr_d_rvw_ttl?ie=UTF8&ASIN=B078S4P3J9,Sound bohot achha hei . Ankh Baand karke sunoge toa lagega kei koi bada speaker low sound pei chaal raha hei😌😌. Size kei hisaab sei bohot achha bass and vibration hei . Fully recommend 👌 👌👌👌,[],2025-01-28,24,Colour: Blue,
4,Quality audio 👌,R2L5YPIX2V7XA1,https://www.amazon.in/gp/customer-reviews/R2L5YPIX2V7XA1/ref=cm_cr_othr_d_rvw_ttl?ie=UTF8&ASIN=B078S4P3J9,"The sound clarity of this compact 16 watt speaker is truly impressive, delivering audio notes with remarkable crispness and clarity. While one might not anticipate deep, thumping bass from such a small device, it still manages to provide a noticeable bass presence. Overall, the performance exceeds expectations, despite its diminutive size, the speaker feels robust and well constructed, exuding a sense of quality without feeling excessively heavy.The volume controls and other buttons operate smoothly, and the connectivity is reliable. Additionally, the IPX7 rating ensures water resistance, making it suitable for various environments. With the inclusion of True Wireless Stereo (TWS) capability and the latest Bluetooth 5.3 technology, the design and overall functionality of this speaker are commendable.I still need to evaluate the battery life and charging time, and I will provide an update once that assessment is complete.","['https://m.media-amazon.com/images/I/61Juz22tUWL._SY88.jpg', 'https://m.media-amazon.com/images/I/715gr0v1zKL._SY88.jpg', 'https://m.media-amazon.com/images/I/71FNeWSCUrL._SY88.jpg', 'https://m.media-amazon.com/images/I/71c9qPHG5pL._SY88.jpg', 'https://m.media-amazon.com/images/I/71iMMSnG8xL._SY88.jpg', 'https://m.media-amazon.com/images/I/71vRk5qhiCL._SY88.jpg']",2024-10-23,41,Colour: Black,
5,Amazing product,R3YCSMOETLWTI,https://www.amazon.in/gp/customer-reviews/R3YCSMOETLWTI/ref=cm_cr_othr_d_rvw_ttl?ie=UTF8&ASIN=B078S4P3J9,Amazing sound and battery back up. One of the best product that i have brought online. Unbelievable. ❤️❤️ amazing price. Review after many months of use.,[],2025-01-17,42,Colour: Black,
5,Amazing sound and battery backup in a small package,RO1U7OFUQ7AGE,https://www.amazon.in/gp/customer-reviews/RO1U7OFUQ7AGE/ref=cm_cr_othr_d_rvw_ttl?ie=UTF8&ASIN=B078S4P3J9,"I was skeptical while buying the speaker even after reading so many positive reviews. I understood why people loved this speaker so much. I wanted to buy XSound Plus 2 30W but refrained after reading about issues with connection with laptops. But this 16W speaker impressed me alot.⭕ First thing which I noticed is how small the speaker is. It can fit in your pocket and it almost disappears if you put it in some corner. So Portability wise a big thumbs up. Built quality of the speaker is excellent. Its very heavy and solid for its size. Looks simple and elegant.⭕ Next thing I have noticed the sound quality. I found the bass is tuned towards lower frequency which means you will hear more lower bass than upper bass resulting in no disturbance to the vocals and highs. You will hear the vocals and highs very clearly.⭕ Bluetooth range is amazing. There is no signal loss even if you are listening in an another room with doors closed.⭕ Speaker sounds better in closed rooms and small spaces. If you are using in a big rooms or outdoors it sounds like a normal speaker. You have to try various places in a room before finding the best one for the optimal output and clarity.⭕ This speaker is more suitable for classical music, melodies, instrumentals like guitar, sitar, flute, light percussion. You will enjoy the clarity and instrument separation a lot.⭕ There is no distortion or cracking in the audio even at 100% volume. There is no difference in sound quality at different volume levels. Which is noticeable only in expensive speakers.⭕ Battery backup is very it shines the most. Majority of the brands will be left in the dust in this price range and size when it comes to the battery backup. You don't have to worry about charging multiple times. It will go for a week easily if you listen 3-4 hours a day at 60-80% volume on average.Few negatives which I have observed:❎The flap to open the charging and aux port is very tight and difficult to open if you don't have nails.❎Charging time could have been better. Takes around 3-4 hours for full charge.❎Doesn't sound good even in 15X15 hall also. Strictly good for up-to 12X12 rooms only.❎When you need loud sound with room filling bass it will disappoint you because of the tuning, wattage and size restrictions.❎No App support so you have to rely on your input device's settings.Otherwise its a bang for the buck. Loud music lovers can stay away from this. It best suits for listening to melodious music in calm and peaceful environment and watching movies on laptop.",[],2024-10-04,43,Colour: Black,
4,Amazing,R2D58UTFBAT3SX,https://www.amazon.in/gp/customer-reviews/R2D58UTFBAT3SX/ref=cm_cr_othr_d_rvw_ttl?ie=UTF8&ASIN=B078S4P3J9,"The media could not be loaded.
                
            
                
            
        
    
    








  
  
     have been using since oct , bought at 2399/-punchy bass , crystal clear sound ....worth itat this price......",[],2024-12-24,44,Colour: Black,
5,Big sound in small package,R7UFS6M65EPOQ,https://www.amazon.in/gp/customer-reviews/R7UFS6M65EPOQ/ref=cm_cr_othr_d_rvw_ttl?ie=UTF8&ASIN=B078S4P3J9,"Don't go by the small size of the Tribit, the beats  it produces is awesome.It is value for money. Go for it.",['https://m.media-amazon.com/images/I/71HYWHgEFzL._SY88.jpg'],2025-01-16,45,Colour: Blue,
5,Excellent,R2XXB9OGNTH3GU,https://www.amazon.in/gp/customer-reviews/R2XXB9OGNTH3GU/ref=cm_cr_othr_d_rvw_ttl?ie=UTF8&ASIN=B078S4P3J9,"Very good buy. Clean, clear ,loud music and great battery lasting",[],2025-01-30,46,Colour: Black,
5,Best Speaker,R2ECH6RKDAIYH6,https://www.amazon.in/gp/customer-reviews/R2ECH6RKDAIYH6/ref=cm_cr_othr_d_rvw_ttl?ie=UTF8&ASIN=B078S4P3J9,More than 2 years still just in love with the sound.,['https://m.media-amazon.com/images/I/71tAREkAC7L._SY88.jpg'],2025-01-19,47,Colour: Blue,
5,Good quality,R3VVS171S4TFPI,https://www.amazon.in/gp/customer-reviews/R3VVS171S4TFPI/ref=cm_cr_othr_d_rvw_ttl?ie=UTF8&ASIN=B078S4P3J9,"Works as promised, a good buy in this budget.",[],2025-01-28,48,Colour: Black,
