ratingScore,reviewTitle,reviewId,reviewUrl,reviewDescription,reviewImages,date,position,variant,totalCategoryRatings
5,Mivi Fort Q200 Excellent product at reasonable price,R3P97YH834JO2V,https://www.amazon.in/gp/customer-reviews/R3P97YH834JO2V/ref=cm_cr_othr_d_rvw_ttl?ie=UTF8&ASIN=B0CPJ12FJV,"I purchased Mivi Fort Q200 with 200 watts sound output at Rs. 4999/- from AmazonSize of Soundbar stick: approx 3 ft lengthWoofer dimensions:  Approx 9"" front width x12"" depth front to back x 18"" heightBuild quality:Soundbar with metallic body and wooden woofer with good build quality.Bass : Excellent bass quality even at low volume also. Can be manually control by remote controlDisplay: it consist a small display on sound bar for visibility of mode and volume level as you can see in uploaded photoTreble: It is also upto mark can be controlled by remoteSurround sound effect: Excellent surround sound with full of cinematic experience if you have video input with original sound effect.Remote control: Infrared remote work properly not only from straight but support till several angles also.According to price range, 200 w this product is a most suitable and most recommended product of a Indian brandOverall a complete soundbar with value of money for less budget people who may not disappointed with product if you have technical knowledge about control and usage.","['https://m.media-amazon.com/images/I/71+hq8fpLOL._SY88.jpg', 'https://m.media-amazon.com/images/I/7112q71BrgL._SY88.jpg', 'https://m.media-amazon.com/images/I/71cWEb7x0hL._SY88.jpg']",2024-12-15,1,Size: 200W,
5,Simple and POWERFULL :-),R3UVGWPLCYB5FS,https://www.amazon.in/gp/customer-reviews/R3UVGWPLCYB5FS/ref=cm_cr_othr_d_rvw_ttl?ie=UTF8&ASIN=B0CPJ12FJV,I did not know what a 48 watt speaker might feel untill i ordered this Made in INDIA MIVI FORT Q48 home theater speakers also it was priced within my budget..... IT IS AWESOME and it's design is simple and functional and its powerfull bass is just enough in my 10/20 feet hall aslo it is heard clearly in my whole house at full volume.... Thanks to the engineers at Mivi.... I say go for it !!!!!! it's worth every rupee. WOW :-),[],2025-01-15,2,Size: 48W,
4,ALL OVER PRODUCT IS GOOD TO GO! I RECOMMEND MORE THAN 200 WATTS FOR HALL,RQZMT169ZHFGC,https://www.amazon.in/gp/customer-reviews/RQZMT169ZHFGC/ref=cm_cr_othr_d_rvw_ttl?ie=UTF8&ASIN=B0CPJ12FJV,"The media could not be loaded.
                
            
                
            
            
        
    
    








  
  
     Nice product! All over sound quality is good! Nice vocals but should have little more bass! Build quality is good!",[],2025-01-24,3,Size: 200W,
5,Exceptional Audio Upgrade - A Soundbar That Delivers Beyond Expectations!,RRNKIT8KAYEEX,https://www.amazon.in/gp/customer-reviews/RRNKIT8KAYEEX/ref=cm_cr_othr_d_rvw_ttl?ie=UTF8&ASIN=B0CPJ12FJV,"I recently purchased the Mivi Q120 soundbar, and I am beyond impressed with its performance. I having been using it for the past 10 days and I have to say this soundbar has truly transformed my home entertainment experience! Sound Quality: The sound quality is exceptional. The clarity, depth, and richness of the audio makes every movie, show, and song an immersive experience. The bass is powerful yet not overwhelming, and the dialogue clarity is impeccable, making it perfect for watching movies and TV shows.Design: The sleek and modern design of the soundbar seamlessly blends with my home decor. It’s not only a powerful audio device but also a stylish addition to my living room. The build quality feels premium and durable, indicating that it’s built to last.Ease of Setup: Setting up the soundbar was a breeze. The instructions were clear, and I had it up and running within minutes. The various connectivity options, including Bluetooth,HDMI ARC, AUX, Optical (they are providing Aux cable with the unit) makes it incredibly versatile and easy to use with different devices.Features: The soundbar comes with an array of impressive features. The sound effect is remarkable, creating a theater-like experience at home thanks to its 2.2 setup. The built-in Bluetooth allows me to stream music effortlessly from my phone, and the dedicated remote control makes it easy to adjust modes (news, music, movie) to my preference and also to different inputs like HDMI, Bluetooth, AUX and OpticalValue for Money: Considering the outstanding audio performance and the premium features, the Mivi Q120 soundbar is excellent value for money. It delivers a high-end audio experience without breaking the bank.In conclusion, the Mivi Q120 soundbar has exceeded my expectations in every way. If you’re looking to enhance your home audio experience without costing you a fortune then I highly recommend this soundbar. It’s a game-changer for anyone who values high-quality sound and sleek design!Just a small add on - If you are using it with Amazon Fire TV stick and you are not getting sound output with HDMI then go to Settings > Display & Sounds > Select Audio >Surround Sound> select PCM, selecting PCM will resolve the issue.",[],2024-05-23,4,Size: 120W,
5,Quality sound at affordable price,R2YYHP13VVWW2Y,https://www.amazon.in/gp/customer-reviews/R2YYHP13VVWW2Y/ref=cm_cr_othr_d_rvw_ttl?ie=UTF8&ASIN=B0CPJ12FJV,One of the best and quality sound sound bar. Meets expectations. Good bass. Tweeter quality ok..But needs improvement. I've customized by adding additional Tweeters. Movie mode gives good sound efffect. Best one for watching movie.,[],2025-01-16,5,Size: 120W,
5,Good budget soundbar,R2Y5U3RSE9TLU0,https://www.amazon.in/gp/customer-reviews/R2Y5U3RSE9TLU0/ref=cm_cr_othr_d_rvw_ttl?ie=UTF8&ASIN=B0CPJ12FJV,"If anyone wants a soundbar without an extra subwoofer then this a good choice. It gives balanced treble & bass which is sufficient for immersive sound experience. But there is no indicator for volume. One has to listen to the volume and adjust it by guessing. Please make sure ARC is enabled in TV. Also if sound not coming please enable the PCM setting in TV. It has 3 sound modes - news, music, movie. On my testing, I found the movie mode to deliver optimal sound output with good bass. But one thing, the soundbar forgets the connectivity settings which was previously set. I found a solution. First turn ON the TV, wait for the homepage to load, then turn ON the soundbar. Then the soundbar will auto-detect the input and it will auto-connect. But you have to select the movie mode again. Bluetooth connectivity is good. But HDMI ARC connection will deliver the best sound output. I was using this soundbar with a normal HDMI cable but I went for Honeywell 2.1 HDMI cable as I don't want any bottlenecking. Overall, if anyone wants a balanced sound with balanced bass & treble then it's good, but if anyone is a strong bass lover then please go for soundbar with woofer options. Thank you.",[],2024-10-05,6,Size: 120W,
3,Just ok,R2ZP5C5DFU4EYR,https://www.amazon.in/gp/customer-reviews/R2ZP5C5DFU4EYR/ref=cm_cr_othr_d_rvw_ttl?ie=UTF8&ASIN=B0CPJ12FJV,"So many sound missing. Like mid rang bass , treble both missing. Remote should have bass and treble control. Remote has 3 modes like news, music and movie. Music mode is totally useless. U will get bass only in movie mode but it miss treble then. In movie mode bass come only from left side. I think Zebronics soundbar would be better. This mivi soundbar work only well if you have EQ in mobile. Loudness is good but for music its not balanced rather its feel noicey. Remote connectivity somewhat not easy, need to operate it in some angal than only work. No water resistance. No other future. No led display.",[],2025-01-29,7,Size: 120W,
4,Ok ok types soundbar,RD26KPQ9P6B0D,https://www.amazon.in/gp/customer-reviews/RD26KPQ9P6B0D/ref=cm_cr_othr_d_rvw_ttl?ie=UTF8&ASIN=B0CPJ12FJV,"Sound bar size is fairly big, ideal for 40+ inch tv. Build quality ok. Sound quality and performance ok, nothing super great, yes it produces clear sound, decent bass with inbuilt small subwoofer - don't expect bass thump. Better than many soundbar. Remote quality feel like a children toy, wall clamps are badly designed better to rest on a table. If you are looking for a 4k budget soundbar for better sound than tv, it is a wise choice. No dolby, dts- cannot expect in this price range.",['https://m.media-amazon.com/images/I/71n9L33WGPL._SY88.jpg'],2025-01-14,8,Size: 120W,
5,Remote is not workig this'll bad experience please exchange the remote,R17ISRKNSWF5MQ,https://www.amazon.in/gp/customer-reviews/R17ISRKNSWF5MQ/ref=cm_cr_othr_d_rvw_ttl?ie=UTF8&ASIN=B0CPJ12FJV,Remote not working please slave the problem  thank you,[],2025-01-04,73,Size: 200W,
4,Compact size and fabric covering.,R2LM7AWBQ1LNWH,https://www.amazon.in/gp/customer-reviews/R2LM7AWBQ1LNWH/ref=cm_cr_othr_d_rvw_ttl?ie=UTF8&ASIN=B0CPJ12FJV,"The media could not be loaded.
                
            
                
            
        
    
    








  
  
     The soundbar and subwoofer have a sleek, minimalist aesthetic that blend well with most home theater setups.",['https://m.media-amazon.com/images/I/71A6D8gX-sL._SY88.jpg'],2024-10-02,74,Size: 48W,
4,Itani price me acha sound h,R2RY4374LX1A3B,https://www.amazon.in/gp/customer-reviews/R2RY4374LX1A3B/ref=cm_cr_othr_d_rvw_ttl?ie=UTF8&ASIN=B0CPJ12FJV,"The media could not be loaded.
                
            
                
            
            
        
    
    








  
  
     Itani price me acha sound h",[],2024-10-14,75,Size: 48W,
5,Not for Rental house 🥰,R1EAAD98YJUMML,https://www.amazon.in/gp/customer-reviews/R1EAAD98YJUMML/ref=cm_cr_othr_d_rvw_ttl?ie=UTF8&ASIN=B0CPJ12FJV,"Whenever you increase the sound a little, the neighbors come to shut it off. Amazing, amazing bass...",[],2025-01-02,76,Size: 200W,
4,Value for money,R35SUXI65Q6OA9,https://www.amazon.in/gp/customer-reviews/R35SUXI65Q6OA9/ref=cm_cr_othr_d_rvw_ttl?ie=UTF8&ASIN=B0CPJ12FJV,Bass and surround goodRecorded irritatingIn USB mode high volume sound is very irritating,[],2024-09-30,77,Size: 200W,
5,mivi,R2OA4I97U07M87,https://www.amazon.in/gp/customer-reviews/R2OA4I97U07M87/ref=cm_cr_othr_d_rvw_ttl?ie=UTF8&ASIN=B0CPJ12FJV,good,[],2025-01-11,78,Size: 200W,
5,BEST AT THIS PRICE RANGE,R2KDP94RAEBD64,https://www.amazon.in/gp/customer-reviews/R2KDP94RAEBD64/ref=cm_cr_othr_d_rvw_ttl?ie=UTF8&ASIN=B0CPJ12FJV,"This Mivi Fort Q200 Soundbar  is a great option for anyone looking to upgrade their home audio experience. With a powerful 200W output and  2.1 surround sound , it brings movies, music, and games to life with rich sound and deep bass from the external subwoofer. The Bluetooth 5.3  connection is reliable for wireless streaming, and it also offers multiple input options like AUX, USB, Optical, and HDMI ARC, making it compatible with most devices.The remote control is easy to use, allowing you to switch EQ modes depending on what you're watching, which is a nice touch. Plus, it's  Made in India which might appeal to buyers who prefer locally made products. Overall, it's a solid soundbar with good sound quality and useful features for the price.",[],2024-10-30,79,Size: 200W,
4,Product good,RNW8ILOGUFOK3,https://www.amazon.in/gp/customer-reviews/RNW8ILOGUFOK3/ref=cm_cr_othr_d_rvw_ttl?ie=UTF8&ASIN=B0CPJ12FJV,Product good but no power connection cable in side,[],2024-10-10,80,Size: 120W,
4,Value for money,R1I96FGQSAV3J1,https://www.amazon.in/gp/customer-reviews/R1I96FGQSAV3J1/ref=cm_cr_othr_d_rvw_ttl?ie=UTF8&ASIN=B0CPJ12FJV,If you are looking for more clarity of sound than what your TV you can produce then you can easily go for this. The dialogues are heard clearly and also decent surround effect.Connectivity is good. Especially Bluetooth. There's no lagging. Tried even with projector.Only complaint I have is they should have added atleast an LED indicator for volume. It's impossible to know what's the volume level without playing anything.,[],2024-11-26,17,Size: 120W,
3,Sound bar 120W,RQVGDT81RURG6,https://www.amazon.in/gp/customer-reviews/RQVGDT81RURG6/ref=cm_cr_othr_d_rvw_ttl?ie=UTF8&ASIN=B0CPJ12FJV,"The product is worth buying for its cost. The main disadvantage is that there is no display on the soundbar when any button is pressed. Additionally, the remote works only when it is very close to the device.",[],2025-01-16,18,Size: 120W,
3,Not sure.. but still we can check for other options,R21P24N4C9P2A6,https://www.amazon.in/gp/customer-reviews/R21P24N4C9P2A6/ref=cm_cr_othr_d_rvw_ttl?ie=UTF8&ASIN=B0CPJ12FJV,Getting noise in aux connection in starting..And also little noise is coming all the time.It’s quite big in size compared to other brands,[],2025-01-25,19,Size: 120W,
4,Great performance,RVDT7172NQM34,https://www.amazon.in/gp/customer-reviews/RVDT7172NQM34/ref=cm_cr_othr_d_rvw_ttl?ie=UTF8&ASIN=B0CPJ12FJV,Great product.Clear sound quality 😁,[],2024-12-16,20,Size: 200W,
3,Average,R1ITFG4LVJ3KWJ,https://www.amazon.in/gp/customer-reviews/R1ITFG4LVJ3KWJ/ref=cm_cr_othr_d_rvw_ttl?ie=UTF8&ASIN=B0CPJ12FJV,Same price good,[],2025-01-27,21,Size: 120W,
4,Not for everyone,RJNTHAAII0H9M,https://www.amazon.in/gp/customer-reviews/RJNTHAAII0H9M/ref=cm_cr_othr_d_rvw_ttl?ie=UTF8&ASIN=B0CPJ12FJV,"The Unit is good, very heavy on the bass slightly weak on the treble, the Sub woofer is strong and regulates the sound very well across the room, the sound bar is pretty weak and rough but in combination with the woofer does a decent job.(Taking into account that I got it for 4.5k )Sound bar 4/10Woofer  9/10I'm just giving you my perspectiveBy no means am i telling you if this is bad or a good product as it may please/displease you in accordance with your taste in music and sounds.",[],2024-10-29,22,Size: 200W,
4,It sounds good!,R2T82N26S40FQO,https://www.amazon.in/gp/customer-reviews/R2T82N26S40FQO/ref=cm_cr_othr_d_rvw_ttl?ie=UTF8&ASIN=B0CPJ12FJV,"I was hesitant to buy at first. But after receiving the product I was amazed. The sound is clear, and the bass has thump. WALL MOUNT CLIPS and HDMI ARC cable are NOT INCLUDED. I have upgraded from AMKETTE's basic 10W output portable soundbar so for me it's a good upgrade. 4 stars because I believe that a 2.1 Blaupunkt costing approx. 3700 would have a better choice since the bass component is separate unlike the MIVI.I will update this review after mounting it to the wall to notice any difference.",[],2024-10-29,23,Size: 120W,
3,Ok product not wow,R2OGXI9VTVX1ZI,https://www.amazon.in/gp/customer-reviews/R2OGXI9VTVX1ZI/ref=cm_cr_othr_d_rvw_ttl?ie=UTF8&ASIN=B0CPJ12FJV,Sound quality is low bass is low,[],2025-01-17,24,Size: 48W,
4,Excellent 👍,RSSF4UAF1G4KA,https://www.amazon.in/gp/customer-reviews/RSSF4UAF1G4KA/ref=cm_cr_othr_d_rvw_ttl?ie=UTF8&ASIN=B0CPJ12FJV,I would suggest that buy Mivi soundbar f100 and it will gives you cinema theatre experience with reasonable price. Pls Go ahead and buy people who wants MIVI Soundbar.Enjoy your music 🎶,[],2025-01-15,9,Size: 100W,
4,Excellent Sound Quality & Value for Money!,R90JR1QETM6WO,https://www.amazon.in/gp/customer-reviews/R90JR1QETM6WO/ref=cm_cr_othr_d_rvw_ttl?ie=UTF8&ASIN=B0CPJ12FJV,"The media could not be loaded.
                
            
                
            
            
        
    
    








  
  
     I’m thrilled with the MIVI Q200 Speaker with an External subwoofer—it's a fantastic home theater system at an unbeatable price!Pros:Great Sound Quality: Clear, balanced audio that suits all types of content—whether it’s movies, music, or news.Powerful Bass: The  External subwoofer delivers deep, punchy bass that elevates music and movie soundtracks.4 Sound Modes: Includes Music, Movies, News, and 3D modes. All modes are highly functional, with the Movie and Music modes being especially impressive.Multiple Ports: HDMI, USB, AUX, Coaxial, HDMI ARC, and Bluetooth v5.3—plenty of options for connectivity.Home Theater Experience: Paired with a projector, this speaker creates a mini home theater setup, perfect for movie nights.Made in India: Proud to support a local brand that delivers great quality.Value for Money: It’s worth every penny—good wattage, sound quality, and versatility for the price.Cons:No Front Display: A small display would have been nice, but it’s not a dealbreaker.3D Mode: The 3D mode is not very useful; the other modes are great though.Final Thoughts: For anyone looking for a high-quality, affordable speaker system, the MIVI Q200 with an External subwoofer is a solid choice. Great sound, great features, and a great price—highly recommended!","['https://m.media-amazon.com/images/I/61h5RtMpWNL._SY88.jpg', 'https://m.media-amazon.com/images/I/719UWy9i4ML._SY88.jpg', 'https://m.media-amazon.com/images/I/71YkobpknhL._SY88.jpg']",2024-11-15,10,Size: 200W,
4,How I fix the soundbar on my wall?,R11QWAQPCNIC81,https://www.amazon.in/gp/customer-reviews/R11QWAQPCNIC81/ref=cm_cr_othr_d_rvw_ttl?ie=UTF8&ASIN=B0CPJ12FJV,I like this soundbar,['https://m.media-amazon.com/images/I/71yBmga5PcL._SY88.jpg'],2025-01-14,11,Size: 200W,
4,Remote doesn’t always work,RYM5GP5N9C0YC,https://www.amazon.in/gp/customer-reviews/RYM5GP5N9C0YC/ref=cm_cr_othr_d_rvw_ttl?ie=UTF8&ASIN=B0CPJ12FJV,But the sound quality is awesome. Hope the build quality is good too can only say after using it for a while.,[],2025-01-04,12,Size: 100W,
4,Good product,R264E24FB7LRN3,https://www.amazon.in/gp/customer-reviews/R264E24FB7LRN3/ref=cm_cr_othr_d_rvw_ttl?ie=UTF8&ASIN=B0CPJ12FJV,Sound quality grate,[],2025-01-03,13,Size: 200W,
4,Not so loud but good enough,R2TSF7WGCH7JDM,https://www.amazon.in/gp/customer-reviews/R2TSF7WGCH7JDM/ref=cm_cr_othr_d_rvw_ttl?ie=UTF8&ASIN=B0CPJ12FJV,The media could not be loaded.,['https://m.media-amazon.com/images/I/71tkHhMMhmL._SY88.jpg'],2025-01-22,14,Size: 120W,
4,Good product,R26VNLPJTX2NEK,https://www.amazon.in/gp/customer-reviews/R26VNLPJTX2NEK/ref=cm_cr_othr_d_rvw_ttl?ie=UTF8&ASIN=B0CPJ12FJV,{Update: Issue with remote has solved by MiVi team by sending spare remote and its working good now. Customer support is very good they sent new remote without any hesitation}Product is almost good.. But remote is exceptionally bad .. Not getting it works even though we are near to sound bar.,['https://m.media-amazon.com/images/I/612nBGk1YqL._SY88.jpg'],2024-12-07,15,Size: 120W,
4,It's ok quality ...but try get below 4k it's worth it...,R7JGHGIW3ZUED,https://www.amazon.in/gp/customer-reviews/R7JGHGIW3ZUED/ref=cm_cr_othr_d_rvw_ttl?ie=UTF8&ASIN=B0CPJ12FJV,"The media could not be loaded.
                
            
                
            
            
        
    
    








  
  
     Try to get during sales if it's below 4k ....is good deal...bass should be little clear ....no Dolby Atmos....but sound quality ok",[],2025-01-03,16,Size: 200W,
3,Damage product,RBBDVLELDJVXN,https://www.amazon.in/gp/customer-reviews/RBBDVLELDJVXN/ref=cm_cr_othr_d_rvw_ttl?ie=UTF8&ASIN=B0CPJ12FJV,Sound is quality is ok nt so good,['https://m.media-amazon.com/images/I/71YaJtRodhL._SY88.jpg'],2024-12-15,33,Size: 200W,
4,Beware of input source as it effects sound quality,RYBIP3ZFW3PZM,https://www.amazon.in/gp/customer-reviews/RYBIP3ZFW3PZM/ref=cm_cr_othr_d_rvw_ttl?ie=UTF8&ASIN=B0CPJ12FJV,Smaller than expected... mainly because whoever wrote the specifications doesn't know the difference between millimetres and centimeters!I seem to have got a used piece.... The connecting wires appear to have been opened out earlier. The soundbar speakers screech often when mono inut is played. The woofer sounds nice for some songs but doesn't sound at all for others.USB drive sound quality is excellent however.You get what you pay for.  This set is passable for listening to music when doing tedious work at a computer. Maybe it's enough for a TV or even small room.,[],2024-09-28,34,Size: 48W,
4,Good,R3D8X3LTRPI2TV,https://www.amazon.in/gp/customer-reviews/R3D8X3LTRPI2TV/ref=cm_cr_othr_d_rvw_ttl?ie=UTF8&ASIN=B0CPJ12FJV,Good,[],2024-11-13,35,Size: 200W,
4,AVERAGE,RAO33XK3R9H1F,https://www.amazon.in/gp/customer-reviews/RAO33XK3R9H1F/ref=cm_cr_othr_d_rvw_ttl?ie=UTF8&ASIN=B0CPJ12FJV,SOUND QULALITY--------------10/8SOUND CLEARITY --------------10/8PRICE AS COMPARE SOUND- -10/8SUBWOFFER QUALITY----------10/7OVERALL QUALITY--------------10/9WORT BUY IN THIS PRICE RANGE,[],2024-11-03,36,Size: 120W,
4,Affordable Sound Upgrade: Mivi Q200 Soundbar,R1K3QGMYD3BTL1,https://www.amazon.in/gp/customer-reviews/R1K3QGMYD3BTL1/ref=cm_cr_othr_d_rvw_ttl?ie=UTF8&ASIN=B0CPJ12FJV,"The Mivi Q200 is a budget-friendly soundbar with a woofer designed for an immersive audio experience. It offers a sleek, compact design that fits well with my home entertainment setups.The soundbar delivers clear audio with a decent balance of mids and highs, while the integrated woofer enhances bass, making it suitable for movies, music, and gaming.While the sound quality is good for its price range, audiophiles might find the bass less powerful compared to more premium models.The Mivi Q200 is easy to set up and use, with Bluetooth connectivity allowing for wireless streaming from various devices (I normally use my phone and TV).It’s a great option for those seeking an affordable upgrade to their home audio system without compromising too much on performance.",[],2024-08-19,37,Size: 200W,
4,"There are not that loud, i expected them to be 30% more louder compared with current loudness",R2FZHJR7TOG6VU,https://www.amazon.in/gp/customer-reviews/R2FZHJR7TOG6VU/ref=cm_cr_othr_d_rvw_ttl?ie=UTF8&ASIN=B0CPJ12FJV,"The media could not be loaded.
                
            
                
            
        
    
    








  
  
     Best for a room if your watching content.The subwoofer plays its role very bass-e sound.In a hall these are not good for a bass and loudness .Sound quality is good.Connect of BT is good and quite good range.",[],2024-10-09,38,Size: 48W,
4,Excellent,R2OPG8OR8AY4JH,https://www.amazon.in/gp/customer-reviews/R2OPG8OR8AY4JH/ref=cm_cr_othr_d_rvw_ttl?ie=UTF8&ASIN=B0CPJ12FJV,Nice one in this price range. If connected to tv then sound is damn loud. But with bluetooth not that much loud. But quality is awesome,[],2024-10-29,39,Size: 120W,
4,GOOD,R16NEVZHP12RSV,https://www.amazon.in/gp/customer-reviews/R16NEVZHP12RSV/ref=cm_cr_othr_d_rvw_ttl?ie=UTF8&ASIN=B0CPJ12FJV,THANKS,[],2024-11-13,40,Size: 180W,
4,Good,RIYKLPR6AVW6W,https://www.amazon.in/gp/customer-reviews/RIYKLPR6AVW6W/ref=cm_cr_othr_d_rvw_ttl?ie=UTF8&ASIN=B0CPJ12FJV,Sound is superb for watching Hollywood movies and listening songs,[],2024-11-29,25,Size: 200W,
3,No bill....no product user manual and no hanger clips.,R26J8DNBLV92NQ,https://www.amazon.in/gp/customer-reviews/R26J8DNBLV92NQ/ref=cm_cr_othr_d_rvw_ttl?ie=UTF8&ASIN=B0CPJ12FJV,Not satisfied fied with this,[],2025-01-18,26,Size: 120W,
3,Product Achha Hai Magar mujhe kuch damage mila Hai,R3RO2JNVP6UYXV,https://www.amazon.in/gp/customer-reviews/R3RO2JNVP6UYXV/ref=cm_cr_othr_d_rvw_ttl?ie=UTF8&ASIN=B0CPJ12FJV,"The media could not be loaded.
                
            
                
            
            
        
    
    








  
  
     Product Achha Hai Magar Mera product Thoda damage aaya Hai","['https://m.media-amazon.com/images/I/71zobxjftwL._SY88.jpg', 'https://m.media-amazon.com/images/I/81BKHRMq4zL._SY88.jpg']",2025-01-23,27,Size: 200W,
4,operation /installation manual not supplied with 120 w soundbar mivi,R3MBI8ZQQ7SREY,https://www.amazon.in/gp/customer-reviews/R3MBI8ZQQ7SREY/ref=cm_cr_othr_d_rvw_ttl?ie=UTF8&ASIN=B0CPJ12FJV,Overall product is good,"['https://m.media-amazon.com/images/I/61eIx8fhePL._SY88.jpg', 'https://m.media-amazon.com/images/I/61g34XIUXPL._SY88.jpg']",2024-11-23,28,Size: 120W,
4,Super,R22J8Y61CUNOAH,https://www.amazon.in/gp/customer-reviews/R22J8Y61CUNOAH/ref=cm_cr_othr_d_rvw_ttl?ie=UTF8&ASIN=B0CPJ12FJV,Nice prodect sound is good,[],2024-11-22,29,Size: 200W,
4,Impressive,R1HXL9MPZLUVNY,https://www.amazon.in/gp/customer-reviews/R1HXL9MPZLUVNY/ref=cm_cr_othr_d_rvw_ttl?ie=UTF8&ASIN=B0CPJ12FJV,"The sound and build quality is amazing, but through hdmi bass is being dropped hugely. through bluetooth it works very good.",[],2024-11-05,30,Size: 120W,
5,Happy with the decision,R28NTRBOQTKASW,https://www.amazon.in/gp/customer-reviews/R28NTRBOQTKASW/ref=cm_cr_othr_d_rvw_ttl?ie=UTF8&ASIN=B0CPJ12FJV,"I've tried mivi 60W and 80W soundbar but the sound quality of  MIVI 120W soundbar is exceptional, it has good bass, treble balanced and clear voice without distortion. It's more than enough for 150 sq. ft. room.",[],2025-01-18,31,Size: 120W,
4,Gives Justice for 2k MIVI Q48,R7RV84N9BKTZ9,https://www.amazon.in/gp/customer-reviews/R7RV84N9BKTZ9/ref=cm_cr_othr_d_rvw_ttl?ie=UTF8&ASIN=B0CPJ12FJV,"The media could not be loaded.
                
            
                
            
        
    
    








  
  
     Music is good enough for its price don’t expect more like Dolby digital or something , it has more than enough sound for 20*15 Hall or room gives better bass and sound , one more thing don’t expect deep bass , it plays mid and top bass very well",[],2024-10-20,32,Size: 48W,
4,Impressive,R1KOEF5A6JWZ99,https://www.amazon.in/gp/customer-reviews/R1KOEF5A6JWZ99/ref=cm_cr_othr_d_rvw_ttl?ie=UTF8&ASIN=B0CPJ12FJV,"The media could not be loaded.
                
            
                
            
            
        
    
    








  
  
     This is good speaker for small room where you can watch movies. It have good base and sound",[],2024-10-09,65,Size: 48W,
5,Amazing product,R2A1DBNS9NDEWH,https://www.amazon.in/gp/customer-reviews/R2A1DBNS9NDEWH/ref=cm_cr_othr_d_rvw_ttl?ie=UTF8&ASIN=B0CPJ12FJV,Is price range me तगडा product banaya hai mivi ne.Awsome build quality.. clear and nice sound output.Love this product,['https://m.media-amazon.com/images/I/71g-Mhfv0JL._SY88.jpg'],2025-01-10,66,Size: 120W,
4,Good for the Price Point !,RRQFBJTVIIRRW,https://www.amazon.in/gp/customer-reviews/RRQFBJTVIIRRW/ref=cm_cr_othr_d_rvw_ttl?ie=UTF8&ASIN=B0CPJ12FJV,"Got it on Amazon sale and the initial product had a faulty aux cable. The line in wasn’t getting connected. Amazon replaced it and the replacement is really good for the price I purchased it in. Decent bass, good sound quality",[],2024-10-05,67,Size: 48W,
4,Good Quality Sound Bar for the price range,R3LLEGHP9BKF7E,https://www.amazon.in/gp/customer-reviews/R3LLEGHP9BKF7E/ref=cm_cr_othr_d_rvw_ttl?ie=UTF8&ASIN=B0CPJ12FJV,Good product. Sound quality is good. But base is more and dominating vocals in some movie scenes. No base control to reduce the volume. Why I preferred this product is it has co-axial cable input for my realme TV. Other soundbars are having optical input which my TV doesn't have. Another point is inbuilt subwoofers. I don't want to clutter my bedroom with number of speakers/sub woofer. With inbuilt sub woofers it is space saving and at the same time they achieved good base for listening with inbuilt sub woofers.,[],2024-08-04,68,Size: 120W,
4,MIVI Q120,R1LPJGPJAXVTGE,https://www.amazon.in/gp/customer-reviews/R1LPJGPJAXVTGE/ref=cm_cr_othr_d_rvw_ttl?ie=UTF8&ASIN=B0CPJ12FJV,"The media could not be loaded.
                
            
                
            
        
    
    








  
  
     I got this product at very affordable price with great quality, great features and Bhai ka gaana🔥❤️‍🔥",[],2024-10-01,69,Size: 120W,
5,40 watts sound bar,R371SLN2SAX1VF,https://www.amazon.in/gp/customer-reviews/R371SLN2SAX1VF/ref=cm_cr_othr_d_rvw_ttl?ie=UTF8&ASIN=B0CPJ12FJV,"The media could not be loaded.
                
            
                
            
        
    
    








  
  
     Please keep in mind if you select 120w version you get only 40 watts sound boar there is no woofer for this and sound bar is not 120w it is only 40 watts max",[],2025-01-10,70,Size: 120W,
5,Deserves 5 stars!! Impressive!!,R2GS2E1RJMICNN,https://www.amazon.in/gp/customer-reviews/R2GS2E1RJMICNN/ref=cm_cr_othr_d_rvw_ttl?ie=UTF8&ASIN=B0CPJ12FJV,"The media could not be loaded.
                
            
                
            
            
        
    
    








  
  
     I won't pretend to be an audio expert as this is my first 4K TV and soundbar that I bought. So... Here goes the review:The yay...+ The volume on this soundbar is amazing. It really rocks the room when I want it to rock.+ Bluetooth 5 enabled, hence I never needed an HDMI cable to connect it. I turn the TV and soundbar automatically gets connected once its paired up in the start.+ No latency on audio, and the clarity is amazing.+ The subwoofers do their job perfectly.+ I mounted it under the TV on screws and I gotta say... It adds a certain bit of premiumness to my setup with its built quality and looks.The nah...- Remote feels cheap and not at all sturdy.- The soundbar has no display indicator screen to check volume, connection or mode. Only a blue light to show if its connected to a device or not.- There's no way to silence its ""Connected!"" message when it connects to the TV everytime I switch on both of them and its loud. So keep that in mind.Final thoughts:Amazing product. I can't think of a reason why I would switch back to TV speakers after using this. Its just that cool!",[],2024-06-04,71,Size: 120W,
4,Good product,R3AY4IMCKJC856,https://www.amazon.in/gp/customer-reviews/R3AY4IMCKJC856/ref=cm_cr_othr_d_rvw_ttl?ie=UTF8&ASIN=B0CPJ12FJV,Good Product except the Remote.,[],2024-10-19,72,Size: 120W,
2,Would not recommend,RDHDSG0V9YME7,https://www.amazon.in/gp/customer-reviews/RDHDSG0V9YME7/ref=cm_cr_othr_d_rvw_ttl?ie=UTF8&ASIN=B0CPJ12FJV,"As a basic 2.1 soundbar, it does the job. However, there are several annoyances which make this hard to recommend.1. It forgets the active input mode after power loss. I have to switch modes each time. This is made worse by the fact that it doesn't have the ability to detect which input is even active, and switch to that.2. There's no display, so it's hard to understand what the current volume/treble/bass levels are.3. There doesn't seem to be a reset to defaults option. So if the audio params were messed up, you have to guess what the normal levels are.4. There's an audible whine/hum when using the analog input (3.5mm, using the supplied cable).5. When connected via HDMI ARC, the connection isn't recognized sometimes. Have to power cycle the soundbar. This one I'm not sure where the fault lies (TV is brand new Xiaomi X series 55"").6. The user manual is unhelpful -- it doesn't even explain all the functionalities. What are ""3D"", ""News"" mode buttons on the remote? From the name and from experience having used other soundbar, I can guess. But that's not the point -- the manual should not presume anything.In conclusion, the various shortfalls add up to make this product unrecommendable. I suggest looking elsewhere.",[],2024-12-03,41,Size: 200W,
5,Very good sound,R1830JM4S8U09D,https://www.amazon.in/gp/customer-reviews/R1830JM4S8U09D/ref=cm_cr_othr_d_rvw_ttl?ie=UTF8&ASIN=B0CPJ12FJV,"Very amazing sound of this MIVI, looks very attractive, fit it everywhere, carry very easily wherever everyone wants. must purchase the mivi speakers.",[],2025-01-15,42,Size: 48W,
4,Remote control issue,RRRGWP0VXXQHW,https://www.amazon.in/gp/customer-reviews/RRRGWP0VXXQHW/ref=cm_cr_othr_d_rvw_ttl?ie=UTF8&ASIN=B0CPJ12FJV,Excellent product but remote is not working properly,[],2024-10-24,43,Size: 120W,
5,Super quality,R2STJ0JM2U0G53,https://www.amazon.in/gp/customer-reviews/R2STJ0JM2U0G53/ref=cm_cr_othr_d_rvw_ttl?ie=UTF8&ASIN=B0CPJ12FJV,I like it very much.. Because sound quality is too good.. Must buy..,[],2025-01-21,44,Size: 48W,
5,Totally worth it,R29LQ1AHX41EPP,https://www.amazon.in/gp/customer-reviews/R29LQ1AHX41EPP/ref=cm_cr_othr_d_rvw_ttl?ie=UTF8&ASIN=B0CPJ12FJV,"Always a priority, like sound quality, fit in minimum space very easily, looks trendy-attractive. Trust on MIVI brand, all products of MIVI is top class as always.",[],2025-01-18,45,Size: 48W,
5,Excellent sound 👍,R3OX65K24HAPZ,https://www.amazon.in/gp/customer-reviews/R3OX65K24HAPZ/ref=cm_cr_othr_d_rvw_ttl?ie=UTF8&ASIN=B0CPJ12FJV,Excellent sound quality,[],2025-01-24,46,Size: 120W,
4,Very cool 😎 product it' is & don't worry it's have led display 🤎,R3P9Q2K6LUHQ2D,https://www.amazon.in/gp/customer-reviews/R3P9Q2K6LUHQ2D/ref=cm_cr_othr_d_rvw_ttl?ie=UTF8&ASIN=B0CPJ12FJV,"The media could not be loaded.
                
            
                
            
        
    
    








  
  
     Best quality heavy performance' LED DISPLAY",['https://m.media-amazon.com/images/I/71i+FZSTqdL._SY88.jpg'],2024-11-06,47,Size: 200W,
5,Satisfied,R3VXV959Q3NRYI,https://www.amazon.in/gp/customer-reviews/R3VXV959Q3NRYI/ref=cm_cr_othr_d_rvw_ttl?ie=UTF8&ASIN=B0CPJ12FJV,Bought 200w and The output is satisfied for the money I spent. No disturbance in sound.,[],2025-01-18,48,Size: 200W,
5,Mivi speaker are good,R1DEKO08OCHCL,https://www.amazon.in/gp/customer-reviews/R1DEKO08OCHCL/ref=cm_cr_othr_d_rvw_ttl?ie=UTF8&ASIN=B0CPJ12FJV,"I purchase is for first time from MIVI, but received very good speaker. Don't need to worry about look and sound. all is good.",[],2025-01-15,49,Size: 48W,
4,Sound and bass best on that price,R1D0QPGJRH3JAM,https://www.amazon.in/gp/customer-reviews/R1D0QPGJRH3JAM/ref=cm_cr_othr_d_rvw_ttl?ie=UTF8&ASIN=B0CPJ12FJV,"Sound is best, Buttons on soundbar doesn't look good and no display. Remote is worst",[],2024-10-21,50,Size: 120W,
4,Best sound bar,RV7HONUJEAKNV,https://www.amazon.in/gp/customer-reviews/RV7HONUJEAKNV/ref=cm_cr_othr_d_rvw_ttl?ie=UTF8&ASIN=B0CPJ12FJV,Phenomenal sound but sound was Lil bit bent in center,['https://m.media-amazon.com/images/I/71Ys5dly0yL._SY88.jpg'],2024-10-27,51,Size: 200W,
4,Good for the price!,R1TNPVSYPM3Q9P,https://www.amazon.in/gp/customer-reviews/R1TNPVSYPM3Q9P/ref=cm_cr_othr_d_rvw_ttl?ie=UTF8&ASIN=B0CPJ12FJV,Bass is flawless 😍,[],2024-10-26,52,Size: 200W,
5,Worth buying,REETP7WHRODEL,https://www.amazon.in/gp/customer-reviews/REETP7WHRODEL/ref=cm_cr_othr_d_rvw_ttl?ie=UTF8&ASIN=B0CPJ12FJV,"Good sound quality and a good sound bar in given price range, worth buying",[],2025-01-18,53,Size: 120W,
5,MIVI MADE IN INDIA,R2XDSDKS1VBLVN,https://www.amazon.in/gp/customer-reviews/R2XDSDKS1VBLVN/ref=cm_cr_othr_d_rvw_ttl?ie=UTF8&ASIN=B0CPJ12FJV,"What a great product,loved it ❤️",[],2025-01-17,54,Size: 200W,
5,Good quality,R2MPOGSS20BGF4,https://www.amazon.in/gp/customer-reviews/R2MPOGSS20BGF4/ref=cm_cr_othr_d_rvw_ttl?ie=UTF8&ASIN=B0CPJ12FJV,Superb Sound.,[],2025-01-22,55,Size: 48W,
4,If you want loud sound with high bass go to other products,R1MBQ3AJ52KPCX,https://www.amazon.in/gp/customer-reviews/R1MBQ3AJ52KPCX/ref=cm_cr_othr_d_rvw_ttl?ie=UTF8&ASIN=B0CPJ12FJV,The sound is very good but bass is ok ok,[],2024-10-22,56,Size: 180W,
5,Super quality,R1USMH7LFLF61O,https://www.amazon.in/gp/customer-reviews/R1USMH7LFLF61O/ref=cm_cr_othr_d_rvw_ttl?ie=UTF8&ASIN=B0CPJ12FJV,Good product,[],2025-01-21,57,Size: 48W,
5,Amazing Sound Quality and Value for Money,R1V1RUB9OZB4KO,https://www.amazon.in/gp/customer-reviews/R1V1RUB9OZB4KO/ref=cm_cr_othr_d_rvw_ttl?ie=UTF8&ASIN=B0CPJ12FJV,"I recently purchased the Mivi Fort Q200 Soundbar, and it has completely transformed my home entertainment experience. The 200W output delivers powerful, cinematic sound that fills the room with rich bass and crystal-clear highs. The 2.1 channel configuration with an external subwoofer ensures that every beat and dialogue is heard with perfect clarity.The multiple EQ modes are a fantastic feature, allowing me to switch between settings for movies, music, sports, and news with just a tap on the remote. The connectivity options are versatile, including Bluetooth v5.3, USB, AUX, Coaxial, and HDMI (ARC), making it easy to connect to various devices.The design is sleek and modern, with a high-end matte finish that looks great in any room. Overall, the Mivi Fort Q200 offers exceptional sound quality and versatility at an unbeatable price. Highly recommended for anyone looking to upgrade their home audio setup.",[],2024-11-16,58,Size: 200W,
5,Very Use Full,R4FJY5YV06FH2,https://www.amazon.in/gp/customer-reviews/R4FJY5YV06FH2/ref=cm_cr_othr_d_rvw_ttl?ie=UTF8&ASIN=B0CPJ12FJV,Superb sound quality,[],2025-01-19,59,Size: 48W,
4,Impressive 😍,RUL4V6Z9B8QNE,https://www.amazon.in/gp/customer-reviews/RUL4V6Z9B8QNE/ref=cm_cr_othr_d_rvw_ttl?ie=UTF8&ASIN=B0CPJ12FJV,Value of money. Good,[],2024-10-26,60,Size: 200W,
4,"Excellent Surround Sound Quality, Best Value for Money, Made in INDIA.",R18FTA04MTLOIB,https://www.amazon.in/gp/customer-reviews/R18FTA04MTLOIB/ref=cm_cr_othr_d_rvw_ttl?ie=UTF8&ASIN=B0CPJ12FJV,"The multiple woofers assisted deep sound quality is excellent, just keep the Bass towards lower level, tremble, higher;I bought 'Mivi Fort Q200 Soundbar with 200W Surround Sound' after extensive research of reviews by honest experts, and my decision proved to be very accurate: MIVI's are The Best Value for Money Speakers available Anywhere, AND these are #MadeInIndia too :)Its looks, esp. of its soundbar are also very sleek and mod.PS: the front digital display (of inputs, etc) could've been better, but, that would've increased the price, so I am OK. Tho, they should increase the volume of the digital lady who vocalizes the commands.",[],2024-08-03,61,Size: 200W,
5,Sound Quality Good.,R18F47JQCIF51Q,https://www.amazon.in/gp/customer-reviews/R18F47JQCIF51Q/ref=cm_cr_othr_d_rvw_ttl?ie=UTF8&ASIN=B0CPJ12FJV,Best one,[],2025-01-24,62,Size: 48W,
4,Good,R2XBELSOKB88SD,https://www.amazon.in/gp/customer-reviews/R2XBELSOKB88SD/ref=cm_cr_othr_d_rvw_ttl?ie=UTF8&ASIN=B0CPJ12FJV,Nice product 👌 👍 👏,[],2024-10-16,63,Size: 120W,
5,Nice,R29M3K15WT4CGL,https://www.amazon.in/gp/customer-reviews/R29M3K15WT4CGL/ref=cm_cr_othr_d_rvw_ttl?ie=UTF8&ASIN=B0CPJ12FJV,Nice product,[],2025-01-21,64,Size: 48W,
