ratingScore,reviewTitle,reviewId,reviewUrl,reviewDescription,reviewImages,date,position,variant,totalCategoryRatings
5,Excellence sound and build quality..,RAOMGS0BNJQ8A,https://www.amazon.in/gp/customer-reviews/RAOMGS0BNJQ8A/ref=cm_cr_othr_d_rvw_ttl?ie=UTF8&ASIN=B097D69GJ1,"Water resistant, excellent battery life i have been using this product before a long time and its always sounds like good with 4-5 hours battery time., value for money, functionality is too good and easy to Use.",[],2025-01-14,1,Colour: Blue,
4,"Value for Money, Sound is Amazing and Nice for Ear",R23OA6G1DTWDZ0,https://www.amazon.in/gp/customer-reviews/R23OA6G1DTWDZ0/ref=cm_cr_othr_d_rvw_ttl?ie=UTF8&ASIN=B097D69GJ1,"The media could not be loaded.
                
            
                
            
            
        
    
    








  
  
     I purchased this speaker primarily for its added portability. The sound quality is impressive, delivering clear, decently loud audio (perfect for everyday listening) with well-balanced highs and lows.The Bluetooth connection is quick and reliable. The device also remembers previously paired devices for easy connectivity. The battery life is commendable, lasting 4-5 hours on Bluetooth. The soft-touch finish is prone to fingerprints and dust, so it's best to handle it with clean hands.Overall, this is a great value for the price. I highly recommend it for anyone looking for a portable speaker with good sound quality and useful features.But I'm experiencing connectivity problems with the FM radio. I living in Mumbai, where frequency and connectivity shouldn't be an issue, I'm unable to tune into any stations. I hope the manufacturer addresses this issue in future updates.Song Name- Hymn for the weekendCredit- Coldplay","['https://m.media-amazon.com/images/I/71ZfQHl4SlL._SY88.jpg', 'https://m.media-amazon.com/images/I/81UDx6MyyAL._SY88.jpg']",2024-10-07,2,Colour: Blue,
5,Efficient sound drum. Value for money. Taking it for the second time.,RPAFZK24X324F,https://www.amazon.in/gp/customer-reviews/RPAFZK24X324F/ref=cm_cr_othr_d_rvw_ttl?ie=UTF8&ASIN=B097D69GJ1,I love this product as it is portable and easy to Use. I love the inbuilt FM feature as am a frequent FM listener. I had an earlier model before which has same features. But this one is new design and extra features TWS which I haven’t tried yet. Sound quality is good. I got it at a discounted price during  republic’ day sale. Cost wise it is really good compared to other Bluetooth speakers.,"['https://m.media-amazon.com/images/I/617uqiTQsSL._SY88.jpg', 'https://m.media-amazon.com/images/I/61AfGItM2dL._SY88.jpg', 'https://m.media-amazon.com/images/I/718i2ImzM2L._SY88.jpg', 'https://m.media-amazon.com/images/I/71bXy8aEa7L._SY88.jpg', 'https://m.media-amazon.com/images/I/71vXDOTLA6L._SY88.jpg']",2025-01-17,3,Colour: Blue,
5,Nothing,R3I0579JLA6FTF,https://www.amazon.in/gp/customer-reviews/R3I0579JLA6FTF/ref=cm_cr_othr_d_rvw_ttl?ie=UTF8&ASIN=B097D69GJ1,Super quality and super deep bassI love the product 😎,['https://m.media-amazon.com/images/I/51G35gAntGL._SY88.jpg'],2025-01-21,4,Colour: Black,
4,Sound quality,R38H16I6P8U9G6,https://www.amazon.in/gp/customer-reviews/R38H16I6P8U9G6/ref=cm_cr_othr_d_rvw_ttl?ie=UTF8&ASIN=B097D69GJ1,"Build quality and battery is good for the price. The sound quality is not the great. Anyways, for this price, this is good enough",[],2025-01-21,5,Colour: Black,
3,Fine,RB0E25ORS3HB2,https://www.amazon.in/gp/customer-reviews/RB0E25ORS3HB2/ref=cm_cr_othr_d_rvw_ttl?ie=UTF8&ASIN=B097D69GJ1,Good Bluetooth connection. Clarity of voice. No bass at all. Looks sturdy. Nice battery life. Using for two days only.,[],2025-01-22,6,Colour: Blue,
5,Quality of product is good,R177J5QYJ0NVGF,https://www.amazon.in/gp/customer-reviews/R177J5QYJ0NVGF/ref=cm_cr_othr_d_rvw_ttl?ie=UTF8&ASIN=B097D69GJ1,"I am writing this review after using the speaker for about a month. It is worth buying under such affordable price. Build quality is good, battery life is also good, Bluetooth connectivity is also good.",[],2025-01-16,7,Colour: Black,
4,Decent Budget Speaker with Overpowering Bass: Good for Casual Listening,R1RKG5ABL6LTBY,https://www.amazon.in/gp/customer-reviews/R1RKG5ABL6LTBY/ref=cm_cr_othr_d_rvw_ttl?ie=UTF8&ASIN=B097D69GJ1,"It's pretty decent for the price - around ₹1000. The sound is generally fine, but the bass is a bit too much, which makes the vocals less clear. It's not the best for picking out different instruments or getting that wide soundstage you might want. If you're looking for something with better clarity in this price range, I'd suggest going for a wired IEM instead. But if you just need something portable and loud with some cool features like TWS and FM radio, this little speaker does the job!",[],2024-12-16,8,Colour: Black,
4,Sound quality👌,RN9X336JB48PD,https://www.amazon.in/gp/customer-reviews/RN9X336JB48PD/ref=cm_cr_othr_d_rvw_ttl?ie=UTF8&ASIN=B097D69GJ1,Pros:1.Base👍 worth for rs.999Cons:1.Charging time and battery backup not good.,[],2024-12-06,25,Colour: Black,
3,ओके ओके प्रोडक्ट है,R2J4BUDR8T9PRF,https://www.amazon.in/gp/customer-reviews/R2J4BUDR8T9PRF/ref=cm_cr_othr_d_rvw_ttl?ie=UTF8&ASIN=B097D69GJ1,साउंड लाउड है लेकिन क्वालिटी अच्छा नहीं है प्रोडक्ट की क्वालिटी अच्छा नहीं है इसके साथ इसका चार्ज एसेसरीज नहीं मिला था दो दिन उसे करने के बाद थोड़ा सा प्रॉब्लम भी आ रहा था इसलिए हमने रिटर्न कर दिया है पहली बार ऑर्डर करने पर प्रोडक्ट मिलने ही लेकिन दोबारा ऑर्डर करने के बाद ऐसा मिला इसका बॉडी क्वालिटी भी अच्छा नहीं है गिर जाएगा तो टूट जाएगा चीन का माल,[],2024-12-23,26,Colour: Blue,
4,Amazing value for money product,R3CPCKU892AYA6,https://www.amazon.in/gp/customer-reviews/R3CPCKU892AYA6/ref=cm_cr_othr_d_rvw_ttl?ie=UTF8&ASIN=B097D69GJ1,"The speaker at its price point is very nice. Sound is good, loud and crisp, sometimes it disconnects automatically but after resetting for once, the issue was fixed. Only reason to remove one star.",[],2024-11-22,27,Colour: Blue,
3,Very nice,R2CDXPMW720D20,https://www.amazon.in/gp/customer-reviews/R2CDXPMW720D20/ref=cm_cr_othr_d_rvw_ttl?ie=UTF8&ASIN=B097D69GJ1,I am very happy with the sound qualityWire length is 0.5mLoud soundLighting is a little tricky as there is no check for charge overIf it is connected to charger then red light even if it shows 100perc charge on phoneOverall a nice purchase i would say,[],2025-01-03,28,Colour: Blue,
3,Okay,R25KQBH59U0XW7,https://www.amazon.in/gp/customer-reviews/R25KQBH59U0XW7/ref=cm_cr_othr_d_rvw_ttl?ie=UTF8&ASIN=B097D69GJ1,Okay,[],2025-01-27,29,Colour: Blue,
4,Good sound,R1COBYM8L1E6WX,https://www.amazon.in/gp/customer-reviews/R1COBYM8L1E6WX/ref=cm_cr_othr_d_rvw_ttl?ie=UTF8&ASIN=B097D69GJ1,"Good sound, using in my washroom",[],2024-12-03,30,Colour: Blue,
3,Potrinics sound drum 1,RNIDUA0VKSXR4,https://www.amazon.in/gp/customer-reviews/RNIDUA0VKSXR4/ref=cm_cr_othr_d_rvw_ttl?ie=UTF8&ASIN=B097D69GJ1,Product looks okay buttons placing is very bad and sound quality is fine in comparision with price,['https://m.media-amazon.com/images/I/61LNXoJelFL._SY88.jpg'],2025-01-19,31,Colour: Blue,
4,Worth it for the price!,R2MCJYNTFM5QIG,https://www.amazon.in/gp/customer-reviews/R2MCJYNTFM5QIG/ref=cm_cr_othr_d_rvw_ttl?ie=UTF8&ASIN=B097D69GJ1,"The product is good, battery lasts for 5-6 hours.  It does not turn off when not in use, one needs to disconnect it, that is the only issue.",[],2024-11-18,32,Colour: Blue,
5,Affordable.,R3BU63JVY817SK,https://www.amazon.in/gp/customer-reviews/R3BU63JVY817SK/ref=cm_cr_othr_d_rvw_ttl?ie=UTF8&ASIN=B097D69GJ1,Best product under this price range.,[],2025-01-23,57,Colour: Black,
4,Good,RI560CMMYARPF,https://www.amazon.in/gp/customer-reviews/RI560CMMYARPF/ref=cm_cr_othr_d_rvw_ttl?ie=UTF8&ASIN=B097D69GJ1,Excellent product good sound,[],2024-11-20,58,Colour: Blue,
5,Very good sound,R1IHXKS1U8ED45,https://www.amazon.in/gp/customer-reviews/R1IHXKS1U8ED45/ref=cm_cr_othr_d_rvw_ttl?ie=UTF8&ASIN=B097D69GJ1,Very nyc speaker very good sound,[],2025-01-30,59,Colour: Blue,
4,Worthy Buying,R2Z98KNPU90EDC,https://www.amazon.in/gp/customer-reviews/R2Z98KNPU90EDC/ref=cm_cr_othr_d_rvw_ttl?ie=UTF8&ASIN=B097D69GJ1,"With in 1k this is a good product. Light weight and build quality is also nice.If I taking about its sound quality, this is very good as compared to another brand product like boat!If you searching for a light weight travel friendly product then must buy it.","['https://m.media-amazon.com/images/I/61Qkc3iVNPL._SY88.jpg', 'https://m.media-amazon.com/images/I/61dJtvNijbL._SY88.jpg', 'https://m.media-amazon.com/images/I/71+2ZXwHfcL._SY88.jpg']",2024-10-24,60,Colour: Blue,
5,Excellent Sound Quality,R3KO8GX9XYPQOA,https://www.amazon.in/gp/customer-reviews/R3KO8GX9XYPQOA/ref=cm_cr_othr_d_rvw_ttl?ie=UTF8&ASIN=B097D69GJ1,Listening Music for freshness of mind,[],2025-01-24,61,Colour: Blue,
5,Nice,R8UHV6HKVYA6P,https://www.amazon.in/gp/customer-reviews/R8UHV6HKVYA6P/ref=cm_cr_othr_d_rvw_ttl?ie=UTF8&ASIN=B097D69GJ1,Nice product,[],2025-01-29,62,Colour: Blue,
5,Cheap and best,R25MW0ZQ10ZE1I,https://www.amazon.in/gp/customer-reviews/R25MW0ZQ10ZE1I/ref=cm_cr_othr_d_rvw_ttl?ie=UTF8&ASIN=B097D69GJ1,I purchased tribit x sound go and this portronics blutooth speaker at same time for 2400INR and 900INR. I was compared both speakers in different ways I really like this portronics sound drum. Value for money product.,[],2025-01-04,63,Colour: Blue,
5,Super Sound,R3BLBN6SETPN4F,https://www.amazon.in/gp/customer-reviews/R3BLBN6SETPN4F/ref=cm_cr_othr_d_rvw_ttl?ie=UTF8&ASIN=B097D69GJ1,Nice sound,[],2025-01-22,64,Colour: Blue,
4,Excellent bass,R8T17YLY3GDZ9,https://www.amazon.in/gp/customer-reviews/R8T17YLY3GDZ9/ref=cm_cr_othr_d_rvw_ttl?ie=UTF8&ASIN=B097D69GJ1,Easy to cary and battery life is amazing,[],2024-11-28,33,Colour: Orange,
4,Value for money,R39Q5K8SFCBLCE,https://www.amazon.in/gp/customer-reviews/R39Q5K8SFCBLCE/ref=cm_cr_othr_d_rvw_ttl?ie=UTF8&ASIN=B097D69GJ1,Value for money,[],2024-12-03,34,Colour: Blue,
4,Besttt in price,R2A818VPXUAVGR,https://www.amazon.in/gp/customer-reviews/R2A818VPXUAVGR/ref=cm_cr_othr_d_rvw_ttl?ie=UTF8&ASIN=B097D69GJ1,"Awesome sound quality, you can go for it...bass is louder and battery is awesome too",[],2024-11-23,35,Colour: Blue,
4,FM reception less,RWK4L5KNF8YXR,https://www.amazon.in/gp/customer-reviews/RWK4L5KNF8YXR/ref=cm_cr_othr_d_rvw_ttl?ie=UTF8&ASIN=B097D69GJ1,All features and bass sound is good.FM reception is low with noise.,[],2024-11-30,36,Colour: Blue,
5,Good sound quality,R3GHJQSZVJKTKM,https://www.amazon.in/gp/customer-reviews/R3GHJQSZVJKTKM/ref=cm_cr_othr_d_rvw_ttl?ie=UTF8&ASIN=B097D69GJ1,Best sound quality at this price!!Battery life is also good and compact in size,[],2025-01-30,37,Colour: Blue,
4,Good product,R1WO2V7ZSV1IIE,https://www.amazon.in/gp/customer-reviews/R1WO2V7ZSV1IIE/ref=cm_cr_othr_d_rvw_ttl?ie=UTF8&ASIN=B097D69GJ1,Good product,[],2024-11-22,38,Colour: Blue,
4,Very nice,R1C0O0TEXEAQYO,https://www.amazon.in/gp/customer-reviews/R1C0O0TEXEAQYO/ref=cm_cr_othr_d_rvw_ttl?ie=UTF8&ASIN=B097D69GJ1,Value for money,[],2024-11-22,39,Colour: Blue,
4,Average sound quality,R3NR5F7G5GJ7VM,https://www.amazon.in/gp/customer-reviews/R3NR5F7G5GJ7VM/ref=cm_cr_othr_d_rvw_ttl?ie=UTF8&ASIN=B097D69GJ1,,['https://m.media-amazon.com/images/I/71moEu6F+3L._SY88.jpg'],2024-11-25,40,Colour: Black,
4,Worth buying it,R1MYGMLFVH4AMA,https://www.amazon.in/gp/customer-reviews/R1MYGMLFVH4AMA/ref=cm_cr_othr_d_rvw_ttl?ie=UTF8&ASIN=B097D69GJ1,"Product is really good, worth buying for this price",[],2024-11-23,41,Colour: Blue,
4,Great purchase,R2X91F4WFKVZER,https://www.amazon.in/gp/customer-reviews/R2X91F4WFKVZER/ref=cm_cr_othr_d_rvw_ttl?ie=UTF8&ASIN=B097D69GJ1,This product is not great for partying. Overall good purchase.,[],2024-11-22,42,Colour: Blue,
4,Clear voice.,R3SWE6B9ATJE5Z,https://www.amazon.in/gp/customer-reviews/R3SWE6B9ATJE5Z/ref=cm_cr_othr_d_rvw_ttl?ie=UTF8&ASIN=B097D69GJ1,"The media could not be loaded.
                
            
                
            
        
    
    








  
  
     4 star isliye diya h.k ye local channel h.isliye aawaj achhi h.baad me Delhi k channel dekhti hu k kaise catch krta h. Quality product h.",['https://m.media-amazon.com/images/I/71NDbQiMVLL._SY88.jpg'],2024-11-26,43,Colour: Blue,
4,Ok sound,RGUX62FB84HYT,https://www.amazon.in/gp/customer-reviews/RGUX62FB84HYT/ref=cm_cr_othr_d_rvw_ttl?ie=UTF8&ASIN=B097D69GJ1,"The media could not be loaded.
                
            
                
            
            
        
    
    








  
  
     Good battery life. I am not able to connect fm radio.",[],2024-12-08,44,Colour: Blue,
3,Sound quality,R30LZKH8ROWV8K,https://www.amazon.in/gp/customer-reviews/R30LZKH8ROWV8K/ref=cm_cr_othr_d_rvw_ttl?ie=UTF8&ASIN=B097D69GJ1,Handy but sound and base could have been better,[],2025-01-01,45,Colour: Black,
4,product is good,R38FLM5CUDV6EL,https://www.amazon.in/gp/customer-reviews/R38FLM5CUDV6EL/ref=cm_cr_othr_d_rvw_ttl?ie=UTF8&ASIN=B097D69GJ1,product bass is good,[],2024-11-20,46,Colour: Blue,
5,Best in class,R1FHR8CH1NZVOJ,https://www.amazon.in/gp/customer-reviews/R1FHR8CH1NZVOJ/ref=cm_cr_othr_d_rvw_ttl?ie=UTF8&ASIN=B097D69GJ1,That speaker i bought for 999. 10 watt varient. That is best among all speakers in 1000 rupees price range. I am taking about sound experience. Battery life is also okay.,[],2025-01-18,47,Colour: Blue,
4,Inbuilt FM,R1U505W2DM61TI,https://www.amazon.in/gp/customer-reviews/R1U505W2DM61TI/ref=cm_cr_othr_d_rvw_ttl?ie=UTF8&ASIN=B097D69GJ1,"The media could not be loaded.
                
            
                
            
            
        
    
    








  
  
     It's A good Product Nice Sound, better quality sound, but sound Was Low If Company Improve high Sound So it was best Product and no other Competitor  i am impressed with Inbuilt FM. FM has 6 channel's.Thanks Portronics",['https://m.media-amazon.com/images/I/61MAm+SSTEL._SY88.jpg'],2024-11-04,48,Colour: Blue,
5,Awesome Product,R2TFYOKYEUHRZR,https://www.amazon.in/gp/customer-reviews/R2TFYOKYEUHRZR/ref=cm_cr_othr_d_rvw_ttl?ie=UTF8&ASIN=B097D69GJ1,Wonderful Product. Totally Satisfied With The Product.. Thanku Portronics For This Wonderful Product,[],2025-01-16,65,Colour: Black,
5,Best product,R1BQ3TOAVZCBPM,https://www.amazon.in/gp/customer-reviews/R1BQ3TOAVZCBPM/ref=cm_cr_othr_d_rvw_ttl?ie=UTF8&ASIN=B097D69GJ1,Great sounds,[],2025-01-30,66,Colour: Black,
5,Good,RUSIPTORFE7AH,https://www.amazon.in/gp/customer-reviews/RUSIPTORFE7AH/ref=cm_cr_othr_d_rvw_ttl?ie=UTF8&ASIN=B097D69GJ1,Clear sound,[],2025-01-29,67,Colour: Black,
4,Nice product,R2H29ZPY1ZE6UU,https://www.amazon.in/gp/customer-reviews/R2H29ZPY1ZE6UU/ref=cm_cr_othr_d_rvw_ttl?ie=UTF8&ASIN=B097D69GJ1,"Good quality, battery life",[],2024-11-08,68,Colour: Orange,
5,Very good sound.,R209FLLVJ6HNXT,https://www.amazon.in/gp/customer-reviews/R209FLLVJ6HNXT/ref=cm_cr_othr_d_rvw_ttl?ie=UTF8&ASIN=B097D69GJ1,"very good speaker , volume is too high and clear , not expected in this price range. Thanks to Portronics and amazon.",[],2025-01-12,69,Colour: Orange,
4,Chota Pack Bada Dhamaka😊,RV0OXIMJ9L4B6,https://www.amazon.in/gp/customer-reviews/RV0OXIMJ9L4B6/ref=cm_cr_othr_d_rvw_ttl?ie=UTF8&ASIN=B097D69GJ1,"Its the best speaker. Clear sound quality. Music lovers can go with this. But FM is not that clear. Sound clearity is not good for FM radio.Buy this, u wont regret for it.",['https://m.media-amazon.com/images/I/71cepdLNdcL._SY88.jpg'],2024-10-25,70,Colour: Blue,
5,Super loud!,R1IYJX8VKXWULT,https://www.amazon.in/gp/customer-reviews/R1IYJX8VKXWULT/ref=cm_cr_othr_d_rvw_ttl?ie=UTF8&ASIN=B097D69GJ1,Looks epicSoft touch matte blackVery very loudAudio quality is okBass is okConnection and battery life is good,['https://m.media-amazon.com/images/I/61sPZzt8hfL._SY88.jpg'],2025-01-17,71,Colour: Black,
5,Great value,R1AQ7UKBEHX3ZJ,https://www.amazon.in/gp/customer-reviews/R1AQ7UKBEHX3ZJ/ref=cm_cr_othr_d_rvw_ttl?ie=UTF8&ASIN=B097D69GJ1,Good loud speaker with 1 day battery. I only use it to play Mantra at a low volume 24/7You cant get better for the price.Drawback - no SD card slot,['https://m.media-amazon.com/images/I/71lyMwaWUrL._SY88.jpg'],2025-01-08,72,Colour: Black,
3,Not good for FM radio,R3BK580XX5GZ3V,https://www.amazon.in/gp/customer-reviews/R3BK580XX5GZ3V/ref=cm_cr_othr_d_rvw_ttl?ie=UTF8&ASIN=B097D69GJ1,Over all performance and quality looks good so far. but if you are looking for FM then it is very vey bad. I experienced this speaker's connectivity with amazone FireTv blueTooth is also not very good ..lots of connectivity drops comes. Unfortunately I took this speaker for these two purpose only and both are not really good.. and when contacted with Amazon customer care for return they said go to sevice center .. which is not useful as i dont think they will replace or repair so in place of time wasting on trafic.i just packed this and kept aside. Portronics's products I had very great respect but this shopping gave me frustration.,[],2024-10-18,73,Colour: Blue,
5,Nine Products also very good sound,R3V4GGBXCNXKUI,https://www.amazon.in/gp/customer-reviews/R3V4GGBXCNXKUI/ref=cm_cr_othr_d_rvw_ttl?ie=UTF8&ASIN=B097D69GJ1,Nine Products also very good sound,[],2025-01-16,74,Colour: Black,
3,FM,R1BV99GQZ3ODKP,https://www.amazon.in/gp/customer-reviews/R1BV99GQZ3ODKP/ref=cm_cr_othr_d_rvw_ttl?ie=UTF8&ASIN=B097D69GJ1,Sound box is ok at this price but don’t buy for FM it has poor signal reception,[],2024-12-10,75,Colour: Blue,
4,Sound quality,R3FXN8YO27FF5C,https://www.amazon.in/gp/customer-reviews/R3FXN8YO27FF5C/ref=cm_cr_othr_d_rvw_ttl?ie=UTF8&ASIN=B097D69GJ1,Sound quality superb according to size and money,[],2024-10-26,76,Colour: Black,
5,Excellent sound quality,R2UEMTP4RYWCJI,https://www.amazon.in/gp/customer-reviews/R2UEMTP4RYWCJI/ref=cm_cr_othr_d_rvw_ttl?ie=UTF8&ASIN=B097D69GJ1,Auto off and battery backup is good.,[],2025-01-27,77,Colour: Blue,
5,Battery life,R3IZSM8H57NXFJ,https://www.amazon.in/gp/customer-reviews/R3IZSM8H57NXFJ/ref=cm_cr_othr_d_rvw_ttl?ie=UTF8&ASIN=B097D69GJ1,Amazing product,[],2025-01-16,78,Colour: Blue,
5,Quality,R3A5KFJ9WLHVI1,https://www.amazon.in/gp/customer-reviews/R3A5KFJ9WLHVI1/ref=cm_cr_othr_d_rvw_ttl?ie=UTF8&ASIN=B097D69GJ1,Nice product,[],2025-01-16,79,Colour: Blue,
5,Beautiful design,R3FM27TJ2WFNHO,https://www.amazon.in/gp/customer-reviews/R3FM27TJ2WFNHO/ref=cm_cr_othr_d_rvw_ttl?ie=UTF8&ASIN=B097D69GJ1,Great sound,[],2025-01-21,80,Colour: Green,
4,Looks and sounds good; but only good for music and podcasts.,R2EHAMEKE5WHLD,https://www.amazon.in/gp/customer-reviews/R2EHAMEKE5WHLD/ref=cm_cr_othr_d_rvw_ttl?ie=UTF8&ASIN=B097D69GJ1,"Compact, good looking and surprisingly loud. Doesn't sinc with video quite often, makes it feel like I'm watching and listening to 2 different people. But it's good for music and podcasts, if you're fine with low bass. No aux, works while charging.",['https://m.media-amazon.com/images/I/61MklemVceL._SY88.jpg'],2024-12-17,17,Colour: Black,
4,Average product,R113FGNOKKEKP1,https://www.amazon.in/gp/customer-reviews/R113FGNOKKEKP1/ref=cm_cr_othr_d_rvw_ttl?ie=UTF8&ASIN=B097D69GJ1,Sound quality is below average. FM is not upto the level. Bluetooth is ok.,[],2025-01-01,18,Colour: Orange,
4,"अच्छा प्रोडक्ट है, पर सुधार की गुंजाइश है",R3UEEHXI97L3Q,https://www.amazon.in/gp/customer-reviews/R3UEEHXI97L3Q/ref=cm_cr_othr_d_rvw_ttl?ie=UTF8&ASIN=B097D69GJ1,"प्रोडक्ट अच्छा लगा। इसका लुक बडा ही प्यारा है और साईज भी जैसा सोचा था वैसा है, कहीं भी ले जाने के लिए सुयोग्य है। लेकिन इसके साथ मोबाइल कॉलिंग या कॉल रिसिविंग क्वालिटी खास नहीं है जिसमें सुधार किया जा सकता है। सामने वाली की आवाज तो सुनाई देती है, पर अपनी आवाज़ सामने कई बार सुनाई नहीं देती या टूट टूट कर जाती है। इसमें सुधार की बहुत आवश्यकता है। इसका प्लस पाइंट यह है की इसको एफएम और ब्ल्यू टूथ से कनेक्ट करने पर आवाज बहुत ही सुन्दर है।",[],2024-11-28,19,Colour: Blue,
4,Sound Quality,R24XK76NH37IPM,https://www.amazon.in/gp/customer-reviews/R24XK76NH37IPM/ref=cm_cr_othr_d_rvw_ttl?ie=UTF8&ASIN=B097D69GJ1,Nice product.But I think sound and bass would be better.,[],2024-12-26,20,Colour: Blue,
4,Good sound even in low volume,R208PICT490FLI,https://www.amazon.in/gp/customer-reviews/R208PICT490FLI/ref=cm_cr_othr_d_rvw_ttl?ie=UTF8&ASIN=B097D69GJ1,It is woring fine and little bit bass required. Overall good.,[],2024-12-20,21,Colour: Blue,
4,Good product,R1NG3G0H0DIS84,https://www.amazon.in/gp/customer-reviews/R1NG3G0H0DIS84/ref=cm_cr_othr_d_rvw_ttl?ie=UTF8&ASIN=B097D69GJ1,"Sound is clear, better connectivityNeed to improve on base",[],2024-12-19,22,Colour: Black,
4,FM is not working,RJWFVS313R116,https://www.amazon.in/gp/customer-reviews/RJWFVS313R116/ref=cm_cr_othr_d_rvw_ttl?ie=UTF8&ASIN=B097D69GJ1,"Happy with the speaker volume, sound quality. Only issue is with the FM, it's not working.",[],2024-12-17,23,Colour: Black,
4,Good,RXAEFXJDYNUNO,https://www.amazon.in/gp/customer-reviews/RXAEFXJDYNUNO/ref=cm_cr_othr_d_rvw_ttl?ie=UTF8&ASIN=B097D69GJ1,⭐⭐⭐⭐⭐ but not  hanging devised,['https://m.media-amazon.com/images/I/712ly1docaL._SY88.jpg'],2024-12-16,24,Colour: Black,
4,Clear sound with decent bass,R3R0DF8A8V0PTB,https://www.amazon.in/gp/customer-reviews/R3R0DF8A8V0PTB/ref=cm_cr_othr_d_rvw_ttl?ie=UTF8&ASIN=B097D69GJ1,"At 896rs it is a good one. It has a clear sound with decent bass(not low or high). It's FM functionality is poor, you have to connect the charger cable to get a channel. Battery backup is to the point as claimed by the company.",['https://m.media-amazon.com/images/I/61YOs3NX2eL._SY88.jpg'],2024-10-31,49,Colour: Black,
4,Good product,R1ZURKGI47CMDA,https://www.amazon.in/gp/customer-reviews/R1ZURKGI47CMDA/ref=cm_cr_othr_d_rvw_ttl?ie=UTF8&ASIN=B097D69GJ1,"The media could not be loaded.
                
            
                
            
            
        
    
    








  
  
     Good product,","['https://m.media-amazon.com/images/I/61PLqxQTMsL._SY88.jpg', 'https://m.media-amazon.com/images/I/61qqUj-t--L._SY88.jpg']",2024-12-08,50,Colour: Black,
4,It is great must buy it,R2J4GOYL2P7YF3,https://www.amazon.in/gp/customer-reviews/R2J4GOYL2P7YF3/ref=cm_cr_othr_d_rvw_ttl?ie=UTF8&ASIN=B097D69GJ1,it's amazing 😍😍the sound is clear and bass is also good,['https://m.media-amazon.com/images/I/61JRg0Y6YLL._SY88.jpg'],2024-11-13,51,Colour: Black,
4,Good at this price,REI387YZ0WYI3,https://www.amazon.in/gp/customer-reviews/REI387YZ0WYI3/ref=cm_cr_othr_d_rvw_ttl?ie=UTF8&ASIN=B097D69GJ1,Battery backup & sound quality are goodStops randomly while playing song in rear case.,[],2024-11-12,52,Colour: Blue,
3,Low Bass but Clear Sound,R3KZIV2RV1WNPM,https://www.amazon.in/gp/customer-reviews/R3KZIV2RV1WNPM/ref=cm_cr_othr_d_rvw_ttl?ie=UTF8&ASIN=B097D69GJ1,"The media could not be loaded.
                
            
                
            
        
    
    








  
  
     This product comes with low Bass with clear sound.Connectivity is lost automatically if not using the product.In-built mic and FM supported.",[],2025-01-06,53,Colour: Black,
4,Nice,R25IVH74T9RM4B,https://www.amazon.in/gp/customer-reviews/R25IVH74T9RM4B/ref=cm_cr_othr_d_rvw_ttl?ie=UTF8&ASIN=B097D69GJ1,Good product 👍💥🤩,['https://m.media-amazon.com/images/I/71QZjLL4asL._SY88.jpg'],2024-11-19,54,Colour: Black,
5,Nice speakers,RASW2UX01PD7V,https://www.amazon.in/gp/customer-reviews/RASW2UX01PD7V/ref=cm_cr_othr_d_rvw_ttl?ie=UTF8&ASIN=B097D69GJ1,"Nice product, works well and value for money",[],2025-01-30,55,Colour: Blue,
4,sound quality,R371ILFD7K460M,https://www.amazon.in/gp/customer-reviews/R371ILFD7K460M/ref=cm_cr_othr_d_rvw_ttl?ie=UTF8&ASIN=B097D69GJ1,sound quality is good.drum model design is also good,[],2024-11-15,56,Colour: Black,
4,Thanks for this product,R2SWME4LLKX8M0,https://www.amazon.in/gp/customer-reviews/R2SWME4LLKX8M0/ref=cm_cr_othr_d_rvw_ttl?ie=UTF8&ASIN=B097D69GJ1,"Nice and portable speaker. You can have it for daily listening in your room.If you buy two speakers, it has TWS modes by which you can feel immersive sound of music with quality of based of music. Nice to use for listening of music beats and sounds simply by connecting through bluetooth with your phone/laptop. Thanks amazon and portronics for this product",[],2025-01-30,9,Colour: Black,
4,FOR THIS PRICE RAGE VERY GOOD,R3C1DA3NY8NOAB,https://www.amazon.in/gp/customer-reviews/R3C1DA3NY8NOAB/ref=cm_cr_othr_d_rvw_ttl?ie=UTF8&ASIN=B097D69GJ1,Its very good item and sound quality is very nice,[],2025-01-29,10,Colour: Blue,
4,Review,R23SJWD2FX79AJ,https://www.amazon.in/gp/customer-reviews/R23SJWD2FX79AJ/ref=cm_cr_othr_d_rvw_ttl?ie=UTF8&ASIN=B097D69GJ1,Good product in this price segment,[],2025-01-29,11,Colour: Blue,
4,Amazing,RWDTCKBFJESNF,https://www.amazon.in/gp/customer-reviews/RWDTCKBFJESNF/ref=cm_cr_othr_d_rvw_ttl?ie=UTF8&ASIN=B097D69GJ1,"Really fantastic, marvellous, lightening, value for money, sound quality peaks it and the main thing the battery life functions very well",[],2025-01-13,12,Colour: Black,
4,Product quality is good,RKPAUM9KS695W,https://www.amazon.in/gp/customer-reviews/RKPAUM9KS695W/ref=cm_cr_othr_d_rvw_ttl?ie=UTF8&ASIN=B097D69GJ1,"This product quality is very good, Sound quality is clear in this price",[],2025-01-20,13,Colour: Blue,
4,Good product,R3RKH5JGHQAZ8X,https://www.amazon.in/gp/customer-reviews/R3RKH5JGHQAZ8X/ref=cm_cr_othr_d_rvw_ttl?ie=UTF8&ASIN=B097D69GJ1,Good sound output for this budget!,[],2025-01-25,14,Colour: Blue,
4,Good product,R1VGKYGOM8UCB7,https://www.amazon.in/gp/customer-reviews/R1VGKYGOM8UCB7/ref=cm_cr_othr_d_rvw_ttl?ie=UTF8&ASIN=B097D69GJ1,Good product and After sales Support is also commendable,['https://m.media-amazon.com/images/I/61Vez2vy04L._SY88.jpg'],2025-01-16,15,Colour: Blue,
4,No FM feature as mentioned and the voice,R2UZ80UVHH1FQB,https://www.amazon.in/gp/customer-reviews/R2UZ80UVHH1FQB/ref=cm_cr_othr_d_rvw_ttl?ie=UTF8&ASIN=B097D69GJ1,"I dont like the Voice used for the speaker it's very blah , I don't see any FM feature on it as mentioned. Overall product performance is good at this price point. Please put an AI voice atleast instead of this poor accent voice !",[],2025-01-04,16,Colour: Orange,
