ratingScore,reviewTitle,reviewId,reviewUrl,reviewDescription,reviewImages,date,position,variant,totalCategoryRatings
5,It is supercalifragilisticexpialidocious!,R3D01EH1PFV2T7,https://www.amazon.in/gp/customer-reviews/R3D01EH1PFV2T7/ref=cm_cr_othr_d_rvw_ttl?ie=UTF8&ASIN=B094RCC4L1,"It is a wonderfully magnificent speaker. It is better than I assumed and thought. It is perfect as it automatically gets turned off when it is not connected to the phone. As a result, it saves battery. The base of this speaker is enjoyable.It looks cute and attractive. The base is wonderful. It is affordable. It is portable. It is stylish. It is automatic. It is really supercalifragilisticexpialidocious!",[],2024-10-15,1,"Colour: Play (Turquoise), Style Name: PLAY",
4,Good product,R1Z0FQELVCUWVL,https://www.amazon.in/gp/customer-reviews/R1Z0FQELVCUWVL/ref=cm_cr_othr_d_rvw_ttl?ie=UTF8&ASIN=B094RCC4L1,"It is working fine but obs  studio's sound is not working in bluetooth,but has good connectivity,it has a great volume and clarity,Can be used for gaming",['https://m.media-amazon.com/images/I/61hudPMdjlL._SY88.jpg'],2025-01-16,2,"Colour: Play(Black), Style Name: PLAY",
5,Great product,R1Y3MDW9V7HQUB,https://www.amazon.in/gp/customer-reviews/R1Y3MDW9V7HQUB/ref=cm_cr_othr_d_rvw_ttl?ie=UTF8&ASIN=B094RCC4L1,Sound quality is good as well as backup ۔,[],2025-01-14,3,"Colour: Play(Black), Style Name: PLAY",
5,Great Value for Money and Highly Portable,R1S0HZ6A3F40ZT,https://www.amazon.in/gp/customer-reviews/R1S0HZ6A3F40ZT/ref=cm_cr_othr_d_rvw_ttl?ie=UTF8&ASIN=B094RCC4L1,"Really impressed with this small Bluetooth speaker! It offers excellent value for money, and its portability is a major plus. The battery backup is outstanding, allowing for hours of continuous playtime. It’s lightweight and easy to carry around, making it perfect for on-the-go use.The sound quality is more than sufficient for a small room, with surprisingly good bass for its size. I’m really happy with this purchase.The only minor downside is the button design—it’s a bit tricky to distinguish between the volume and power buttons. I hope Mivi can improve this in future models. Despite this small issue, I’m giving it 5 stars because the positives far outweigh it. If this one aspect is improved, these could easily be the best speakers in their category.",[],2024-08-10,4,"Colour: Play(Black), Style Name: PLAY",
3,Good attempt by MIVI!,R1W88RQUEKZ7V5,https://www.amazon.in/gp/customer-reviews/R1W88RQUEKZ7V5/ref=cm_cr_othr_d_rvw_ttl?ie=UTF8&ASIN=B094RCC4L1,"=======================================================================UPDATE - 15th July 2021After using this speaker for few days, I'm downgrading rating to 3. Why?Zoom Bluetooth volume is too low for laptop, AUX sound clarity and volume not good with laptop and phone. I was mostly looking for a handsfree speaker with my laptop and it was a huge disappointment, infact I tried with 2 laptops. My old JBL GO is twice as loud when using Zoom. However with music over bluetooth on phone I like it and it's better than my JBL GO, but I don't need this MIVI for listening to music, I got far better speakers.========================================================================I came to know about this brand 'MIVI' through some online reviews. They claim that from design to manufacturing, it's completely made in India. 'MIVI' might be among the handful of speakers that's made in India. Good job!Coming to the product 'MIVI Play', it's a compact bluetooth speaker. I got it for the inaugural price, it's a good deal. I'm an audiophile and I got expensive WiFi/Bluetooth speakers like Bose Soundtouch 20, Marshall Stanmore and audiophile grade speakers from Elac, Klipsch and Q Acoustics.Let me put down the pro's and con's of this little one.PRO's1. I liked the design. It's simple and cute.2. Build quality is good for the price you pay. Can't expect more at this price.3. I liked the sound signature of this tiny speaker.4. Good bass from this tiny speaker, better than JBL GO.5. It got 4 small rubberized legs, it isolates the vibration. More like isolations stands, great idea.6. Stereo mode with 2 MIVI Plays, I got only one hence cannot say about. However I'll not recommend a stereo pair with this speaker since sound output is low.7. Its cheap! I can get more than 30 of these at the price of my Marshall Stanmore.CON's1. Beyond 80% volume, its noise. Lot of distortion and its sounds awful.2. Micro USB port. In 2021 they should have provided USB C type.3. Sound separation not good, can't expect much at this size and price.4. Tried with Zoom and audio was poor. Surprisingly my laptop build in speaker was louder than this speaker.Overall its a good attempt by MIVI. I didn't like the distortion at higher volumes, probably they wanted to keep the price under check. Can't say about battery backup since I just got it today.Will I recommend it? Yes, at this price you get quality sound but remember not more than 80% volume.",[],2021-06-10,5,"Colour: Play (Turquoise), Style Name: PLAY",
4,Capable enough for the price point.,R18ZWM9RQBI9M0,https://www.amazon.in/gp/customer-reviews/R18ZWM9RQBI9M0/ref=cm_cr_othr_d_rvw_ttl?ie=UTF8&ASIN=B094RCC4L1,"The media could not be loaded.
                
            
                
            
        
    
    








  
  
     1.) The speaker is decently good for the price  point it comes at but do not expect to be  blown away by it. The range of volume is  pretty pathetic tbh. You practically cannot  hear it below 50% volume. It's meant to be  operated at a range of 70/80-100% volume.2.) There's no cracking at higher volumes, even  after long hours of play, which is  commendable. The sound is clear and the  background scores are also distinguishable  from the vocals. The sound clarity might not  be comparable to the likes of Bose or Sony,  but until or unless you've experience with  expensive speakers, you won't be able to  notice the difference.3.) The battery life is respectable and the build  quality is sturdy. No shaky finishes and  product though cheap, doesn't feel like one.Overall it's the best deal available if you're looking for a sub 1000 rupees speaker. There are avenues for some improvement, but kind of makes you feel ashamed to even complain at this price point..",[],2024-06-24,6,"Colour: Play (Green), Style Name: PLAY",
5,Product is outstanding,RZRVR79IU6BC8,https://www.amazon.in/gp/customer-reviews/RZRVR79IU6BC8/ref=cm_cr_othr_d_rvw_ttl?ie=UTF8&ASIN=B094RCC4L1,I brought mivi play bt speaker this sounds really great or in other words I say that outstanding performence volume bass vocal clarity and instrument seperation are really great as concidring it's price this is a masterpieceMust buy product,[],2025-01-16,7,"Colour: Play (White), Style Name: PLAY",
4,Worth for money,RF4KR5E33D04A,https://www.amazon.in/gp/customer-reviews/RF4KR5E33D04A/ref=cm_cr_othr_d_rvw_ttl?ie=UTF8&ASIN=B094RCC4L1,Good quality sound based on the value of speaker price.Price = quality. Good,[],2024-12-06,8,"Colour: Play (Turquoise), Style Name: PLAY",
3,Good,R2SGJ23D5A46Q4,https://www.amazon.in/gp/customer-reviews/R2SGJ23D5A46Q4/ref=cm_cr_othr_d_rvw_ttl?ie=UTF8&ASIN=B094RCC4L1,Good,[],2024-11-02,73,"Colour: Play (Blue), Style Name: PLAY",
5,Good sound quality,R220K6ET35W8ND,https://www.amazon.in/gp/customer-reviews/R220K6ET35W8ND/ref=cm_cr_othr_d_rvw_ttl?ie=UTF8&ASIN=B094RCC4L1,Best speaker under 699,[],2024-12-10,74,"Colour: Play(Black), Style Name: PLAY",
4,Good sound quality,RR9HI6GEHSCQ8,https://www.amazon.in/gp/customer-reviews/RR9HI6GEHSCQ8/ref=cm_cr_othr_d_rvw_ttl?ie=UTF8&ASIN=B094RCC4L1,Sound quality is too good but the loudness is not upto the mark,[],2024-08-29,75,"Colour: Play(Black), Style Name: PLAY",
4,Good sound quality,RMW4KNRS0T9B2,https://www.amazon.in/gp/customer-reviews/RMW4KNRS0T9B2/ref=cm_cr_othr_d_rvw_ttl?ie=UTF8&ASIN=B094RCC4L1,"It's been 4 month, didn't get any issue. Sound quality is good. Battery back up is decent. Overall it's all good",[],2024-08-23,76,"Colour: Play (Green), Style Name: PLAY",
4,Good,R3SQXK232O84PT,https://www.amazon.in/gp/customer-reviews/R3SQXK232O84PT/ref=cm_cr_othr_d_rvw_ttl?ie=UTF8&ASIN=B094RCC4L1,Good,[],2024-09-08,77,"Colour: Play(Black), Style Name: PLAY",
5,Value for money,R3N8I68FCP2KJF,https://www.amazon.in/gp/customer-reviews/R3N8I68FCP2KJF/ref=cm_cr_othr_d_rvw_ttl?ie=UTF8&ASIN=B094RCC4L1,I really like this product And I continuously use in one and half year this product.. 💯good sound quality💯 and we can use in long time,['https://m.media-amazon.com/images/I/61Im87hraQL._SY88.jpg'],2024-11-15,78,"Colour: Play (Turquoise), Style Name: PLAY",
4,Speakers,R595V6W4XJ6M5,https://www.amazon.in/gp/customer-reviews/R595V6W4XJ6M5/ref=cm_cr_othr_d_rvw_ttl?ie=UTF8&ASIN=B094RCC4L1,Only for room not for hall ... N corner m rakhne se sound loud hota h,[],2024-08-17,79,"Colour: Play(Black), Style Name: PLAY",
4,Good one,R3H2DZI4GBISIE,https://www.amazon.in/gp/customer-reviews/R3H2DZI4GBISIE/ref=cm_cr_othr_d_rvw_ttl?ie=UTF8&ASIN=B094RCC4L1,Good one 👍,[],2024-08-31,80,"Colour: Play (Green), Style Name: PLAY",
4,Mi vi speaker,R2O9F661KDZMCE,https://www.amazon.in/gp/customer-reviews/R2O9F661KDZMCE/ref=cm_cr_othr_d_rvw_ttl?ie=UTF8&ASIN=B094RCC4L1,Good speaker at this price range,[],2024-10-05,57,"Colour: Play (Turquoise), Style Name: PLAY",
5,Brilliant and crystal clear sound 🔥 Great Speaker under 700,R3ABI0ZURHPRVG,https://www.amazon.in/gp/customer-reviews/R3ABI0ZURHPRVG/ref=cm_cr_othr_d_rvw_ttl?ie=UTF8&ASIN=B094RCC4L1,"The media could not be loaded.
                
            
                
            
            
        
    
    








  
  
     Made in hyderabad 🔥Worthy productSound is crystal clear even in high volumes.Brilliant performanceMicro usb port ChargingWeight is decent and CompactAux cable provided",[],2024-12-19,58,"Colour: Play (White), Style Name: PLAY",
4,Buy for batter sound quality not for loudness,R2PEUJDBGRRDE2,https://www.amazon.in/gp/customer-reviews/R2PEUJDBGRRDE2/ref=cm_cr_othr_d_rvw_ttl?ie=UTF8&ASIN=B094RCC4L1,Everything is good apart loudness. Looks very premium. Best battery life in this price. Must buy for sound quality.,[],2024-09-19,59,"Colour: Play(Black), Style Name: PLAY",
3,Good,R1REWZWLARRC45,https://www.amazon.in/gp/customer-reviews/R1REWZWLARRC45/ref=cm_cr_othr_d_rvw_ttl?ie=UTF8&ASIN=B094RCC4L1,Sound quality,[],2024-11-14,60,"Colour: Play (Green), Style Name: PLAY",
4,Connected when already disconnected,R3HVAY7P1YX3XA,https://www.amazon.in/gp/customer-reviews/R3HVAY7P1YX3XA/ref=cm_cr_othr_d_rvw_ttl?ie=UTF8&ASIN=B094RCC4L1,"Volume, looks, buttons all are absolutely worth the price.But when I've disconnected it-turned it off, my device still shows Connected.Why? It is so irritating and worrisome.Picture-2 you see I am currently using my earbuds only, but the settings say that 2 devices are connectedd. WHYYY","['https://m.media-amazon.com/images/I/412F5SuAhiL._SY88.jpg', 'https://m.media-amazon.com/images/I/41NQeoTDT2L._SY88.jpg']",2024-08-17,61,"Colour: Play (White), Style Name: PLAY",
3,Mivi play Bluetooth speaker,R2X1IH4U4WWGCV,https://www.amazon.in/gp/customer-reviews/R2X1IH4U4WWGCV/ref=cm_cr_othr_d_rvw_ttl?ie=UTF8&ASIN=B094RCC4L1,Sound quality,[],2024-11-10,62,"Colour: Play(Black), Style Name: PLAY",
3,Just an average product,R1ZZZMXT07VCNX,https://www.amazon.in/gp/customer-reviews/R1ZZZMXT07VCNX/ref=cm_cr_othr_d_rvw_ttl?ie=UTF8&ASIN=B094RCC4L1,Average product,[],2024-11-15,63,"Colour: Play(Orange), Style Name: PLAY",
3,Good Bluetooth Connectivity,R4580APH00ZGG,https://www.amazon.in/gp/customer-reviews/R4580APH00ZGG/ref=cm_cr_othr_d_rvw_ttl?ie=UTF8&ASIN=B094RCC4L1,"Good size and very easy to use. Speaker are too cheep and don't have solid sound but like coming out of tin. The build quality could have been better with no space between the plastic joint with hole matching etc. I had a good Bluetooth Connectivity. Charges rether fast.It's worth under Rs.500, so overpriced. Sound is not as claimed. If you raise the volume it's starts to jarr sound starts to jarr.",[],2024-10-10,64,"Colour: Play(Black), Style Name: PLAY",
4,Good,R3NUWUOT4H0SLY,https://www.amazon.in/gp/customer-reviews/R3NUWUOT4H0SLY/ref=cm_cr_othr_d_rvw_ttl?ie=UTF8&ASIN=B094RCC4L1,Good,[],2024-09-27,65,"Colour: Play (Blue), Style Name: PLAY",
5,Excellent 👍🏻,R2I1G8SFL9FT3,https://www.amazon.in/gp/customer-reviews/R2I1G8SFL9FT3/ref=cm_cr_othr_d_rvw_ttl?ie=UTF8&ASIN=B094RCC4L1,,"['https://m.media-amazon.com/images/I/612SF7jH-CL._SY88.jpg', 'https://m.media-amazon.com/images/I/61kAI+ljOhL._SY88.jpg']",2024-12-15,66,"Colour: Play(Black), Style Name: PLAY",
4,Average product,R1GXRJ596ZGHDB,https://www.amazon.in/gp/customer-reviews/R1GXRJ596ZGHDB/ref=cm_cr_othr_d_rvw_ttl?ie=UTF8&ASIN=B094RCC4L1,Not recommended,[],2024-09-23,67,"Colour: Play (Blue), Style Name: PLAY",
5,Small in in size…loud in volume.,R10JM2XB0VQYD5,https://www.amazon.in/gp/customer-reviews/R10JM2XB0VQYD5/ref=cm_cr_othr_d_rvw_ttl?ie=UTF8&ASIN=B094RCC4L1,"Very good product….the Bluetooth connectivity is hassle free and smooth… Sound quality is clear and bang on…You can enjoy your favourite music, workout sessions with ease.",[],2024-11-25,68,"Colour: Play (Turquoise), Style Name: PLAY",
5,Best product,RWXPMN44XV3OT,https://www.amazon.in/gp/customer-reviews/RWXPMN44XV3OT/ref=cm_cr_othr_d_rvw_ttl?ie=UTF8&ASIN=B094RCC4L1,Sound and battery backup is best,[],2024-12-11,69,"Colour: Play (Green), Style Name: PLAY",
3,Good product,R28CFG8VN78FS3,https://www.amazon.in/gp/customer-reviews/R28CFG8VN78FS3/ref=cm_cr_othr_d_rvw_ttl?ie=UTF8&ASIN=B094RCC4L1,I liked the speakers. But it's costly than what it sells.,[],2024-11-02,70,"Colour: Play(Black), Style Name: PLAY",
4,Bluetooth speaker,R47DEKWT97TZ4,https://www.amazon.in/gp/customer-reviews/R47DEKWT97TZ4/ref=cm_cr_othr_d_rvw_ttl?ie=UTF8&ASIN=B094RCC4L1,Everything is good except Black colour.,[],2024-09-18,71,"Colour: Play(Black), Style Name: PLAY",
5,Satisfied,R11ZBPLHFSABZS,https://www.amazon.in/gp/customer-reviews/R11ZBPLHFSABZS/ref=cm_cr_othr_d_rvw_ttl?ie=UTF8&ASIN=B094RCC4L1,Acha hai sound quality is very clear sufficient for a room,['https://m.media-amazon.com/images/I/612-5YmOPxL._SY88.jpg'],2024-12-06,72,"Colour: Play(Black), Style Name: PLAY",
4,Good sound at a modest price,REKCDE5GN5IBW,https://www.amazon.in/gp/customer-reviews/REKCDE5GN5IBW/ref=cm_cr_othr_d_rvw_ttl?ie=UTF8&ASIN=B094RCC4L1,"The media could not be loaded.
                
            
                
            
            
        
    
    








  
  
     Don't let the price fool you. This is a decent speaker. I would rate the sound quality as 4/5. This speaker is good enough to listen to music. Mids and lows are okay. Loudness is good, unlikely you would be playing this at full volume. Distortion is minimal at max volume. This speaker isn't meant for an audiophile. If I had to compare it to my Panasonic music system (5.1 speakers) or Anker soundcore mini, those would score a notch above in terms of sound quality, but those cost 5 times more. So sound quality and affordability together, this speaker is unbeatable. Would I buy this again - 50% likely.",[],2024-11-21,17,"Colour: Play (Turquoise), Style Name: PLAY",
4,Nice,R3CME8LF1NGEEY,https://www.amazon.in/gp/customer-reviews/R3CME8LF1NGEEY/ref=cm_cr_othr_d_rvw_ttl?ie=UTF8&ASIN=B094RCC4L1,Good product in this price,[],2024-12-20,18,"Colour: Play (Blue), Style Name: PLAY",
4,Good,ROKOV342NX6N5,https://www.amazon.in/gp/customer-reviews/ROKOV342NX6N5/ref=cm_cr_othr_d_rvw_ttl?ie=UTF8&ASIN=B094RCC4L1,I gave 4 star rating instead 5 just because of a small drawback that is charging cable length. Which is very short.Apart from it is value of money.,[],2024-11-30,19,"Colour: Play(Black), Style Name: PLAY",
4,It's output and loudness is quite nice at this price bracket,R2857C7RKNH2WO,https://www.amazon.in/gp/customer-reviews/R2857C7RKNH2WO/ref=cm_cr_othr_d_rvw_ttl?ie=UTF8&ASIN=B094RCC4L1,The loudness is enough and no distortion upon 90% volume,['https://m.media-amazon.com/images/I/71Xni3O-ktL._SY88.jpg'],2024-12-09,20,"Colour: Play (Turquoise), Style Name: PLAY",
4,Good,R16O0BRZ2WP7AP,https://www.amazon.in/gp/customer-reviews/R16O0BRZ2WP7AP/ref=cm_cr_othr_d_rvw_ttl?ie=UTF8&ASIN=B094RCC4L1,Good one,[],2024-12-07,21,"Colour: Play(Black), Style Name: PLAY",
4,Amazing sound,R2G4Q0ATEUOMMB,https://www.amazon.in/gp/customer-reviews/R2G4Q0ATEUOMMB/ref=cm_cr_othr_d_rvw_ttl?ie=UTF8&ASIN=B094RCC4L1,"Easy bluetooth connectivity, charging is good, easily control volume",[],2024-11-30,22,"Colour: Play(Black), Style Name: PLAY",
4,After package opened the below details Noted,R2QCXTH6GXM52K,https://www.amazon.in/gp/customer-reviews/R2QCXTH6GXM52K/ref=cm_cr_othr_d_rvw_ttl?ie=UTF8&ASIN=B094RCC4L1,1. I bought the speaker Green colour2. Sound was quite Good3. The build quality is not Rugged but it's very decent Build quality.4. This will use for our desk or In our Single bedroom while watching YouTube or OTT in the tab or mobile those get's benefits.,"['https://m.media-amazon.com/images/I/61Qd9Pj4BnL._SY88.jpg', 'https://m.media-amazon.com/images/I/61xpmX+T+4L._SY88.jpg', 'https://m.media-amazon.com/images/I/61yGdI357VL._SY88.jpg']",2024-11-11,23,"Colour: Play (Green), Style Name: PLAY",
3,Good,RSW1LEG1BAC92,https://www.amazon.in/gp/customer-reviews/RSW1LEG1BAC92/ref=cm_cr_othr_d_rvw_ttl?ie=UTF8&ASIN=B094RCC4L1,"Package is not sealed, it's openedis it used product?",[],2025-01-20,24,"Colour: Play (Blue), Style Name: PLAY",
5,Good music 🎵 🎶,R1LKXYKEVLD13D,https://www.amazon.in/gp/customer-reviews/R1LKXYKEVLD13D/ref=cm_cr_othr_d_rvw_ttl?ie=UTF8&ASIN=B094RCC4L1,The media could not be loaded.,[],2025-01-26,49,"Colour: Play (Green), Style Name: PLAY",
4,Good sound quality,RP3FR8QCB1A60,https://www.amazon.in/gp/customer-reviews/RP3FR8QCB1A60/ref=cm_cr_othr_d_rvw_ttl?ie=UTF8&ASIN=B094RCC4L1,Value for money product. Sound quality is good vocals are clear bass ok-ok types.,[],2024-10-04,50,"Colour: Play(Black), Style Name: PLAY",
4,NICE,R22ZRHVZV53GHC,https://www.amazon.in/gp/customer-reviews/R22ZRHVZV53GHC/ref=cm_cr_othr_d_rvw_ttl?ie=UTF8&ASIN=B094RCC4L1,SIZE KE HISAB SE VOLUME BAHUT ACHHA HAI,[],2024-10-17,51,"Colour: Play(Black), Style Name: PLAY",
5,Sound Quality and also affordable price,R3RG11IILLU03T,https://www.amazon.in/gp/customer-reviews/R3RG11IILLU03T/ref=cm_cr_othr_d_rvw_ttl?ie=UTF8&ASIN=B094RCC4L1,I'm satisfied with MIVI Speaker...Nice Sound Quality,"['https://m.media-amazon.com/images/I/71Y6BzydkLL._SY88.jpg', 'https://m.media-amazon.com/images/I/71gGznoqn6L._SY88.jpg']",2024-12-31,52,"Colour: Play (Green), Style Name: PLAY",
4,Mivi,R382BMYQW08ZZ6,https://www.amazon.in/gp/customer-reviews/R382BMYQW08ZZ6/ref=cm_cr_othr_d_rvw_ttl?ie=UTF8&ASIN=B094RCC4L1,Good,[],2024-10-10,53,"Colour: Play(Black), Style Name: PLAY",
4,Mivi,RD46SKLNOFDF7,https://www.amazon.in/gp/customer-reviews/RD46SKLNOFDF7/ref=cm_cr_othr_d_rvw_ttl?ie=UTF8&ASIN=B094RCC4L1,Good,[],2024-10-18,54,"Colour: Play (Blue), Style Name: PLAY",
5,Nice,R1J37NCT8GRD65,https://www.amazon.in/gp/customer-reviews/R1J37NCT8GRD65/ref=cm_cr_othr_d_rvw_ttl?ie=UTF8&ASIN=B094RCC4L1,It's helpful for laptops and cell phones,[],2024-12-24,55,"Colour: Play(Black), Style Name: PLAY",
5,Best sound quality for this price,R1FOTZQ0L75O01,https://www.amazon.in/gp/customer-reviews/R1FOTZQ0L75O01/ref=cm_cr_othr_d_rvw_ttl?ie=UTF8&ASIN=B094RCC4L1,The media could not be loaded.,[],2025-01-12,56,"Colour: Play(Black), Style Name: PLAY",
5,Good quality,R3J8MVP6KB9Q1C,https://www.amazon.in/gp/customer-reviews/R3J8MVP6KB9Q1C/ref=cm_cr_othr_d_rvw_ttl?ie=UTF8&ASIN=B094RCC4L1,Excellent speaker from MiVi. Thanks to MiVi,[],2025-01-22,33,"Colour: Play(Orange), Style Name: PLAY",
4,Good,R1ISRD1E3AA4MZ,https://www.amazon.in/gp/customer-reviews/R1ISRD1E3AA4MZ/ref=cm_cr_othr_d_rvw_ttl?ie=UTF8&ASIN=B094RCC4L1,Good,[],2024-11-07,34,"Colour: Play (White), Style Name: PLAY",
5,"Good sound quality, recommend to buy",R3EJJKXO3GX213,https://www.amazon.in/gp/customer-reviews/R3EJJKXO3GX213/ref=cm_cr_othr_d_rvw_ttl?ie=UTF8&ASIN=B094RCC4L1,"The media could not be loaded.
                
            
                
            
            
        
    
    








  
  
     Nice sound quality at 700/-. I recommend to buy for song listening, course learning. Easy to carry",[],2025-01-22,35,"Colour: Play(Black), Style Name: PLAY",
4,Amazing,R2EDTJCQKJLOHH,https://www.amazon.in/gp/customer-reviews/R2EDTJCQKJLOHH/ref=cm_cr_othr_d_rvw_ttl?ie=UTF8&ASIN=B094RCC4L1,Good,[],2024-11-11,36,"Colour: Play(Black), Style Name: PLAY",
5,Good,RW798JYC2M2ST,https://www.amazon.in/gp/customer-reviews/RW798JYC2M2ST/ref=cm_cr_othr_d_rvw_ttl?ie=UTF8&ASIN=B094RCC4L1,Bass atcha hay,[],2025-01-15,37,"Colour: Play(Black), Style Name: PLAY",
4,Nice,R3DM3YXXYDVV5D,https://www.amazon.in/gp/customer-reviews/R3DM3YXXYDVV5D/ref=cm_cr_othr_d_rvw_ttl?ie=UTF8&ASIN=B094RCC4L1,Wow,[],2024-11-03,38,"Colour: Play(Black), Style Name: PLAY",
5,"No issues with the item, value for money",R3FYQRW0B7KBF4,https://www.amazon.in/gp/customer-reviews/R3FYQRW0B7KBF4/ref=cm_cr_othr_d_rvw_ttl?ie=UTF8&ASIN=B094RCC4L1,"No issues with the item, value for money. Despite it being a 5W single, it provides loud volume output and good bass. Sound quality is also good.",[],2024-12-31,39,"Colour: Play(Black), Style Name: PLAY",
5,Sasta Bhi Accha Bhi....,R35G6T29XPTKC8,https://www.amazon.in/gp/customer-reviews/R35G6T29XPTKC8/ref=cm_cr_othr_d_rvw_ttl?ie=UTF8&ASIN=B094RCC4L1,"Cost Effective, Quality Product.....",[],2025-01-09,40,"Colour: Play(Black), Style Name: PLAY",
5,Audio experience,R28MNCR3PIMS1U,https://www.amazon.in/gp/customer-reviews/R28MNCR3PIMS1U/ref=cm_cr_othr_d_rvw_ttl?ie=UTF8&ASIN=B094RCC4L1,"Audio experience is excellent, battery life so good, Recommend to travellers as it is very easy to carry.",[],2024-12-29,41,"Colour: Play(Black), Style Name: PLAY",
4,Sound Quality nice,R15MFC7X8Y9YWC,https://www.amazon.in/gp/customer-reviews/R15MFC7X8Y9YWC/ref=cm_cr_othr_d_rvw_ttl?ie=UTF8&ASIN=B094RCC4L1,Chhota pack Bada  Dhamaka,[],2024-10-24,42,"Colour: Play (White), Style Name: PLAY",
4,Little beast,R3QQTE2LTWXZ6R,https://www.amazon.in/gp/customer-reviews/R3QQTE2LTWXZ6R/ref=cm_cr_othr_d_rvw_ttl?ie=UTF8&ASIN=B094RCC4L1,It's smaller in size than expected but produces surprisingly good sound. Also it connects quickly and the loudness is enough to cover a decent sized hall. Good buy at a reasonable price. Would easily give 4-5 hrs on 80-85% volume.,[],2024-09-29,43,"Colour: Play(Black), Style Name: PLAY",
4,Price worthy,R16SD9QD5YPTFA,https://www.amazon.in/gp/customer-reviews/R16SD9QD5YPTFA/ref=cm_cr_othr_d_rvw_ttl?ie=UTF8&ASIN=B094RCC4L1,"Beautiful design, looks decent. Quality product for those who prefer music over noise. I like it!",[],2024-10-12,44,"Colour: Play(Black), Style Name: PLAY",
4,good 👍😊,R2A3GEYSYG9APZ,https://www.amazon.in/gp/customer-reviews/R2A3GEYSYG9APZ/ref=cm_cr_othr_d_rvw_ttl?ie=UTF8&ASIN=B094RCC4L1,good sound small package big bang,[],2024-10-19,45,"Colour: Play (White), Style Name: PLAY",
5,Good,R13C7T9ITUFAI5,https://www.amazon.in/gp/customer-reviews/R13C7T9ITUFAI5/ref=cm_cr_othr_d_rvw_ttl?ie=UTF8&ASIN=B094RCC4L1,Good product,[],2025-01-06,46,"Colour: Play (Blue), Style Name: PLAY",
4,Sound,RAVLS7AG6SIMJ,https://www.amazon.in/gp/customer-reviews/RAVLS7AG6SIMJ/ref=cm_cr_othr_d_rvw_ttl?ie=UTF8&ASIN=B094RCC4L1,Product is very good,[],2024-10-15,47,"Colour: Play(Black), Style Name: PLAY",
4,Good Sound Quality for the Price,R6FKNB5KERTKN,https://www.amazon.in/gp/customer-reviews/R6FKNB5KERTKN/ref=cm_cr_othr_d_rvw_ttl?ie=UTF8&ASIN=B094RCC4L1,"The sound quality is impressive given the size and price of the product. It has good battery life and charges quickly. However, it lacks bass and can distort at higher volumes. Overall, it's a good product for the price.",[],2024-09-23,48,"Colour: Play(Black), Style Name: PLAY",
4,Good at this price range,R31H5BRIM6EBHD,https://www.amazon.in/gp/customer-reviews/R31H5BRIM6EBHD/ref=cm_cr_othr_d_rvw_ttl?ie=UTF8&ASIN=B094RCC4L1,Good at this price range. Don't expect much at this rate. It is just okay.,[],2025-01-22,9,"Colour: Play (White), Style Name: PLAY",
4,Stone,R18XNIKECHP7V3,https://www.amazon.in/gp/customer-reviews/R18XNIKECHP7V3/ref=cm_cr_othr_d_rvw_ttl?ie=UTF8&ASIN=B094RCC4L1,Strong bild,[],2025-01-21,10,"Colour: Play (Blue), Style Name: PLAY",
4,Aux is not working,R2V901SMAXJJ85,https://www.amazon.in/gp/customer-reviews/R2V901SMAXJJ85/ref=cm_cr_othr_d_rvw_ttl?ie=UTF8&ASIN=B094RCC4L1,I like the bass of the speaker.. and it's battery life is also good .. but the aux doesn't work properly,['https://m.media-amazon.com/images/I/614y7JHSeVL._SY88.jpg'],2025-01-03,11,"Colour: Play(Black), Style Name: PLAY",
4,Sound quality,R1VT985MB26R1H,https://www.amazon.in/gp/customer-reviews/R1VT985MB26R1H/ref=cm_cr_othr_d_rvw_ttl?ie=UTF8&ASIN=B094RCC4L1,Sound quality is good,[],2025-01-15,12,"Colour: Play(Black), Style Name: PLAY",
4,Good quality,R1MEU450LZW09D,https://www.amazon.in/gp/customer-reviews/R1MEU450LZW09D/ref=cm_cr_othr_d_rvw_ttl?ie=UTF8&ASIN=B094RCC4L1,Nice product,[],2025-01-07,13,"Colour: Play(Black), Style Name: PLAY",
4,Nice Product,R22TVGLU1UXT4K,https://www.amazon.in/gp/customer-reviews/R22TVGLU1UXT4K/ref=cm_cr_othr_d_rvw_ttl?ie=UTF8&ASIN=B094RCC4L1,"The media could not be loaded.
                
            
                
            
            
        
    
    








  
  
     Nice Speaker",[],2025-01-22,14,"Colour: Play(Black), Style Name: PLAY",
4,It is very good product,R1XF3E07RMDAP,https://www.amazon.in/gp/customer-reviews/R1XF3E07RMDAP/ref=cm_cr_othr_d_rvw_ttl?ie=UTF8&ASIN=B094RCC4L1,"The media could not be loaded.
                
            
                
            
            
        
    
    








  
  
     this is better than boat in this range",['https://m.media-amazon.com/images/I/71BeZ6h8ZNL._SY88.jpg'],2025-01-09,15,"Colour: Play (Turquoise), Style Name: PLAY",
4,"It doesn’t come with a USB-C, and the included charging cable is super short.",R24ONK3O6QWZWE,https://www.amazon.in/gp/customer-reviews/R24ONK3O6QWZWE/ref=cm_cr_othr_d_rvw_ttl?ie=UTF8&ASIN=B094RCC4L1,"Product Review: Mivi Play Bluetooth Speaker with 12 Hours Playtime.Sound Quality: The sound quality is genuinely impressive! The bass hits nicely, and the audio is clear and balanced. It’s perfect for music, podcasts, and even movie nights.Battery Life: Battery performance is decent, lasting a good amount of time for a portable speaker.Charging Issue: Only drawback is the outdated charging port. It doesn’t come with a USB-C, and the included charging cable is super short, which makes it tough to charge comfortably unless you’re right next to an outlet.Overall: Great speaker for the price! If they updated to USB-C and included a longer charging cable, this would be nearly perfect.",[],2024-10-29,16,"Colour: Play (Blue), Style Name: PLAY",
4,Charging port,R5Y7WOM4D18P7,https://www.amazon.in/gp/customer-reviews/R5Y7WOM4D18P7/ref=cm_cr_othr_d_rvw_ttl?ie=UTF8&ASIN=B094RCC4L1,Would be great product If it had type C port,[],2024-11-20,25,"Colour: Play(Black), Style Name: PLAY",
4,Good product 👍,R3F9TCGU44ORVR,https://www.amazon.in/gp/customer-reviews/R3F9TCGU44ORVR/ref=cm_cr_othr_d_rvw_ttl?ie=UTF8&ASIN=B094RCC4L1,"Product is very nice👍Sound is good for indoor and you can connect Bluetooth and aux cable both.Accessories mannual book, aux cable and charging cable. Fully satisfied 😁",[],2024-11-11,26,"Colour: Play (White), Style Name: PLAY",
4,Good,ROCXXRU2LNC2K,https://www.amazon.in/gp/customer-reviews/ROCXXRU2LNC2K/ref=cm_cr_othr_d_rvw_ttl?ie=UTF8&ASIN=B094RCC4L1,Good,[],2024-11-25,27,"Colour: Play(Orange), Style Name: PLAY",
4,Overall happy with the product.,R30N0SEBZSWJJL,https://www.amazon.in/gp/customer-reviews/R30N0SEBZSWJJL/ref=cm_cr_othr_d_rvw_ttl?ie=UTF8&ASIN=B094RCC4L1,"Sound quality is good for the small size speaker. Bass is nice, and battery backup is also well, but sometimes it show a little bit problem to connect via Bluetooth, no type-C charging port, only micro charging product and 3.5 mm jack port was given. otherwise it is well and easy to use properly. I think the price could be around Rs. 500-550, it's price Rs. 699 is extra.",[],2024-10-17,28,"Colour: Play(Black), Style Name: PLAY",
4,Super,R1B71OZZMWL3P7,https://www.amazon.in/gp/customer-reviews/R1B71OZZMWL3P7/ref=cm_cr_othr_d_rvw_ttl?ie=UTF8&ASIN=B094RCC4L1,Super,[],2024-11-16,29,"Colour: Play(Black), Style Name: PLAY",
4,Good,RNB68P30Y9TRR,https://www.amazon.in/gp/customer-reviews/RNB68P30Y9TRR/ref=cm_cr_othr_d_rvw_ttl?ie=UTF8&ASIN=B094RCC4L1,Good product,[],2024-11-15,30,"Colour: Play (Blue), Style Name: PLAY",
4,Good one,RX0DE8MGTLOCC,https://www.amazon.in/gp/customer-reviews/RX0DE8MGTLOCC/ref=cm_cr_othr_d_rvw_ttl?ie=UTF8&ASIN=B094RCC4L1,It's better than boat,[],2024-11-15,31,"Colour: Play(Black), Style Name: PLAY",
4,"Ink lagi huyi hai,",R2TJ6NRHLH9HO,https://www.amazon.in/gp/customer-reviews/R2TJ6NRHLH9HO/ref=cm_cr_othr_d_rvw_ttl?ie=UTF8&ASIN=B094RCC4L1,"Product achhi lagi maine study ke liye kharidi hu,but iske charging port par ink lagi huyi hai ,maine sirf 24 hrs hi use kiye hai i hope aage koi problem na ho.otherwise thankyou so much 👍🥰 HAPPY DIWALI TO ALL AMAZON AND TEAM",['https://m.media-amazon.com/images/I/613LAlrAxBL._SY88.jpg'],2024-10-23,32,"Colour: Play(Black), Style Name: PLAY",
