ratingScore,reviewTitle,reviewId,reviewUrl,reviewDescription,reviewImages,date,position,variant,totalCategoryRatings
5,Unleashing the Power of Portable Sound – Zeb-Pixie Speaker,RQ2LYOF8304CM,https://www.amazon.in/gp/customer-reviews/RQ2LYOF8304CM/ref=cm_cr_othr_d_rvw_ttl?ie=UTF8&ASIN=B0CXTK7845,"I recently had the pleasure of experiencing the Zeb-Pixie Wireless Speaker from Zebronics, and I must say, it has completely exceeded my expectations! The sleek black finish not only adds an elegant touch to my desk but also fits seamlessly into any decor, whether at home or as I move about. Its lightweight design, coupled with a handy carry loop, makes it a breeze to take everywhere.What truly sets this speaker apart is the incredible sound quality it delivers. Despite its compact size, the 5W RMS output fills any room with clear, resonant sound that's rich in quality and free from distortion. Coupled with the latest Bluetooth v5.3 technology, it ensures a stable, seamless connection that consistently enriches my audio experiences, whether I'm listening to music, podcasts, or taking calls.The True Wireless Stereo (TWS) functionality is a game changer, allowing me to pair two Zeb-Pixie speakers for an immersive stereo sound that's perfect for enhancing the ambiance at gatherings or for a richer personal listening session. The battery life is impressive as well, with up to 7 hours of playback time, minimizing the need for frequent recharges and keeping the tunes flowing all day or night.The speaker's versatility extends with features like mSD card support for up to 32GB, intuitive media and volume controls, and a practical call function. These features make it not just a speaker, but a multifunctional tool for everyday use. Whether I'm streaming my favorite playlists or catching up on audiobooks, the MP3 format support ensures I have all my audio needs covered.In conclusion, the Zeb-Pixie Wireless Speaker in black is a standout product that combines great sound, portability, and thoughtful features at an incredibly affordable price. For anyone in search of a reliable, high-quality portable speaker that won’t break the bank, this is definitely a fantastic choice. Highly recommended!",[],2024-05-07,1,Style Name: Zeb Pixie - Black,
4,"Good product for those who emphasis on ""Branded products""",R2NDQJWBQFG9MG,https://www.amazon.in/gp/customer-reviews/R2NDQJWBQFG9MG/ref=cm_cr_othr_d_rvw_ttl?ie=UTF8&ASIN=B0CXTK7845,"The media could not be loaded.
                
            
                
            
            
        
    
    








  
  
     I am writing this review after using two kind of Karaoke Mic.If you having fond of singing, then you must have one handy karaoke BT mic.There are several types of BT karaoke mic available in the market like WS 858 type, Q7 type, Q9 type, VRJTEC design 2 etc. Mostly all are available as imported from China.I was owning Kay-joy mic which is equally similar as VRJTEC design 2, and then ordered this Zebrinics zeb fun for gifting purpose.I am writing this review comparing Zebronics Zeb fun with my Kay-Joy BT mic. (Also watch video).We can use it for karaoke singing as well as BT Speaker for entertainment.Pros:Build quality of Zeb fun is very nice, easy to handle and sing.Silicone body cover grip is given to reduce perspirations during hand held use.The speaker size looks smaller, but is louder and having more crispy clear sound than Kay-joy design mic.Speaker sound output is really better in sense of sound quality and sound depth.Good sound levels for usage up to 15X10 size rooms in calm environment.Warranty of 1 year.Cons:You are not getting FM radio and voice change feature like other BT mics.Using as karaoke singing, the microphone needs to keep very close (we can say touch to lower lips) for good result, otherwise it doesn't catch voice.Sliding switches are seems loose slides and feels like they will malfunction in future after long time usage.Product manual is not enough informative for first time users.Price is quite high.If you are buying this for small kids, who tends to accidental drop and mishandling mic like other toys, then should go for other low price variants. And those who believes in Warranties and branded items, they should buy this. Unless other type mics are easily available at lower rates than 1k price and they also serves same or more features in my opinion.",[],2021-01-28,2,Style Name: Zeb Fun - Blue,
1,Negative remarks,RVOWNNOT9AUUN,https://www.amazon.in/gp/customer-reviews/RVOWNNOT9AUUN/ref=cm_cr_othr_d_rvw_ttl?ie=UTF8&ASIN=B0CXTK7845,"Product is not getting charged, and making continues sound till it discharged, not in use now. Please do not buy cheep product like this .Amazon asking for rate , i am not willing to give a single star , but cant proceed without.",['https://m.media-amazon.com/images/I/61U219Vo2LL._SY88.jpg'],2025-01-02,3,Style Name: Zeb Pixie - Black,
5,The sound quality and the look,R29ZDMZ8JCNM2T,https://www.amazon.in/gp/customer-reviews/R29ZDMZ8JCNM2T/ref=cm_cr_othr_d_rvw_ttl?ie=UTF8&ASIN=B0CXTK7845,The sound quality and the lookIt's really nice product.Thanks to all Team members 🙏,[],2024-12-13,4,Style Name: Zeb Pixie - Dark Blue,
3,Value for Money,R2EXUNKSNMBMN3,https://www.amazon.in/gp/customer-reviews/R2EXUNKSNMBMN3/ref=cm_cr_othr_d_rvw_ttl?ie=UTF8&ASIN=B0CXTK7845,Speaker sound is sufficient but mic is poor quality,[],2024-11-24,5,Style Name: Zeb Pixie - Black,
5,Great product,R1DX2S86QYK204,https://www.amazon.in/gp/customer-reviews/R1DX2S86QYK204/ref=cm_cr_othr_d_rvw_ttl?ie=UTF8&ASIN=B0CXTK7845,"Superb product. Have been trying cheap chinese products which do not last long and are mostly of poor quality.This is costlier but built is very sturdy. Feels good to hold it and speak or sing. Grip is good. Design is good though the speaker at bottom appears to be the mouthpiece as one would find in normal mikes.Sound quality with echo is quite rich and volume is decent.Bluetooth is quick to connect with other options of inputs like aux in, sd card etc provided.Overall very impressed with the product which i got at around 1.6k.",[],2023-06-24,6,Style Name: Zeb Fun - Blue,
4,Good but price is little high,R133435BRXV38,https://www.amazon.in/gp/customer-reviews/R133435BRXV38/ref=cm_cr_othr_d_rvw_ttl?ie=UTF8&ASIN=B0CXTK7845,Nice sound quality and a pocket friendly speaker,[],2024-11-24,7,Style Name: Zeb Pixie - Black,
1,Small BT speaker.,R1OPDDPI9VITF8,https://www.amazon.in/gp/customer-reviews/R1OPDDPI9VITF8/ref=cm_cr_othr_d_rvw_ttl?ie=UTF8&ASIN=B0CXTK7845,Audio is not upto 5w in my opinion. Charging is not upto the level as prescribed. Unable to switch on after 1st charging. Company has to provide proper charger. Idea is good. Product is to reviewed by designers once again or guide the buyer properly.,[],2024-11-23,8,Style Name: Zeb Pixie - Black,
4,Value for money 👌🏻,R11Y5NQ1MVXPCZ,https://www.amazon.in/gp/customer-reviews/R11Y5NQ1MVXPCZ/ref=cm_cr_othr_d_rvw_ttl?ie=UTF8&ASIN=B0CXTK7845,"The media could not be loaded.
                
            
                
            
            
        
    
    








  
  
     Smooth design,antislip stand good volume","['https://m.media-amazon.com/images/I/61RHB8msyhL._SY88.jpg', 'https://m.media-amazon.com/images/I/61d+ooLFL3L._SY88.jpg', 'https://m.media-amazon.com/images/I/71Lt4sSkivL._SY88.jpg']",2024-10-05,25,Style Name: Zeb Pixie - Black,
5,Very good compact travel product,R1815MU4IUV5G8,https://www.amazon.in/gp/customer-reviews/R1815MU4IUV5G8/ref=cm_cr_othr_d_rvw_ttl?ie=UTF8&ASIN=B0CXTK7845,Very good compact travel product,[],2025-01-12,26,Style Name: Zeb Pixie - Dark Blue,
3,Sound quality,R3EDXG0WUXV7TU,https://www.amazon.in/gp/customer-reviews/R3EDXG0WUXV7TU/ref=cm_cr_othr_d_rvw_ttl?ie=UTF8&ASIN=B0CXTK7845,"The sound quality is poor, only the music play louder .It is good for kids",['https://m.media-amazon.com/images/I/810pziz6BWL._SY88.jpg'],2024-09-20,27,Style Name: Zeb Fun - Blue,
4,Don't  work  Aux,R2EIHP9EP38LL5,https://www.amazon.in/gp/customer-reviews/R2EIHP9EP38LL5/ref=cm_cr_othr_d_rvw_ttl?ie=UTF8&ASIN=B0CXTK7845,Don't work Aux,[],2024-09-23,28,Style Name: Zeb Fun - Blue,
4,Zeb speaker,R2H1WN370448YT,https://www.amazon.in/gp/customer-reviews/R2H1WN370448YT/ref=cm_cr_othr_d_rvw_ttl?ie=UTF8&ASIN=B0CXTK7845,"Good one from Zebronics at this budget. The full volume will irritate you little bit, but upto 70% of volume range will be good. Battery back up is ok, maximum time it is not charged upto 100%, stuck in 90% only. You can use only inside your room because of the sound quality. Overall, the product is good at this budget.",[],2024-06-23,29,Style Name: Zeb Pixie - Dark Blue,
2,प्राइस रेंज के हिसाब से यह प्रोडक्ट बेकार है,R23JG7V44PHFF5,https://www.amazon.in/gp/customer-reviews/R23JG7V44PHFF5/ref=cm_cr_othr_d_rvw_ttl?ie=UTF8&ASIN=B0CXTK7845,आवाज कम है यह मुझे पसंद नहीं आया और बैटरी भी बहुत कम चलती है चार-पांच गाने सुनते हैं डाउन हो जाती है,[],2024-11-29,30,Style Name: Zeb Pixie - Dark Blue,
3,எனக்கு இது வேண்டாம் மிகவும் சிறியதாக உள்ளது,RBBY8VJQVENL4,https://www.amazon.in/gp/customer-reviews/RBBY8VJQVENL4/ref=cm_cr_othr_d_rvw_ttl?ie=UTF8&ASIN=B0CXTK7845,இது மிகவும் சிறியதாக உள்ளது ஆகையால் வேண்டாம்,[],2024-09-06,31,Style Name: Zeb Pixie - Dark Blue,
4,Sound quality is very good,R1ML80XXD2Y5WL,https://www.amazon.in/gp/customer-reviews/R1ML80XXD2Y5WL/ref=cm_cr_othr_d_rvw_ttl?ie=UTF8&ASIN=B0CXTK7845,Excellent Product and good performance,[],2024-08-21,32,Style Name: Zeb Fun - Blue,
1,Disappointed by Zebronics,R3CDBEFPUKHJ7F,https://www.amazon.in/gp/customer-reviews/R3CDBEFPUKHJ7F/ref=cm_cr_othr_d_rvw_ttl?ie=UTF8&ASIN=B0CXTK7845,Not working ....Only 2 time worked after that ...😟😟,['https://m.media-amazon.com/images/I/71iEXnQFYWL._SY88.jpg'],2025-01-19,65,Style Name: Zeb Pixie - Dark Blue,
5,Good,R1WKD7YLQSXQ8J,https://www.amazon.in/gp/customer-reviews/R1WKD7YLQSXQ8J/ref=cm_cr_othr_d_rvw_ttl?ie=UTF8&ASIN=B0CXTK7845,Good,[],2024-11-14,66,Style Name: Zeb Pixie - Dark Blue,
5,Good Speaker,R1IVYI6JXRMS5I,https://www.amazon.in/gp/customer-reviews/R1IVYI6JXRMS5I/ref=cm_cr_othr_d_rvw_ttl?ie=UTF8&ASIN=B0CXTK7845,"It's very good speaker for mobile Karaoke singing.  Kids also like it, it could be good gift.",[],2024-10-22,67,Style Name: Zeb Fun - Green,
5,Small Item Big Explosion!,R260A5ICIH5IGA,https://www.amazon.in/gp/customer-reviews/R260A5ICIH5IGA/ref=cm_cr_othr_d_rvw_ttl?ie=UTF8&ASIN=B0CXTK7845,One of the most economical compact BT speaker with considerable volume output and salient features. Recommended for travel/leisure/music. It can also fulfill the needs that any normal smartphone speaker does. Go Ahead and have one in your kitty...you will never regret it!,[],2024-09-04,68,Style Name: Zeb Pixie - Black,
2,Poor quality,R27K5JDLUQCR8J,https://www.amazon.in/gp/customer-reviews/R27K5JDLUQCR8J/ref=cm_cr_othr_d_rvw_ttl?ie=UTF8&ASIN=B0CXTK7845,"This mini speaker is compact in design and audio quality is also okay. But within a short time, it went out of order. For this price, if this speaker is going to be problematic in a short duration, then I can't recommend this product at all.",[],2024-07-16,69,Style Name: Zeb Pixie - Black,
3,Nice product,R2LVRTWNE2KUIO,https://www.amazon.in/gp/customer-reviews/R2LVRTWNE2KUIO/ref=cm_cr_othr_d_rvw_ttl?ie=UTF8&ASIN=B0CXTK7845,It’s very nice and easy to use,[],2024-04-24,70,Style Name: Zeb Fun - Green,
4,Smart size,R3SHSXENXRWQCL,https://www.amazon.in/gp/customer-reviews/R3SHSXENXRWQCL/ref=cm_cr_othr_d_rvw_ttl?ie=UTF8&ASIN=B0CXTK7845,Good quality,[],2024-04-22,71,Style Name: Zeb Pixie - Black,
2,Connectivity,R1J94EICIKX4IM,https://www.amazon.in/gp/customer-reviews/R1J94EICIKX4IM/ref=cm_cr_othr_d_rvw_ttl?ie=UTF8&ASIN=B0CXTK7845,"Blootooth connectivity, battery life",[],2024-09-23,72,Style Name: Zeb Pixie - Black,
5,Okay,R53CYCMV71PC9,https://www.amazon.in/gp/customer-reviews/R53CYCMV71PC9/ref=cm_cr_othr_d_rvw_ttl?ie=UTF8&ASIN=B0CXTK7845,Good at 499 not more,[],2024-11-18,49,Style Name: Zeb Pixie - Dark Blue,
5,Zebronic  pixie  not working hence return request raised,R18EO89190A9SE,https://www.amazon.in/gp/customer-reviews/R18EO89190A9SE/ref=cm_cr_othr_d_rvw_ttl?ie=UTF8&ASIN=B0CXTK7845,"The media could not be loaded.
                
            
                
            
            
        
    
    








  
  
     Product looks are great but surprisingly it's not working. I have put up the video. Hence return request raised",[],2024-11-23,50,Style Name: Zeb Pixie - Black,
3,Not value for money,RREONM8WB1SZL,https://www.amazon.in/gp/customer-reviews/RREONM8WB1SZL/ref=cm_cr_othr_d_rvw_ttl?ie=UTF8&ASIN=B0CXTK7845,Not working as desired.Sometimes working sometimes not.,[],2024-06-04,51,Style Name: Zeb Pixie - Dark Blue,
5,"better 5w mini speaker, with type c port👍",RUG19BTEN7D3W,https://www.amazon.in/gp/customer-reviews/RUG19BTEN7D3W/ref=cm_cr_othr_d_rvw_ttl?ie=UTF8&ASIN=B0CXTK7845,"nice pocket Portable Bluetooth speaker... battery backup is good, Bluetooth connectivity is good, charging speed is decent,volume 80 percent above, getting distortions...tws function is available,type c charging port with sd card slot... overall value for money speaker👍","['https://m.media-amazon.com/images/I/71fHeVybTaL._SY88.jpg', 'https://m.media-amazon.com/images/I/81AN67-i3tL._SY88.jpg']",2024-10-18,52,Style Name: Zeb Pixie - Black,
2,Worst Product ever,R2ZUB94HXEMI7O,https://www.amazon.in/gp/customer-reviews/R2ZUB94HXEMI7O/ref=cm_cr_othr_d_rvw_ttl?ie=UTF8&ASIN=B0CXTK7845,"This product is defective ! Only lasted 6 days and then gave up. It started  saying ""incoming call"" about a billion times and also after charging ,its useless man ! But surface quality is good although it is defective.",[],2024-08-16,53,Style Name: Zeb Pixie - Black,
2,Best quality,RXUZGXLWEIDM7,https://www.amazon.in/gp/customer-reviews/RXUZGXLWEIDM7/ref=cm_cr_othr_d_rvw_ttl?ie=UTF8&ASIN=B0CXTK7845,The media could not be loaded.,"['https://m.media-amazon.com/images/I/61C6RT2gvyL._SY88.jpg', 'https://m.media-amazon.com/images/I/81IDi1JpgKL._SY88.jpg']",2024-12-19,54,Style Name: Zeb Pixie - Black,
1,They are are cheater,RJCQJCDUCJ4KN,https://www.amazon.in/gp/customer-reviews/RJCQJCDUCJ4KN/ref=cm_cr_othr_d_rvw_ttl?ie=UTF8&ASIN=B0CXTK7845,"The speaker is not turning on or making any sound. It is charging, but it neither turns on nor off. Please arrange for a replacement.",[],2025-01-05,55,Style Name: Zeb Pixie - Black,
2,Not good,R2S9BOAHFONZMT,https://www.amazon.in/gp/customer-reviews/R2S9BOAHFONZMT/ref=cm_cr_othr_d_rvw_ttl?ie=UTF8&ASIN=B0CXTK7845,The built quality is good. But the sound quality is very bad. Even worse than my tab speaker.,[],2024-09-30,56,Style Name: Zeb Pixie - Black,
2,i want return this item,R2RFATWNN9MG0,https://www.amazon.in/gp/customer-reviews/R2RFATWNN9MG0/ref=cm_cr_othr_d_rvw_ttl?ie=UTF8&ASIN=B0CXTK7845,i dont want this ill buy another product this is damage product,[],2024-11-02,41,Style Name: Zeb Pixie - Black,
1,Amazon and Zebronics need to pull up their socks.,R3IWSD2592UC5X,https://www.amazon.in/gp/customer-reviews/R3IWSD2592UC5X/ref=cm_cr_othr_d_rvw_ttl?ie=UTF8&ASIN=B0CXTK7845,I am a regular buyer from Amazon. For the first time I am forced to give a negative view.My speaker is still on charging mode as I write this review even after 36 hours have bygone since I put it on charge and I have been unable to use it even once.The product is non-returnable and I am unable to connect through the customer care number of Zebronics that is 044-4000004. The only other option is to carry this cute thing to service center which is impossible because of my hectic lifestyle. So much for trusting Amazon and the video reviews on this product!,[],2024-11-14,42,Style Name: Zeb Pixie - Black,
2,Very poor sound quality.,R31DS5E60N8PRG,https://www.amazon.in/gp/customer-reviews/R31DS5E60N8PRG/ref=cm_cr_othr_d_rvw_ttl?ie=UTF8&ASIN=B0CXTK7845,Not recommended if you want a decent sound quality. There is no sound below 60% volume and after that it's pretty loud but too much distorted. Overall not worth it even at this price.,[],2024-10-01,43,Style Name: Zeb Pixie - Black,
5,Very good product,R1LST0SY0SIBYQ,https://www.amazon.in/gp/customer-reviews/R1LST0SY0SIBYQ/ref=cm_cr_othr_d_rvw_ttl?ie=UTF8&ASIN=B0CXTK7845,Worth it,[],2024-12-01,44,Style Name: Zeb Pixie - Dark Blue,
5,Nice 👍,R26VB8B576QJ6C,https://www.amazon.in/gp/customer-reviews/R26VB8B576QJ6C/ref=cm_cr_othr_d_rvw_ttl?ie=UTF8&ASIN=B0CXTK7845,Good performance,[],2024-12-01,45,Style Name: Zeb Pixie - Dark Blue,
2,Volume control  issue,R3J54Q5VDJ55HF,https://www.amazon.in/gp/customer-reviews/R3J54Q5VDJ55HF/ref=cm_cr_othr_d_rvw_ttl?ie=UTF8&ASIN=B0CXTK7845,Volume control issues. Not able to increaseOr  decrease when using SD card.works only when using Bluetooth,[],2024-10-18,46,Style Name: Zeb Pixie - Dark Blue,
2,Sound can be much better,R3HU07TRTVMV0M,https://www.amazon.in/gp/customer-reviews/R3HU07TRTVMV0M/ref=cm_cr_othr_d_rvw_ttl?ie=UTF8&ASIN=B0CXTK7845,Battery life below average. Sound quality is bad.,[],2024-11-02,47,Style Name: Zeb Pixie - Black,
2,Volume buttons not working after 1 day of use,R1IOAB52EMTVQ6,https://www.amazon.in/gp/customer-reviews/R1IOAB52EMTVQ6/ref=cm_cr_othr_d_rvw_ttl?ie=UTF8&ASIN=B0CXTK7845,"Volume buttons not working after 1 day of use. Sound, audio is good.",[],2024-10-18,48,Style Name: Zeb Pixie - Dark Blue,
4,Good,R3P9ZHRM0JF7VG,https://www.amazon.in/gp/customer-reviews/R3P9ZHRM0JF7VG/ref=cm_cr_othr_d_rvw_ttl?ie=UTF8&ASIN=B0CXTK7845,Sound,[],2024-11-25,17,Style Name: Zeb Pixie - Dark Blue,
4,Good product,R222PSC2NTH12M,https://www.amazon.in/gp/customer-reviews/R222PSC2NTH12M/ref=cm_cr_othr_d_rvw_ttl?ie=UTF8&ASIN=B0CXTK7845,Reasonably good product,[],2024-11-27,18,Style Name: Zeb Fun - Green,
4,Great external speaker & mic for the price,RP0ALKXTTTZ3N,https://www.amazon.in/gp/customer-reviews/RP0ALKXTTTZ3N/ref=cm_cr_othr_d_rvw_ttl?ie=UTF8&ASIN=B0CXTK7845,Size is minuscule and provides quite a loud output for its portable dimensions. Fills a medium sized room with its loud sound and mic is great as well. I'm using it for conference calls and very happy with its performance as it lasts nearly 4 hours with 75% volume. Connectivity is stable and there is no disturbance with nearby devices. I would not recommend it for music but nothing beats it for online meetings at this price range.Sound starts to crackle at higher volume and the verbal announcements for switching on/off incld. pairing is a nuisance during daily use. I don't want to broadcast to the entire floor that I'm turning on/off my external speaker. Simple beeps would have sufficed.,[],2024-09-23,19,Style Name: Zeb Pixie - Black,
3,Bluetooth connectivity issue,R2S2SRIIN6CQMZ,https://www.amazon.in/gp/customer-reviews/R2S2SRIIN6CQMZ/ref=cm_cr_othr_d_rvw_ttl?ie=UTF8&ASIN=B0CXTK7845,Frequently bluetooth disconnect issue and work in very short range,[],2024-11-17,20,Style Name: Zeb Pixie - Black,
4,Compact and good sound quality,R30Z3IAAVKC0E9,https://www.amazon.in/gp/customer-reviews/R30Z3IAAVKC0E9/ref=cm_cr_othr_d_rvw_ttl?ie=UTF8&ASIN=B0CXTK7845,Compact and good sound quality,[],2024-11-04,21,Style Name: Zeb Pixie - Black,
4,Base is concerned but the music quality is good,R2UX1KTE7CCERE,https://www.amazon.in/gp/customer-reviews/R2UX1KTE7CCERE/ref=cm_cr_othr_d_rvw_ttl?ie=UTF8&ASIN=B0CXTK7845,"The media could not be loaded.
                
            
                
            
            
        
    
    








  
  
     Base is my only concern otherwise good for movies and normal music and best for this proce under 490",['https://m.media-amazon.com/images/I/71gjr+sldOL._SY88.jpg'],2024-10-22,22,Style Name: Zeb Pixie - Dark Blue,
3,Sound is very low,R21X4SG3TBDQ4R,https://www.amazon.in/gp/customer-reviews/R21X4SG3TBDQ4R/ref=cm_cr_othr_d_rvw_ttl?ie=UTF8&ASIN=B0CXTK7845,Sound is very low,[],2024-10-29,23,Style Name: Zeb Fun - Blue,
3,Product shutdown before one year complicated 😥,R1O51HKZFSW6E8,https://www.amazon.in/gp/customer-reviews/R1O51HKZFSW6E8/ref=cm_cr_othr_d_rvw_ttl?ie=UTF8&ASIN=B0CXTK7845,Not working properly... Need exchange or repair in same company,[],2024-10-18,24,Style Name: Zeb Fun - Green,
4,Ok,R37ZS6KUT358UG,https://www.amazon.in/gp/customer-reviews/R37ZS6KUT358UG/ref=cm_cr_othr_d_rvw_ttl?ie=UTF8&ASIN=B0CXTK7845,Everything is good except the resound and cranky noises,[],2024-05-12,57,Style Name: Zeb Fun - Blue,
5,Speaker,R11R4T8NPGQ4X,https://www.amazon.in/gp/customer-reviews/R11R4T8NPGQ4X/ref=cm_cr_othr_d_rvw_ttl?ie=UTF8&ASIN=B0CXTK7845,Nice product.......👌👌👌👌👌👌,[],2024-11-14,58,Style Name: Zeb Pixie - Black,
4,Good,RCX32B735YL01,https://www.amazon.in/gp/customer-reviews/RCX32B735YL01/ref=cm_cr_othr_d_rvw_ttl?ie=UTF8&ASIN=B0CXTK7845,Good,[],2024-05-25,59,Style Name: Zeb Fun - Green,
4,Speaker is loud enuf and gud enuf for the price.,R32YEVRYRMWHX9,https://www.amazon.in/gp/customer-reviews/R32YEVRYRMWHX9/ref=cm_cr_othr_d_rvw_ttl?ie=UTF8&ASIN=B0CXTK7845,"What I liked about the product: Its build quality. The materials used. The button quality. The echo and Volume button slides for different levels of output. Another review said its fixed,its not. The Speaker quality is gud enuf for the price but its less than wat I expected.But still it doesnt miss the high pitch or loud voice like in cheaper karoke Mics. its better then the cube shape speaker mic for sure. The mic is easy to use and looks good in person.What I dont like: Could have been cheaper.Even after fully charged, The unit I got kept disconnecting itself in Bluetooth mode and reconnecting itself back. This is pretty annoying as the music goes away only voice and echo is heard. And lastly I think at this price the speaker shud be above average.I personally think if u r getting 1 yr warranty from such a product compared to 0 day warranty of a Chinese product. This product is gud enuf. Untill it has disconnecting issues. Ill test other mics and take replacement of this same mic for warranty.","['https://images-na.ssl-images-amazon.com/images/I/512uMTZXqGL._SY88.jpg', 'https://images-na.ssl-images-amazon.com/images/I/613TEReHJOL._SY88.jpg', 'https://images-na.ssl-images-amazon.com/images/I/61V3i+hdnTL._SY88.jpg', 'https://images-na.ssl-images-amazon.com/images/I/61ZDSbZcoiL._SY88.jpg', 'https://images-na.ssl-images-amazon.com/images/I/61dU5rdk1kL._SY88.jpg', 'https://images-na.ssl-images-amazon.com/images/I/61dxXgC3mNL._SY88.jpg']",2020-11-24,60,Style Name: Zeb Fun - Blue,
5,Small and best quality,R33P79MX8YPISM,https://www.amazon.in/gp/customer-reviews/R33P79MX8YPISM/ref=cm_cr_othr_d_rvw_ttl?ie=UTF8&ASIN=B0CXTK7845,Best Bluetooth speaker,[],2024-11-13,61,Style Name: Zeb Pixie - Dark Blue,
4,Good,R1W5KMH3F67TFV,https://www.amazon.in/gp/customer-reviews/R1W5KMH3F67TFV/ref=cm_cr_othr_d_rvw_ttl?ie=UTF8&ASIN=B0CXTK7845,Good quality,[],2024-06-01,62,Style Name: Zeb Pixie - Black,
5,Brand is good,RUUVBWL8OH4ST,https://www.amazon.in/gp/customer-reviews/RUUVBWL8OH4ST/ref=cm_cr_othr_d_rvw_ttl?ie=UTF8&ASIN=B0CXTK7845,Good prodect😊😊,[],2024-11-12,63,Style Name: Zeb Pixie - Black,
1,Total inactive item has sent,R2Q8ZGM4CRBC23,https://www.amazon.in/gp/customer-reviews/R2Q8ZGM4CRBC23/ref=cm_cr_othr_d_rvw_ttl?ie=UTF8&ASIN=B0CXTK7845,Item reacived is totally inactive. No charging possible. On off functioning is inactive. Doesn't starts. Return or replace request denied and suggested to go service center. This is unfair. We trust on Amazon not on seller. Pl do needful.,[],2024-12-04,64,Style Name: Zeb Pixie - Black,
1,Need to go to Zebronics to replace it !,RQY9T1THXWY3B,https://www.amazon.in/gp/customer-reviews/RQY9T1THXWY3B/ref=cm_cr_othr_d_rvw_ttl?ie=UTF8&ASIN=B0CXTK7845,Product is not connecting via Bluetooth. And its service centre is 20km away. My auto will charge me as much as the speaker costs.  The Amazon policy does not make sense. Rather buy a reputed product or from local store.,[],2025-01-26,33,Style Name: Zeb Pixie - Black,
4,Not so bad for money,RMBYLH2SOL2FN,https://www.amazon.in/gp/customer-reviews/RMBYLH2SOL2FN/ref=cm_cr_othr_d_rvw_ttl?ie=UTF8&ASIN=B0CXTK7845,Compact size is ok for money. But volume etc. are not to the mark.,[],2024-07-15,34,Style Name: Zeb Pixie - Black,
4,"Small size, good sound, battery life is 'ok'",R39XUXBJBI2F4A,https://www.amazon.in/gp/customer-reviews/R39XUXBJBI2F4A/ref=cm_cr_othr_d_rvw_ttl?ie=UTF8&ASIN=B0CXTK7845,"The media could not be loaded.
                
            
                
            
            
        
    
    








  
  
     Overall build quality is very good, sound output is loud for its small size, sound quality is also nice, bass is above average, battery life is ok ok, i think you can watch 1 movies at full volume. I got it for 599₹ and for this price i think it's not bad or if you want good small speaker this is the only one.","['https://m.media-amazon.com/images/I/717k+cIBy-L._SY88.jpg', 'https://m.media-amazon.com/images/I/71U7VHc2fmL._SY88.jpg', 'https://m.media-amazon.com/images/I/71Xlylbmd5L._SY88.jpg', 'https://m.media-amazon.com/images/I/71h1-T1zELL._SY88.jpg', 'https://m.media-amazon.com/images/I/71nDqzwxzCL._SY88.jpg']",2024-04-14,35,Style Name: Zeb Pixie - Black,
1,Service is bad,RHVI55NL14P6H,https://www.amazon.in/gp/customer-reviews/RHVI55NL14P6H/ref=cm_cr_othr_d_rvw_ttl?ie=UTF8&ASIN=B0CXTK7845,Volume button is not working. And there is no service centre near. Cost of the device would be needed to go to service centre. Make sure there is a service centre near to your home before buying. Amazon only replaces after verification from Zebronics.,[],2025-01-06,36,Style Name: Zeb Pixie - Dark Blue,
5,It is Dhamaka in chhota pocket. Worth to money product.,RKEWLZHIN8A7O,https://www.amazon.in/gp/customer-reviews/RKEWLZHIN8A7O/ref=cm_cr_othr_d_rvw_ttl?ie=UTF8&ASIN=B0CXTK7845,It is Dhamaka in chhota pocket. Worth to money product.,[],2024-12-02,37,Style Name: Zeb Pixie - Dark Blue,
5,BEST PRODUCT  GOOD,R307VJ44TH5FR3,https://www.amazon.in/gp/customer-reviews/R307VJ44TH5FR3/ref=cm_cr_othr_d_rvw_ttl?ie=UTF8&ASIN=B0CXTK7845,BEST PRODUCT  GOOD,[],2024-12-05,38,Style Name: Zeb Pixie - Black,
5,Product loudly sound on/ of time,R1APHCBIKGPQUN,https://www.amazon.in/gp/customer-reviews/R1APHCBIKGPQUN/ref=cm_cr_othr_d_rvw_ttl?ie=UTF8&ASIN=B0CXTK7845,Nice Quality,[],2024-12-06,39,Style Name: Zeb Pixie - Dark Blue,
5,Nice,R32G4OQA92NGFA,https://www.amazon.in/gp/customer-reviews/R32G4OQA92NGFA/ref=cm_cr_othr_d_rvw_ttl?ie=UTF8&ASIN=B0CXTK7845,Very nice,[],2024-12-08,40,Style Name: Zeb Fun - Blue,
4,Best,R3E8WE98A9DEW4,https://www.amazon.in/gp/customer-reviews/R3E8WE98A9DEW4/ref=cm_cr_othr_d_rvw_ttl?ie=UTF8&ASIN=B0CXTK7845,Qualities and sound.,[],2025-01-21,9,Style Name: Zeb Pixie - Black,
4,Value for money,RUJCQ7DJLB3KV,https://www.amazon.in/gp/customer-reviews/RUJCQ7DJLB3KV/ref=cm_cr_othr_d_rvw_ttl?ie=UTF8&ASIN=B0CXTK7845,"For internal events, it is good with standard speaker, the echo is very good with very handy battery life as well. But the bluetooth will not work while AUX cable has been attached.",[],2024-12-18,10,Style Name: Zeb Fun - Blue,
4,Fantastic product,R3J51YLD0OMZWI,https://www.amazon.in/gp/customer-reviews/R3J51YLD0OMZWI/ref=cm_cr_othr_d_rvw_ttl?ie=UTF8&ASIN=B0CXTK7845,Very good functions and supporting all types and good quality sound.,[],2024-12-30,11,Style Name: Zeb Fun - Blue,
3,Micro SD card issue,R3R3XE1T7WRRWD,https://www.amazon.in/gp/customer-reviews/R3R3XE1T7WRRWD/ref=cm_cr_othr_d_rvw_ttl?ie=UTF8&ASIN=B0CXTK7845,"At the time I purchased this product the product page mentioned support upto 32 GB.So I ordered two of these and had to face a consistent problem where whenever I inserted my Sand Disk 32 GB micro SD card, the speaker will start an endless loop of switching between micro SD mode and Bluetooth mode.After testing my new micro SD card multiple times and finding no issue, I by chance tried using a new 16 GB memory card and now it works fine.Overall the speaker is good for the price, however their misleading statement on product page is not appreciated.Because of this issue I had to spend quite some time testing and even had to return one of the two speakers.",[],2024-11-15,12,Style Name: Zeb Pixie - Black,
4,Good,RG4VKN2DMCAHL,https://www.amazon.in/gp/customer-reviews/RG4VKN2DMCAHL/ref=cm_cr_othr_d_rvw_ttl?ie=UTF8&ASIN=B0CXTK7845,It is good for beginners and under the price range,[],2024-12-17,13,Style Name: Zeb Fun - Blue,
4,It is good,R2TB02CEGO4B0R,https://www.amazon.in/gp/customer-reviews/R2TB02CEGO4B0R/ref=cm_cr_othr_d_rvw_ttl?ie=UTF8&ASIN=B0CXTK7845,"Good Bluetooth, good battery life,",[],2024-12-16,14,Style Name: Zeb Pixie - Dark Blue,
3,Mini speaker,R36ZOEL71DF9YD,https://www.amazon.in/gp/customer-reviews/R36ZOEL71DF9YD/ref=cm_cr_othr_d_rvw_ttl?ie=UTF8&ASIN=B0CXTK7845,"Audio is also mini , but suitable for small devices","['https://m.media-amazon.com/images/I/619S9Ehc1AL._SY88.jpg', 'https://m.media-amazon.com/images/I/61xYLtRsZWL._SY88.jpg', 'https://m.media-amazon.com/images/I/71Tp6Lks5IL._SY88.jpg']",2025-01-02,15,Style Name: Zeb Pixie - Black,
4,Hello,R2NY5PHV5V68FB,https://www.amazon.in/gp/customer-reviews/R2NY5PHV5V68FB/ref=cm_cr_othr_d_rvw_ttl?ie=UTF8&ASIN=B0CXTK7845,Good product,['https://m.media-amazon.com/images/I/61ckGRL+PyL._SY88.jpg'],2024-12-02,16,Style Name: Zeb Pixie - Dark Blue,
1,Pls Register for warranty immediately after received,R18R3URF5I8V56,https://www.amazon.in/gp/customer-reviews/R18R3URF5I8V56/ref=cm_cr_othr_d_rvw_ttl?ie=UTF8&ASIN=B0CXTK7845,"I got delivered on Nov 7,2024. Now it is not working. I forgot to register warranty as well. Now only came to know warranty should be registered online immediately after received. I suggest everyone to register for warranty immediately.",[],2024-11-27,73,Style Name: Zeb Pixie - Dark Blue,
5,Please deliver right product,R3ICHL68LRNN5O,https://www.amazon.in/gp/customer-reviews/R3ICHL68LRNN5O/ref=cm_cr_othr_d_rvw_ttl?ie=UTF8&ASIN=B0CXTK7845,Product is good but when the parcle delivered I open mic colour is different... But quality is very good... Nd that is I liked,[],2024-10-01,74,Style Name: Zeb Fun - Blue,
1,Not good product.,R1M5MFFKJVCRGP,https://www.amazon.in/gp/customer-reviews/R1M5MFFKJVCRGP/ref=cm_cr_othr_d_rvw_ttl?ie=UTF8&ASIN=B0CXTK7845,"It is not good product, it has stopped after one week only now I have to go to service center.",[],2024-12-20,75,Style Name: Zeb Pixie - Black,
1,Environmental plastic waste,R29VZAJ3KR9V7T,https://www.amazon.in/gp/customer-reviews/R29VZAJ3KR9V7T/ref=cm_cr_othr_d_rvw_ttl?ie=UTF8&ASIN=B0CXTK7845,Don't waste money.,[],2025-01-28,76,Style Name: Zeb Pixie - Dark Blue,
5,Amazing,RXLHG3UUQ1OCK,https://www.amazon.in/gp/customer-reviews/RXLHG3UUQ1OCK/ref=cm_cr_othr_d_rvw_ttl?ie=UTF8&ASIN=B0CXTK7845,It’s really fantastic and good music speaker,[],2024-10-24,77,Style Name: Zeb Pixie - Dark Blue,
5,Good as better,R20ERUDZCF8TRS,https://www.amazon.in/gp/customer-reviews/R20ERUDZCF8TRS/ref=cm_cr_othr_d_rvw_ttl?ie=UTF8&ASIN=B0CXTK7845,I like everything on it. It is the best microphone speaker u can get online.,[],2024-10-07,78,Style Name: Zeb Fun - Blue,
5,5 Star!,R3R98WP7CHG9ZT,https://www.amazon.in/gp/customer-reviews/R3R98WP7CHG9ZT/ref=cm_cr_othr_d_rvw_ttl?ie=UTF8&ASIN=B0CXTK7845,Wow! Deserves a 5 star.  Such a compact BT speaker with good bass. Battery capacity is 7 hours. Loved it. Thank you.,['https://m.media-amazon.com/images/I/81f7afayqAL._SY88.jpg'],2024-09-08,79,Style Name: Zeb Pixie - Dark Blue,
5,Small yet powerful,R39CQWU653WDDF,https://www.amazon.in/gp/customer-reviews/R39CQWU653WDDF/ref=cm_cr_othr_d_rvw_ttl?ie=UTF8&ASIN=B0CXTK7845,Excellent bluetooth portable speaker. Best for Trekking lovers. Battery back is good and Sound quality is superb at this price. Zebronics has done great work.,[],2024-09-12,80,Style Name: Zeb Pixie - Dark Blue,
