ratingScore,reviewTitle,reviewId,reviewUrl,reviewDescription,reviewImages,date,position,variant,totalCategoryRatings
5,Fantastic assistant,R25KRILER7G8VB,https://www.amazon.in/gp/customer-reviews/R25KRILER7G8VB/ref=cm_cr_othr_d_rvw_ttl?ie=UTF8&ASIN=B09WWT8HFH,"I have used Alexa for last five years and is still working nicely.I am so much satisfied with it that I decided to use many Internet of Things (IoT) devices in my home. It started with Atomberg fans. I can start it even during fast sleep by uttering the commands. It is so simple and convenient. There is no need to search remote control or change cells on remote controls.Then I purchased Lloyd air conditioner which is compatible with Alexa. It also works with its own voice recognition system.I am now also using Wipro bulbs and plugs. They work well with Alexa.I got so much satisfaction with Alexa that I ordered another piece (the present one). It is the least expensive of Assistance and does its job fantastic way.I can also automatically control and schedule using Alexa.Alexa also tells me jokes, news, plays songs remind me about assignments work as timers reading notifications.Presently it does not work with Sony Bravia. That is the only drawback I noticed. I am thinking about purchasing Amazon fire stick to go round the problem.",[],2024-12-10,1,"Colour: Purple, Configuration: Echo Pop only",
4,Good but it only usable with Amazon music only,R3PS19C5I3MVAO,https://www.amazon.in/gp/customer-reviews/R3PS19C5I3MVAO/ref=cm_cr_othr_d_rvw_ttl?ie=UTF8&ASIN=B09WWT8HFH,Good product.drawback is that it cannot be linked with youtube and other apps other than amazon music,[],2025-01-29,2,"Colour: Green, Configuration: Echo Pop only",
5,A Compact Powerhouse of Sound and Smart Features,R2XVGKYM212YI8,https://www.amazon.in/gp/customer-reviews/R2XVGKYM212YI8/ref=cm_cr_othr_d_rvw_ttl?ie=UTF8&ASIN=B09WWT8HFH,"After using the Echo Pop Smart Speaker for a few weeks, I am eager to share my thoughts on this nifty little device. The model I purchased is in a vibrant purple shade, which adds a fun pop of colour to my room.First and foremost, the sound quality is remarkable for a speaker of its size. The Echo Pop delivers a loud and clear sound with a balanced bass and crisp vocals. Whether I'm listening to my favourite tunes, a podcast, or an audiobook, the audio quality is consistently pleasing with no distortion, even at higher volumes. It's impressive how it fills my room with sound, making it perfect for personal use or a small gathering.The design of the Echo Pop is sleek and modern, and it's small enough to blend seamlessly into any decor without taking up much space. The fact that it comes in four colours (black, white, green, and purple) is a bonus, allowing you to choose one that best fits your style.One of the standout features of the Echo Pop is its integration with Alexa. The convenience of playing music hands-free from various streaming services like Amazon Music, Spotify, and Apple Music just by asking Alexa is a game changer. It's important to note, though, that some of these services may require a subscription.The ability to voice-control smart devices around the house is another excellent feature. I've used it to control smart lights, my TV, and even my AC. The fact that you can extend these capabilities to non-smart appliances using smart plugs (sold separately) is quite fascinating and shows the potential of making your home smarter and more connected.I particularly enjoy asking Alexa to play nursery rhymes for my niece and set alarms and reminders. It's also become a part of my morning routine to get news updates and weather forecasts while I’m getting ready for the day.The Echo Pop also doubles as a Bluetooth speaker, allowing me to pair it with my phone and play audio from apps that aren't supported directly through Alexa. This flexibility is a significant plus.Finally, the built-in privacy features, including the mic-off button, give me peace of mind. It’s reassuring to know that I have control over my privacy and can disable the microphone whenever I want.In conclusion, the Echo Pop is a fantastic smart speaker that offers a lot for its size and price. Its sound quality, stylish design, smart features, and versatility make it a great addition to any room. Whether you're new to smart speakers or looking to add another one to your home, the Echo Pop is an excellent choice.",[],2024-01-21,3,"Colour: Purple, Configuration: Echo Pop only",
5,Best version of Alexa ever,R10KJ3TKMQSTN1,https://www.amazon.in/gp/customer-reviews/R10KJ3TKMQSTN1/ref=cm_cr_othr_d_rvw_ttl?ie=UTF8&ASIN=B09WWT8HFH,Good sound quality value for money product quality is the best,[],2025-01-11,4,"Colour: Purple, Configuration: Echo Pop only",
1,Very cheap quality product,R1W5MWM9A3CYEZ,https://www.amazon.in/gp/customer-reviews/R1W5MWM9A3CYEZ/ref=cm_cr_othr_d_rvw_ttl?ie=UTF8&ASIN=B09WWT8HFH,"Previous generation, Echo Dot was far better from this. This has no base and the plastic quality also very bad. This is so deep and not listen maximum of the time and the sound quality is not great.",[],2024-12-31,5,"Colour: Black, Configuration: Echo Pop only",
5,I'm happy to purchased the Alexa Echo pop.,R31IAKRTUZWY91,https://www.amazon.in/gp/customer-reviews/R31IAKRTUZWY91/ref=cm_cr_othr_d_rvw_ttl?ie=UTF8&ASIN=B09WWT8HFH,"Size was compact,Value for money, Voice contact was very good. Intelligence, product quality was Good 😊.Music 🎶 lovers best choice at home.Smart connectivity was good.Cons: Amazon prime account was needed alexa echo pop.",[],2025-01-15,6,"Colour: Purple, Configuration: Echo Pop only",
4,It's frustratingly okay at this moment!,R1JTO4IWSTP7AC,https://www.amazon.in/gp/customer-reviews/R1JTO4IWSTP7AC/ref=cm_cr_othr_d_rvw_ttl?ie=UTF8&ASIN=B09WWT8HFH,"Today I got my hands on Alex Pop, and after running some updates, configuring settings, and adding skills and blueprints, here’s what I’ve figured out.Pros-1. Sound quality is incredible—clear and loud sounds great!2. You get a totally different experience.3. Pairs up perfectly with smart IT-enabled devices.Cons-1. It's really slow on the uptake; even the most basic queries get responses like 'Sorry, I don't understand' or 'Sorry, can't do that right now.' It's kind of dumb, and you'll need to grab some AI skills from the marketplace to make it smarter.2. It heats up a bit even when I'm not using it.Feedback: You guys should think about integrating a sophisticated AI LLM model like ChatGPT. Amazon has some solid LLMs; why not just blend one with Alexa?",['https://m.media-amazon.com/images/I/71T8EYaomEL._SY88.jpg'],2024-10-02,7,"Colour: Purple, Configuration: Echo Pop only",
3,Product OK,R14X0O7QXKAUW6,https://www.amazon.in/gp/customer-reviews/R14X0O7QXKAUW6/ref=cm_cr_othr_d_rvw_ttl?ie=UTF8&ASIN=B09WWT8HFH,Product OK!Good Sound Quality!However Connectivity issues are more in Echopop than ECHODOT or Echoflex !,[],2024-10-02,8,"Colour: Black, Configuration: Echo Pop only",
4,Alexa pop,R3B9SQCT42VEUN,https://www.amazon.in/gp/customer-reviews/R3B9SQCT42VEUN/ref=cm_cr_othr_d_rvw_ttl?ie=UTF8&ASIN=B09WWT8HFH,Just recd today so far so good gud voiceSmall and sleek price also gud,['https://m.media-amazon.com/images/I/71uS9DUetXL._SY88.jpg'],2024-10-06,25,"Colour: Purple, Configuration: with fast setup 9W smart bulb",
4,Best gift for your loved ones,RFVOYJEXZN0HV,https://www.amazon.in/gp/customer-reviews/RFVOYJEXZN0HV/ref=cm_cr_othr_d_rvw_ttl?ie=UTF8&ASIN=B09WWT8HFH,Alexa has prove out to be best gift for your near and dear ones whether it is an occasion of wedding or hour warming Alexa fits out perfect,[],2024-09-23,26,"Colour: Purple, Configuration: Echo Pop only",
4,Alexa echo pop,RPWPNLXWDJX8C,https://www.amazon.in/gp/customer-reviews/RPWPNLXWDJX8C/ref=cm_cr_othr_d_rvw_ttl?ie=UTF8&ASIN=B09WWT8HFH,"Better sound..its fun ,satisfied with the product  ot can be best gift for your loved ones ..i liked the product..",[],2024-10-02,27,"Colour: Green, Configuration: Echo Pop only",
4,About music,R8H5IARW1OX9D,https://www.amazon.in/gp/customer-reviews/R8H5IARW1OX9D/ref=cm_cr_othr_d_rvw_ttl?ie=UTF8&ASIN=B09WWT8HFH,It will not play continuously if I say Telugu songs means song it will be there 3.30 seconds means it will play only 1.30 seconds that why i didn't understand,[],2024-09-19,28,"Colour: White, Configuration: Echo Pop only",
4,Good sound,RMZKGQ5O2D187,https://www.amazon.in/gp/customer-reviews/RMZKGQ5O2D187/ref=cm_cr_othr_d_rvw_ttl?ie=UTF8&ASIN=B09WWT8HFH,Nice product by amazon,[],2024-10-09,29,"Colour: Green, Configuration: Echo Pop only",
4,Great product but with some issue.,R97FF6T2VEYRM,https://www.amazon.in/gp/customer-reviews/R97FF6T2VEYRM/ref=cm_cr_othr_d_rvw_ttl?ie=UTF8&ASIN=B09WWT8HFH,"Well, firstly, it's really the greatest purchase I have ever made; it works like charm most of the time, looks decent, and has a compact size, which makes it a perfect table accessory.However, it did all the tasks without any issue, but some times it skipped the commands, like when I connected it with my smart plug to access AC, and some time while giving the command to turn on or shut off the AC, it replied OK, but the AC would not be turned on or off. Same goes with TV, while I ask to turn the TV on with the with the same command, it takes but not completes the tasks.If I skip these issues, I'll give them 5/5. It is recommended from my side to make your home AI enabled.",[],2024-05-17,30,"Colour: Purple, Configuration: Echo Pop only",
5,It is actually good,R2NIN3R39M5I8R,https://www.amazon.in/gp/customer-reviews/R2NIN3R39M5I8R/ref=cm_cr_othr_d_rvw_ttl?ie=UTF8&ASIN=B09WWT8HFH,It is same as last echo dot,[],2024-12-08,31,"Colour: Black, Configuration: Echo Pop only",
4,How to operate devices,R2P8IYCJRHKLAE,https://www.amazon.in/gp/customer-reviews/R2P8IYCJRHKLAE/ref=cm_cr_othr_d_rvw_ttl?ie=UTF8&ASIN=B09WWT8HFH,No Guidence given to operate the device not easy to connect the device on phone,[],2024-09-09,32,"Colour: Purple, Configuration: Echo Pop only",
5,"New model for me,  works fine",R1RDCCBGSOH3D8,https://www.amazon.in/gp/customer-reviews/R1RDCCBGSOH3D8/ref=cm_cr_othr_d_rvw_ttl?ie=UTF8&ASIN=B09WWT8HFH,"This is my 3rd echo device.  All good as should be,  except difference between volume 4 and 5 is probably 30 decibels I'm guessing... it's a major difference",[],2024-12-26,17,"Colour: Purple, Configuration: Echo Pop only",
4,Product,R2E66CM908YHO6,https://www.amazon.in/gp/customer-reviews/R2E66CM908YHO6/ref=cm_cr_othr_d_rvw_ttl?ie=UTF8&ASIN=B09WWT8HFH,More details are required about the functioning of the product.....the volume control isn't voice activated.......Alexa is doing fine.....,[],2024-10-28,18,"Colour: Green, Configuration: Echo Pop only",
4,"Product is good, but associated offers are not reflected",R1A5V53SFIWQDS,https://www.amazon.in/gp/customer-reviews/R1A5V53SFIWQDS/ref=cm_cr_othr_d_rvw_ttl?ie=UTF8&ASIN=B09WWT8HFH,Product is good but amazon failed to offer the listed offers with this...raised a case and followed up with multiple calls with customers without any luck,[],2024-10-15,19,"Colour: Black, Configuration: Echo Pop only",
4,I liked it,RWHM5I8DAJU6J,https://www.amazon.in/gp/customer-reviews/RWHM5I8DAJU6J/ref=cm_cr_othr_d_rvw_ttl?ie=UTF8&ASIN=B09WWT8HFH,It is a good product. But the packaging was not good.,[],2024-10-17,20,"Colour: Purple, Configuration: Echo Pop only",
4,Useful,RHR7SMO980TTP,https://www.amazon.in/gp/customer-reviews/RHR7SMO980TTP/ref=cm_cr_othr_d_rvw_ttl?ie=UTF8&ASIN=B09WWT8HFH,Helps children to avoid screen time and they loved it.,[],2024-10-18,21,"Colour: Purple, Configuration: Echo Pop only",
5,Loving it,R1JF7TKB24TW0S,https://www.amazon.in/gp/customer-reviews/R1JF7TKB24TW0S/ref=cm_cr_othr_d_rvw_ttl?ie=UTF8&ASIN=B09WWT8HFH,"Works wonderfully , Family loving it",[],2024-12-27,22,"Colour: Black, Configuration: Echo Pop only",
4,Sound is crisp but,RH8BJL8D3FLGL,https://www.amazon.in/gp/customer-reviews/RH8BJL8D3FLGL/ref=cm_cr_othr_d_rvw_ttl?ie=UTF8&ASIN=B09WWT8HFH,"The media could not be loaded.
                
            
                
            
            
        
    
    








  
  
     Alexa assistance need lot of improvements. Also it has some connectivity issues. Overall it's worth to buy.",[],2024-10-21,23,"Colour: White, Configuration: Echo Pop only",
4,Amazon Alexa,R2SK4UB3SSMSLE,https://www.amazon.in/gp/customer-reviews/R2SK4UB3SSMSLE/ref=cm_cr_othr_d_rvw_ttl?ie=UTF8&ASIN=B09WWT8HFH,Good thingsValue for money,[],2024-10-15,24,"Colour: Green, Configuration: Echo Pop only",
5,Cute,R3LLY9LI872566,https://www.amazon.in/gp/customer-reviews/R3LLY9LI872566/ref=cm_cr_othr_d_rvw_ttl?ie=UTF8&ASIN=B09WWT8HFH,Nice sound quality,['https://m.media-amazon.com/images/I/61yiyFIwKYL._SY88.jpg'],2024-10-23,65,"Colour: Purple, Configuration: Echo Pop only",
5,Works good,R1JHJQI9YWJKF,https://www.amazon.in/gp/customer-reviews/R1JHJQI9YWJKF/ref=cm_cr_othr_d_rvw_ttl?ie=UTF8&ASIN=B09WWT8HFH,Thank you Amazon my KID enjoys using the gaget,[],2024-10-11,66,"Colour: Purple, Configuration: Echo Pop only",
2,"Poor user experience with Echo Dot, no return/exchange policy, frustrating for Prime member.",R1YOFTZ91L2O03,https://www.amazon.in/gp/customer-reviews/R1YOFTZ91L2O03/ref=cm_cr_othr_d_rvw_ttl?ie=UTF8&ASIN=B09WWT8HFH,"The media could not be loaded.
                
            
                
            
            
        
    
    








  
  
     Not upto the mark, user experience not good. The built isn't good too! That old flat echo dot was better and tougher. The worst part is that now Amazon has NO RETURN policy for its devices. They are not even ready to exchange this with higher priced echo dot 5th gen also!! On top of this being a prime member for so long, this is frustrating and upsetting! No separate policy for members too!",[],2024-10-10,67,"Colour: Green, Configuration: Echo Pop only",
5,Good sound quality,R464MQ0DBG1D2,https://www.amazon.in/gp/customer-reviews/R464MQ0DBG1D2/ref=cm_cr_othr_d_rvw_ttl?ie=UTF8&ASIN=B09WWT8HFH,"Easy to setup, good sound quality, value for money as I purchased it during the Prime Day Sale @ 2499/-.Alexa is quick and accomplishes the activities mentioned to her.Playing music, giving news updates, forecast update and many more.We are able to set routines and Alexa gives reminder.I think the future for such portable device should be AI enabled.",[],2024-07-23,68,"Colour: White, Configuration: Echo Pop only",
3,Still average design.,R1BPWZWH849Z30,https://www.amazon.in/gp/customer-reviews/R1BPWZWH849Z30/ref=cm_cr_othr_d_rvw_ttl?ie=UTF8&ASIN=B09WWT8HFH,The Amazon alexa has been around for quite a while now. But the app and the feature are no unlocked yet. There is a lot to desire.Hope Amazon does improve the features. The build quality is avg too. Need to improve on it as well.,[],2024-06-16,69,"Colour: Black, Configuration: Echo Pop only",
3,Not Appropriate,RWBEFCYGI9ENC,https://www.amazon.in/gp/customer-reviews/RWBEFCYGI9ENC/ref=cm_cr_othr_d_rvw_ttl?ie=UTF8&ASIN=B09WWT8HFH,Does not answer your all questions as it does not get connected to many websites,[],2024-08-28,70,"Colour: Purple, Configuration: Echo Pop only",
5,Echo Pop,R3GDXOZJPRD3LP,https://www.amazon.in/gp/customer-reviews/R3GDXOZJPRD3LP/ref=cm_cr_othr_d_rvw_ttl?ie=UTF8&ASIN=B09WWT8HFH,Awesome Speaker,[],2024-10-19,71,"Colour: Purple, Configuration: Echo Pop only",
5,Excellent product 👍🏼,R2W6UG6ASRVJ2N,https://www.amazon.in/gp/customer-reviews/R2W6UG6ASRVJ2N/ref=cm_cr_othr_d_rvw_ttl?ie=UTF8&ASIN=B09WWT8HFH,Good product.. My son is enjoying...,[],2024-10-12,72,"Colour: Green, Configuration: Echo Pop only",
3,"We used echo dot 3 for last 5 years, Writing review compare with that",R2WR02UW4B5CYZ,https://www.amazon.in/gp/customer-reviews/R2WR02UW4B5CYZ/ref=cm_cr_othr_d_rvw_ttl?ie=UTF8&ASIN=B09WWT8HFH,"Sound is not good as echo dot 3, the sound is like a local speaker.",[],2024-10-10,41,"Colour: Green, Configuration: Echo Pop only",
4,Alexa echo pop,R2H4PXC4LMSEJQ,https://www.amazon.in/gp/customer-reviews/R2H4PXC4LMSEJQ/ref=cm_cr_othr_d_rvw_ttl?ie=UTF8&ASIN=B09WWT8HFH,"It is a really good device plays songs with balanced volume ,ask any questions it answers you and is portable you can carry anywhere you want,totally worth it",[],2024-07-24,42,"Colour: Purple, Configuration: Echo Pop only",
5,Very good product from Amazon,R37QZPOS9Y38RS,https://www.amazon.in/gp/customer-reviews/R37QZPOS9Y38RS/ref=cm_cr_othr_d_rvw_ttl?ie=UTF8&ASIN=B09WWT8HFH,We were waking up by this device from bed in the morning. Sound quality should have been better,[],2024-11-08,43,"Colour: Purple, Configuration: Echo Pop only",
5,Best quality,R107LC5PVB6GNU,https://www.amazon.in/gp/customer-reviews/R107LC5PVB6GNU/ref=cm_cr_othr_d_rvw_ttl?ie=UTF8&ASIN=B09WWT8HFH,Nice 👍 super happy,[],2024-11-29,44,"Colour: Green, Configuration: Echo Pop only",
5,Cool,R1WVBDHFIY5OFS,https://www.amazon.in/gp/customer-reviews/R1WVBDHFIY5OFS/ref=cm_cr_othr_d_rvw_ttl?ie=UTF8&ASIN=B09WWT8HFH,"The media could not be loaded.
                
            
                
            
        
    
    








  
  
     This is a cool toy for me, hook up all your stuff together and voilà everything can be done on your simple wish.Crisp and balanced sound fair base for a single speaker,Nice plug and play deviceGets the commands correct, fairly always ( almost ) here’s the mind blowing partI have a pretty wide bedroom, now if i utter alexa in a low tone voice ( not whispering ) from a corner,This device will catch it every single time without any delay, ( considering the room is not too noisy with sounds ).Mind you that you do get the control over your voice recordings and interaction history.Liked the design better compared to echo dot.Sweet AI technology which willingly bares your lazy a** wishes.Kudos to amazonAnd if possible guys make this in india,China is a past thing now.",[],2024-04-18,45,"Colour: White, Configuration: Echo Pop only",
5,Good,R3LOF4M2JVQVBK,https://www.amazon.in/gp/customer-reviews/R3LOF4M2JVQVBK/ref=cm_cr_othr_d_rvw_ttl?ie=UTF8&ASIN=B09WWT8HFH,Good voice quality can be improved,[],2024-11-10,46,"Colour: Green, Configuration: Echo Pop only",
5,Very good,RO872D50XAG83,https://www.amazon.in/gp/customer-reviews/RO872D50XAG83/ref=cm_cr_othr_d_rvw_ttl?ie=UTF8&ASIN=B09WWT8HFH,I like it,[],2024-11-12,47,"Colour: Green, Configuration: Echo Pop only",
5,Alexa,R2KDH5NY7DBDKG,https://www.amazon.in/gp/customer-reviews/R2KDH5NY7DBDKG/ref=cm_cr_othr_d_rvw_ttl?ie=UTF8&ASIN=B09WWT8HFH,This echo product is the best buy for the rate being offered.,[],2024-11-01,48,"Colour: Purple, Configuration: Echo Pop only",
4,good,R3GP0T2BHB9A6W,https://www.amazon.in/gp/customer-reviews/R3GP0T2BHB9A6W/ref=cm_cr_othr_d_rvw_ttl?ie=UTF8&ASIN=B09WWT8HFH,good,[],2025-01-18,9,"Colour: Purple, Configuration: Echo Pop only",
5,It's Good,R3K5F7XDBDGTN7,https://www.amazon.in/gp/customer-reviews/R3K5F7XDBDGTN7/ref=cm_cr_othr_d_rvw_ttl?ie=UTF8&ASIN=B09WWT8HFH,More than expected.,[],2025-02-01,10,"Colour: Green, Configuration: Echo Pop only",
5,Alexa is too fast,R22ZTCHRD0COXX,https://www.amazon.in/gp/customer-reviews/R22ZTCHRD0COXX/ref=cm_cr_othr_d_rvw_ttl?ie=UTF8&ASIN=B09WWT8HFH,Sound quality best,[],2025-01-31,11,"Colour: White, Configuration: Echo Pop only",
5,Useful and superb product,R3HJNSPMVH3IKD,https://www.amazon.in/gp/customer-reviews/R3HJNSPMVH3IKD/ref=cm_cr_othr_d_rvw_ttl?ie=UTF8&ASIN=B09WWT8HFH,Superb product !!,[],2025-01-24,12,"Colour: Purple, Configuration: Echo Pop only",
4,Good,R2CPJ2V035LXIA,https://www.amazon.in/gp/customer-reviews/R2CPJ2V035LXIA/ref=cm_cr_othr_d_rvw_ttl?ie=UTF8&ASIN=B09WWT8HFH,Sounds quality amazing at this price range but alexa not picking all the songs with title alexa catch only mostly singer name,[],2024-11-09,13,"Colour: Green, Configuration: Echo Pop only",
4,Should be cordless,RTYLDKFV88972,https://www.amazon.in/gp/customer-reviews/RTYLDKFV88972/ref=cm_cr_othr_d_rvw_ttl?ie=UTF8&ASIN=B09WWT8HFH,Should be Chargeable,[],2024-11-13,14,"Colour: White, Configuration: Echo Pop only",
5,Cool product,RINSIUA3MEAEM,https://www.amazon.in/gp/customer-reviews/RINSIUA3MEAEM/ref=cm_cr_othr_d_rvw_ttl?ie=UTF8&ASIN=B09WWT8HFH,I love it!,[],2025-01-19,15,"Colour: Purple, Configuration: Echo Pop only",
5,Useful Music box and Smart Tool,RX5IC3HK1A2Y7,https://www.amazon.in/gp/customer-reviews/RX5IC3HK1A2Y7/ref=cm_cr_othr_d_rvw_ttl?ie=UTF8&ASIN=B09WWT8HFH,"I use it for listening to the Music, operating my smart devices. Really enjoying the use. Small and Intelligent gadget.",['https://m.media-amazon.com/images/I/717HyveiFxL._SY88.jpg'],2025-01-17,16,"Colour: White, Configuration: Echo Pop only",
5,Perfect for my kitchen,R2YHQ9Y1SDT2TG,https://www.amazon.in/gp/customer-reviews/R2YHQ9Y1SDT2TG/ref=cm_cr_othr_d_rvw_ttl?ie=UTF8&ASIN=B09WWT8HFH,I like listening to music when working in the kitchen. It's a very compact and effective product. It came paired with my account so all I had to do was plug and play.,[],2024-09-28,49,"Colour: Purple, Configuration: Echo Pop only",
4,Excellent,R2EV9X94L3RZY4,https://www.amazon.in/gp/customer-reviews/R2EV9X94L3RZY4/ref=cm_cr_othr_d_rvw_ttl?ie=UTF8&ASIN=B09WWT8HFH,"Pretty handy gadget, stress booster.","['https://m.media-amazon.com/images/I/71zLgLS8ZaL._SY88.jpg', 'https://m.media-amazon.com/images/I/81i4vm39jrL._SY88.jpg']",2024-07-25,50,"Colour: Green, Configuration: Echo Pop only",
5,Value for money,RBT25R56GTNR8,https://www.amazon.in/gp/customer-reviews/RBT25R56GTNR8/ref=cm_cr_othr_d_rvw_ttl?ie=UTF8&ASIN=B09WWT8HFH,Features are same as echo dot. I still feel the sound quality of dot is slightly better than pop.At this price point (Amazon shopping festival price 2945) this is bank for the buck,[],2024-10-07,51,"Colour: Purple, Configuration: Echo Pop only",
2,Echo pop Good Power adapter waste,R3J7S7ILUWOE7W,https://www.amazon.in/gp/customer-reviews/R3J7S7ILUWOE7W/ref=cm_cr_othr_d_rvw_ttl?ie=UTF8&ASIN=B09WWT8HFH,Echo pop worked good and suddenly not working within in a month. Checked and found power adapter not working..,[],2024-12-25,52,"Colour: Black, Configuration: Echo Pop only",
5,Amazing purchase!✌️,RWMRIANPKY8XF,https://www.amazon.in/gp/customer-reviews/RWMRIANPKY8XF/ref=cm_cr_othr_d_rvw_ttl?ie=UTF8&ASIN=B09WWT8HFH,"The media could not be loaded.
                
            
                
            
            
        
    
    








  
  
     Pop wonderful product, delivering pure music. Alexa surprise me. Producing good sound.❤️✌️✌️✌️",[],2024-11-14,53,"Colour: Green, Configuration: Echo Pop only",
5,Uuxccgg,R1BRHWQ2SO5D87,https://www.amazon.in/gp/customer-reviews/R1BRHWQ2SO5D87/ref=cm_cr_othr_d_rvw_ttl?ie=UTF8&ASIN=B09WWT8HFH,This is very nice base,[],2024-11-06,54,"Colour: Purple, Configuration: Echo Pop only",
4,Good looking,R346JRIA3V1BAV,https://www.amazon.in/gp/customer-reviews/R346JRIA3V1BAV/ref=cm_cr_othr_d_rvw_ttl?ie=UTF8&ASIN=B09WWT8HFH,,['https://m.media-amazon.com/images/I/71oUbBFv7FL._SY88.jpg'],2024-07-25,55,"Colour: Purple, Configuration: Echo Pop only",
5,Great quality,R1DJZFXJ6DXK7J,https://www.amazon.in/gp/customer-reviews/R1DJZFXJ6DXK7J/ref=cm_cr_othr_d_rvw_ttl?ie=UTF8&ASIN=B09WWT8HFH,Easy to use for kids and elders both.,[],2024-10-14,56,"Colour: Black, Configuration: Echo Pop only",
5,Good sound,R6R2Z77EKMGAE,https://www.amazon.in/gp/customer-reviews/R6R2Z77EKMGAE/ref=cm_cr_othr_d_rvw_ttl?ie=UTF8&ASIN=B09WWT8HFH,Good sound & clirty,[],2024-10-22,57,"Colour: Purple, Configuration: Echo Pop only",
5,Best purchase,R3SG3WAJFKDA80,https://www.amazon.in/gp/customer-reviews/R3SG3WAJFKDA80/ref=cm_cr_othr_d_rvw_ttl?ie=UTF8&ASIN=B09WWT8HFH,Must buy if u r looking for smart home,[],2024-10-17,58,"Colour: Purple, Configuration: Echo Pop only",
5,Best purchase,R1FALIFABYWMSX,https://www.amazon.in/gp/customer-reviews/R1FALIFABYWMSX/ref=cm_cr_othr_d_rvw_ttl?ie=UTF8&ASIN=B09WWT8HFH,I love the quality of this eco dot and also the sound quality also improves,[],2024-09-30,59,"Colour: Purple, Configuration: Echo Pop only",
4,Alexa Eco Pop,R1WZ9TXSJG78ZW,https://www.amazon.in/gp/customer-reviews/R1WZ9TXSJG78ZW/ref=cm_cr_othr_d_rvw_ttl?ie=UTF8&ASIN=B09WWT8HFH,This is third device that I bought and none of them could not work for complete one year. Kindly improve that.,[],2024-05-18,60,"Colour: Purple, Configuration: Echo Pop only",
5,Good product!,R2Z68H6U7ZEYRY,https://www.amazon.in/gp/customer-reviews/R2Z68H6U7ZEYRY/ref=cm_cr_othr_d_rvw_ttl?ie=UTF8&ASIN=B09WWT8HFH,Excellent product! Good sound quality!,['https://m.media-amazon.com/images/I/71rjIBYRYdL._SY88.jpg'],2024-10-16,61,"Colour: Green, Configuration: Echo Pop only",
2,Worst Packaging. Suspect it to be Used or Refurbished.,R1N0Y6OR8FU8TB,https://www.amazon.in/gp/customer-reviews/R1N0Y6OR8FU8TB/ref=cm_cr_othr_d_rvw_ttl?ie=UTF8&ASIN=B09WWT8HFH,"I got this Echo Pop today, and frankly I was shocked by its packaging. The packing box was fully open and the Echo Pop device was outside the box (but inside the delivery envelope of amazon). There was no tape or seal on the box. Also there was no plastic packing of the Echo Pop inside the Box, it was just stashed in, and I am naturally suspecting that it is either a returned device or a refurbished one. The saving grace is that it is working on first use and I will observe for a few days, and if any issue will return it. But I am really sad to see that Amazon, being such a big company, is not adhering to quality control standards. The very least a customer deserves: is to be given the delight of a product purchase, with proper packaging and the feeling of new, and not of used and second hand, and worst the uncertainty over quality. Charge 50-100 bucks extra but please deliver with care and in proper condition.",[],2024-07-20,62,"Colour: Black, Configuration: Echo Pop only",
5,Echo Pop,R13DODYONMV17L,https://www.amazon.in/gp/customer-reviews/R13DODYONMV17L/ref=cm_cr_othr_d_rvw_ttl?ie=UTF8&ASIN=B09WWT8HFH,"Very cute, looking smart speaker, which can be used either as a personal assistant or for home automation. Good sound, quality, volume, lightweight, very easy to use great in appearance. value for money.",[],2024-09-01,63,"Colour: Black, Configuration: Echo Pop only",
5,A pop of life in my room!,RMSRF28TUJ738,https://www.amazon.in/gp/customer-reviews/RMSRF28TUJ738/ref=cm_cr_othr_d_rvw_ttl?ie=UTF8&ASIN=B09WWT8HFH,"The size is really cute, the colours are aesthetic, the sound is AMAZING! Some have mentioned that at higher volume levels, the quality degrades, but it hasn't been the case for me. 🤞🏻Im experiencing a little difficulty with connecting it to my Spotify, but it's not a big deal. I love my Alexaaaa, it has been a wise purchase. 🫶🏼",['https://m.media-amazon.com/images/I/71JvUaK4fkL._SY88.jpg'],2024-08-06,64,"Colour: Purple, Configuration: Echo Pop only",
4,Best at best price.,R23M343PBPAQHU,https://www.amazon.in/gp/customer-reviews/R23M343PBPAQHU/ref=cm_cr_othr_d_rvw_ttl?ie=UTF8&ASIN=B09WWT8HFH,I was confused and concerned about the audio/sound quality of this echo pop which is compact and have kinda less bass comparing to there higher end version which is Echo Dot Gen 4 and Gen 5 however I was surprised by the quality and to be honest it is crisp and good highly suggested.,[],2024-01-07,73,"Colour: White, Configuration: Echo Pop only",
4,Not able to connect with phone,R3RMBVKIF77EJ8,https://www.amazon.in/gp/customer-reviews/R3RMBVKIF77EJ8/ref=cm_cr_othr_d_rvw_ttl?ie=UTF8&ASIN=B09WWT8HFH,Need help from customer care to connect with phone,['https://m.media-amazon.com/images/I/716VXnO66EL._SY88.jpg'],2024-06-05,74,"Colour: Purple, Configuration: Echo Pop only",
5,Good,R11RG1NL2NEL7T,https://www.amazon.in/gp/customer-reviews/R11RG1NL2NEL7T/ref=cm_cr_othr_d_rvw_ttl?ie=UTF8&ASIN=B09WWT8HFH,Value for money,[],2024-10-13,75,"Colour: Purple, Configuration: Echo Pop only",
5,Very clear and sensitive,R23PLABLE50L8N,https://www.amazon.in/gp/customer-reviews/R23PLABLE50L8N/ref=cm_cr_othr_d_rvw_ttl?ie=UTF8&ASIN=B09WWT8HFH,Good,[],2024-10-17,76,"Colour: Black, Configuration: Echo Pop only",
5,Recommonded,R34H8C2YOINJ4Q,https://www.amazon.in/gp/customer-reviews/R34H8C2YOINJ4Q/ref=cm_cr_othr_d_rvw_ttl?ie=UTF8&ASIN=B09WWT8HFH,Enjoying...,[],2024-10-17,77,"Colour: Purple, Configuration: Echo Pop only",
1,Do not buy it at any cost,RVO2JECQMBXOO,https://www.amazon.in/gp/customer-reviews/RVO2JECQMBXOO/ref=cm_cr_othr_d_rvw_ttl?ie=UTF8&ASIN=B09WWT8HFH,"Do not buy this product,  it stopped working after 3 months n its non returnable , they will tell u to buy new one  and get refunded for old but dont fall for this trap , my money n product both got wasted.. i complaint in rbi as well",[],2025-01-18,78,"Colour: Purple, Configuration: Echo Pop only",
5,Super,RO1CCV6MSVWIZ,https://www.amazon.in/gp/customer-reviews/RO1CCV6MSVWIZ/ref=cm_cr_othr_d_rvw_ttl?ie=UTF8&ASIN=B09WWT8HFH,Super,[],2024-10-21,79,"Colour: Green, Configuration: Echo Pop only",
4,Variety good,R3BU8IS6U0F7ND,https://www.amazon.in/gp/customer-reviews/R3BU8IS6U0F7ND/ref=cm_cr_othr_d_rvw_ttl?ie=UTF8&ASIN=B09WWT8HFH,Good product,[],2024-06-04,80,"Colour: Purple, Configuration: Echo Pop only",
4,Good product,R14NPREBUC6XXR,https://www.amazon.in/gp/customer-reviews/R14NPREBUC6XXR/ref=cm_cr_othr_d_rvw_ttl?ie=UTF8&ASIN=B09WWT8HFH,Good product but the sound is low as compared to alexa 4 th gen alexa but overall value for money,['https://m.media-amazon.com/images/I/81xXZHWbzSL._SY88.jpg'],2024-09-03,33,"Colour: Green, Configuration: Echo Pop only",
5,Good,R1F1KZ2A3NPGSR,https://www.amazon.in/gp/customer-reviews/R1F1KZ2A3NPGSR/ref=cm_cr_othr_d_rvw_ttl?ie=UTF8&ASIN=B09WWT8HFH,Good,[],2024-12-11,34,"Colour: Black, Configuration: Echo Pop only",
5,Amazing buddy,R2PHLT9V8BGVV0,https://www.amazon.in/gp/customer-reviews/R2PHLT9V8BGVV0/ref=cm_cr_othr_d_rvw_ttl?ie=UTF8&ASIN=B09WWT8HFH,It’s fabulous,[],2024-12-07,35,"Colour: Black, Configuration: Echo Pop only",
4,Amazon Alexa - Good till Amazon Subscription,R3SLRGKXFM0HG,https://www.amazon.in/gp/customer-reviews/R3SLRGKXFM0HG/ref=cm_cr_othr_d_rvw_ttl?ie=UTF8&ASIN=B09WWT8HFH,The product is good as hardware and intelligent AI with different voice recognitions in Hindi and English. There is no support for Amazon Music without a subscription and even third-party music service is very limited. It is dumb without an Amazon subscription for which you must pay extra bucks annually. Its peer competitor Google has support for YouTube which is lacking in Amazon Alexa. Amazon should provide a free/nominal subscription for Amazon Music.,['https://m.media-amazon.com/images/I/310zfqy+fEL._SY88.jpg'],2024-07-24,36,"Colour: Black, Configuration: Echo Pop only",
3,Low sound,R3OHPX5N4N2Z3K,https://www.amazon.in/gp/customer-reviews/R3OHPX5N4N2Z3K/ref=cm_cr_othr_d_rvw_ttl?ie=UTF8&ASIN=B09WWT8HFH,Low sound replacing with same,[],2024-10-26,37,"Colour: Black, Configuration: Echo Pop only",
5,Got this in Rs 2500 in Great Indian festival sale 🎶 Perfect for Bhajans and More! 🙏🎧,R3KMLN69ZGSLKI,https://www.amazon.in/gp/customer-reviews/R3KMLN69ZGSLKI/ref=cm_cr_othr_d_rvw_ttl?ie=UTF8&ASIN=B09WWT8HFH,"I love using this Echo Pop speaker every morning to listen to bhajans! 🎵🙏 The sound is loud and clear, perfect for my 2 BHK flat. 🏠 It's got just the right volume for peaceful mornings. 🌅Not just for music though! 🎶 It connects easily to my laptop 💻 and works great for Zoom meetings too. 🎤🖥️ Plus, I use it for setting reminders ⏰ and alarms 📅— super handy!Overall, it’s a must-have gadget for a smooth and organized day! 👍💯",[],2024-10-08,38,"Colour: Black, Configuration: Echo Pop only",
3,performance is very bad,R2SBKZ65M47KU9,https://www.amazon.in/gp/customer-reviews/R2SBKZ65M47KU9/ref=cm_cr_othr_d_rvw_ttl?ie=UTF8&ASIN=B09WWT8HFH,Echo dot is far better than Echo Pop. It doesn't respond even when we are in normal pace. When we increase our voice to higher than only it respond. even when we are in same room but at one corner approx 6 ft distance also. It doesn't respond even when there is no obstacles. But Echo Dot even when we are in side room and even we say alexa in normal pace. Immediately it gets activated and responds.,[],2024-09-06,39,"Colour: White, Configuration: Echo Pop only",
5,The echo pop,R1EGSU1X9YUX2L,https://www.amazon.in/gp/customer-reviews/R1EGSU1X9YUX2L/ref=cm_cr_othr_d_rvw_ttl?ie=UTF8&ASIN=B09WWT8HFH,"Hi I recently the the echo pop and it is pretty amazing.  It can controls the smart lights ,fans and tv,it helps in studies.  It's great for the family . It has games also like the ""Akinator , chidiya udd ,Simone says and many more . It can play songs ,set alarms and routines .worth of the money .",[],2024-10-17,40,"Colour: Purple, Configuration: Echo Pop only",
