ratingScore,reviewTitle,reviewId,reviewUrl,reviewDescription,reviewImages,date,position,variant,totalCategoryRatings
5,"Popular,Rugged and powerful but bit expensive.",RA95V4QJRRFJS,https://www.amazon.in/gp/customer-reviews/RA95V4QJRRFJS/ref=cm_cr_othr_d_rvw_ttl?ie=UTF8&ASIN=B07SVH63PX,"The JBL Flip 6 is a popular portable Bluetooth speaker and is known for its powerful sound, impressive bass for its size and rugged waterproof design.Here's a summary of the key features and strengths: * Powerful Sound: The Flip 6 delivers loud and clear audio with surprisingly strong bass for its compact size. It can easily fill a small to medium-sized room with sound. * Rugged and Waterproof: With an IP67 rating, the Flip 6 is dustproof and waterproof, making it suitable for outdoor adventures and poolside parties. * Portable and Convenient: Its compact size and carrying strap make it easy to take the Flip 6 on the go. * Long Battery Life: The Flip 6 offers up to 12 hours of playtime on a single charge.However, there are a few minor drawbacks: * High-Frequency Limitations: The Flip 6 may not reproduce high-pitched sounds with the same clarity as some other speakers. But it is quite impressive if you are not a sound guy you would not even notice. * Price: The Flip 6 is relatively expensive compared to some other portable Bluetooth speakers.Overall:The JBL Flip 6 is an excellent choice for anyone looking for a portable Bluetooth speaker with powerful sound, a rugged design, and long battery life. It's a great option for outdoor activities, parties, and everyday use.",[],2024-12-28,1,"Colour: Black, Style Name: Flip 6",
5,Me WOW,R28I2YWELX0ES5,https://www.amazon.in/gp/customer-reviews/R28I2YWELX0ES5/ref=cm_cr_othr_d_rvw_ttl?ie=UTF8&ASIN=B07SVH63PX,"I was very sceptical towards spending 8k on 30 watts speaker. It took months to make the purchase. Man this one is worth every penny. Let me tell you that you are not going to love it when you listen for first time. You have to play with JBL portable app and set up the equilizer that suits your need I am more country, melody, reggae, and Rock ( none of the new ones 70-90s) it is awesome. I think it would be okay electronic and hip hop great too. Funny thing is at high volume I get same experience no changes or deterioration. For bass lovers I can't say for sure.","['https://m.media-amazon.com/images/I/61e9N4yAIKL._SY88.jpg', 'https://m.media-amazon.com/images/I/71B-ab4cJ8L._SY88.jpg']",2025-01-24,2,"Colour: Blue, Style Name: Flip 6",
4,Extremely recommended,R1GWEUVOE9JHNL,https://www.amazon.in/gp/customer-reviews/R1GWEUVOE9JHNL/ref=cm_cr_othr_d_rvw_ttl?ie=UTF8&ASIN=B07SVH63PX,"**Overall Impression:**I'm thoroughly impressed with this Bluetooth speaker. It delivers exceptional sound quality, with rich, clear audio and satisfying bass. While the bass could be a bit deeper at higher volumes, it's still impressive for its size.**Key Features:*** **Sound Quality:** Excellent overall sound quality, with clear vocals and detailed instrumentals. The bass is solid, although it could be more pronounced at higher volumes.* **Bluetooth Connectivity:** Seamless Bluetooth pairing and stable connection.* **Portability:** Compact and lightweight design, making it easy to take on the go. Thanks to the attached loop.**Pros:*** Exceptional sound quality* Clear vocals and detailed instrumentals* Solid bass performance* Easy Bluetooth pairing* Portable design**Cons:*** Bass could be more pronounced at higher volumes**Conclusion:**If you're looking for a Bluetooth speaker that delivers great sound quality and is easy to use, I highly recommend this model. It's a fantastic option for both indoor and outdoor listening.","['https://m.media-amazon.com/images/I/714KUH1em7L._SY88.jpg', 'https://m.media-amazon.com/images/I/71BwfwsEWOL._SY88.jpg', 'https://m.media-amazon.com/images/I/81bUUiAS4fL._SY88.jpg']",2024-08-28,3,"Colour: Black, Style Name: Flip 6",
5,REALLY CLASSIC & QUALITY PRODUCT !!,R5YC119PTGHUS,https://www.amazon.in/gp/customer-reviews/R5YC119PTGHUS/ref=cm_cr_othr_d_rvw_ttl?ie=UTF8&ASIN=B07SVH63PX,BEAUTIFUL AND CLASSIC PRODUCT .NICE PERFORMANCE. VERY USE TOO AND PORTABLE SPEAKER 🔊. BATTERY LIFE APPRECIATED . BASS IS ALSO GOOD. JBL IS ALWAYS ONE OF THE BEST MUSIC SYSTEM S . HIGHLY RECOMMEND FOR THE MUSIC LOVERS.THANK S TO AMAZON AND TEAM !!,"['https://m.media-amazon.com/images/I/61pLR-u4DQL._SY88.jpg', 'https://m.media-amazon.com/images/I/718J3XMMpPL._SY88.jpg', 'https://m.media-amazon.com/images/I/71Vu85sKMvL._SY88.jpg', 'https://m.media-amazon.com/images/I/71YmfCXIAZL._SY88.jpg', 'https://m.media-amazon.com/images/I/71v-vtKSpsL._SY88.jpg']",2025-01-22,4,"Colour: Blue, Style Name: Flip 6",
5,Best sound quality and battery backup is amazing!,RAPJSQCQ331JK,https://www.amazon.in/gp/customer-reviews/RAPJSQCQ331JK/ref=cm_cr_othr_d_rvw_ttl?ie=UTF8&ASIN=B07SVH63PX,"The media could not be loaded.
                
            
                
            
            
        
    
    








  
  
     How can I define it's great sound quality serves the purpose what it claims. It's sound quality is mesmerizing gives ones ears a refreshing feel. One can never be bored on listening it's amazing sound and it's bass is heart touching with its eye catching look. I am so impressed with its size that how can this little master provides such a loud sound which is sufficient for 12/12 room very well. I have no regret with my purchase and no issue with its performance.  Battery backup is in next level which can easily last for 12 hours with 60% volume and I think 60% volume is sufficient.I am very happy!Apart from this I am very much disappointed with Amazon because when I placed my order first time the Amazon failed to deliver my product and compelled me to bear a 1000 rupees loss which was a coupon grabbed by me on my order placement. Amazon cancelled my first order on saying that my order has been lost somewhere and I was forced to place a new order with 1000 rupees loss. Amazon you shouldn't do it well with your valued customer because Amazon is my first priority regarding shopping. Shame on you and you have to pay my loss.Moreover thanks alot to the seller.",['https://m.media-amazon.com/images/I/81Me8pCCwOL._SY88.jpg'],2024-11-14,5,"Colour: Black, Style Name: Flip 6",
5,"Great buy, a great discovery",RTVNGG9EC2Z5T,https://www.amazon.in/gp/customer-reviews/RTVNGG9EC2Z5T/ref=cm_cr_othr_d_rvw_ttl?ie=UTF8&ASIN=B07SVH63PX,"After reading a lot of reviews finally zeroed in on Flip 6. And oh yes, it's one of my best buys. The sound quality is top notch and the lower frequency sound output is also great. There is an app to connect two JBL speakers simultaneously. Bass, sound output and volume is great. The speaker serves the purpose of a room speaker for personal and outdoor use. Bluetooth connection is prompt. Battery backup is good, charging speed is decent.Perfomance 9/10Overall a great value for money.",[],2024-12-15,6,"Colour: Blue, Style Name: Flip 6",
5,Amazing product,R2J893VQDXYBF9,https://www.amazon.in/gp/customer-reviews/R2J893VQDXYBF9/ref=cm_cr_othr_d_rvw_ttl?ie=UTF8&ASIN=B07SVH63PX,Sound is so good and powerful that you don't bigger speaker for family and friends gatehring,[],2025-01-09,7,"Colour: Sqaud, Style Name: Flip 6",
4,value for money,R2QU6XG7YS9EOG,https://www.amazon.in/gp/customer-reviews/R2QU6XG7YS9EOG/ref=cm_cr_othr_d_rvw_ttl?ie=UTF8&ASIN=B07SVH63PX,"I purchased product at great price and it was birthday gift to my son, and it completely exceeded my expectations. The quality is really good, especially considering the reasonable cost. What impressed me most was JBL sound, since I already had JBL party box. The product delivers exceptional value - I would definitely recommend it to anyone looking for a high-quality item without breaking the bank",[],2025-01-21,8,"Colour: Black, Style Name: Flip 5",
4,Great Products but...,R1YPGRKMUK86R1,https://www.amazon.in/gp/customer-reviews/R1YPGRKMUK86R1/ref=cm_cr_othr_d_rvw_ttl?ie=UTF8&ASIN=B07SVH63PX,"Have been using it since 2 months, great sound quality and durability but the only issue is the Bluetooth connectivity which often lags for a second or so.",[],2024-12-03,17,"Colour: Black, Style Name: Flip 5",
5,Review by TechBiradar.,R2RTKZ7GYWTP8Q,https://www.amazon.in/gp/customer-reviews/R2RTKZ7GYWTP8Q/ref=cm_cr_othr_d_rvw_ttl?ie=UTF8&ASIN=B07SVH63PX,"The media could not be loaded.
                
            
                
            
            
        
    
    








  
  
     As per the gadget overall score based on so compact. 10 out of 10.But but we have to test the battery too. The duration. But seems like its good at battery too as its been 3 continuous hours of usage and the performance is still amazing along with the sound quality and bass it produce. So the compact design with the bluetooth connectivity is way too flawless. Thanks JBL.",[],2025-01-14,18,"Colour: Sqaud, Style Name: Flip 6",
5,Perfect,R3EZ75DC9MGBD7,https://www.amazon.in/gp/customer-reviews/R3EZ75DC9MGBD7/ref=cm_cr_othr_d_rvw_ttl?ie=UTF8&ASIN=B07SVH63PX,Nice,[],2025-01-25,19,"Colour: Black, Style Name: Flip 6",
4,Best sound quality and build quality,R16I4T05AQ8Z7Q,https://www.amazon.in/gp/customer-reviews/R16I4T05AQ8Z7Q/ref=cm_cr_othr_d_rvw_ttl?ie=UTF8&ASIN=B07SVH63PX,Very deep bass qualit,"['https://m.media-amazon.com/images/I/71Fog5BIyjL._SY88.jpg', 'https://m.media-amazon.com/images/I/71j9SVGQDTL._SY88.jpg', 'https://m.media-amazon.com/images/I/71kvcMQ-YWL._SY88.jpg', 'https://m.media-amazon.com/images/I/71ymWafFC-L._SY88.jpg']",2024-12-05,20,"Colour: Black, Style Name: Flip 6",
5,"More than enough for indoor use, balance sound,,bass is good,,battery life good",RY1NP9VIJPNYD,https://www.amazon.in/gp/customer-reviews/RY1NP9VIJPNYD/ref=cm_cr_othr_d_rvw_ttl?ie=UTF8&ASIN=B07SVH63PX,"More than enough for indoor use, balance sound,,bass is good,,battery life good",[],2025-01-13,21,"Colour: Blue, Style Name: Flip 6",
5,❤️❤️❤️❤️❤️❤️❤️❤️❤️❤️ Nice speaker 👌👌,R3L8OK3EZGQXD1,https://www.amazon.in/gp/customer-reviews/R3L8OK3EZGQXD1/ref=cm_cr_othr_d_rvw_ttl?ie=UTF8&ASIN=B07SVH63PX,Love this sound ❤️❤️❤️❤️❤️🙂🙂🙂Speaker ke sat koi free travel beg meljata accha hota,"['https://m.media-amazon.com/images/I/71TvwwRN3hL._SY88.jpg', 'https://m.media-amazon.com/images/I/71Y203Q1iKL._SY88.jpg']",2025-01-12,22,"Colour: Black, Style Name: Flip 5",
5,JBL👌,R3SKF2YKQWSVZR,https://www.amazon.in/gp/customer-reviews/R3SKF2YKQWSVZR/ref=cm_cr_othr_d_rvw_ttl?ie=UTF8&ASIN=B07SVH63PX,Sound quality 🫶,[],2025-01-19,23,"Colour: Black, Style Name: Flip 6",
5,Great sound!!,ROHUQABKS4T80,https://www.amazon.in/gp/customer-reviews/ROHUQABKS4T80/ref=cm_cr_othr_d_rvw_ttl?ie=UTF8&ASIN=B07SVH63PX,"For the price, I'd say this is a great sounding bluetooth speaker.I bought a second one too.As for the functionality, the speaker presents great button placement and easy user app interface. I could watch two to three movies back to back on a single charge.",[],2024-12-29,24,"Colour: Sqaud, Style Name: Flip 6",
4,Good sound quality.,R26HC161NO3ESW,https://www.amazon.in/gp/customer-reviews/R26HC161NO3ESW/ref=cm_cr_othr_d_rvw_ttl?ie=UTF8&ASIN=B07SVH63PX,Sound is decent. Not very loud. A good speaker for normal listening.,[],2024-10-28,57,"Colour: Sqaud, Style Name: Flip 6",
4,Clarity is bad,RJDL8IW5Q0EXP,https://www.amazon.in/gp/customer-reviews/RJDL8IW5Q0EXP/ref=cm_cr_othr_d_rvw_ttl?ie=UTF8&ASIN=B07SVH63PX,Sound clarity is little bit low. Bass is extremely beautiful.,[],2024-10-09,58,"Colour: Blue, Style Name: Flip 5",
3,On the bassy side,R3NGHRV3LR04TL,https://www.amazon.in/gp/customer-reviews/R3NGHRV3LR04TL/ref=cm_cr_othr_d_rvw_ttl?ie=UTF8&ASIN=B07SVH63PX,"Default sound quality is average, not the best. Die to the overpowering bass they might sound muddy to some, plus the sound quality deteriorated in a year as well...",[],2024-11-25,59,"Colour: Cambo, Style Name: Flip 5",
5,Very nice,R2OJO8AJXCHMTC,https://www.amazon.in/gp/customer-reviews/R2OJO8AJXCHMTC/ref=cm_cr_othr_d_rvw_ttl?ie=UTF8&ASIN=B07SVH63PX,What sound quality..... Bass is so good !!!!,[],2024-12-02,60,"Colour: Black, Style Name: Flip 5",
3,Bill,R3CS17OLHFNOPJ,https://www.amazon.in/gp/customer-reviews/R3CS17OLHFNOPJ/ref=cm_cr_othr_d_rvw_ttl?ie=UTF8&ASIN=B07SVH63PX,Bill not received so I can't believe that is orginal product,[],2024-12-03,61,"Colour: Blue, Style Name: Flip 5",
5,Best sound quality go for it value for money ❤️,R1KRQ1ET5SG4VA,https://www.amazon.in/gp/customer-reviews/R1KRQ1ET5SG4VA/ref=cm_cr_othr_d_rvw_ttl?ie=UTF8&ASIN=B07SVH63PX,The media could not be loaded.,['https://m.media-amazon.com/images/I/71kXVy7D5uL._SY88.jpg'],2025-01-07,62,"Colour: Black, Style Name: Flip 6",
5,"Great bass, Awesome sound quality",RZX3OH2LPC2DH,https://www.amazon.in/gp/customer-reviews/RZX3OH2LPC2DH/ref=cm_cr_othr_d_rvw_ttl?ie=UTF8&ASIN=B07SVH63PX,"The media could not be loaded.
                
            
                
            
            
        
    
    








  
  
     The JBL Flip 6 is a powerful yet compact portable speaker that impresses with rich, punchy bass and crisp sound quality. Its robust, high-quality build feels durable and is perfect for outdoor use. The waterproof, dustproof design adds peace of mind for adventures, and the strap makes it easy to carry anywhere. Despite its small size, the Flip 6 delivers big sound, making it ideal for any setting. Overall, JBL has combined convenience with top-notch audio performance, making the Flip 6 a fantastic choice for those looking for portability without compromising on sound quality.Price: Got it for 7100 and 500 cash back to wallet.",['https://m.media-amazon.com/images/I/61tyE0ufg+L._SY88.jpg'],2024-10-25,63,"Colour: Sqaud, Style Name: Flip 6",
5,Authentic JBL,R3EYI9IIHAYXWW,https://www.amazon.in/gp/customer-reviews/R3EYI9IIHAYXWW/ref=cm_cr_othr_d_rvw_ttl?ie=UTF8&ASIN=B07SVH63PX,"To know its authenticity JBL has crafted their product with inscription of their company name address and many other information which is absent in the 1st Copy. Im very Happy to get the authentic product. Please dont compare Flip lineup and Charge lineup, you cant even do TWS between them. Ive already used Charge 5 but this Flip 5 is also quit good for indoor and the size is much portable.","['https://m.media-amazon.com/images/I/61+cMVUC7dL._SY88.jpg', 'https://m.media-amazon.com/images/I/61YhFrVw00L._SY88.jpg', 'https://m.media-amazon.com/images/I/71ocizHF-gL._SY88.jpg']",2024-10-25,64,"Colour: Black, Style Name: Flip 5",
4,Jbl,RATE2KZEQTAV4,https://www.amazon.in/gp/customer-reviews/RATE2KZEQTAV4/ref=cm_cr_othr_d_rvw_ttl?ie=UTF8&ASIN=B07SVH63PX,Nice jbl,[],2024-10-02,65,"Colour: Black, Style Name: Flip 6",
4,Awesome Product,R2BV9GVNNNKCFT,https://www.amazon.in/gp/customer-reviews/R2BV9GVNNNKCFT/ref=cm_cr_othr_d_rvw_ttl?ie=UTF8&ASIN=B07SVH63PX,"The media could not be loaded.
                
            
                
            
        
    
    








  
  
     Premium Music Quality, Favorite one ♥️",[],2024-09-30,66,"Colour: Black, Style Name: Flip 5",
5,Best speakers for personal use.,R13D9EOG7L9AD5,https://www.amazon.in/gp/customer-reviews/R13D9EOG7L9AD5/ref=cm_cr_othr_d_rvw_ttl?ie=UTF8&ASIN=B07SVH63PX,Overall quaity and use satisfactory. The bass and music clarity is awesome. Started using this often and now i prefer this compared to TWS as the bass and balanced music output.,[],2024-11-17,67,"Colour: Blue, Style Name: Flip 5",
4,Good Product but wasn't aware it's a single speaker,R3HHSORIC6X5GT,https://www.amazon.in/gp/customer-reviews/R3HHSORIC6X5GT/ref=cm_cr_othr_d_rvw_ttl?ie=UTF8&ASIN=B07SVH63PX,Good Product but wasn't aware it's a single speaker. If it was dual speaker it would have had a massive bass.,[],2024-09-13,68,"Colour: Black, Style Name: Flip 5",
3,Packaging,R2QAK6NUQLHTVP,https://www.amazon.in/gp/customer-reviews/R2QAK6NUQLHTVP/ref=cm_cr_othr_d_rvw_ttl?ie=UTF8&ASIN=B07SVH63PX,"Product is good, but the packaging was not good and the box was already opened.",[],2024-11-21,69,"Colour: Black, Style Name: Flip 6",
5,Awesome Experience,R2Q5O6QP2OWEOU,https://www.amazon.in/gp/customer-reviews/R2Q5O6QP2OWEOU/ref=cm_cr_othr_d_rvw_ttl?ie=UTF8&ASIN=B07SVH63PX,A must buy product.. I loved it!!,"['https://m.media-amazon.com/images/I/61VMf39u7EL._SY88.jpg', 'https://m.media-amazon.com/images/I/71AsCONwgkL._SY88.jpg', 'https://m.media-amazon.com/images/I/71ljZvrWbLL._SY88.jpg']",2024-11-26,70,"Colour: Sqaud, Style Name: Flip 6",
4,Nice,R2T3MN6VZZYE8Y,https://www.amazon.in/gp/customer-reviews/R2T3MN6VZZYE8Y/ref=cm_cr_othr_d_rvw_ttl?ie=UTF8&ASIN=B07SVH63PX,Nice voice,[],2024-10-03,71,"Colour: Black, Style Name: Flip 6",
4,It's loud and bassy.. i like it,RDAGU7Z1KMT28,https://www.amazon.in/gp/customer-reviews/RDAGU7Z1KMT28/ref=cm_cr_othr_d_rvw_ttl?ie=UTF8&ASIN=B07SVH63PX,"The bass and vocals are really good. The treble is a bit low, but it's fine for me.","['https://m.media-amazon.com/images/I/71Kr+pt5ZjL._SY88.jpg', 'https://m.media-amazon.com/images/I/71VMxNQx6xL._SY88.jpg', 'https://m.media-amazon.com/images/I/71ftVXNqdkL._SY88.jpg', 'https://m.media-amazon.com/images/I/71ii8yIbR5L._SY88.jpg', 'https://m.media-amazon.com/images/I/71meNLdY7OL._SY88.jpg', 'https://m.media-amazon.com/images/I/71pyuw0uAjL._SY88.jpg']",2024-09-10,72,"Colour: Black, Style Name: Flip 6",
5,JBL is JBL,R1WTA720BFAXTE,https://www.amazon.in/gp/customer-reviews/R1WTA720BFAXTE/ref=cm_cr_othr_d_rvw_ttl?ie=UTF8&ASIN=B07SVH63PX,Awesome sound. Crystal clear. Nothing else comes close. Worth buying. Build quality is like rock. Superb.,[],2025-01-16,25,"Colour: Black, Style Name: Flip 6",
5,This Speaker is a Monster,R15CK0CPH27FU6,https://www.amazon.in/gp/customer-reviews/R15CK0CPH27FU6/ref=cm_cr_othr_d_rvw_ttl?ie=UTF8&ASIN=B07SVH63PX,One of the best product by the Best. JBL,[],2025-01-13,26,"Colour: Black, Style Name: Flip 6",
5,Great item,R3ON3EJ3ZF16SX,https://www.amazon.in/gp/customer-reviews/R3ON3EJ3ZF16SX/ref=cm_cr_othr_d_rvw_ttl?ie=UTF8&ASIN=B07SVH63PX,JBL speaker is very in quality.  Great Bass  🔊 👌,[],2025-01-06,27,"Colour: Black, Style Name: Flip 5",
4,Decent speaker,RWC8OW8LDOT7C,https://www.amazon.in/gp/customer-reviews/RWC8OW8LDOT7C/ref=cm_cr_othr_d_rvw_ttl?ie=UTF8&ASIN=B07SVH63PX,"I could crank up the volume to desirable levels with volume booster apps, the mids and lows are satisfactory; although the latter could do better with a bit more bass imo. The battery life is nothing to boast about, but it meets expectations. The design is rugged, with the speaker being appealing to the eye.I don't plan on testing the water-proof feature, but I'm sure it would stand up well if I were to. A little expensive, but worth the money.",[],2024-09-30,28,"Colour: Red, Style Name: Flip 6",
5,Excellent,R26DVZSPVJKD19,https://www.amazon.in/gp/customer-reviews/R26DVZSPVJKD19/ref=cm_cr_othr_d_rvw_ttl?ie=UTF8&ASIN=B07SVH63PX,Excellent,[],2025-01-10,29,"Colour: Sqaud, Style Name: Flip 6",
4,Quality,R130LXTUT0ORF0,https://www.amazon.in/gp/customer-reviews/R130LXTUT0ORF0/ref=cm_cr_othr_d_rvw_ttl?ie=UTF8&ASIN=B07SVH63PX,"The media could not be loaded.
                
            
                
            
        
    
    








  
  
     Music quality is so good, Bass is good upto 60% volume after that bass is suppressed and mid & higs only increases(due to compact size).Pros:-  Sound clarity is good.  IPX7 dust and water proof upto certain level  Build is sterdy (🧱) Cons:-  No Aux,Usb  Support  No higer sound codec support only Sbc.  Battery last 7-8hrs.","['https://m.media-amazon.com/images/I/81Nx1uXeQXL._SY88.jpg', 'https://m.media-amazon.com/images/I/81rgdhAnh8L._SY88.jpg', 'https://m.media-amazon.com/images/I/81wIUFp6xkL._SY88.jpg']",2024-10-14,30,"Colour: Black, Style Name: Flip 6",
4,JBL never disappoints,R3JG2Y6HVPTV6Q,https://www.amazon.in/gp/customer-reviews/R3JG2Y6HVPTV6Q/ref=cm_cr_othr_d_rvw_ttl?ie=UTF8&ASIN=B07SVH63PX,"For its size, the Flip 5 delivers powerful, bass-rich sound. The JBL Flip 5 is a solid choice for anyone looking for a portable, durable, and powerful Bluetooth speaker.",['https://m.media-amazon.com/images/I/71IbStek36L._SY88.jpg'],2024-11-04,31,"Colour: Black, Style Name: Flip 5",
4,Good,R1VTKCAX9RXGW3,https://www.amazon.in/gp/customer-reviews/R1VTKCAX9RXGW3/ref=cm_cr_othr_d_rvw_ttl?ie=UTF8&ASIN=B07SVH63PX,Good,[],2024-11-19,32,"Colour: Black, Style Name: Flip 6",
5,Best product to enjoy music,RBJ5N7ED06FMO,https://www.amazon.in/gp/customer-reviews/RBJ5N7ED06FMO/ref=cm_cr_othr_d_rvw_ttl?ie=UTF8&ASIN=B07SVH63PX,Nice product with super sound quality,[],2024-11-24,73,"Colour: Black, Style Name: Flip 5",
5,Worth it,R12PPVT9DYKW1S,https://www.amazon.in/gp/customer-reviews/R12PPVT9DYKW1S/ref=cm_cr_othr_d_rvw_ttl?ie=UTF8&ASIN=B07SVH63PX,Genuine product good dealer,[],2024-11-17,74,"Colour: Blue, Style Name: Flip 6",
5,Amazing,R3N896N0A1NS99,https://www.amazon.in/gp/customer-reviews/R3N896N0A1NS99/ref=cm_cr_othr_d_rvw_ttl?ie=UTF8&ASIN=B07SVH63PX,What I expected bass and all requirements fulfilled,[],2024-11-19,75,"Colour: Black, Style Name: Flip 6",
5,after using 1 month review,R1B5C3Y28J11OW,https://www.amazon.in/gp/customer-reviews/R1B5C3Y28J11OW/ref=cm_cr_othr_d_rvw_ttl?ie=UTF8&ASIN=B07SVH63PX,nice speaker charging time 0 - 100% 2.5 hours and maximum output on 60 % volume approx 7 - 8 hours,[],2024-11-10,76,"Colour: Black, Style Name: Flip 5",
4,No memory card slot and sound is good but not as expected,RW6SHE9YPSWGG,https://www.amazon.in/gp/customer-reviews/RW6SHE9YPSWGG/ref=cm_cr_othr_d_rvw_ttl?ie=UTF8&ASIN=B07SVH63PX,"No memory card slot and sound is good but not as expected, charging is depend on the level of volume",[],2024-08-22,77,"Colour: Blue, Style Name: Flip 5",
5,Best in the market,R67NUX2LBTHQK,https://www.amazon.in/gp/customer-reviews/R67NUX2LBTHQK/ref=cm_cr_othr_d_rvw_ttl?ie=UTF8&ASIN=B07SVH63PX,"This is what you expect from a product , what a product JBL flip-6 , sounds like a therapy to your ears. Great battery life and you can hear bass,treble all notes separately. If you are a genuine music lover or if you admire music then go for this beast without even a single thought. Just wow!!!",[],2024-10-12,78,"Colour: Black, Style Name: Flip 6",
5,Good sound,R1Y6S75WX1FBNZ,https://www.amazon.in/gp/customer-reviews/R1Y6S75WX1FBNZ/ref=cm_cr_othr_d_rvw_ttl?ie=UTF8&ASIN=B07SVH63PX,I love this product after using ....feel nice sound and long playing hours after charging,[],2024-10-25,79,"Colour: Black, Style Name: Flip 5",
5,"One of the best portable speaker I have seen than Sony,Bose,Marshall,Etc. You will never regret.",R36YQCAD094YY0,https://www.amazon.in/gp/customer-reviews/R36YQCAD094YY0/ref=cm_cr_othr_d_rvw_ttl?ie=UTF8&ASIN=B07SVH63PX,"Best sound quality, loudness🔥Best bass, feels bassy and clear vocals.Best for outdoor, beaches.Over all 10/10 with no regrets compare to other brands like Sony,Bose,Marshall.",['https://m.media-amazon.com/images/I/715DgRZGUYL._SY88.jpg'],2024-10-19,80,"Colour: Black, Style Name: Flip 6",
4,Good sound,R2ADQ5YJLIBOT8,https://www.amazon.in/gp/customer-reviews/R2ADQ5YJLIBOT8/ref=cm_cr_othr_d_rvw_ttl?ie=UTF8&ASIN=B07SVH63PX,Worthy to buy. Bass and sound quality is 7/10. But price little bit High as per quality.,[],2025-01-07,9,"Colour: Sqaud, Style Name: Flip 6",
4,Not a value for money product,R31GFTVBC4HR8P,https://www.amazon.in/gp/customer-reviews/R31GFTVBC4HR8P/ref=cm_cr_othr_d_rvw_ttl?ie=UTF8&ASIN=B07SVH63PX,"It's a good mono speaker for a room. Loudness is great, even if speaker put 100% volume. Audio is pretty good, except bass. After 50% volume, bass not gonna increase. It stays in 50% bass. I found its audio is exceptional when it's 50% or under. Build quality is good. But idk if it's my unit problem or not. One of the passive bass radiator looks colours are faded or something","['https://m.media-amazon.com/images/I/71aqrRM5+fL._SY88.jpg', 'https://m.media-amazon.com/images/I/71vhXLUjiIL._SY88.jpg']",2024-12-13,10,"Colour: Black, Style Name: Flip 5",
5,Power pack punch Dhamaka,R1FOJ5PBHEMUER,https://www.amazon.in/gp/customer-reviews/R1FOJ5PBHEMUER/ref=cm_cr_othr_d_rvw_ttl?ie=UTF8&ASIN=B07SVH63PX,Did a lot research before buying this .The lower volume clarity and base is amazing and gives punchy base . Plus the tweeters does there job can be a daily handler if you just want to listen music daily apart from  partying .At higher volume it just does the job amazinglyThe only thing which is a bit downside is its pricing . You can get 30w speakers at lower cost from other brands such as tribit boat but jbl stands alone in that segment .,[],2025-01-16,11,"Colour: Sqaud, Style Name: Flip 6",
4,Brand effect,R2TRM1QN1XTXE,https://www.amazon.in/gp/customer-reviews/R2TRM1QN1XTXE/ref=cm_cr_othr_d_rvw_ttl?ie=UTF8&ASIN=B07SVH63PX,"Exceptional build quality, easy functionality, good performance and very portable","['https://m.media-amazon.com/images/I/71OfbfZGA3L._SY88.jpg', 'https://m.media-amazon.com/images/I/81rcAtC9-jL._SY88.jpg', 'https://m.media-amazon.com/images/I/81uRkyHtgGL._SY88.jpg']",2024-12-27,12,"Colour: Black, Style Name: Flip 6",
5,JBL Flip 6 review,RS0JKT12C73CV,https://www.amazon.in/gp/customer-reviews/RS0JKT12C73CV/ref=cm_cr_othr_d_rvw_ttl?ie=UTF8&ASIN=B07SVH63PX,Really liked the product. You can adjust the minute tweaks by installing the app.,"['https://m.media-amazon.com/images/I/61HbHbW3VCL._SY88.jpg', 'https://m.media-amazon.com/images/I/61yR1McsYCL._SY88.jpg']",2025-01-29,13,"Colour: Blue, Style Name: Flip 6",
5,Super sound and Backup,R2ZQCAPHGDKE64,https://www.amazon.in/gp/customer-reviews/R2ZQCAPHGDKE64/ref=cm_cr_othr_d_rvw_ttl?ie=UTF8&ASIN=B07SVH63PX,"Build quality , power backup and sound quality is amazing.",[],2025-01-30,14,"Colour: Red, Style Name: Flip 6",
5,Worth speaker,RYJ9BO2I7MS6C,https://www.amazon.in/gp/customer-reviews/RYJ9BO2I7MS6C/ref=cm_cr_othr_d_rvw_ttl?ie=UTF8&ASIN=B07SVH63PX,Very good speakerBass🔥🔥Sound so good to hear 👌🏻👌🏻💥,['https://m.media-amazon.com/images/I/81pWVFI5NGL._SY88.jpg'],2025-01-26,15,"Colour: Black, Style Name: Flip 6",
5,Speaker ka baap,R30L4Z8WSO1L1W,https://www.amazon.in/gp/customer-reviews/R30L4Z8WSO1L1W/ref=cm_cr_othr_d_rvw_ttl?ie=UTF8&ASIN=B07SVH63PX,Faadu sound. Bindaas. I Loved this product,[],2025-01-29,16,"Colour: Sqaud, Style Name: Flip 6",
3,Just okay,R3G3AXRGRDIDD1,https://www.amazon.in/gp/customer-reviews/R3G3AXRGRDIDD1/ref=cm_cr_othr_d_rvw_ttl?ie=UTF8&ASIN=B07SVH63PX,Do not but if you expect loud sound. Go for any domestic speakers which costs far less than this one.,[],2025-01-11,33,"Colour: Black, Style Name: Flip 6",
4,Nice product,R2LHGF01JJMNOW,https://www.amazon.in/gp/customer-reviews/R2LHGF01JJMNOW/ref=cm_cr_othr_d_rvw_ttl?ie=UTF8&ASIN=B07SVH63PX,Good sound and build  quality,[],2024-11-15,34,"Colour: Black, Style Name: Flip 6",
5,Best bluetooth speaker,R14NLENISALK49,https://www.amazon.in/gp/customer-reviews/R14NLENISALK49/ref=cm_cr_othr_d_rvw_ttl?ie=UTF8&ASIN=B07SVH63PX,,['https://m.media-amazon.com/images/I/71OYyYulZIL._SY88.jpg'],2025-01-03,35,"Colour: Black, Style Name: Flip 6",
4,Pricey,RMIDWQXAB6VOI,https://www.amazon.in/gp/customer-reviews/RMIDWQXAB6VOI/ref=cm_cr_othr_d_rvw_ttl?ie=UTF8&ASIN=B07SVH63PX,Could do better on treble and sharp notes.,[],2024-11-04,36,"Colour: Blue, Style Name: Flip 5",
5,Good Crispy Sound with Powerfull Bass,R3383FVXZB6UP2,https://www.amazon.in/gp/customer-reviews/R3383FVXZB6UP2/ref=cm_cr_othr_d_rvw_ttl?ie=UTF8&ASIN=B07SVH63PX,"The media could not be loaded.
                
            
                
            
            
        
    
    








  
  
     Sound Quality is too good",[],2025-01-21,37,"Colour: Blue, Style Name: Flip 5",
4,Jbl Flip 6,R1MYN83D2IGF5K,https://www.amazon.in/gp/customer-reviews/R1MYN83D2IGF5K/ref=cm_cr_othr_d_rvw_ttl?ie=UTF8&ASIN=B07SVH63PX,"All in one good product , just feels like pricing is slighty on higher sode for 30w portable speaker..",[],2024-10-27,38,"Colour: Blue, Style Name: Flip 6",
5,Amazing sound,R3AJ05X8W7X9S2,https://www.amazon.in/gp/customer-reviews/R3AJ05X8W7X9S2/ref=cm_cr_othr_d_rvw_ttl?ie=UTF8&ASIN=B07SVH63PX,Loved the speaker. The sound quality is amazing and so is the ability to tweak it via the JBL app! Well worth the money!,['https://m.media-amazon.com/images/I/71N0sPbCteL._SY88.jpg'],2024-12-13,39,"Colour: Sqaud, Style Name: Flip 6",
5,Wow,RHKQ1W92CX7DN,https://www.amazon.in/gp/customer-reviews/RHKQ1W92CX7DN/ref=cm_cr_othr_d_rvw_ttl?ie=UTF8&ASIN=B07SVH63PX,It completely meets expectations. Lovely sound and it solves the purpose.Complete value for money.Thanks Amazon for a quick delivery.Party on.😋,['https://m.media-amazon.com/images/I/71WEHMFu1GL._SY88.jpg'],2024-12-14,40,"Colour: Sqaud, Style Name: Flip 6",
5,Absolutely awesome !!,R1URRC5C0FE94E,https://www.amazon.in/gp/customer-reviews/R1URRC5C0FE94E/ref=cm_cr_othr_d_rvw_ttl?ie=UTF8&ASIN=B07SVH63PX,Amazing audio output as expected! Jbl it is. ❤️🔥,"['https://m.media-amazon.com/images/I/813+vr81QyL._SY88.jpg', 'https://m.media-amazon.com/images/I/81tdO5KtbUL._SY88.jpg']",2024-12-06,49,"Colour: Black, Style Name: Flip 6",
5,Been JBL user from childhood!,RWKQ306UVRTK8,https://www.amazon.in/gp/customer-reviews/RWKQ306UVRTK8/ref=cm_cr_othr_d_rvw_ttl?ie=UTF8&ASIN=B07SVH63PX,"Ive been JBL user started with JBL Synchros S500, JBL Cinema SB100, and later JBL Go and JBL C100si after that since its been quite so long i have got something from JBL and decided to buy JBL flip 5 and as always the base, the clarity, the build are still the top notch  apart from bluetooth version everything is on top of the table. Go for it if you are Music enthusiasts and JBL HEAD!",[],2024-10-29,50,"Colour: Black, Style Name: Flip 5",
3,Didnt satisfied with Bass,RMZSEG36Z1HA2,https://www.amazon.in/gp/customer-reviews/RMZSEG36Z1HA2/ref=cm_cr_othr_d_rvw_ttl?ie=UTF8&ASIN=B07SVH63PX,"Build Quality is Awsome. Bluetooth Connectivity also works fine. Sound quality is good but bass is literally bad. Didn't expected this from JBL. When we buy around 9k price., we expect some range..I am disappointed regarding bass.",[],2024-12-01,51,"Colour: Black, Style Name: Flip 6",
5,Best,R125KY1D9M0L2P,https://www.amazon.in/gp/customer-reviews/R125KY1D9M0L2P/ref=cm_cr_othr_d_rvw_ttl?ie=UTF8&ASIN=B07SVH63PX,Best in market,[],2024-12-17,52,"Colour: Blue, Style Name: Flip 5",
4,Bass is the HIghlight,R8JD0FRVDCJ0S,https://www.amazon.in/gp/customer-reviews/R8JD0FRVDCJ0S/ref=cm_cr_othr_d_rvw_ttl?ie=UTF8&ASIN=B07SVH63PX,"Overall Sound is good considering the price. But seriously , lack of stereo sound is a massive let down.",[],2024-10-01,53,"Colour: Blue, Style Name: Flip 6",
4,Velyu for money,R2A9R7TNACOR95,https://www.amazon.in/gp/customer-reviews/R2A9R7TNACOR95/ref=cm_cr_othr_d_rvw_ttl?ie=UTF8&ASIN=B07SVH63PX,"Nice product , 🔊power very nai quality",[],2024-10-16,54,"Colour: Red, Style Name: Flip 6",
4,But open place voice slow,R1MSNLOOE1YRWX,https://www.amazon.in/gp/customer-reviews/R1MSNLOOE1YRWX/ref=cm_cr_othr_d_rvw_ttl?ie=UTF8&ASIN=B07SVH63PX,But open place voice slow,[],2024-10-30,55,"Colour: Black, Style Name: Flip 6",
5,Top class.,R3Q85VCW4J88HJ,https://www.amazon.in/gp/customer-reviews/R3Q85VCW4J88HJ/ref=cm_cr_othr_d_rvw_ttl?ie=UTF8&ASIN=B07SVH63PX,Everything is perfect. I love it.,[],2024-12-07,56,"Colour: Black, Style Name: Flip 5",
4,Very clear and decent sound volume for house party and camping,R3LGEQAN5VXBBY,https://www.amazon.in/gp/customer-reviews/R3LGEQAN5VXBBY/ref=cm_cr_othr_d_rvw_ttl?ie=UTF8&ASIN=B07SVH63PX,Good bass and volume for the budget 👍🏻👍🏻 Go for it,[],2024-10-30,41,"Colour: Black, Style Name: Flip 5",
4,JBL flip 6,R1ALK0KKQ2L7VV,https://www.amazon.in/gp/customer-reviews/R1ALK0KKQ2L7VV/ref=cm_cr_othr_d_rvw_ttl?ie=UTF8&ASIN=B07SVH63PX,Good one,[],2024-11-03,42,"Colour: Sqaud, Style Name: Flip 6",
5,Stunning wow🙏 jbl,R3ULCBWTYRDHQF,https://www.amazon.in/gp/customer-reviews/R3ULCBWTYRDHQF/ref=cm_cr_othr_d_rvw_ttl?ie=UTF8&ASIN=B07SVH63PX,"The media could not be loaded.
                
            
                
            
            
        
    
    








  
  
     Outstanding... Perfect jbl 🙏",['https://m.media-amazon.com/images/I/81Rk5ElHqBL._SY88.jpg'],2025-01-17,43,"Colour: Red, Style Name: Flip 6",
4,Bass boosted,R2QHQCTC4VS64T,https://www.amazon.in/gp/customer-reviews/R2QHQCTC4VS64T/ref=cm_cr_othr_d_rvw_ttl?ie=UTF8&ASIN=B07SVH63PX,If u r base lover then go for it ...it's chota packet bada dhamaka..,[],2024-10-22,44,"Colour: Black, Style Name: Flip 5",
4,Over all,R1IH2KTSSM88GV,https://www.amazon.in/gp/customer-reviews/R1IH2KTSSM88GV/ref=cm_cr_othr_d_rvw_ttl?ie=UTF8&ASIN=B07SVH63PX,"As the product is engraved with the branding no need to say further good bass and vocals, charging wise also decent",[],2024-10-21,45,"Colour: Blue, Style Name: Flip 6",
5,"Sound clarity,🥰",R25HYVAV7D2XY6,https://www.amazon.in/gp/customer-reviews/R25HYVAV7D2XY6/ref=cm_cr_othr_d_rvw_ttl?ie=UTF8&ASIN=B07SVH63PX,Worth for price.....,['https://m.media-amazon.com/images/I/615zqeGtjSL._SY88.jpg'],2024-12-19,46,"Colour: Blue, Style Name: Flip 6",
5,JBL vibe 5,R2WM5A3Z4T3JDG,https://www.amazon.in/gp/customer-reviews/R2WM5A3Z4T3JDG/ref=cm_cr_othr_d_rvw_ttl?ie=UTF8&ASIN=B07SVH63PX,Speaker is beyond my expectations. It's sound is really high and bass is ultimate and I suggest to go with this product without second thought. I also have surveyed alot and then finally purchase it and I must say my decision was wise purchasing this speaker rather than buying boat speakers.,[],2024-11-21,47,"Colour: Black, Style Name: Flip 5",
5,Excellent sound,R161UZJXZPV6D9,https://www.amazon.in/gp/customer-reviews/R161UZJXZPV6D9/ref=cm_cr_othr_d_rvw_ttl?ie=UTF8&ASIN=B07SVH63PX,Sound quality is excellentDesign of the speaker is very compatibleBass of the speaker is extraordinary,[],2024-12-06,48,"Colour: Black, Style Name: Flip 5",
