ratingScore,reviewTitle,reviewId,reviewUrl,reviewDescription,reviewImages,date,position,variant,totalCategoryRatings
5,Value for money,R11Y5EZFCH0C6,https://www.amazon.in/gp/customer-reviews/R11Y5EZFCH0C6/ref=cm_cr_othr_d_rvw_ttl?ie=UTF8&ASIN=B07YNVQJZY,"The sound quality is good and clear,gets charged in a short time. It's a small and compact size. You can carry it anywhere. Sturdy. I liked the black color.",[],2025-01-25,1,"Colour: Black, Style Name: Zeb-County",
4,Budget bluetooth speaker which serves the purpose of low volume on a phone or laptop,R1GJIXYJ1WCO16,https://www.amazon.in/gp/customer-reviews/R1GJIXYJ1WCO16/ref=cm_cr_othr_d_rvw_ttl?ie=UTF8&ASIN=B07YNVQJZY,"It is a satisfactory Bluetooth speaker and is perfect choice for those who are looking for a budget wireless speaker for their laptop or mobile phone with low volume issues or for those who need some portable music device and who dont want to shell out lot of money. It serves these purpose very well and is not pricey. Why I am saying all this……First things first, I got this at 549 (the black one only as rest of the colors were way too pricey and choice of colors can be sacrificed in such a case). 2. My laptop and phone volume  is too low and watching a video or listening to music on these devices is not a good experience. So here too this speaker served the purpose as connectivity is excellent, size of speaker is conveniently small, lightweight and battery backup is damm awesome. After a complete charge I used this speaker for continuously for about 6 hours at about 80% volume and still the speaker is left with 60% charge. I cannot comment right now for the charging time as it arrived with more than 70% charge and I just topped it to full. Bluetooth connectivity is exceptionally good upto 10 mtrs. FM reception is average without connecting the data/charging cable but it is awesome if the cable is connected. It has only four buttons and all the functions are controlled by these buttons only. First button “M” is mode which when pressed switches from Bluetooth to FM to Aux to Usb/memory card. Transition of switching is flawless. Volume up/down keys are used to change volume and switch the channels. Long press changes the volume and short press/click changes the channels in FM or changes the track via Aux. Most usefull feature of this speaker is its mic. Yes, you can actually use this speaker (when connected to phone) to talk with someone and that too with no connectivity issues. Voice clarity is very good for the calls made. MUSIC CLARITY IS NOT VERY GOOD. (READ CONS FOR THIS). Quality of the plastics used seems good and feels durable.CONS. Sound quality is just average.  Voice call clarity is very good where music is not dominant. But when it comes to music, this speaker struggles to deliver quality. People are complaining in reviews that it doesnot produce any bass, but actually its is the bass produced by the speaker which deteriorates the quality. This is understandable for this product as it just has one tiny speaker inside and if manufacturer makes it to produce some bass will definitely deteriorate the music quality. But this is manageable and you can ADJUST THE MUSIC EQUALIZERS in your laptop or phone to get pretty decent music quality. This is the reason I don’t consider its music quality a con for the product. There’s one limitation about charging connector to. It comes with a charging port compatible to A/B type connector, so if you have a charger with data cable supporting “C” type connectors, you are bound to use the charging cable supplied with speaker only. So you cannot keep just one common cable with you to charge both your phone and speaker. Instead you will have to carry two different cables. This speaker does not come with a charger, so you will have to use your mobiles charger (5v, 1A)  for the purpose. But for the price rage, this seems reasonable.Useful tip for buyers: Most of the smart phones will display battery percentage left in the speaker. But you can install any of these two apps “Bluebatt” or “Bluetooth check ringtone and show battery level” from the playstore, if in case your phone is unable to fetch battery data from speaker.What you get in complete package: 1 unit of Bluetooth speaker, 1 cable which has Aux connector, USB connector and (A/B type) micro Usb connector, 1 tiny  user manual.Quality of packaging: Excellent, sturdy,  packaging used by Cloudtail to secure the company’s product packaging. Manufacturing date was of May-2021.",[],2021-06-03,2,"Colour: Black, Style Name: Zeb-County",
5,Worth of money,RXG5Z0WCGBECH,https://www.amazon.in/gp/customer-reviews/RXG5Z0WCGBECH/ref=cm_cr_othr_d_rvw_ttl?ie=UTF8&ASIN=B07YNVQJZY,"Best sound effects, bass effects. Really better experience",[],2025-01-04,3,"Colour: Blue, Style Name: Zeb-County",
4,Good for the price,R1XXVIH9USDBHL,https://www.amazon.in/gp/customer-reviews/R1XXVIH9USDBHL/ref=cm_cr_othr_d_rvw_ttl?ie=UTF8&ASIN=B07YNVQJZY,"It's a good buy for under 500rupees.Its build is plasticky and the newer version come with type c port not micro usb they have not updated product description.Battery life is ok.The annoying thing is that it's too loud when you turn it on and the blue led keeps blinking while playing.Its not very loud barely manageable at 100 percent volume and radio doesn't work just for name sake.Better go for 5watt and above speakers.Its small, light but build is not so great so handle with care.",['https://m.media-amazon.com/images/I/71KlKpuSMRL._SY88.jpg'],2025-01-03,4,"Colour: Green, Style Name: Zeb-County",
3,Nice speaker,R3SAAXYGN3HA8S,https://www.amazon.in/gp/customer-reviews/R3SAAXYGN3HA8S/ref=cm_cr_othr_d_rvw_ttl?ie=UTF8&ASIN=B07YNVQJZY,"Build quality good, sounds quality is ok, weight is light, charging ability -90 mins, fm radio is running but quality is lower . Fully functional",[],2025-01-09,5,"Colour: Green, Style Name: Zeb-County",
5,Nice product thank you amazon,R7ILFECQ6AFHK,https://www.amazon.in/gp/customer-reviews/R7ILFECQ6AFHK/ref=cm_cr_othr_d_rvw_ttl?ie=UTF8&ASIN=B07YNVQJZY,Bluetooth connectivity NiceFeatures niceEase of use YesFunctionality GoodCharging ability NicePortability Very Good,[],2025-01-30,6,"Colour: Green, Style Name: Zeb-County",
5,County🥹 type 2 bluetooth speaker,R18P39UN2UEJJ8,https://www.amazon.in/gp/customer-reviews/R18P39UN2UEJJ8/ref=cm_cr_othr_d_rvw_ttl?ie=UTF8&ASIN=B07YNVQJZY,"Immediately when switched on, the volume picks at its maximum, deafening our ears. Otherwise, it is a good product",[],2024-12-29,7,"Colour: Grey, Style Name: Zeb-County",
4,"Good product, recieved as image",RD4T8AWK4RHUT,https://www.amazon.in/gp/customer-reviews/RD4T8AWK4RHUT/ref=cm_cr_othr_d_rvw_ttl?ie=UTF8&ASIN=B07YNVQJZY,"A good product under this price..compact, sound quality is good..FM is working well, wire length is short, there is no auxillary mode, design is compact and impressive, looks cute..but recieved product box opened already..battery back up is good...no indication of battery is full while charging...may be the light gets off is the indication of battery full.",['https://m.media-amazon.com/images/I/71hrhpSwPCL._SY88.jpg'],2024-12-29,8,"Colour: Grey, Style Name: Zeb-County",
3,Built quality was very weak and sound is low according to the price,R1D8EKULEFESP1,https://www.amazon.in/gp/customer-reviews/R1D8EKULEFESP1/ref=cm_cr_othr_d_rvw_ttl?ie=UTF8&ASIN=B07YNVQJZY,Built quality is very weak,[],2025-01-06,25,"Colour: Black, Style Name: Zeb-County",
4,Speakers,R154K86AM6TT42,https://www.amazon.in/gp/customer-reviews/R154K86AM6TT42/ref=cm_cr_othr_d_rvw_ttl?ie=UTF8&ASIN=B07YNVQJZY,Looks small but marbles sound quality 👌,[],2024-11-27,26,"Colour: Black, Style Name: Zeb-County",
4,"Good sound, happy",R3KQQNZ8YWIA85,https://www.amazon.in/gp/customer-reviews/R3KQQNZ8YWIA85/ref=cm_cr_othr_d_rvw_ttl?ie=UTF8&ASIN=B07YNVQJZY,"Packing was bad .... But other wise, happy with the sound quality and the price","['https://m.media-amazon.com/images/I/61XdbWDaUZL._SY88.jpg', 'https://m.media-amazon.com/images/I/71ZaSmA5WAL._SY88.jpg']",2024-12-01,27,"Colour: Blue, Style Name: Zeb-County",
4,Pick anywhere,R3Q9383Z13DP2B,https://www.amazon.in/gp/customer-reviews/R3Q9383Z13DP2B/ref=cm_cr_othr_d_rvw_ttl?ie=UTF8&ASIN=B07YNVQJZY,"Light weight product  good condition, up to date delivery",[],2024-11-22,28,"Colour: Black, Style Name: Zeb-County",
4,Good product,R1PPZRHZ6F8E9C,https://www.amazon.in/gp/customer-reviews/R1PPZRHZ6F8E9C/ref=cm_cr_othr_d_rvw_ttl?ie=UTF8&ASIN=B07YNVQJZY,Value for money,[],2024-11-23,29,"Colour: Black, Style Name: Zeb-County",
4,Nice,R3TMMPIDHVJAII,https://www.amazon.in/gp/customer-reviews/R3TMMPIDHVJAII/ref=cm_cr_othr_d_rvw_ttl?ie=UTF8&ASIN=B07YNVQJZY,Very useful and handy.,[],2024-11-23,30,"Colour: Grey, Style Name: Zeb-County",
4,Working good,R2E9PUH7U7TUJA,https://www.amazon.in/gp/customer-reviews/R2E9PUH7U7TUJA/ref=cm_cr_othr_d_rvw_ttl?ie=UTF8&ASIN=B07YNVQJZY,Nice,[],2024-11-21,31,"Colour: Green, Style Name: Zeb-County",
4,Good one at this price range,RFOTNHC3AT39A,https://www.amazon.in/gp/customer-reviews/RFOTNHC3AT39A/ref=cm_cr_othr_d_rvw_ttl?ie=UTF8&ASIN=B07YNVQJZY,"Good product at this price range, one of the best speakers under 500 for sure.",[],2024-11-14,32,"Colour: Green, Style Name: Zeb-County",
4,Excellent,R2MJ6YXQBX2D0Y,https://www.amazon.in/gp/customer-reviews/R2MJ6YXQBX2D0Y/ref=cm_cr_othr_d_rvw_ttl?ie=UTF8&ASIN=B07YNVQJZY,Sound quality will amazed you,[],2024-12-16,17,"Colour: Black, Style Name: Zeb-County",
3,It's not working now.,RF6YDUG8CR8LY,https://www.amazon.in/gp/customer-reviews/RF6YDUG8CR8LY/ref=cm_cr_othr_d_rvw_ttl?ie=UTF8&ASIN=B07YNVQJZY,Nice product but not used for long time.,['https://m.media-amazon.com/images/I/712AR2DQ9qL._SY88.jpg'],2025-01-22,18,"Colour: Blue, Style Name: Zeb-County",
3,Value of money,R1EHFP1OBX7ZKS,https://www.amazon.in/gp/customer-reviews/R1EHFP1OBX7ZKS/ref=cm_cr_othr_d_rvw_ttl?ie=UTF8&ASIN=B07YNVQJZY,Value of money,[],2025-01-24,19,"Colour: Black, Style Name: Zeb-County",
4,Good,R23KGW7BY04C5O,https://www.amazon.in/gp/customer-reviews/R23KGW7BY04C5O/ref=cm_cr_othr_d_rvw_ttl?ie=UTF8&ASIN=B07YNVQJZY,அருமை,[],2024-12-16,20,"Colour: Blue, Style Name: Zeb-County",
3,Audio breaks,R3GAVZ6GYMG325,https://www.amazon.in/gp/customer-reviews/R3GAVZ6GYMG325/ref=cm_cr_othr_d_rvw_ttl?ie=UTF8&ASIN=B07YNVQJZY,Connectivity issue,[],2025-01-16,21,"Colour: Black, Style Name: Zeb-County",
4,Good one,R3KGYCDA25GAKN,https://www.amazon.in/gp/customer-reviews/R3KGYCDA25GAKN/ref=cm_cr_othr_d_rvw_ttl?ie=UTF8&ASIN=B07YNVQJZY,Good product,[],2024-12-09,22,"Colour: Red, Style Name: Zeb-County",
4,Goodd,R3E8QNOX9ZCGZ4,https://www.amazon.in/gp/customer-reviews/R3E8QNOX9ZCGZ4/ref=cm_cr_othr_d_rvw_ttl?ie=UTF8&ASIN=B07YNVQJZY,Awsomee in this price range,[],2024-12-04,23,"Colour: Green, Style Name: Zeb-County",
3,AUX CABLE,RK5BP5O17LBKL,https://www.amazon.in/gp/customer-reviews/RK5BP5O17LBKL/ref=cm_cr_othr_d_rvw_ttl?ie=UTF8&ASIN=B07YNVQJZY,"The media could not be loaded.
                
            
                
            
            
        
    
    








  
  
     Everything works fine but i did not receive the correct cable. As mentioned and in the video provided above the cable with AUX and type-c charging is present but i got only charger. My PC only supports Bluetooth version 4.0 so when it connected it makes cracking sound but thsi product works well with my mobile phone as it has version 5.0.  Please provide me the correct cables.",[],2024-12-03,24,"Colour: Black, Style Name: Zeb-County",
4,Nice one,R1EY7A9FXZ49I2,https://www.amazon.in/gp/customer-reviews/R1EY7A9FXZ49I2/ref=cm_cr_othr_d_rvw_ttl?ie=UTF8&ASIN=B07YNVQJZY,Charging capacity is little bit low,[],2024-11-11,33,"Colour: Blue, Style Name: Zeb-County",
3,Sound 🔊good,R36RWFGD2IWVKV,https://www.amazon.in/gp/customer-reviews/R36RWFGD2IWVKV/ref=cm_cr_othr_d_rvw_ttl?ie=UTF8&ASIN=B07YNVQJZY,Product is 👌ok hai.  But Volume+ switch not working.,['https://m.media-amazon.com/images/I/71ruKuixQ1L._SY88.jpg'],2024-12-06,34,"Colour: Black, Style Name: Zeb-County",
4,Good product,R244TRZQY3R3Y5,https://www.amazon.in/gp/customer-reviews/R244TRZQY3R3Y5/ref=cm_cr_othr_d_rvw_ttl?ie=UTF8&ASIN=B07YNVQJZY,"Like the portability. But didn't receive charging cable, manual and warranty card with the product.",[],2024-11-02,35,"Colour: Blue, Style Name: Zeb-County",
4,Good 👍,R4J5A291L8IYR,https://www.amazon.in/gp/customer-reviews/R4J5A291L8IYR/ref=cm_cr_othr_d_rvw_ttl?ie=UTF8&ASIN=B07YNVQJZY,Good 👍,[],2024-11-08,36,"Colour: Black, Style Name: Zeb-County",
4,Control buttons are not very good,R177L581GJ8QGP,https://www.amazon.in/gp/customer-reviews/R177L581GJ8QGP/ref=cm_cr_othr_d_rvw_ttl?ie=UTF8&ASIN=B07YNVQJZY,A very good product for this price range. Volume output is good but the volume control buttons are a little slow to respond.,[],2024-10-27,37,"Colour: Black, Style Name: Zeb-County",
4,Good product,R2GJHA85G6IH1E,https://www.amazon.in/gp/customer-reviews/R2GJHA85G6IH1E/ref=cm_cr_othr_d_rvw_ttl?ie=UTF8&ASIN=B07YNVQJZY,Good sound quality.& good connectivty.,[],2024-11-07,38,"Colour: Black, Style Name: Zeb-County",
5,Good product,R37MC5D73B54W8,https://www.amazon.in/gp/customer-reviews/R37MC5D73B54W8/ref=cm_cr_othr_d_rvw_ttl?ie=UTF8&ASIN=B07YNVQJZY,Good but audio cable not provided in the box as mentioned,[],2025-01-28,39,"Colour: Blue, Style Name: Zeb-County",
4,Sound quality,R8UB611RH9V9K,https://www.amazon.in/gp/customer-reviews/R8UB611RH9V9K/ref=cm_cr_othr_d_rvw_ttl?ie=UTF8&ASIN=B07YNVQJZY,Average sound quality,[],2024-11-05,40,"Colour: Black, Style Name: Zeb-County",
4,Good sound  For Normal Uses,R3DOZF0WM13STG,https://www.amazon.in/gp/customer-reviews/R3DOZF0WM13STG/ref=cm_cr_othr_d_rvw_ttl?ie=UTF8&ASIN=B07YNVQJZY,Excellent output as per priceSmall cute looking speaker 😝,"['https://m.media-amazon.com/images/I/71BcgXNmhnL._SY88.jpg', 'https://m.media-amazon.com/images/I/71ki1Eqf5xL._SY88.jpg', 'https://m.media-amazon.com/images/I/71uEPUlJwBL._SY88.jpg']",2024-10-03,73,"Colour: Black, Style Name: Zeb-County",
3,Sound quality,R3C21YCLBD731G,https://www.amazon.in/gp/customer-reviews/R3C21YCLBD731G/ref=cm_cr_othr_d_rvw_ttl?ie=UTF8&ASIN=B07YNVQJZY,Affordable price with good quality,[],2024-11-07,74,"Colour: Red, Style Name: Zeb-County",
3,"Okay, Overpriced",R2MQ9N3PGVME60,https://www.amazon.in/gp/customer-reviews/R2MQ9N3PGVME60/ref=cm_cr_othr_d_rvw_ttl?ie=UTF8&ASIN=B07YNVQJZY,The product is okay. Works fine. Tried microSD and bluetooth. Battery backup is okay. Overpriced.,[],2024-10-08,75,"Colour: Black, Style Name: Zeb-County",
4,Good,R11VH4V3JU3D7P,https://www.amazon.in/gp/customer-reviews/R11VH4V3JU3D7P/ref=cm_cr_othr_d_rvw_ttl?ie=UTF8&ASIN=B07YNVQJZY,Need battery life,[],2024-10-15,76,"Colour: Blue, Style Name: Zeb-County",
3,Sound Quality,R1G54I6F5A59A4,https://www.amazon.in/gp/customer-reviews/R1G54I6F5A59A4/ref=cm_cr_othr_d_rvw_ttl?ie=UTF8&ASIN=B07YNVQJZY,It's stereotype speaker,[],2024-10-15,77,"Colour: Blue, Style Name: Zeb-County",
3,Not satisfied with FM mode,R344B86WSSNQVO,https://www.amazon.in/gp/customer-reviews/R344B86WSSNQVO/ref=cm_cr_othr_d_rvw_ttl?ie=UTF8&ASIN=B07YNVQJZY,Everything is fine but unable to use FM mode...,[],2024-10-12,78,"Colour: Blue, Style Name: Zeb-County",
4,Budget Friendly,R2EEIQ1YN13XFP,https://www.amazon.in/gp/customer-reviews/R2EEIQ1YN13XFP/ref=cm_cr_othr_d_rvw_ttl?ie=UTF8&ASIN=B07YNVQJZY,"The media could not be loaded.
                
            
                
            
        
    
    








  
  
     I am absolutely satisfied with the product I purchased yesterday. It is as same as the picture shown in Amazon. The sound quality is comfort and Good. The product is so light to carry anywhere. With this budget I would recommend to buy Zebronics product. You will never disappoint. Thanks Amazon for such a nice product.",['https://m.media-amazon.com/images/I/719-67t2ptL._SY88.jpg'],2024-08-13,79,"Colour: Green, Style Name: Zeb-County",
2,JUST AN ORDINARY BLUETOOTH SPEAKER,RFZ4RQR1ITS61,https://www.amazon.in/gp/customer-reviews/RFZ4RQR1ITS61/ref=cm_cr_othr_d_rvw_ttl?ie=UTF8&ASIN=B07YNVQJZY,"FM radio is not working, AUX cable is not provided.This bluetooth Speaker is good but I can't say it is the best. Batter backup is good. Sound clarity is ok. If fm is also working then I would have rated it as 4.",['https://m.media-amazon.com/images/I/71DJpWrcb-L._SY88.jpg'],2025-01-07,80,"Colour: Grey, Style Name: Zeb-County",
4,Good,R26INBCS1KMEZU,https://www.amazon.in/gp/customer-reviews/R26INBCS1KMEZU/ref=cm_cr_othr_d_rvw_ttl?ie=UTF8&ASIN=B07YNVQJZY,Good product and worthy,[],2024-11-07,41,"Colour: Black+Red, Style Name: Zeb-County",
4,Worth for price,R3B19MSDFV7PJS,https://www.amazon.in/gp/customer-reviews/R3B19MSDFV7PJS/ref=cm_cr_othr_d_rvw_ttl?ie=UTF8&ASIN=B07YNVQJZY,Hey its really cool 😎. Worth for this price and its very affordable to us(middle class )🔥,['https://m.media-amazon.com/images/I/71CftLyMQsL._SY88.jpg'],2024-10-26,42,"Colour: Black, Style Name: Zeb-County",
4,Chhota pack badha dhamaka,R37RTZMUB0FW6B,https://www.amazon.in/gp/customer-reviews/R37RTZMUB0FW6B/ref=cm_cr_othr_d_rvw_ttl?ie=UTF8&ASIN=B07YNVQJZY,Sound quality is good.I bought it for 499.,"['https://m.media-amazon.com/images/I/61VSUKwiuXL._SY88.jpg', 'https://m.media-amazon.com/images/I/7186-9eewAL._SY88.jpg']",2024-11-01,43,"Colour: Blue, Style Name: Zeb-County",
4,good,R19NHWVKU5DJUS,https://www.amazon.in/gp/customer-reviews/R19NHWVKU5DJUS/ref=cm_cr_othr_d_rvw_ttl?ie=UTF8&ASIN=B07YNVQJZY,good,[],2024-11-04,44,"Colour: Black, Style Name: Zeb-County",
4,Nice sound,R2FS3RGPZI2WM3,https://www.amazon.in/gp/customer-reviews/R2FS3RGPZI2WM3/ref=cm_cr_othr_d_rvw_ttl?ie=UTF8&ASIN=B07YNVQJZY,At very reasonable rate good sound quality,[],2024-10-31,45,"Colour: Black, Style Name: Zeb-County",
3,Good quality,R3XQHD514GWVC,https://www.amazon.in/gp/customer-reviews/R3XQHD514GWVC/ref=cm_cr_othr_d_rvw_ttl?ie=UTF8&ASIN=B07YNVQJZY,Nice sound quality,[],2024-12-04,46,"Colour: Black, Style Name: Zeb-County",
4,Nice,R3TQCAF8OVL8OI,https://www.amazon.in/gp/customer-reviews/R3TQCAF8OVL8OI/ref=cm_cr_othr_d_rvw_ttl?ie=UTF8&ASIN=B07YNVQJZY,Very nice,[],2024-11-02,47,"Colour: Green, Style Name: Zeb-County",
4,Sound quality is good,R2IHN9A45R5QSK,https://www.amazon.in/gp/customer-reviews/R2IHN9A45R5QSK/ref=cm_cr_othr_d_rvw_ttl?ie=UTF8&ASIN=B07YNVQJZY,It's good,[],2024-10-26,48,"Colour: Green, Style Name: Zeb-County",
4,Value for money,RU5ATRV76Q0T9,https://www.amazon.in/gp/customer-reviews/RU5ATRV76Q0T9/ref=cm_cr_othr_d_rvw_ttl?ie=UTF8&ASIN=B07YNVQJZY,"The media could not be loaded.
                
            
                
            
            
        
    
    








  
  
     Got it at Amazon sale for 349/- ,good for listining to Bhajans and Old vocal songs . A little bass and the sounds distorts or you have to reduce the volume",[],2024-10-08,49,"Colour: Blue, Style Name: Zeb-County",
4,Super,R2BOCJBZWFEADP,https://www.amazon.in/gp/customer-reviews/R2BOCJBZWFEADP/ref=cm_cr_othr_d_rvw_ttl?ie=UTF8&ASIN=B07YNVQJZY,Good product,[],2024-10-28,50,"Colour: Blue, Style Name: Zeb-County",
4,Good,R2XHGNN2SU5HEM,https://www.amazon.in/gp/customer-reviews/R2XHGNN2SU5HEM/ref=cm_cr_othr_d_rvw_ttl?ie=UTF8&ASIN=B07YNVQJZY,Good,[],2024-10-26,51,"Colour: Blue, Style Name: Zeb-County",
4,Happy,RBQOD1P6Z5X8E,https://www.amazon.in/gp/customer-reviews/RBQOD1P6Z5X8E/ref=cm_cr_othr_d_rvw_ttl?ie=UTF8&ASIN=B07YNVQJZY,Good,[],2024-10-28,52,"Colour: Blue, Style Name: Zeb-County",
4,Nice product,R17S0AIKKUWKFS,https://www.amazon.in/gp/customer-reviews/R17S0AIKKUWKFS/ref=cm_cr_othr_d_rvw_ttl?ie=UTF8&ASIN=B07YNVQJZY,Value for money,[],2024-10-30,53,"Colour: Black, Style Name: Zeb-County",
3,There is no aux port,R2YJ4Z4CF2DJUT,https://www.amazon.in/gp/customer-reviews/R2YJ4Z4CF2DJUT/ref=cm_cr_othr_d_rvw_ttl?ie=UTF8&ASIN=B07YNVQJZY,This product describe to have aux connectivity but does not have aux port,[],2024-11-21,54,"Colour: Grey, Style Name: Zeb-County",
5,Must buyyy,R1NVQF29IFL3MI,https://www.amazon.in/gp/customer-reviews/R1NVQF29IFL3MI/ref=cm_cr_othr_d_rvw_ttl?ie=UTF8&ASIN=B07YNVQJZY,Must buyyyy,[],2025-01-26,55,"Colour: Black, Style Name: Zeb-County",
5,Really good purchase,RHSNST3V6XUTK,https://www.amazon.in/gp/customer-reviews/RHSNST3V6XUTK/ref=cm_cr_othr_d_rvw_ttl?ie=UTF8&ASIN=B07YNVQJZY,"The speaker has decent sound quality and Bluetooth range. The FM functionality is also very good but it needs to be connected to the USB charger for maximum efficiency. Battery backup is fairly decent. The only drawback, if any, is that the charger is not on the box.",[],2025-01-06,56,"Colour: Black, Style Name: Zeb-County",
4,"After a year and a half of use, it has proven to be a reliable and worthwhile investment.",R2L85RG14KGARN,https://www.amazon.in/gp/customer-reviews/R2L85RG14KGARN/ref=cm_cr_othr_d_rvw_ttl?ie=UTF8&ASIN=B07YNVQJZY,"I've been using the Zebronics ZEB-COUNTY 3W Wireless Bluetooth Portable Speaker for the past one and a half years, and here's my detailed review of the product based on my long-term usage:Design and Build QualityThe Zebronics ZEB-COUNTY speaker has a compact and portable design, making it easy to carry around. It features a rugged and durable build, which has held up well over time. The speaker's rubberized exterior provides a good grip and adds to its durability, protecting it from minor bumps and scratches.Sound QualityFor a 3W speaker, the sound quality is quite impressive. The audio output is clear, with decent bass and treble. It performs well in small to medium-sized rooms, making it ideal for personal use or small gatherings. The sound remains distortion-free even at higher volumes, which is a notable advantage for a speaker in this price range.Battery LifeThe battery life of the ZEB-COUNTY is another strong point. On a full charge, it can last up to 10 hours, depending on the volume level. This long battery life makes it convenient for extended use without the need for frequent recharging. The charging time is also reasonable, taking about 2-3 hours to reach a full charge.ConnectivityThe Bluetooth connectivity is reliable and straightforward to set up. The speaker maintains a stable connection within a typical range of about 10 meters. In addition to Bluetooth, the ZEB-COUNTY also offers multiple connectivity options, including USB, micro SD card, and AUX input, adding to its versatility.FeatureThe ZEB-COUNTY comes with a built-in FM radio, which is a nice bonus feature for those who enjoy listening to radio stations. The speaker also has a built-in microphone, allowing it to be used for hands-free calling, although the call quality is average.PortabilityThanks to its lightweight and compact design, the speaker is highly portable. It's easy to carry in a bag or even by hand, making it suitable for outdoor activities, travel, or simply moving around the house.Value for MoneyConsidering its features, sound quality, and durability, the Zebronics ZEB-COUNTY offers excellent value for money. It provides a balanced mix of performance and affordability, making it a great choice for budget-conscious consumers looking for a reliable portable speaker.Pros:- Compact and durable design- Good sound quality for its size- Long battery life- Multiple connectivity options- Built-in FM radio and microphone- Affordable priceCons:- Average call quality- Bass might not satisfy audiophilesConclusionOverall, the Zebronics ZEB-COUNTY 3W Wireless Bluetooth Portable Speaker is a solid choice for anyone looking for a budget-friendly portable speaker with good sound quality and a durable design. Its long battery life and multiple connectivity options make it versatile and convenient for various uses. After a year and a half of use, it has proven to be a reliable and worthwhile investment.","['https://m.media-amazon.com/images/I/31Ln0U6+icL._SY88.jpg', 'https://m.media-amazon.com/images/I/41Hybp7Az8L._SY88.jpg', 'https://m.media-amazon.com/images/I/616StOvihvL._SY88.jpg']",2024-07-23,9,"Colour: Black, Style Name: Zeb-County",
4,Go for it,R3PB2VOWUXU7DB,https://www.amazon.in/gp/customer-reviews/R3PB2VOWUXU7DB/ref=cm_cr_othr_d_rvw_ttl?ie=UTF8&ASIN=B07YNVQJZY,Very good for this range,[],2025-01-24,10,"Colour: Black, Style Name: Zeb-County",
4,Good sound for this price but not good for music lovers just produce sound 🔊,R2U8FLCW862R0O,https://www.amazon.in/gp/customer-reviews/R2U8FLCW862R0O/ref=cm_cr_othr_d_rvw_ttl?ie=UTF8&ASIN=B07YNVQJZY,Sound quality good some details of song missing in this speaker. Sound is good 👍,[],2025-01-19,11,"Colour: Blue, Style Name: Zeb-County",
4,Amazing,R2UY0V1VZ5URH3,https://www.amazon.in/gp/customer-reviews/R2UY0V1VZ5URH3/ref=cm_cr_othr_d_rvw_ttl?ie=UTF8&ASIN=B07YNVQJZY,Using from past 2 years Great product,[],2025-01-27,12,"Colour: Black, Style Name: Zeb-County",
4,Battery,R3ISPF57DRS2S2,https://www.amazon.in/gp/customer-reviews/R3ISPF57DRS2S2/ref=cm_cr_othr_d_rvw_ttl?ie=UTF8&ASIN=B07YNVQJZY,Nice product good backup battery,[],2025-01-22,13,"Colour: Red, Style Name: Zeb-County",
4,Ouality,R1T62XABRJWSZO,https://www.amazon.in/gp/customer-reviews/R1T62XABRJWSZO/ref=cm_cr_othr_d_rvw_ttl?ie=UTF8&ASIN=B07YNVQJZY,Good sound and bass value for money,[],2025-01-05,14,"Colour: Black, Style Name: Zeb-County",
4,value and good speaker in this price,R35K7CJYNEPXQ0,https://www.amazon.in/gp/customer-reviews/R35K7CJYNEPXQ0/ref=cm_cr_othr_d_rvw_ttl?ie=UTF8&ASIN=B07YNVQJZY,very good speaker no bassnice sound quality and claritynot for bass lovers.,[],2024-12-18,15,"Colour: Green, Style Name: Zeb-County",
4,Solid Base🦾,R1KSLT3OJ5ZW74,https://www.amazon.in/gp/customer-reviews/R1KSLT3OJ5ZW74/ref=cm_cr_othr_d_rvw_ttl?ie=UTF8&ASIN=B07YNVQJZY,"Good Sound Quality, long battery Life",[],2024-12-16,16,"Colour: Blue, Style Name: Zeb-County",
5,Review,R5AETT91U790,https://www.amazon.in/gp/customer-reviews/R5AETT91U790/ref=cm_cr_othr_d_rvw_ttl?ie=UTF8&ASIN=B07YNVQJZY,Good Product,[],2025-01-18,57,"Colour: Black, Style Name: Zeb-County",
4,Good,R33C5AIE8CRXEZ,https://www.amazon.in/gp/customer-reviews/R33C5AIE8CRXEZ/ref=cm_cr_othr_d_rvw_ttl?ie=UTF8&ASIN=B07YNVQJZY,Good condition,[],2024-10-22,58,"Colour: Blue, Style Name: Zeb-County",
4,very good,R20JU454IM5IIM,https://www.amazon.in/gp/customer-reviews/R20JU454IM5IIM/ref=cm_cr_othr_d_rvw_ttl?ie=UTF8&ASIN=B07YNVQJZY,SOUND GOOD,[],2024-10-25,59,"Colour: Blue, Style Name: Zeb-County",
4,Good Speaker,R1MKI1M3U7ZSD3,https://www.amazon.in/gp/customer-reviews/R1MKI1M3U7ZSD3/ref=cm_cr_othr_d_rvw_ttl?ie=UTF8&ASIN=B07YNVQJZY,Amazing speaker with afordable price,[],2024-10-22,60,"Colour: Green, Style Name: Zeb-County",
4,It's nice,R3S7YKJ4PNNSKZ,https://www.amazon.in/gp/customer-reviews/R3S7YKJ4PNNSKZ/ref=cm_cr_othr_d_rvw_ttl?ie=UTF8&ASIN=B07YNVQJZY,Buy it for house usage,[],2024-10-23,61,"Colour: Green, Style Name: Zeb-County",
3,Sounds quality,R1UDQO7UVDMVK2,https://www.amazon.in/gp/customer-reviews/R1UDQO7UVDMVK2/ref=cm_cr_othr_d_rvw_ttl?ie=UTF8&ASIN=B07YNVQJZY,Very compact and good looking but sound quality is not very great. But I guess that's what you get for that price.,[],2024-11-04,62,"Colour: Green, Style Name: Zeb-County",
3,Don't buy a 3w or 5w speaker at all.,R2OXFEUHUH1GOM,https://www.amazon.in/gp/customer-reviews/R2OXFEUHUH1GOM/ref=cm_cr_othr_d_rvw_ttl?ie=UTF8&ASIN=B07YNVQJZY,"Go for a 10w speaker, even if it costs 300-400 more. Sound quality is way less on this.",[],2024-11-08,63,"Colour: Green, Style Name: Zeb-County",
3,Good,R2RUMYVAH8SESY,https://www.amazon.in/gp/customer-reviews/R2RUMYVAH8SESY/ref=cm_cr_othr_d_rvw_ttl?ie=UTF8&ASIN=B07YNVQJZY,Its over all good product as per 450 rupees. But I have to take much care if button will be lose after rough use or charging socket will wear and tear.over all very good .expecting to use carefully for 4 years,[],2024-10-22,64,"Colour: Green, Style Name: Zeb-County",
4,Good Product,R14JF3XK8L9COG,https://www.amazon.in/gp/customer-reviews/R14JF3XK8L9COG/ref=cm_cr_othr_d_rvw_ttl?ie=UTF8&ASIN=B07YNVQJZY,Bought black color. Delivered today. Did not use so far. Build quality seems nice. Sound is ok ok rather good for the price I paid. Packing box is nice.  Got it for ₹399 which is a very good and fair price.,[],2024-09-25,65,"Colour: Black, Style Name: Zeb-County",
3,Good,R3DMJEOMDD95RR,https://www.amazon.in/gp/customer-reviews/R3DMJEOMDD95RR/ref=cm_cr_othr_d_rvw_ttl?ie=UTF8&ASIN=B07YNVQJZY,Not as expected but good enough too with quality as of money,[],2024-11-03,66,"Colour: Blue, Style Name: Zeb-County",
3,Stopped working,RPKU0B1WX6O8U,https://www.amazon.in/gp/customer-reviews/RPKU0B1WX6O8U/ref=cm_cr_othr_d_rvw_ttl?ie=UTF8&ASIN=B07YNVQJZY,After this long time it stopped working but average product,[],2024-11-11,67,"Colour: Black, Style Name: Zeb-County",
4,Size,RI1EXGMKP9JWL,https://www.amazon.in/gp/customer-reviews/RI1EXGMKP9JWL/ref=cm_cr_othr_d_rvw_ttl?ie=UTF8&ASIN=B07YNVQJZY,Overall good product in this price range,"['https://m.media-amazon.com/images/I/61dkBUg8boL._SY88.jpg', 'https://m.media-amazon.com/images/I/71BEVsbr+XL._SY88.jpg']",2024-10-10,68,"Colour: Black, Style Name: Zeb-County",
5,Sound quality is very good awesome I buyed with a doubt but it was very good,R3K6DSSFULBNN4,https://www.amazon.in/gp/customer-reviews/R3K6DSSFULBNN4/ref=cm_cr_othr_d_rvw_ttl?ie=UTF8&ASIN=B07YNVQJZY,Charging ability is very good weight is also medium bulid quality very good design was perfect functionality is also ok the best is sound quality...........,['https://m.media-amazon.com/images/I/71y5BzyDRxL._SY88.jpg'],2025-01-05,69,"Colour: Black, Style Name: Zeb-County",
5,Awosame,R2X49A4NZD06K6,https://www.amazon.in/gp/customer-reviews/R2X49A4NZD06K6/ref=cm_cr_othr_d_rvw_ttl?ie=UTF8&ASIN=B07YNVQJZY,Awosame speaker under five hundred,[],2025-01-13,70,"Colour: Black, Style Name: Zeb-County",
4,Best quality,R2C4WRLAZ4K4HY,https://www.amazon.in/gp/customer-reviews/R2C4WRLAZ4K4HY/ref=cm_cr_othr_d_rvw_ttl?ie=UTF8&ASIN=B07YNVQJZY,The price matches are expectations and the quality too.,[],2024-10-10,71,"Colour: Red, Style Name: Zeb-County",
4,Excellent product,R3SKHKNEVLIVVV,https://www.amazon.in/gp/customer-reviews/R3SKHKNEVLIVVV/ref=cm_cr_othr_d_rvw_ttl?ie=UTF8&ASIN=B07YNVQJZY,The media could not be loaded.,[],2024-10-25,72,"Colour: Green, Style Name: Zeb-County",
