ratingScore,reviewTitle,reviewId,reviewUrl,reviewDescription,reviewImages,date,position,variant,totalCategoryRatings
5,Best speaker for softdeep bass lovers;music lovers; cinematic experience,RC35N2TREIA3D,https://www.amazon.in/gp/customer-reviews/RC35N2TREIA3D/ref=cm_cr_othr_d_rvw_ttl?ie=UTF8&ASIN=B0B6441RNK,"The media could not be loaded.
                
            
                
            
        
    
    








  
  
     JBL speaker is the best for the people who likes low bass with crystal clear sound qualityJBL speaker made at high qualityIt comes for longer life span of you use correctlyThis speaker is suitable for the people who like soft bass for music and also for moviesUsually it feels low bass but it's deep and crystal clear audioBut based on the room size you should buyIf you buy high watt for small room it causing irritation and headacheAnd if you buy low watt for big hall it feels disappointmentI used this 220w speaker for my 100square feet under 40%or 30% it's very good for hearing melody and other songs I felt irritate when I used high sound for long time as my room size is smallerFor both hall and room I planned and purchasedIam trusting that this speaker comes for many yearsIt's value for money you can go for itIt's also perform excellent for movies with low and deep bass but powerfulBut you should buy the speaker from Amazon carefully as they given only service replacement for 7 daysTake videoes and photos when you open the boxCheck whether the box is already opened or sealed packageI got perfect package from AmazonBut it's cost is too high even though it has made at high quality you can go for itSony is best for movies with high bassJBL is best for movies and music lover with perfect sound clarityJBL is best in sound clarity compare to Sony. Thank you",[],2025-01-05,1,"Style Name: Cinema SB271, Pattern Name: Speaker",
4,For those who like clarity and details,R3VGMX3LRTYYAT,https://www.amazon.in/gp/customer-reviews/R3VGMX3LRTYYAT/ref=cm_cr_othr_d_rvw_ttl?ie=UTF8&ASIN=B0B6441RNK,"*Read Edit at the bottom*--Original review:Very balanced & melodious sound signature! Set it on movie mode and forget playing with its settings - oh well there isn't anything to do on remote as you can't adjust bass treble. I don't mind that! The soundbar is tuned so well for balanced sound that it won't irritate you and you will actually enjoy listening for long hours.Note: My observations below are based on 'Movie' mode which I think is best mode. Music mode is like 60-65% voice and rest is of instruments - perfect for those who can't tolerate noise (loud music). When you set on Music mode the overall volume sounds lower.*Trebles* - Clear trebles - you will hear many music instruments which you miss completely in bass heavy speakers.*Bass* - Detailed bass - all lower bass and not much mid & upper bass. No boomy and vibrating bass - its clean high quality bass, absolutely no distortion. Also no artificial beats, boomy effects.Bass in quantity vs bass in quality - you have to experience it to understand!This soundbar produces the quality one.*Dialogues/Vocals* -  Vocals are great and sounds natural!Perfect for pairing with TV, you will enjoy OTT movies and shows. You don't have to adjust volume levels frequently as with other soundbars! This cinema series is specifically designed for movies and tv shows binging - in which it excels!My first budget soundbar from quality brand, a level above zebronics, moto, boats, govos etc products under 10k. Got it at 9k, sounds like worth it for how it performs.*Cons* -- If you like bass a lot, you won't like it. Note that this soundbar does give good bass whose quality is far better than cheap soundbars but its less in quantity specially when you increase volume you'd expect bit more bass which feel lacking.- I noticed this soundbar has in-built volume normalizer. When there is very loud sound the soundbar reduces volume lower than what the actual volume level is playing at. The volume should normalize to current volume level and not reduce it lower. For example, if volume level is set at 50% and when normalizer kicks in it will reduce volume to 20% Note that it happens to very specific frequencies that product high volume and I didn't face it with all content. Still I wish they could fix it with firmware update. Since its a bit older product now I don't expect any update on firmware.- No led display- Bluetooth sound performance not good enough, stick to HDMI Arc or at least OpticalConclusion:If you consumption is mostly on TV Shows, Movies side then Highly recommended for TV!Music experience is also very sweet but it's NOT for loud/party music. At high volume bass will be quite less and with volume normalizer feature it is kind of not great experience.*Edit (November 2024)*While what I wrote above holds true but I have moved away from soundbars! Ever since I heard bookshelf speakers - they outperform soundbars by quite a distance - it's like experiencing whole new world. Don't buy soundbars - buy at least active bookshelf speakers something like JBL Nako K4 pair around 11-12k, Swans D1080-IVB at 12k Or you can get old passive speakers of Sony, Onkyo, Philips, Aiwa, Samsung etc. under 5k and connect them with cheap class D amplifiers like Aiyima T9, Fosi BT20A Pro, Aiyima A07 Max, Fosi BT20A. This will perform better than even expensive soundbars.",['https://m.media-amazon.com/images/I/61RSMWyl8jL._SY88.jpg'],2023-10-08,2,"Style Name: Cinema SB271, Pattern Name: Speaker",
5,Just go for ittt.. 🔥,R8AXCJDRXN5S1,https://www.amazon.in/gp/customer-reviews/R8AXCJDRXN5S1/ref=cm_cr_othr_d_rvw_ttl?ie=UTF8&ASIN=B0B6441RNK,"The media could not be loaded.
                
            
                
            
            
        
    
    








  
  
     After too many reviews and research I chose JBL , trust me it will provide the premium quality. Premium sound quality with awesome bass. Many reviewers said bass is not good but trust me am using in a big hall and the bass quality and totally sound quality is just awesome. Just go for itt.. this video sound is only 30% level. you may find other less price sound systems but JBL provides the premium sound quality and build quality so you might have to pay more. For the sound quality it’s totally value for money. Will give my full review after using few months.",[],2025-01-15,3,"Style Name: Cinema SB271, Pattern Name: Speaker",
1,"Defective product, Amazon made it very difficult to replace/return",R21DEJHSUTS90E,https://www.amazon.in/gp/customer-reviews/R21DEJHSUTS90E/ref=cm_cr_othr_d_rvw_ttl?ie=UTF8&ASIN=B0B6441RNK,"I am mostly a customer of Amazon US and am used to the easy return process made available there.I learned that this is not the case when buying through amazon.in. I learned about the ""7 days Service Centre Replacement"" policy, which implies that THERE IS NO RETURN POSSIBLE (or is left at the discretion of Amazon). And to replace, the OEM has to replace it directly or provide some sort of documentation, that I can give to Amazon to replace.Here was my experience:I ordered the JBL 271, because* It came recommended from some youtubers* Was from a well known brand AND* Was available on Amazon.in.When the product arrived, I COULDN'T GET IT WORKING over HDMI/ARC/eARC connection to the TV. But it worked over bluetooth and 3.5mm.Additionally, I couldn't get the subwoofer to connect to it. I even tried resetting it, by holding down the pairing button for 10s as described in the guides/manuals, but still couldn't get it to work.I reached out to Amazon.in, who told me about their surprising policy, that they are powerless to do anything, since the equipment is from a ""big brand"" and that I must deal directly with JBL and/or get a ""deny"" letter from them saying that JBL will not replace the soundbar.I then reached out to JBL with my complaints and they sent over someone to install the soundbar system. (note that I had already installed it, but in fairness they can't assume any technical literacy at the customers end). The INSTALLATION TECHNICIAN CAME TO THE SAME CONCLUSION, that the HDMI/ARC/eARC connection was not working and the subwoofer was not connecting.I then reached back out to Amazon, thinking that the report made by the installation technician would have reached them through backed channels. Apparently it didn't, and I still had to obtain the letter from JBL. I reached out to JBL again, and THEY WANTED TO SCHEDULE ANOTHER TECHNICIAN to make sure that the product was broken.At this point, I WAS DEEPLY FRUSTRATED. JBL did not believe their own installation technician that the product was broken. I was at a time crunch and would not be able to schedule their technician. Nonetheless, they wanted to follow their ""process"".At the end, there was a NEW, BROKEN Rs. 10,000 soundbar package sitting in my room, that I bought from amazon.in.",[],2024-11-05,4,"Style Name: Cinema SB271, Pattern Name: Speaker",
5,Bass box for movies,R31PDIGB2PGDA0,https://www.amazon.in/gp/customer-reviews/R31PDIGB2PGDA0/ref=cm_cr_othr_d_rvw_ttl?ie=UTF8&ASIN=B0B6441RNK,Value for many it's suited for single room preferred only for movies if you need more bass just go with high base jbl,[],2025-01-29,5,"Style Name: Cinema SB271, Pattern Name: Speaker",
3,Jbl sb271,RATSQ6L9KJ4B1,https://www.amazon.in/gp/customer-reviews/RATSQ6L9KJ4B1/ref=cm_cr_othr_d_rvw_ttl?ie=UTF8&ASIN=B0B6441RNK,"Low Bass ,no surrounding option ,once purchased can't returned this product .only replace option,power cable very poor loose connectionBut voice clarity good,Amazon package delivery very good.",[],2025-01-02,6,"Style Name: Cinema SB271, Pattern Name: Speaker",
5,Best in quality and price,RL2J6GQDXMX69,https://www.amazon.in/gp/customer-reviews/RL2J6GQDXMX69/ref=cm_cr_othr_d_rvw_ttl?ie=UTF8&ASIN=B0B6441RNK,"I recently purchased the JBL Cinema SB271 Dolby Digital Soundbar, and I'm quite pleased with my purchase. Overall, I would rate it 4 out of 5 stars. This soundbar may be an entry-level product, but it delivers higher-quality sound than expected, making it a worthy addition to your home theater setup.The package arrived promptly and in good condition, thanks to Amazon's packaging and delivery standards. Setting up the soundbar was a breeze, thanks to the detailed and easy-to-follow instruction handbook. It includes the soundbar, a wireless subwoofer, and an HDMI (ARC) cable, as well as fixtures for wall mounting.The product appearance is stylish and appealing, adding a touch of elegance to any living room. The sound quality is impressive, providing a greater audio experience compared to standard TV speakers. It's suitable for various uses, from watching sports and movies to enjoying music with family and friends.Connecting the soundbar to the TV is simple, just plug in the HDMI cord, and it works flawlessly. However, the Bluetooth connectivity could have been better. Sometimes, the connection between the soundbar and subwoofer can be a bit tricky, and the back light indicator is confusing. Turning on the subwoofer before the soundbar might take some getting used to, but it's a minor inconvenience.The soundbar lacks variable equalizer settings, except for News, Music, and Movie modes. Despite this limitation, the sound quality remains promising and provides excellent value for money. If you're looking to enhance your sound experience without spending a fortune on elaborate sound configurations, this soundbar is more than sufficient.However, it may not be the best choice for heavy metal enthusiasts or those with specific tweeter quality and bass requirements. Also, keep in mind that it doesn't support advanced audio formats like Atmos or Dolby.In conclusion, the JBL Cinema SB271 Dolby Digital Soundbar is an excellent option for anyone seeking an affordable and stylish sound upgrade. With its impressive sound quality, easy setup, and overall performance, it represents excellent value for money. If you're in the market for a reliable and feature-packed soundbar, the JBL Cinema SB271 is worth considering.",[],2023-07-18,7,"Style Name: Cinema SB271, Pattern Name: Speaker",
4,Good product!,R101NVY4XW16KI,https://www.amazon.in/gp/customer-reviews/R101NVY4XW16KI/ref=cm_cr_othr_d_rvw_ttl?ie=UTF8&ASIN=B0B6441RNK,"The bass could be better, but the sound quality is decent overall—an average performance.",['https://m.media-amazon.com/images/I/71ZWtMBd43L._SY88.jpg'],2024-11-29,8,"Style Name: Cinema SB271, Pattern Name: Speaker",
4,Fantastic output 👍,R2DUJ1R4FVA1DU,https://www.amazon.in/gp/customer-reviews/R2DUJ1R4FVA1DU/ref=cm_cr_othr_d_rvw_ttl?ie=UTF8&ASIN=B0B6441RNK,Fantastic output and a fine tuned quality of sound.Loved it!,[],2025-01-24,9,"Style Name: Cinema SB271, Pattern Name: Speaker",
4,Not delivered to my home,R2V298VHHTN1WK,https://www.amazon.in/gp/customer-reviews/R2V298VHHTN1WK/ref=cm_cr_othr_d_rvw_ttl?ie=UTF8&ASIN=B0B6441RNK,Product is very good. But i didn't get delivered to my home. Sayings silly reason and i collected it by traveling more than 1 km. I recommend to analyze the street first and then decide the delivery van.,[],2024-12-22,10,"Style Name: Cinema SB271, Pattern Name: Speaker",
3,2.1 soundbar விட 5.1 soundbar  சிறந்தது,RR2NDZ6LN2OLF,https://www.amazon.in/gp/customer-reviews/RR2NDZ6LN2OLF/ref=cm_cr_othr_d_rvw_ttl?ie=UTF8&ASIN=B0B6441RNK,Soundbar ன் தரம் நன்றாக இருந்தது bass எதிர்பார்த்த அளவுக்கு இல்லை இதை வாங்குவதை விட 5.1 நன்றாக இருக்கும்,[],2025-01-23,11,"Style Name: Cinema SB271, Pattern Name: Speaker",
3,Bluetooth and Sound issue,R1VX8PPNGWMLDU,https://www.amazon.in/gp/customer-reviews/R1VX8PPNGWMLDU/ref=cm_cr_othr_d_rvw_ttl?ie=UTF8&ASIN=B0B6441RNK,Sometimes sound is getting on mute while connect on Bluetooth and Bluetooth is not connecting with old 4G mobile.,[],2025-01-09,12,"Style Name: Cinema SB271, Pattern Name: Speaker",
4,Value of mone product 🔥,R3AFC2Q19QB87K,https://www.amazon.in/gp/customer-reviews/R3AFC2Q19QB87K/ref=cm_cr_othr_d_rvw_ttl?ie=UTF8&ASIN=B0B6441RNK,"The media could not be loaded.
                
            
                
            
            
        
    
    








  
  
     Not so loud but the best 🔥 Voice & Beat clearity is awesome 🫶🏻 last but not the least Dolby effect is one of the positive point to have the speaker 🔊 I hope it is a value of money",[],2024-11-10,13,"Style Name: Cinema SB271, Pattern Name: Speaker",
4,Bhom bhom... Nice product,R3B929A2ZFH77F,https://www.amazon.in/gp/customer-reviews/R3B929A2ZFH77F/ref=cm_cr_othr_d_rvw_ttl?ie=UTF8&ASIN=B0B6441RNK,"The sound quality is notably clear, with powerful bass that enhances action scenes and makes music sound rich and immersive. It truly brings a theater-like experience to your living room, filling the space with crisp, well-rounded sound.Overall, if you're looking for a soundbar with high-quality audio that replicates a theater experience, this one is a great choice.",['https://m.media-amazon.com/images/I/51LoytNlvAL._SY88.jpg'],2024-10-25,14,"Style Name: Cinema SB271, Pattern Name: Speaker",
3,Good for TV not for Bass lover,R20OCRCWM6QHCU,https://www.amazon.in/gp/customer-reviews/R20OCRCWM6QHCU/ref=cm_cr_othr_d_rvw_ttl?ie=UTF8&ASIN=B0B6441RNK,After using more than 1 year. I want to tell about this product is that this is not for bass lover. This is only for clear voice best for tv and vocal.Very low bass. No dedicated bass increasing button.,[],2024-12-11,15,"Style Name: Cinema SB271, Pattern Name: Speaker",
4,Only for cinema and music clarity not for bass lovers,R3U6ECR7U4C9XR,https://www.amazon.in/gp/customer-reviews/R3U6ECR7U4C9XR/ref=cm_cr_othr_d_rvw_ttl?ie=UTF8&ASIN=B0B6441RNK,"The product is amazing and feels premium dobara come with metal grill and metallic body.It is study and good quality product.Sound quality the clarity in this home theatre is amazing for the movies serials programs the usual TV entertainment purpose it is an amazing home theatre.Even music clarity is also really good you can hear the bass but those vibration and thumping bass is not there because the soundbar is made in that way to Just here the bass and not feel it.You can hear absolutely crystal clear vocals,mids and bass. If you are buying this home theatre for the clarity of the song or clarity in the movies go for it!But if you want something with the thumping bass or a ground shaking Bass or you need the vibrating bass then this sound bar is not for you.It's irritating that you don't get an led notification on the bar. There is just one blinking light which indicates whenever you switch the modes with the use of remote you don't know that where on which mode you are so that's kind of irritating.Overall I'll give this a 4/5!",['https://m.media-amazon.com/images/I/71cG65qCL6L._SY88.jpg'],2024-08-13,16,"Style Name: Cinema SB271, Pattern Name: Speaker",
4,HDMI not working,R1YYD6S1M6963A,https://www.amazon.in/gp/customer-reviews/R1YYD6S1M6963A/ref=cm_cr_othr_d_rvw_ttl?ie=UTF8&ASIN=B0B6441RNK,Some issue in BT4.0 otherwise overall product is goodI got it for 10k in offerIt's best for tv,[],2024-06-06,73,"Style Name: Cinema SB271, Pattern Name: Speaker",
5,Decent and overall value for money,RCHAGPD53T2G2,https://www.amazon.in/gp/customer-reviews/RCHAGPD53T2G2/ref=cm_cr_othr_d_rvw_ttl?ie=UTF8&ASIN=B0B6441RNK,"Decent impact if the content is in DOLBY, DTS. The Netflix docuseries was good. Bluetooth songs, YOUTUBE Indian classical songs from TV to sound bar was pleasing. It can be loud and clear for movies. Not a great system but overall value for money. REDMI TV -sound bar. Setup was super quick and easy. I did it with the HDMI arc cable. no sweat. Maybe 5.1 is better than this, if you can spend money.",[],2024-08-21,74,"Style Name: Cinema SB271, Pattern Name: Speaker",
2,Worst service by Amazon no installation and no return policy,R2AUTUFWCVG6L4,https://www.amazon.in/gp/customer-reviews/R2AUTUFWCVG6L4/ref=cm_cr_othr_d_rvw_ttl?ie=UTF8&ASIN=B0B6441RNK,I've purchased this product on 2nd Oct but no one came to installation as they have mentioned free installation in the description and I have tried reaching amazon customer service center but they simply put call In hold and they will make you wait ..sound bass clarity is not great for JBL brand that is really poor thing ...pathetic service by Amazon and JBl,[],2024-10-05,75,"Style Name: Cinema SB271, Pattern Name: Speaker",
5,Jbl 271,R2WZQDBVFL5CL,https://www.amazon.in/gp/customer-reviews/R2WZQDBVFL5CL/ref=cm_cr_othr_d_rvw_ttl?ie=UTF8&ASIN=B0B6441RNK,"I really liked the sound of JBL and I enjoyed it a lot. The base is also nice but it is not for a loud base lover. In this, you will feel the base.",[],2024-10-09,76,"Style Name: Cinema SB271, Pattern Name: Speaker",
5,Top class home sound bar and woofer at this price range,R16W1STGZH6X5Q,https://www.amazon.in/gp/customer-reviews/R16W1STGZH6X5Q/ref=cm_cr_othr_d_rvw_ttl?ie=UTF8&ASIN=B0B6441RNK,"SB 271 was launched on prime day and there were no reviews available. Even JBL had not listed this in their website. All the amazon reviews showing up here are for other models, if you check out carefully.This is an excellent sound bar + sub-woofer combo. Just transformed my non-acoustic living room into a home theatre set-up. Can connect to the TV via HDMI ARC (cable supplied) or optical cable or through bluetooth (stutters a bit). The sound bar can be mounted on the wall below the TV and the mounting screws and pads are provided. The connectivity between the sound bar and the woofer is wireless which is excellent.When it comes to quality of sound, I have tested this with some 4k + dolby quality media from Netflix and youtube (via HDMI ARC)- was just awesome. There are a few pre-set modes - voice, music, news, movies - I could not differentiate between these much, but the bass effect in music and movie mode were way too good. If you have a bass guitar or drums playing out, you'll get an awesome sound quality.Tried Bluetooth connection through smart phone - establishing connection for the first time was a little difficult as the sound bar does not move into a pairing mode so easily. One needs to keep pressing the BT button in the remote to move it into a pairing mode. Even after that, it does not appear in the list of devices - this is a hit and miss process that one has to several times to establish connection. Other than that, everything else is awesome.My recommendation based on 3-4 days of usage - go for it, in case this is your first sound bar, there is no need to think twice for this price range. Just go for it.",[],2022-07-27,77,"Style Name: Cinema SB271, Pattern Name: Speaker",
1,Very bad quality sound quality,RLF6F8L996ALV,https://www.amazon.in/gp/customer-reviews/RLF6F8L996ALV/ref=cm_cr_othr_d_rvw_ttl?ie=UTF8&ASIN=B0B6441RNK,"The sound quality is very poor, my TV’s speakers are louder than this soundbar. After paying ₹10,000, it feels completely not worth it. I never expected such subpar performance from a brand like JBL. There’s absolutely no bass, despite the product’s tagline claiming “extra deep bass.”",['https://m.media-amazon.com/images/I/71RlBy1LcUL._SY88.jpg'],2025-01-19,78,"Style Name: Cinema SB271, Pattern Name: Speaker",
1,Bass is not good,ROJR0AKHJC9AS,https://www.amazon.in/gp/customer-reviews/ROJR0AKHJC9AS/ref=cm_cr_othr_d_rvw_ttl?ie=UTF8&ASIN=B0B6441RNK,"Waste waste product. I brought it and used 5 days bass is very very poor. I contact to coustomer care, worst response... They didn't replace and not refund .after I sell it in Olx in loss..plz plz don't Buy this JBL 271.",[],2025-01-19,79,"Style Name: Cinema SB271, Pattern Name: Speaker",
5,Excellent,RW4H8OT6I29IT,https://www.amazon.in/gp/customer-reviews/RW4H8OT6I29IT/ref=cm_cr_othr_d_rvw_ttl?ie=UTF8&ASIN=B0B6441RNK,Quiet good sound bar with a classic sound with extraordinary clarity,[],2024-11-05,80,"Style Name: Cinema SB271, Pattern Name: Speaker",
4,Good 👍😊,R36FFLY196YI4M,https://www.amazon.in/gp/customer-reviews/R36FFLY196YI4M/ref=cm_cr_othr_d_rvw_ttl?ie=UTF8&ASIN=B0B6441RNK,It's  good...no need to worry about product,[],2024-10-19,25,"Style Name: Cinema SB271, Pattern Name: Speaker",
3,Vocals is clear but not the best bass in this segment,R1D78ZBZ5M7DM5,https://www.amazon.in/gp/customer-reviews/R1D78ZBZ5M7DM5/ref=cm_cr_othr_d_rvw_ttl?ie=UTF8&ASIN=B0B6441RNK,Don't like bass,[],2024-12-02,26,"Style Name: Cinema SB271, Pattern Name: Speaker",
4,In my room sound was awesome,RVI9UA1RL84KV,https://www.amazon.in/gp/customer-reviews/RVI9UA1RL84KV/ref=cm_cr_othr_d_rvw_ttl?ie=UTF8&ASIN=B0B6441RNK,"The media could not be loaded.
                
            
                
            
            
        
    
    








  
  
     In this price range this audio system was good nice sound",[],2024-10-24,27,"Style Name: Cinema SB271, Pattern Name: Speaker",
4,JBL is a reputated leader,R2Q7OEHDQBEJWB,https://www.amazon.in/gp/customer-reviews/R2Q7OEHDQBEJWB/ref=cm_cr_othr_d_rvw_ttl?ie=UTF8&ASIN=B0B6441RNK,"The media could not be loaded.
                
            
                
            
            
        
    
    








  
  
     I researched a lot to my bedroom tv and I was searching a nice sound setup. In summers sound of AC and ceiling fan decreases the tv sound output. Hence, I decided to buy a good soundbar. I confused with multiple product in this 10k price range. Finally a wireless subwoofer with soundbar I thought to purchase. Because single bar not impressed me a lot in this budget. I wanted to put woofer any where at my choice for good sound deepness according to my bedroom. This product-is an excellent for a medium size room. I checked product sound with ARC cable and blutooth, trust me no big differences i found.Good bass, nice controls, low woofer bass giving soothing effect on ears and it vibrates your room well. I cannot upload more videos amazon UI not allowing me to do so. Over all an excellent product, you can trust on JBL.",[],2024-05-31,28,"Style Name: Cinema SB271, Pattern Name: Speaker",
4,Nice product.,R3CWH2SRNFPDHQ,https://www.amazon.in/gp/customer-reviews/R3CWH2SRNFPDHQ/ref=cm_cr_othr_d_rvw_ttl?ie=UTF8&ASIN=B0B6441RNK,Bass is a little low . I got it for 8K,['https://m.media-amazon.com/images/I/71LOQTmaINL._SY88.jpg'],2024-10-14,29,"Style Name: Cinema SB271, Pattern Name: Speaker",
3,Product is good but service is not good,RX2MSYZSHDYKQ,https://www.amazon.in/gp/customer-reviews/RX2MSYZSHDYKQ/ref=cm_cr_othr_d_rvw_ttl?ie=UTF8&ASIN=B0B6441RNK,"When I received JBL facing some issue i try to make returns but it's not possible in Amazon site aswell customer care said. After I try to connect JBL customer care it's online process but no support. Finally my self only rectify the issue, other wise wire connection is very good sound effect and Bluetooth is not good.",[],2024-10-15,30,"Style Name: Cinema SB271, Pattern Name: Speaker",
3,Good speaker and base. Bad remote coverage.,R1R9OOUZY6QRSU,https://www.amazon.in/gp/customer-reviews/R1R9OOUZY6QRSU/ref=cm_cr_othr_d_rvw_ttl?ie=UTF8&ASIN=B0B6441RNK,The speaker sound and base is great for indoors.Bluetooth connectivity is also good.But remote coverage is very less. It only works from infront of the soundbar.,[],2024-11-03,31,"Style Name: Cinema SB271, Pattern Name: Speaker",
3,Good only for cinema,R28HLIVWAYF06A,https://www.amazon.in/gp/customer-reviews/R28HLIVWAYF06A/ref=cm_cr_othr_d_rvw_ttl?ie=UTF8&ASIN=B0B6441RNK,Speaker clarity is good for cinema.The bass is not enough for heavy bass music lovers but good for old Bollywood songs.Loudness is enough to fill room of 12 by 12.Expecting more from the jbl brand with tag line deep base.Connectivity is a breeze and HDMI cable included with arc support.Good as upgrade for tv speaker not for music lovers,[],2024-10-09,32,"Style Name: Cinema SB271, Pattern Name: Speaker",
4,Ok,R5YVX8LIR1MUQ,https://www.amazon.in/gp/customer-reviews/R5YVX8LIR1MUQ/ref=cm_cr_othr_d_rvw_ttl?ie=UTF8&ASIN=B0B6441RNK,Doesn't have aux port.,['https://m.media-amazon.com/images/I/61VJqOX-LGL._SY88.jpg'],2024-08-11,65,"Style Name: Cinema SB271, Pattern Name: Speaker",
3,Low Bass and treble,R13V3FKJSXWO0Z,https://www.amazon.in/gp/customer-reviews/R13V3FKJSXWO0Z/ref=cm_cr_othr_d_rvw_ttl?ie=UTF8&ASIN=B0B6441RNK,The overall volume is much lower and the quality as well when compared to BOAT soundbars at the same price. Also the bass and treble are not up to the mark.,[],2024-08-11,66,"Style Name: Cinema SB271, Pattern Name: Speaker",
2,No Base Quality,R3C21H9TYXBQTZ,https://www.amazon.in/gp/customer-reviews/R3C21H9TYXBQTZ/ref=cm_cr_othr_d_rvw_ttl?ie=UTF8&ASIN=B0B6441RNK,Very Disappointed with the quality of the base. The model is discontinued in market.,[],2024-12-24,67,"Style Name: Cinema SB271, Pattern Name: Speaker",
3,Optical cord missing in the package of sound bar with woofer,R1P2COMFO8S21U,https://www.amazon.in/gp/customer-reviews/R1P2COMFO8S21U/ref=cm_cr_othr_d_rvw_ttl?ie=UTF8&ASIN=B0B6441RNK,Very good product but I dislike missing of one item that is “optical cord” in the package of sound bar with woofer,[],2024-08-25,68,"Style Name: Cinema SB271, Pattern Name: Speaker",
5,Nice One,R3050QWNKX7CL,https://www.amazon.in/gp/customer-reviews/R3050QWNKX7CL/ref=cm_cr_othr_d_rvw_ttl?ie=UTF8&ASIN=B0B6441RNK,"Good Sound,Bass.",[],2024-11-26,69,"Style Name: Cinema SB271, Pattern Name: Speaker",
4,A good Soundbar but could have been better,R2YH4RDW9WNL1R,https://www.amazon.in/gp/customer-reviews/R2YH4RDW9WNL1R/ref=cm_cr_othr_d_rvw_ttl?ie=UTF8&ASIN=B0B6441RNK,"The media could not be loaded.
                
            
                
            
        
    
    








  
  
     This soundbar sounds really good at full volume. I connected the TV through optical as mine doesn't have ARC. The volume is relatively low with SPDIF however through Bluetooth it sounds awesome. The subwoofer provided is less impressive doesn't have a thumping bass.  I use a home theater too and a velodyne subwoofer so that's great for me.  Bluetooth connectivity to mobile is pathetic-in 2-3 meters distance it is very choppy, has to be on a direct visibility. However didn't feel much disruption on the bt connection to subwoofer which is at 8 feet distance.  Overall I gave 4* for sound quality. Don't see much impact due to Atmos though that sounds nice (surround is not great). 200W RMS doesn't show up at all and choppy bt puts this expensive in comparison to F&D or Boat. This doesn't obviously compete with Bose or Sonos.  So try in HDMI ARC may work well (not tried by me). Overall for 12K I gave after reduction, it is disappointing.  For 16K MRP shown, it is a no-go.  Try something else.",['https://m.media-amazon.com/images/I/61FtEzYC8LL._SY88.jpg'],2022-10-25,70,"Style Name: Cinema SB271, Pattern Name: Speaker",
5,Superb!!!! Most thrilling soundbar!!!!!,RF0UKY35Z99GT,https://www.amazon.in/gp/customer-reviews/RF0UKY35Z99GT/ref=cm_cr_othr_d_rvw_ttl?ie=UTF8&ASIN=B0B6441RNK,"The media could not be loaded.
                
            
                
            
            
        
    
    








  
  
     Writing this review after using it for almost a month!  I did a lot of research before buying this soundbar..had gone through lots of reviews and finally decided to go for this...Everyone in the reviews says that it has very low bass  but i asure you it has the best insane bass!!!!Bass is just crazyy!!!! You would feel bass in your heart !!!! Just amazing and movie experience is just like a cinema!!  You'll have goosebumps once you see movies!!And what a clarity this soundbar has !!! You'll never get bored of listening songs on this...My hall size is 16×21 which is quite a big hall and output of this soundbar is perfect!!Rather than going for zebronics and boat ... I'll recommended this jbl 271... because at last jbl & sony wins this competition of music.. you can feel each and every beat of songs and dailogue clarity is superbb!!  Just has one con that is you can't see the volume level even on tv so that's a slight problem but once you get used to it then it's fine...You can completly buy this model if you have a budget under 15k..and if you have budget of more than 15k then go for sony..or else jbl is best!!! What a surreal experience!! Loved it!",[],2023-05-03,71,"Style Name: Cinema SB271, Pattern Name: Speaker",
5,Best choice for movie lovers,R3GPZVQQ712ZBC,https://www.amazon.in/gp/customer-reviews/R3GPZVQQ712ZBC/ref=cm_cr_othr_d_rvw_ttl?ie=UTF8&ASIN=B0B6441RNK,Quality excellent,[],2024-11-24,72,"Style Name: Cinema SB271, Pattern Name: Speaker",
5,Amazing experience!!!!,R164NG9O94WAA9,https://www.amazon.in/gp/customer-reviews/R164NG9O94WAA9/ref=cm_cr_othr_d_rvw_ttl?ie=UTF8&ASIN=B0B6441RNK,Am glad to buy this product.,[],2024-12-17,41,"Style Name: Cinema SB271, Pattern Name: Speaker",
4,Good sound bar for watching TV JBL SB270,R1F2X4H9N6QPK5,https://www.amazon.in/gp/customer-reviews/R1F2X4H9N6QPK5/ref=cm_cr_othr_d_rvw_ttl?ie=UTF8&ASIN=B0B6441RNK,Pros :Premium build qualityefficient bassClear and crisp soundWorks perfect with HDMI ARCIf you listen music with 50% volume if feel the bass effectsCons :No adjustment for bass and trebleI feel sound quality not that good when connected via Bluetooth as comparing to HDMI,['https://m.media-amazon.com/images/I/61cK3pVSjHL._SY88.jpg'],2024-06-28,42,"Style Name: Cinema SB271, Pattern Name: Speaker",
4,Feedback,R27GZX85Y06OYZ,https://www.amazon.in/gp/customer-reviews/R27GZX85Y06OYZ/ref=cm_cr_othr_d_rvw_ttl?ie=UTF8&ASIN=B0B6441RNK,Good but need some improvement in sound quality and standards.,[],2024-08-29,43,"Style Name: Cinema SB271, Pattern Name: Speaker",
3,Not as expected.,ROY0YJW7D7IG3,https://www.amazon.in/gp/customer-reviews/ROY0YJW7D7IG3/ref=cm_cr_othr_d_rvw_ttl?ie=UTF8&ASIN=B0B6441RNK,It's sound like. Add only wufar bass sound with  TV speaker.,[],2024-10-07,44,"Style Name: Cinema SB271, Pattern Name: Speaker",
3,Sound quality is awesome.  But Bluetooth connectivity is very poor,R2NW9IEJKJBRJ3,https://www.amazon.in/gp/customer-reviews/R2NW9IEJKJBRJ3/ref=cm_cr_othr_d_rvw_ttl?ie=UTF8&ASIN=B0B6441RNK,Sound quality is awesome.  But Bluetooth connectivity is very poor. Very short distance coverage. Connectivity breaking within 2mtrs.,[],2024-10-02,45,"Style Name: Cinema SB271, Pattern Name: Speaker",
5,Wow super product,R1VMSQOL5MXZVN,https://www.amazon.in/gp/customer-reviews/R1VMSQOL5MXZVN/ref=cm_cr_othr_d_rvw_ttl?ie=UTF8&ASIN=B0B6441RNK,Sound Quality is Very nice. Bass is awesome. Product quality is excellent. Overall a value for money product.,[],2024-12-08,46,"Style Name: Cinema SB271, Pattern Name: Speaker",
4,Worth for Money,R2JZI590WO8SS2,https://www.amazon.in/gp/customer-reviews/R2JZI590WO8SS2/ref=cm_cr_othr_d_rvw_ttl?ie=UTF8&ASIN=B0B6441RNK,"The output quality denotes name JBL, delivering crisp sound with a lower bass that's powerful yet doesn't overwhelm the vocals. It offers an overall cinematic / theatre-like experience.",[],2024-07-28,47,"Style Name: Cinema SB271, Pattern Name: Speaker",
4,Good as expected,R2FATBF7YKXC7C,https://www.amazon.in/gp/customer-reviews/R2FATBF7YKXC7C/ref=cm_cr_othr_d_rvw_ttl?ie=UTF8&ASIN=B0B6441RNK,Cinematic experience,[],2024-09-03,48,"Style Name: Cinema SB271, Pattern Name: Speaker",
5,Superb under 10k,RLXILQQSYKH4H,https://www.amazon.in/gp/customer-reviews/RLXILQQSYKH4H/ref=cm_cr_othr_d_rvw_ttl?ie=UTF8&ASIN=B0B6441RNK,i bought this for 8.5k & am amazed by its quality and bass. the clarity one gets is exceptional when comparing to other soundbars. 1 will get many soundbars in this range that is under 10k which boast 500w or 400w but in those the sound quality will not be good. If one is looking for audio clarity and good lower bass this is the best. I have other jbl products like its flip essential speaker which is also awesome when you compare its sound to that of either boat or any other you will surely feel the difference in bass and audio quality. See overall its the best under 10k one should not only chase max W but also test out other features in which also its the best buy.,[],2024-08-08,49,"Style Name: Cinema SB271, Pattern Name: Speaker",
4,"Excellent sound, Bass",R82DDRJBTAZA6,https://www.amazon.in/gp/customer-reviews/R82DDRJBTAZA6/ref=cm_cr_othr_d_rvw_ttl?ie=UTF8&ASIN=B0B6441RNK,"Quality, Ease of installation, clear sound",[],2024-08-21,50,"Style Name: Cinema SB271, Pattern Name: Speaker",
5,"Good Quality Sound , Value for Money .",R2PJJ1ZFVSCJ2A,https://www.amazon.in/gp/customer-reviews/R2PJJ1ZFVSCJ2A/ref=cm_cr_othr_d_rvw_ttl?ie=UTF8&ASIN=B0B6441RNK,"Writing this review after a months usage.Finding sound quality is very good. You can get the theatrical experience.Bass and voice are with clarity .Perfect for home.It has got more modes of operations like voice, Music movie . If you want bass effect you can go for music and Movie mode and voice mode for clear conversations.Its wireless hence no wire connections across this space. Used optical wire port so that you can hear the music from TV and JBL simultanously. If you had used HDMI you can hear only from JBL and not from TV.Overall satisfied with the product. Purchased during Prime day for 10k",[],2024-08-22,51,"Style Name: Cinema SB271, Pattern Name: Speaker",
5,Sound is great but JBL's service quality is not,R2VVU2EPNYA9IC,https://www.amazon.in/gp/customer-reviews/R2VVU2EPNYA9IC/ref=cm_cr_othr_d_rvw_ttl?ie=UTF8&ASIN=B0B6441RNK,"The guy who was suppossed to come for installation informed that he was going to come that day and I did not go out the whole day and waited for him and at the end of the day he said he will come the next day. He did this twice. Just disrupted all my plans. And at the end of it he didn't even do much, also he did not know how to connect the subwoofer to the speaker, which I did myself looking at the instructions booklet. I'd suggest you do the installation yourself and dont call the guy from JBL.",[],2024-09-19,52,"Style Name: Cinema SB271, Pattern Name: Speaker",
3,Average sound bae,R1Q8PLULM2VT58,https://www.amazon.in/gp/customer-reviews/R1Q8PLULM2VT58/ref=cm_cr_othr_d_rvw_ttl?ie=UTF8&ASIN=B0B6441RNK,Bo to be a great product,[],2024-10-04,53,"Style Name: Cinema SB271, Pattern Name: Speaker",
4,Powerful &Dynamic sound experience,RA78R5100PBC1,https://www.amazon.in/gp/customer-reviews/RA78R5100PBC1/ref=cm_cr_othr_d_rvw_ttl?ie=UTF8&ASIN=B0B6441RNK,"I'm using SB271 soundbar with subwoofer since 10 days and I'm writing this review after many tests and sound adjustments by connecting to my TV.To my notice I found sound is little bit lower when soundbar connected through HDMI cable and perfect when connected through Optical cable.In many many YouTube reviews I noticed that they keep on mentioning about the bass that was low compared to other soundbars. But my strong feeling is that when you connect the soundbar with compatible TV, the bass will be upto mark when connected with optical cable. Will not get the same output when you connect your TV with Bluetooth.I'm really happy with my soundbar and it's performance. Bottom firing bass shakes all my room and watching movies was a pleasure.Thankyou JBL for the wonderful product with wonderful price.",[],2023-10-22,54,"Style Name: Cinema SB271, Pattern Name: Speaker",
5,Beat,R19QIFYHXSFMFA,https://www.amazon.in/gp/customer-reviews/R19QIFYHXSFMFA/ref=cm_cr_othr_d_rvw_ttl?ie=UTF8&ASIN=B0B6441RNK,Best,[],2024-12-09,55,"Style Name: Cinema SB271, Pattern Name: Speaker",
4,Good product,REPFKACCZMKA4,https://www.amazon.in/gp/customer-reviews/REPFKACCZMKA4/ref=cm_cr_othr_d_rvw_ttl?ie=UTF8&ASIN=B0B6441RNK,Worth of single Penney,[],2024-08-22,56,"Style Name: Cinema SB271, Pattern Name: Speaker",
5,Best product at very affordable price.,R1GD5IFGC4FT5Y,https://www.amazon.in/gp/customer-reviews/R1GD5IFGC4FT5Y/ref=cm_cr_othr_d_rvw_ttl?ie=UTF8&ASIN=B0B6441RNK,"I have used the product and found that the product is best and affordable price. Besides, the delivery of this product is timely and good manners with delivery experience. Amazon is the best.",[],2025-01-22,17,"Style Name: Cinema SB271, Pattern Name: Speaker",
5,Jbl sb 271  review,R2NMEDAA9G1F37,https://www.amazon.in/gp/customer-reviews/R2NMEDAA9G1F37/ref=cm_cr_othr_d_rvw_ttl?ie=UTF8&ASIN=B0B6441RNK,"Bhai mein ek achha soundbar leneki sochraha tha. Taki muje ghar pe ek theatre jesa experience mil sake Or iss k liye 8 aug 24 se iss k bare mein resarch suru ki or aakhir kar muje jbl pasand aaya lekin usme bhi yeh dikkat thi ki jo jbl k soundbar online milte hai vo dukan pe nahi milte vaha vahi products dusre naam se milta jis se me kafi confuse hua tha jese ki jbl sb170 jo dukan me 15k ki aas pass milta hai or vobhi 220w ka aata hai or vahi pe Amazon or flipkart par jbl271 Or 270 ke naam se milta hai. Fir mein ne finally jbl sb271 online purchase kar liya or ek number hai superb performance hai iss soundbar ki easy  se set hojata hai or log bolte hai ki Bluetooth connection mein dikkat aati hai bhai kuch dikkat nahi aati bahot aasani se connect ho jata hai. Haa vo baat alag hai ki agar kisiko connect karna hi nahi aata ho or vo aake 1star dekar bakwas bolta hai jo hame confuse kar deta hai. Mein to kehta hoo bhai jbl sb271, 270 best hai lelo koi dikkat nahi hai medium room ke liye best mein best hai aankh bandh karke lelo bhai mein ne iss diwali offer mein 9k mein purchase kiya hai. I love it ❤","['https://m.media-amazon.com/images/I/714TeI4vN9L._SY88.jpg', 'https://m.media-amazon.com/images/I/71Hw1jKTSrL._SY88.jpg']",2024-11-07,18,"Style Name: Cinema SB271, Pattern Name: Speaker",
4,Good item,RO8TRP27RX5IW,https://www.amazon.in/gp/customer-reviews/RO8TRP27RX5IW/ref=cm_cr_othr_d_rvw_ttl?ie=UTF8&ASIN=B0B6441RNK,Sound quality is very good. Ideal for small hall.,[],2024-11-06,19,"Style Name: Cinema SB271, Pattern Name: Speaker",
5,JBL,R1BX8SUAGISZP2,https://www.amazon.in/gp/customer-reviews/R1BX8SUAGISZP2/ref=cm_cr_othr_d_rvw_ttl?ie=UTF8&ASIN=B0B6441RNK,Super Bass awsome sound,[],2025-01-23,20,"Style Name: Cinema SB271, Pattern Name: Speaker",
5,Amazing sound,R29B4X46YA9795,https://www.amazon.in/gp/customer-reviews/R29B4X46YA9795/ref=cm_cr_othr_d_rvw_ttl?ie=UTF8&ASIN=B0B6441RNK,JBL Sound quality so good....,[],2025-01-20,21,"Style Name: Cinema SB271, Pattern Name: Speaker",
4,"There is no optical cable in kit, but socket is their not fair",R15E480GSP97KE,https://www.amazon.in/gp/customer-reviews/R15E480GSP97KE/ref=cm_cr_othr_d_rvw_ttl?ie=UTF8&ASIN=B0B6441RNK,JBL means JBL good and strong in audio world but optical cable not in kit,[],2024-10-19,22,"Style Name: Cinema SB271, Pattern Name: Speaker",
3,Good Sound Quality for the Given price,R8ASML6HDSHL8,https://www.amazon.in/gp/customer-reviews/R8ASML6HDSHL8/ref=cm_cr_othr_d_rvw_ttl?ie=UTF8&ASIN=B0B6441RNK,"I bought for Rs.9,999 JBL 2.1 SB271 Good quality speaker for the Given price on 31/10/24",['https://m.media-amazon.com/images/I/614fw2Lk-tL._SY88.jpg'],2024-11-27,23,"Style Name: Cinema SB271, Pattern Name: Speaker",
3,What A Lovely Sound I had to return !,RCZOVCUC5HXOG,https://www.amazon.in/gp/customer-reviews/RCZOVCUC5HXOG/ref=cm_cr_othr_d_rvw_ttl?ie=UTF8&ASIN=B0B6441RNK,"Superb quality, fantastic bass treble and lovely crispy vocal frequency. All three frequency perfectly delivered and balanced nicely, such a crispyness no one can afford to lose it.Very easy to install. I'm sure it should last for years. Remote is nice fits well in hands. Finishing of bar is awesome. Indicator and colors are readable. Still, there yeah I had to lose it. This product's not offering to connect Analogue! No Aux input. I already spent too much money buying various converters and plugs to connect with it. It's Optical Digital input is doubtful, I changed twice but it didn't work. When I contacted Amazon for troubleshooting, I was directed to speak with JBL customer care and guess what they suggested .. they suggested me to buy HDMI to ARC device. Its a 5k thing. I asked him, How much is life for such device and he said, it should work for 1 or 2 years. That means, I have to spend 5k after every 2 years ! Damn, who would go for such loss of money. Though I had no intentions to return it cause its quality is like 5stars! But the engineers screwed it up by not providing a simple AUX input in it. I noticed same in SAMSUNG, AKAI also. We all welcome new technics and technology, but providing a simple AUX OR RCA would have done a great job. So goodbye JBL SIGNATURE SOUND. For me NO good value.",[],2024-05-12,24,"Style Name: Cinema SB271, Pattern Name: Speaker",
4,Not as clear sounding as expected,R38MRQ2VBJADWR,https://www.amazon.in/gp/customer-reviews/R38MRQ2VBJADWR/ref=cm_cr_othr_d_rvw_ttl?ie=UTF8&ASIN=B0B6441RNK,"I chose the JBL 271 as it promised clear sound as compared to other heavy bass speakers. While the Bass is okay - not very heavy not feeble as well, the clarity of sound is not that great as expected.Loudness is enough for a room when sat in front. The clarity goes away totally the moment you shift to a position not in front of the speakers. Walk away to the attached hallway, and you'll just hear a low clarity background noise - no music experience and won't be able to converse even due to the noise.It's performing okayish for my main use - music. But there's a good amount of struggle to hear dialogues clearly. Can make do, but I expected better. Not for watching taily tv with this.",[],2023-10-16,57,"Style Name: Cinema SB271, Pattern Name: Speaker",
5,Immersive sound experience!,R4IS7BALZ2OS4,https://www.amazon.in/gp/customer-reviews/R4IS7BALZ2OS4/ref=cm_cr_othr_d_rvw_ttl?ie=UTF8&ASIN=B0B6441RNK,"I’m absolutely blown away by the sound clarity and depth this soundbar delivers! The audio is crisp and detailed, making every movie, song, and dialogue come to life with precision. The warm, rich bass adds a whole new dimension to the listening experience without overpowering the mids or highs. It’s the perfect balance that elevates both music and movies, making it feel like I’m in a cinema. Highly recommend for anyone looking for an immersive sound experience!",[],2024-10-05,58,"Style Name: Cinema SB271, Pattern Name: Speaker",
3,Avrage,RPJX38PE5KEI8,https://www.amazon.in/gp/customer-reviews/RPJX38PE5KEI8/ref=cm_cr_othr_d_rvw_ttl?ie=UTF8&ASIN=B0B6441RNK,It's not much good for low voice,[],2024-09-25,59,"Style Name: Cinema SB271, Pattern Name: Speaker",
4,The sound so smooth and balanced,R34BTH19J4F4B1,https://www.amazon.in/gp/customer-reviews/R34BTH19J4F4B1/ref=cm_cr_othr_d_rvw_ttl?ie=UTF8&ASIN=B0B6441RNK,Pros 1: The JBL sound so smooth and balanced i  And if a bass lover then this only for medium bass lover and for heavy bass lover I recommend Boat and zebronics sound bars2; it has smooth bass and you can feel bass like 'THAM THAM'Cons 1; we didn't how much volume we using right now2; when we increase the full volume then the soundbar gets over sound  and subwoofer sound that we can't hear when the volume gets full better to hear 60-70 volume,[],2024-01-18,60,"Style Name: Cinema SB271, Pattern Name: Speaker",
3,Average hometheatre,REZUB11ZCNWSX,https://www.amazon.in/gp/customer-reviews/REZUB11ZCNWSX/ref=cm_cr_othr_d_rvw_ttl?ie=UTF8&ASIN=B0B6441RNK,"This speaker works just fine...Previously i used PHILIPS 2.1 home theatre. I wanted an upgradation to better speaker. Comparatively, i didnot feel much better performance in JBL. JBL did not meet my expectation.  I feel that home theatre from any brand can give such performance.",[],2024-08-13,61,"Style Name: Cinema SB271, Pattern Name: Speaker",
4,Normal bass with clarity,R1S9QAR0NW3GCK,https://www.amazon.in/gp/customer-reviews/R1S9QAR0NW3GCK/ref=cm_cr_othr_d_rvw_ttl?ie=UTF8&ASIN=B0B6441RNK,Good for small room (10×15 ),[],2024-08-04,62,"Style Name: Cinema SB271, Pattern Name: Speaker",
5,Best for your Smart TV,RP0YDAYAXLCE,https://www.amazon.in/gp/customer-reviews/RP0YDAYAXLCE/ref=cm_cr_othr_d_rvw_ttl?ie=UTF8&ASIN=B0B6441RNK,I bought Samsung 55in TV and this .They both work perfectly.,[],2024-11-22,63,"Style Name: Cinema SB271, Pattern Name: Speaker",
5,Best Quality Audio and Easy to install,R3B0L5FGY8OVOF,https://www.amazon.in/gp/customer-reviews/R3B0L5FGY8OVOF/ref=cm_cr_othr_d_rvw_ttl?ie=UTF8&ASIN=B0B6441RNK,This JBL 2.1 soundbar has a amazing crystal clear sound quality that mesmerize you while listening the songs or during watching the movie. The sound of woofer The sound style of the woofer adds cherry to the cake. It is miles ahead of the other soundbars comes in this price range. Satisfaction level = 100%,[],2024-10-02,64,"Style Name: Cinema SB271, Pattern Name: Speaker",
4,Value for money,R1EPLXHW6QRJ1I,https://www.amazon.in/gp/customer-reviews/R1EPLXHW6QRJ1I/ref=cm_cr_othr_d_rvw_ttl?ie=UTF8&ASIN=B0B6441RNK,For movies and music,[],2024-10-07,33,"Style Name: Cinema SB271, Pattern Name: Speaker",
5,Was worth every penny,R141I9SLH6GO35,https://www.amazon.in/gp/customer-reviews/R141I9SLH6GO35/ref=cm_cr_othr_d_rvw_ttl?ie=UTF8&ASIN=B0B6441RNK,Agar space bara hai hall wagera utna maja nahi aayega mid to small room size me maja aa jata hai.,[],2024-12-22,34,"Style Name: Cinema SB271, Pattern Name: Speaker",
4,Good product,R2GO3WOM0HJ4AB,https://www.amazon.in/gp/customer-reviews/R2GO3WOM0HJ4AB/ref=cm_cr_othr_d_rvw_ttl?ie=UTF8&ASIN=B0B6441RNK,As usual JBL is the best.,[],2024-10-06,35,"Style Name: Cinema SB271, Pattern Name: Speaker",
4,Good soundbar,RGU14QPSUOPKW,https://www.amazon.in/gp/customer-reviews/RGU14QPSUOPKW/ref=cm_cr_othr_d_rvw_ttl?ie=UTF8&ASIN=B0B6441RNK,Vocals are very clear. Subwoofer is bluetooth connected and hence less wiring. Bass is controlled and does not affect vocals.Not for music lover. If your are into vocals/mids then go for it.Sound us loud enough for you to use even if your room is close to road,[],2024-08-19,36,"Style Name: Cinema SB271, Pattern Name: Speaker",
5,Jbl 271,R2G7M6LTCAZZ2R,https://www.amazon.in/gp/customer-reviews/R2G7M6LTCAZZ2R/ref=cm_cr_othr_d_rvw_ttl?ie=UTF8&ASIN=B0B6441RNK,"Loved the sound quality,design,bass..tweeters again enhances it's voice clarity.",[],2024-12-23,37,"Style Name: Cinema SB271, Pattern Name: Speaker",
5,"What a sound, 😍 lovely",R13OGTOUYGNGAY,https://www.amazon.in/gp/customer-reviews/R13OGTOUYGNGAY/ref=cm_cr_othr_d_rvw_ttl?ie=UTF8&ASIN=B0B6441RNK,"Awesome soundbar with great quality of sound and low base. This is downfiring base and hence u will not listen to the base, instead you gonna feel the base which is awesome. I am the person who has issues if base is high for my ears but this soundbar gives me the real taste of base as I feel it not hear it",[],2024-11-17,38,"Style Name: Cinema SB271, Pattern Name: Speaker",
4,"Awesome product,Average after sales (post warranty)",RHJ8ZEK61B8C2,https://www.amazon.in/gp/customer-reviews/RHJ8ZEK61B8C2/ref=cm_cr_othr_d_rvw_ttl?ie=UTF8&ASIN=B0B6441RNK,"I am writing down this feedback on 2 major aspects: 1. Product Quality 2. After Sales SupportProduct Quality: I think this is best in the budget soundbar that can fill up your 12x12 room perfectly. Very good high notes and mids are good too. Not earth shattering woofer but enough to give a bump on some heavy movie scenes that involves action. Best works with Dolby digital supported video with ARC, don't expect the same quality on bluetooth as it only supports stereo sound. A nearly perfect budget soundbar that's better than other brands. Anyone looking for inbuilt woofer soundbar, slightly raise ur budget and go for this one. 4/5After Sales: Now that's where JBL Harman poorly lacks. First of all, this product is not catalogued in the JBL site for registration as it's other sibling sb270. Secondly i had another JBL soundbar for which my experience has been extremely poor. So if your JBL product is out of warranty, they charge 1200 INR just for home visit (no walkin allowed) and repairs/spare parts etc. One should throw the speakers if they gets damaged post warranty as their spare parts and home service charge is extremely expensive. Also the responsiveness is very average of technician visit. They didn't came to install this product. 2/5 at MaxSo overall, if one can live without a good after sales, this product is awesome . But if after sales is a priority, then think twice. Going with 4/5 stars only due to average post sales customer experience.","['https://m.media-amazon.com/images/I/51g-XZdntVL._SY88.jpg', 'https://m.media-amazon.com/images/I/51jocErRh4L._SY88.jpg']",2023-02-14,39,"Style Name: Cinema SB271, Pattern Name: Speaker",
5,Jbl 🔊 bar quality  is very good 👍👍 thanks for jbl harman company 💯 💯💯,R3DVSJYE4Q2EHJ,https://www.amazon.in/gp/customer-reviews/R3DVSJYE4Q2EHJ/ref=cm_cr_othr_d_rvw_ttl?ie=UTF8&ASIN=B0B6441RNK,"The media could not be loaded.
                
            
                
            
            
        
    
    








  
  
     I like it  value of money ❤❤👌👌💯",[],2025-01-04,40,"Style Name: Cinema SB271, Pattern Name: Speaker",
