ratingScore,reviewTitle,reviewId,reviewUrl,reviewDescription,reviewImages,date,position,variant,totalCategoryRatings
5,Best Product,R20U89R99DNHX0,https://www.amazon.in/gp/customer-reviews/R20U89R99DNHX0/ref=cm_cr_othr_d_rvw_ttl?ie=UTF8&ASIN=B0DNFV8YQB,"The Speaker and Karaoke Mic is an excellent gadget for both casual and party use. The speaker delivers crisp sound with impressive bass, while the mic ensures clear vocal pickup, making it ideal for karaoke nights. Its user-friendly design, wireless connectivity, and long battery life enhance portability and convenience. Overall, it’s a great value for bringing music and fun to any gathering.",[],2024-12-15,1,,
4,"Decent speaker, for bluetooth",RJUTED8PKGCAY,https://www.amazon.in/gp/customer-reviews/RJUTED8PKGCAY/ref=cm_cr_othr_d_rvw_ttl?ie=UTF8&ASIN=B0DNFV8YQB,"Unlike most chinese products this doesn't have noise during silence period. Pretty good. It doesn't have isolated volume control, but the buttons operate the phones volume only.  The tricky part is the volume control operates both volume and forward-reverse. So operating it is a frustrating experience.Coming to mic, it is decent too, though i don't use effects, but there is a inbuilt echo (it's a feature it seems) ,which cannot be turned off.Mix has its own volume control.",['https://m.media-amazon.com/images/I/71rmy+WzXVL._SY88.jpg'],2025-01-14,2,,
5,"amazing speaker, loved it, the karaoke mic is awesome, 100 % recommended",R27PZ6NWE2U4A9,https://www.amazon.in/gp/customer-reviews/R27PZ6NWE2U4A9/ref=cm_cr_othr_d_rvw_ttl?ie=UTF8&ASIN=B0DNFV8YQB,"Awesome speakers, amazing output and mic with voice changing options is great, loved the design and build quality of the speaker, easy to carry because of the grab handle given, the karaoke output is great, battery lasts long for about 5 hours, multiple connectivity options available, overall great product 10 out of 10 recommended, must have for everyone",['https://m.media-amazon.com/images/I/81H12Cf5dNL._SY88.jpg'],2024-12-18,3,,
1,Mike is not good,R2WJO4GTD26C6Z,https://www.amazon.in/gp/customer-reviews/R2WJO4GTD26C6Z/ref=cm_cr_othr_d_rvw_ttl?ie=UTF8&ASIN=B0DNFV8YQB,Speaker is good but Mike volume is too low. That's ruins karaoke experience. Unfortunately item is not returnable.Always check return policy before buying.,[],2025-01-17,4,,
5,Excellent clarity of sound,R3OKU9Y6KZ927T,https://www.amazon.in/gp/customer-reviews/R3OKU9Y6KZ927T/ref=cm_cr_othr_d_rvw_ttl?ie=UTF8&ASIN=B0DNFV8YQB,Using it for a week...really great fun to sing...good quality of mic and good sound of speaker... excellent portability...Thanx portronics for selling it in such a low price tag..I got it for 1349... Only,[],2024-12-17,5,,
5,Good Sound Quality,R25VVTIT1X6Y7L,https://www.amazon.in/gp/customer-reviews/R25VVTIT1X6Y7L/ref=cm_cr_othr_d_rvw_ttl?ie=UTF8&ASIN=B0DNFV8YQB,"The sound of the speaker is just wow, the bass is amazing, the karaoke feature just makes everyone bring out their passion of singing. the quality of the mic is clear and crisp. The battery life of the speaker is long making it reliable to go without charger all day long.",[],2025-01-30,6,,
4,Speaker is Good most Buy,R2ZYDW3VWS8VT2,https://www.amazon.in/gp/customer-reviews/R2ZYDW3VWS8VT2/ref=cm_cr_othr_d_rvw_ttl?ie=UTF8&ASIN=B0DNFV8YQB,"The media could not be loaded.
                
            
                
            
        
    
    








  
  
     This Bluetooth speaker is very good sound and connect iam happy wireless karaoke 🎤 is nice","['https://m.media-amazon.com/images/I/612zXVGy8NL._SY88.jpg', 'https://m.media-amazon.com/images/I/61nHxTorKxL._SY88.jpg', 'https://m.media-amazon.com/images/I/715HlNxlLPL._SY88.jpg', 'https://m.media-amazon.com/images/I/71wBVKmGsCL._SY88.jpg', 'https://m.media-amazon.com/images/I/81ZakPgxcRL._SY88.jpg']",2025-01-16,7,,
5,Absolutely lovely!,R2TT3OSPBH9IYL,https://www.amazon.in/gp/customer-reviews/R2TT3OSPBH9IYL/ref=cm_cr_othr_d_rvw_ttl?ie=UTF8&ASIN=B0DNFV8YQB,"I absolutely love the Portronics Apollo One speaker! The sound quality is impressive for its size, and the bass is surprisingly good. The wireless karaoke mic with voice-changing effects is such a fun addition, making it perfect for parties or casual karaoke nights. The RGB lights are a nice touch, creating a vibrant atmosphere. The battery lasts around 5 hours, which is great for a portable speaker. It’s easy to carry around thanks to the convenient handle. Overall, an amazing product for the price. Highly recommend it!","['https://m.media-amazon.com/images/I/51-yR1G0C-L._SY88.jpg', 'https://m.media-amazon.com/images/I/5191eus6SEL._SY88.jpg', 'https://m.media-amazon.com/images/I/612ibGglrJL._SY88.jpg', 'https://m.media-amazon.com/images/I/61YURO-1jcL._SY88.jpg', 'https://m.media-amazon.com/images/I/61aL2nZmoQL._SY88.jpg']",2025-01-12,8,,
5,Good speaker and sound quality is amazing. Worthable cost.,R3RRCZOZUIG741,https://www.amazon.in/gp/customer-reviews/R3RRCZOZUIG741/ref=cm_cr_othr_d_rvw_ttl?ie=UTF8&ASIN=B0DNFV8YQB,"Good speaker and sound quality is amazing. Worthable cost. Mic function is good. Totally worthanle, I ❤️ indian product","['https://m.media-amazon.com/images/I/71RFj7T2pfL._SY88.jpg', 'https://m.media-amazon.com/images/I/71RFj7T2pfL._SY88.jpg']",2025-01-02,57,,
5,Portronics  appolo one 20w,R3EVPJ1X7R2KEL,https://www.amazon.in/gp/customer-reviews/R3EVPJ1X7R2KEL/ref=cm_cr_othr_d_rvw_ttl?ie=UTF8&ASIN=B0DNFV8YQB,Good for beginners,[],2025-01-09,58,,
5,Good quality,R20RNJJ9EMV1O9,https://www.amazon.in/gp/customer-reviews/R20RNJJ9EMV1O9/ref=cm_cr_othr_d_rvw_ttl?ie=UTF8&ASIN=B0DNFV8YQB,Worth buyingGood soundBut modes were not working so replaced,[],2025-01-04,59,,
5,Amazing speaker with karaoke mic,R2V93EQ8XLUW96,https://www.amazon.in/gp/customer-reviews/R2V93EQ8XLUW96/ref=cm_cr_othr_d_rvw_ttl?ie=UTF8&ASIN=B0DNFV8YQB,The sound quality of the speaker is just amazing the mic is so good with 5 voice changer settings it us really portable as the mic is also wireless will surely recommend this to everyone,"['https://m.media-amazon.com/images/I/61ZYXa-9amL._SY88.jpg', 'https://m.media-amazon.com/images/I/61lGHKVnREL._SY88.jpg']",2024-12-14,60,,
5,Value for money product,R1JSJNAXVX81KP,https://www.amazon.in/gp/customer-reviews/R1JSJNAXVX81KP/ref=cm_cr_othr_d_rvw_ttl?ie=UTF8&ASIN=B0DNFV8YQB,Works seamlessly with Bluetooth and karaoke songs. I’m in luv with it!,[],2024-12-24,61,,
5,Best party speaker ever used!,R2BG8VJWUIXVUV,https://www.amazon.in/gp/customer-reviews/R2BG8VJWUIXVUV/ref=cm_cr_othr_d_rvw_ttl?ie=UTF8&ASIN=B0DNFV8YQB,"The Portronics Apollo One speaker delivers impressive sound with 20W power and deep bass. The wireless karaoke mic is a fun addition, and the RGB LED lights enhance the experience. With Bluetooth V5.3, Type-C charging, and versatile connectivity options, it’s a great portable speaker with 5 hours of playtime.",[],2024-12-17,62,,
5,Everything is fine for this speaker within budget,R3759FKM5QM2CE,https://www.amazon.in/gp/customer-reviews/R3759FKM5QM2CE/ref=cm_cr_othr_d_rvw_ttl?ie=UTF8&ASIN=B0DNFV8YQB,"I would like to know the charging time for this speaker, anyone can help 👍",[],2024-12-22,63,,
5,very nice product,RGTNA3S8KHGO5,https://www.amazon.in/gp/customer-reviews/RGTNA3S8KHGO5/ref=cm_cr_othr_d_rvw_ttl?ie=UTF8&ASIN=B0DNFV8YQB,"really nice, mic also has recharelgeable battery",[],2024-12-25,64,,
5,Speaker with mike,R14VTD9B4EC02D,https://www.amazon.in/gp/customer-reviews/R14VTD9B4EC02D/ref=cm_cr_othr_d_rvw_ttl?ie=UTF8&ASIN=B0DNFV8YQB,Very good at this price quality very good,[],2025-01-16,41,,
5,Good product,R3A6X4OBD3OU7Y,https://www.amazon.in/gp/customer-reviews/R3A6X4OBD3OU7Y/ref=cm_cr_othr_d_rvw_ttl?ie=UTF8&ASIN=B0DNFV8YQB,Nice product,[],2025-01-13,42,,
5,Protronics speaker with Mic,R1RIX02JJ8ARQF,https://www.amazon.in/gp/customer-reviews/R1RIX02JJ8ARQF/ref=cm_cr_othr_d_rvw_ttl?ie=UTF8&ASIN=B0DNFV8YQB,Very nice product Good build Quality and and awesome  sound,[],2025-01-13,43,,
5,Good product,R10UH4BYAIAOFK,https://www.amazon.in/gp/customer-reviews/R10UH4BYAIAOFK/ref=cm_cr_othr_d_rvw_ttl?ie=UTF8&ASIN=B0DNFV8YQB,Amazing,[],2025-01-21,44,,
5,Good for kids entertainment liked it,R2V88LCXK4465L,https://www.amazon.in/gp/customer-reviews/R2V88LCXK4465L/ref=cm_cr_othr_d_rvw_ttl?ie=UTF8&ASIN=B0DNFV8YQB,Liked it,[],2025-01-23,45,,
5,Nice product,R1KV3CDFC3Y1A9,https://www.amazon.in/gp/customer-reviews/R1KV3CDFC3Y1A9/ref=cm_cr_othr_d_rvw_ttl?ie=UTF8&ASIN=B0DNFV8YQB,"Worth the value of money, easy to access and connect.",[],2025-01-14,46,,
5,Good product,R1Z6BVQGMZLZDO,https://www.amazon.in/gp/customer-reviews/R1Z6BVQGMZLZDO/ref=cm_cr_othr_d_rvw_ttl?ie=UTF8&ASIN=B0DNFV8YQB,Good quality,[],2025-01-20,47,,
5,Product review,R2TS7JV895IV5U,https://www.amazon.in/gp/customer-reviews/R2TS7JV895IV5U/ref=cm_cr_othr_d_rvw_ttl?ie=UTF8&ASIN=B0DNFV8YQB,Amazing product,[],2025-01-20,48,,
3,Ok,R2615I5FHCVTTG,https://www.amazon.in/gp/customer-reviews/R2615I5FHCVTTG/ref=cm_cr_othr_d_rvw_ttl?ie=UTF8&ASIN=B0DNFV8YQB,If using mic awaz cracked why I don't then I change another speaker can't change,[],2025-01-13,25,,
5,Superb,R3T6LISPCCZ5AA,https://www.amazon.in/gp/customer-reviews/R3T6LISPCCZ5AA/ref=cm_cr_othr_d_rvw_ttl?ie=UTF8&ASIN=B0DNFV8YQB,Very amazing voice quality battery backup is really good Bluetooth connectivity is very smooth and easy best speaker in this price range also it has mic also it has voice changing features recommended product,"['https://m.media-amazon.com/images/I/619wyfB-M7L._SY88.jpg', 'https://m.media-amazon.com/images/I/61AC4AyaBQL._SY88.jpg', 'https://m.media-amazon.com/images/I/61lkL4SWI0L._SY88.jpg', 'https://m.media-amazon.com/images/I/715cPlF+dNL._SY88.jpg']",2025-01-13,26,,
5,Awesome,R33LGE58B4DNSJ,https://www.amazon.in/gp/customer-reviews/R33LGE58B4DNSJ/ref=cm_cr_othr_d_rvw_ttl?ie=UTF8&ASIN=B0DNFV8YQB,This is very very gud speaker with loud Bass and mic was awesome must buy.,[],2025-01-24,27,,
5,Awesome,R3MBA1FFFM1G3V,https://www.amazon.in/gp/customer-reviews/R3MBA1FFFM1G3V/ref=cm_cr_othr_d_rvw_ttl?ie=UTF8&ASIN=B0DNFV8YQB,Good quality sound... Kids will love using the mic,[],2025-01-30,28,,
5,Nice product,R16BHZVPO318VS,https://www.amazon.in/gp/customer-reviews/R16BHZVPO318VS/ref=cm_cr_othr_d_rvw_ttl?ie=UTF8&ASIN=B0DNFV8YQB,"Product was very nice, imI purchased this for my kid and she also liked it very much",[],2025-01-21,29,,
5,Clarity,R565EEWCR2C6A,https://www.amazon.in/gp/customer-reviews/R565EEWCR2C6A/ref=cm_cr_othr_d_rvw_ttl?ie=UTF8&ASIN=B0DNFV8YQB,It is very good,[],2025-01-27,30,,
5,Supper  base,R3GFEUT9BIGTFW,https://www.amazon.in/gp/customer-reviews/R3GFEUT9BIGTFW/ref=cm_cr_othr_d_rvw_ttl?ie=UTF8&ASIN=B0DNFV8YQB,Great product,[],2025-01-28,31,,
5,Good product,R2GFU8AQQ19L44,https://www.amazon.in/gp/customer-reviews/R2GFU8AQQ19L44/ref=cm_cr_othr_d_rvw_ttl?ie=UTF8&ASIN=B0DNFV8YQB,Good product,[],2025-01-27,32,,
5,Good Product,R2NMZJPVLW51UG,https://www.amazon.in/gp/customer-reviews/R2NMZJPVLW51UG/ref=cm_cr_othr_d_rvw_ttl?ie=UTF8&ASIN=B0DNFV8YQB,Good product,[],2025-01-16,33,,
5,Speaker,RDZQQ348TC3D2,https://www.amazon.in/gp/customer-reviews/RDZQQ348TC3D2/ref=cm_cr_othr_d_rvw_ttl?ie=UTF8&ASIN=B0DNFV8YQB,Worth,[],2025-01-24,34,,
5,Good Product,R1AFY1O8CEO1VM,https://www.amazon.in/gp/customer-reviews/R1AFY1O8CEO1VM/ref=cm_cr_othr_d_rvw_ttl?ie=UTF8&ASIN=B0DNFV8YQB,The speaker is of very good quality. Recommend for parties and events.,[],2025-01-15,35,,
5,Must buy,R3FLX577JQ1WO4,https://www.amazon.in/gp/customer-reviews/R3FLX577JQ1WO4/ref=cm_cr_othr_d_rvw_ttl?ie=UTF8&ASIN=B0DNFV8YQB,Very good performance as per price,[],2025-01-12,36,,
5,Karoke experience is realized as expected,R11LNL2M9UT1J,https://www.amazon.in/gp/customer-reviews/R11LNL2M9UT1J/ref=cm_cr_othr_d_rvw_ttl?ie=UTF8&ASIN=B0DNFV8YQB,"The media could not be loaded.
                
            
                
            
        
    
    








  
  
     Sang a song( a tamil Chrisitian song) using the speaker. The quality is remarkably good. You can also check.",[],2025-01-21,37,,
5,Speaker,R26YHWPJXGQAFB,https://www.amazon.in/gp/customer-reviews/R26YHWPJXGQAFB/ref=cm_cr_othr_d_rvw_ttl?ie=UTF8&ASIN=B0DNFV8YQB,"Superb product, speaker very good quality with jabardast sound, wireless mic is also very good,  must buy product.","['https://m.media-amazon.com/images/I/71bnZlnh+zL._SY88.jpg', 'https://m.media-amazon.com/images/I/71ruRC9diLL._SY88.jpg', 'https://m.media-amazon.com/images/I/71wwErRXcmL._SY88.jpg', 'https://m.media-amazon.com/images/I/71y8ZbC-q4L._SY88.jpg']",2025-01-10,38,,
5,So much,R1SVF5953RHLSW,https://www.amazon.in/gp/customer-reviews/R1SVF5953RHLSW/ref=cm_cr_othr_d_rvw_ttl?ie=UTF8&ASIN=B0DNFV8YQB,Beauty products,[],2025-01-21,39,,
5,Best product,R14NWOHEZBE3AX,https://www.amazon.in/gp/customer-reviews/R14NWOHEZBE3AX/ref=cm_cr_othr_d_rvw_ttl?ie=UTF8&ASIN=B0DNFV8YQB,Very good sound and bass at this price and good build quality,['https://m.media-amazon.com/images/I/71OdHxmPc9L._SY88.jpg'],2025-01-17,40,,
1,Defect and missing item,R12MARAUAYPCG5,https://www.amazon.in/gp/customer-reviews/R12MARAUAYPCG5/ref=cm_cr_othr_d_rvw_ttl?ie=UTF8&ASIN=B0DNFV8YQB,"I received defected product, no usb cable, not working on/off... I'm trying to return it now",[],2025-01-30,73,,
1,Defect,R18PR3E62YM7LT,https://www.amazon.in/gp/customer-reviews/R18PR3E62YM7LT/ref=cm_cr_othr_d_rvw_ttl?ie=UTF8&ASIN=B0DNFV8YQB,The product is defective and sound not clear,['https://m.media-amazon.com/images/I/61S9x59VJEL._SY88.jpg'],2025-01-30,74,,
1,Not great product and cannot be returned back,R31943EOKJM9KC,https://www.amazon.in/gp/customer-reviews/R31943EOKJM9KC/ref=cm_cr_othr_d_rvw_ttl?ie=UTF8&ASIN=B0DNFV8YQB,Mic is not taking low sound while singing and not passing sound to speaker.Speaker sound cannot be reduced much.I t can be used like a toy.,[],2025-01-15,75,,
1,Charging pin issue,R24OBDS6IL36K5,https://www.amazon.in/gp/customer-reviews/R24OBDS6IL36K5/ref=cm_cr_othr_d_rvw_ttl?ie=UTF8&ASIN=B0DNFV8YQB,I could have able to use only for 1 week that it has stop to get charge. The charging pot is not good. Waste of money.,[],2025-01-13,76,,
1,Very poor quality ..,R2I45FKQ4GHV0N,https://www.amazon.in/gp/customer-reviews/R2I45FKQ4GHV0N/ref=cm_cr_othr_d_rvw_ttl?ie=UTF8&ASIN=B0DNFV8YQB,Pls dont buy this product.Very poor quality mic and speaker...This is a  toy which replicate to funny sounds...,[],2025-01-14,77,,
1,This Item blutooth Spikers,R11Z97DH1442R6,https://www.amazon.in/gp/customer-reviews/R11Z97DH1442R6/ref=cm_cr_othr_d_rvw_ttl?ie=UTF8&ASIN=B0DNFV8YQB,Battery Backup not Saexefull. Very very baid.,[],2025-01-25,78,,
1,Very Bad,R2S0I51KQX3BVI,https://www.amazon.in/gp/customer-reviews/R2S0I51KQX3BVI/ref=cm_cr_othr_d_rvw_ttl?ie=UTF8&ASIN=B0DNFV8YQB,Mic not working..... didn't pair with speaker,[],2025-01-23,79,,
1,Waste,R3GBFIG9G6G7KR,https://www.amazon.in/gp/customer-reviews/R3GBFIG9G6G7KR/ref=cm_cr_othr_d_rvw_ttl?ie=UTF8&ASIN=B0DNFV8YQB,Not return real product 👎👎👎👎,[],2025-01-20,80,,
4,Sound clarity is excellent!,R2MB5QYHPXKYSN,https://www.amazon.in/gp/customer-reviews/R2MB5QYHPXKYSN/ref=cm_cr_othr_d_rvw_ttl?ie=UTF8&ASIN=B0DNFV8YQB,"However, the mic is not catching the voice in AUX mode. It works only in Bluetooth mode",[],2025-01-30,9,,
4,After review 3 days using,R1VJ7ZJNH860C9,https://www.amazon.in/gp/customer-reviews/R1VJ7ZJNH860C9/ref=cm_cr_othr_d_rvw_ttl?ie=UTF8&ASIN=B0DNFV8YQB,"Product is good for this range1350Battery life , sound,mic also goodU can use 4 points decrease sound for long life function of speaker",[],2025-01-24,10,,
4,product review,R1O7BOJB37ZJLC,https://www.amazon.in/gp/customer-reviews/R1O7BOJB37ZJLC/ref=cm_cr_othr_d_rvw_ttl?ie=UTF8&ASIN=B0DNFV8YQB,Product is good,[],2025-01-27,11,,
4,Nic product,R2RC7AIFW0BQ2N,https://www.amazon.in/gp/customer-reviews/R2RC7AIFW0BQ2N/ref=cm_cr_othr_d_rvw_ttl?ie=UTF8&ASIN=B0DNFV8YQB,Very good product,[],2025-01-25,12,,
4,Working Good And Proper,R1MV32X7ZHV9V9,https://www.amazon.in/gp/customer-reviews/R1MV32X7ZHV9V9/ref=cm_cr_othr_d_rvw_ttl?ie=UTF8&ASIN=B0DNFV8YQB,It's Fantastic Speaker and Working Properly !,[],2025-01-20,13,,
4,Nice product,R1P8P6WXWAZJTB,https://www.amazon.in/gp/customer-reviews/R1P8P6WXWAZJTB/ref=cm_cr_othr_d_rvw_ttl?ie=UTF8&ASIN=B0DNFV8YQB,Good product in this price.,[],2025-01-15,14,,
4,NICE PRODUCT,RGD5UP1LJI9H8,https://www.amazon.in/gp/customer-reviews/RGD5UP1LJI9H8/ref=cm_cr_othr_d_rvw_ttl?ie=UTF8&ASIN=B0DNFV8YQB,It has a nice functionality and a good product,['https://m.media-amazon.com/images/I/814Ige8es9L._SY88.jpg'],2025-01-13,15,,
4,Great and amazing product,R2XHA7MFNFQ3KX,https://www.amazon.in/gp/customer-reviews/R2XHA7MFNFQ3KX/ref=cm_cr_othr_d_rvw_ttl?ie=UTF8&ASIN=B0DNFV8YQB,"Good for entertainment, picnic, party",[],2025-01-14,16,,
5,Good,R375PMOM76BWIS,https://www.amazon.in/gp/customer-reviews/R375PMOM76BWIS/ref=cm_cr_othr_d_rvw_ttl?ie=UTF8&ASIN=B0DNFV8YQB,"Meet the requirements, this is good item nd very useful..This can be used for small party Also",[],2025-01-05,49,,
5,Portronics,RYD49WOEKL9HJ,https://www.amazon.in/gp/customer-reviews/RYD49WOEKL9HJ/ref=cm_cr_othr_d_rvw_ttl?ie=UTF8&ASIN=B0DNFV8YQB,Good vice & 🔊 🎼,[],2025-01-17,50,,
5,Value for money,RMZHA4R442OMD,https://www.amazon.in/gp/customer-reviews/RMZHA4R442OMD/ref=cm_cr_othr_d_rvw_ttl?ie=UTF8&ASIN=B0DNFV8YQB,Good product in this price rangeNice sound,[],2025-01-14,51,,
5,price with quality of the product,R2LY2BGZD5IDPY,https://www.amazon.in/gp/customer-reviews/R2LY2BGZD5IDPY/ref=cm_cr_othr_d_rvw_ttl?ie=UTF8&ASIN=B0DNFV8YQB,Excellent Product with amazing prize. Sound quality awesome,[],2025-01-14,52,,
5,Unbelievable quality at this price...👌👌👌,R1IIH36C3E1SBI,https://www.amazon.in/gp/customer-reviews/R1IIH36C3E1SBI/ref=cm_cr_othr_d_rvw_ttl?ie=UTF8&ASIN=B0DNFV8YQB,"I have jbl encore essential, wonder boom 3, tribit xsound go and nearly 11-12 more bluetooth speakers.Even though I like this speaker. Because sound clearity is perfect. Loudness is impressive and five voice changing effects are really very funny.10 out of 10...",[],2024-12-31,53,,
5,Great product,R2GAS6GCD6SWO7,https://www.amazon.in/gp/customer-reviews/R2GAS6GCD6SWO7/ref=cm_cr_othr_d_rvw_ttl?ie=UTF8&ASIN=B0DNFV8YQB,Great product with resonable price,[],2025-01-14,54,,
5,Great little speaker,ROBLX5SZV1860,https://www.amazon.in/gp/customer-reviews/ROBLX5SZV1860/ref=cm_cr_othr_d_rvw_ttl?ie=UTF8&ASIN=B0DNFV8YQB,Very loud n compact. Battery life is better than average. The fact that it has a mic is cherry on top.Best speaker in its price range.,[],2025-01-02,55,,
5,Worth the beat!!,R1UDQ78UJ101AY,https://www.amazon.in/gp/customer-reviews/R1UDQ78UJ101AY/ref=cm_cr_othr_d_rvw_ttl?ie=UTF8&ASIN=B0DNFV8YQB,"Excellent product in this price category. Prominent size, light weight & portable. Even though no manual equalizer settings the bass treble and sound mixture is perfect.Go for it, it’s worth buy!",['https://m.media-amazon.com/images/I/71Ahoqcdh-L._SY88.jpg'],2024-12-21,56,,
5,Awesome product at this cost!,R3TZREA3FFCR0N,https://www.amazon.in/gp/customer-reviews/R3TZREA3FFCR0N/ref=cm_cr_othr_d_rvw_ttl?ie=UTF8&ASIN=B0DNFV8YQB,"The media could not be loaded.
                
            
                
            
            
        
    
    








  
  
     Its too good for Rs 1600/-It has 4 modes which added lot of humor to our house party. Everyone loved it.Normal mode is absolutely lovely and it probably modulates the voice as output is v sweet.",[],2024-12-29,65,,
5,Portronics Apollo One 20W Wireless Bluetooth Portable Speaker,R1Y99Y5GTB8CWJ,https://www.amazon.in/gp/customer-reviews/R1Y99Y5GTB8CWJ/ref=cm_cr_othr_d_rvw_ttl?ie=UTF8&ASIN=B0DNFV8YQB,This Portonics speaks are nice and very cute mike its looks cool nice volume and charge very fast🥰,"['https://m.media-amazon.com/images/I/71wp7+6+wtL._SY88.jpg', 'https://m.media-amazon.com/images/I/81SHcMGmmSL._SY88.jpg']",2024-12-16,66,,
2,Apollo,R37761ODSLWLVY,https://www.amazon.in/gp/customer-reviews/R37761ODSLWLVY/ref=cm_cr_othr_d_rvw_ttl?ie=UTF8&ASIN=B0DNFV8YQB,"It does not have bass and treble effects. Otherwise ok, but if this is improved with this system, it would have been amazing, no doubt if some more cost is involved.",[],2025-01-09,67,,
5,Worth money Good quality sound Mic is little short and not upto the mark overall good,R2PR7XM46HB52J,https://www.amazon.in/gp/customer-reviews/R2PR7XM46HB52J/ref=cm_cr_othr_d_rvw_ttl?ie=UTF8&ASIN=B0DNFV8YQB,"The media could not be loaded.
                
            
                
            
        
    
    








  
  
     Speaker is awesome but Mic need to be improve.",[],2025-01-21,68,,
2,Product clarity,R27NBAZOIK0HFO,https://www.amazon.in/gp/customer-reviews/R27NBAZOIK0HFO/ref=cm_cr_othr_d_rvw_ttl?ie=UTF8&ASIN=B0DNFV8YQB,Mice is very small and it looks like a toy mice and not suitable for karaoke practice in home.,[],2025-01-15,69,,
2,Defective Piece,RU1W7GJMQ5JPO,https://www.amazon.in/gp/customer-reviews/RU1W7GJMQ5JPO/ref=cm_cr_othr_d_rvw_ttl?ie=UTF8&ASIN=B0DNFV8YQB,"MENU button isn't working. Not changing to different modes like AUX, TFT, USB.",[],2025-01-05,70,,
1,This product stops working after 1 and half hour of usage.,R1LYYZXTHKZXMR,https://www.amazon.in/gp/customer-reviews/R1LYYZXTHKZXMR/ref=cm_cr_othr_d_rvw_ttl?ie=UTF8&ASIN=B0DNFV8YQB,"This product is not working if I use it for around 1.5hrs, we have charged it, then also the same issue present, I suspect this is refurbished or defective product. I Already raised complaint on this. Not worth to buy, waste of money.",[],2025-01-19,71,,
1,Volume up and down button not working,R3V94MFUV8LXRD,https://www.amazon.in/gp/customer-reviews/R3V94MFUV8LXRD/ref=cm_cr_othr_d_rvw_ttl?ie=UTF8&ASIN=B0DNFV8YQB,"May kisi ko recommend nhi karuga ye shrif peso ki barbadi hai ,iska sonud and bess achha nhi hai very poor.Volume kam Jada karne ka button kam nhi kata hai, buttery bhot jaldi khatm ho jati hai,pchhe ke charging port ko chhod koi kam nhi karta hai.",[],2025-01-19,72,,
3,Economical Party Speaker,RA1NLGSZ8J0QS,https://www.amazon.in/gp/customer-reviews/RA1NLGSZ8J0QS/ref=cm_cr_othr_d_rvw_ttl?ie=UTF8&ASIN=B0DNFV8YQB,"The speaker response is good. When you switch it on, it always starts very loud. You can then adjust the sound volume. There is a bright light pattern which can not be switched off. The mic is a wireless one. When switched on it starts out very loud. Then you can adjust the volume.  The mic has an echo mode, and two other voice changing modes -- one shrill and one baritone. No normal voice mode. To summarize, it is more like a somewhat gaudy kids party set up. Returns not possible, only replacement.",[],2025-01-30,17,,
4,Portronis,R17Q1FRMINCWQG,https://www.amazon.in/gp/customer-reviews/R17Q1FRMINCWQG/ref=cm_cr_othr_d_rvw_ttl?ie=UTF8&ASIN=B0DNFV8YQB,देखने में छोटा 👌दमदार आवाज 👌सुपर बेस,['https://m.media-amazon.com/images/I/81DTJkiRvUL._SY88.jpg'],2025-01-10,18,,
4,Nice... Sound.. Bass.... Mic👌👍,R1Y6MDOBHB17OE,https://www.amazon.in/gp/customer-reviews/R1Y6MDOBHB17OE/ref=cm_cr_othr_d_rvw_ttl?ie=UTF8&ASIN=B0DNFV8YQB,,['https://m.media-amazon.com/images/I/71OU1Jc5F2L._SY88.jpg'],2025-01-07,19,,
3,"Good for karaoke , not so much for bass lovers",R1VUN5NOB3J65E,https://www.amazon.in/gp/customer-reviews/R1VUN5NOB3J65E/ref=cm_cr_othr_d_rvw_ttl?ie=UTF8&ASIN=B0DNFV8YQB,"The media could not be loaded.
                
            
                
            
            
        
    
    








  
  
     The speaker is over all quite good , the build quality is okish not excellent but neither bad. Coming to sound the audio clarity is crystal clear unfortunately I personally found the bass (which I needed) to be lacking. Backup is 5 hours should have been more considering the size. The mic provided for karaoke is also good ,but you have to hold it in a certain angle for the mic to detect your voice. Would have given it 4 stars if bass was good but it's ok for someone who wants to do meeting on big halls or some yoga or other stuffs , not exactly for bass lovers",[],2025-01-16,20,,
5,Best portable speaker for karoke lovers,RIVNHPAZ8J8U2,https://www.amazon.in/gp/customer-reviews/RIVNHPAZ8J8U2/ref=cm_cr_othr_d_rvw_ttl?ie=UTF8&ASIN=B0DNFV8YQB,"This is best in class karoke speaker which can be a perfect use for party like small functions (birthday, anniversary, etc.) Its sound is superb perfectly audible  for a range of 15 mtr  and has a long battery life. It can be easily connected with BT, SDcard & Aux.But Mic range is bit less, it should be increase.","['https://m.media-amazon.com/images/I/61fJZbCuLIL._SY88.jpg', 'https://m.media-amazon.com/images/I/61h8O023aXL._SY88.jpg', 'https://m.media-amazon.com/images/I/71f63RQM1JL._SY88.jpg']",2025-01-20,21,,
5,Very good speaker,R1K05AL5PCQQA6,https://www.amazon.in/gp/customer-reviews/R1K05AL5PCQQA6/ref=cm_cr_othr_d_rvw_ttl?ie=UTF8&ASIN=B0DNFV8YQB,This speaker have good bass quality and is feasible . We can move it out here and there easily with the help of its handle .apart from this it's compact size make it more adorable . The brand value means the most,['https://m.media-amazon.com/images/I/717OxpW7SuL._SY88.jpg'],2025-01-17,22,,
5,Great under 1500,RVU7DQUT9937,https://www.amazon.in/gp/customer-reviews/RVU7DQUT9937/ref=cm_cr_othr_d_rvw_ttl?ie=UTF8&ASIN=B0DNFV8YQB,Bro this speaker is soo good😍. Even in 90% volume it doesn't make distortion and play the song smoothly. And the bass is perfect for bass lovers. And the RGB light have 4-5 modes and its lightweight too. Just buy it. I bought it for 1350/- thanks.,[],2025-01-11,23,,
5,Very good product,R1SKBM9KX9NZPG,https://www.amazon.in/gp/customer-reviews/R1SKBM9KX9NZPG/ref=cm_cr_othr_d_rvw_ttl?ie=UTF8&ASIN=B0DNFV8YQB,"This perfectly helped for our Apartment function , it served the purpose . I am happy to buy the product",[],2025-01-25,24,,
