ratingScore,reviewTitle,reviewId,reviewUrl,reviewDescription,reviewImages,date,position,variant,totalCategoryRatings
5,nice product in this value with curve display.,RCLZXTN3476I9,https://www.amazon.in/gp/customer-reviews/RCLZXTN3476I9/ref=cm_cr_othr_d_rvw_ttl?ie=UTF8&ASIN=B0DM5JDVCC,"This watch is a wonderful combination of fashion and usefulness. Its elegant appearance makes it ideal for daily use, and its user-friendly interface facilitates effortless navigation. It easily keeps up with a busy lifestyle thanks to its precise fitness monitoring, dependable notifications, long-lasting battery, and quick conversation feature. This wristwatch offers great value whether you're tracking your health, staying connected, or working out. An excellent choice for anyone seeking a device that combines price and efficiency! The nicest feature is that it has a music player!",[],2025-01-19,1,Colour: Trail Raven Black,
5,this watch is value for money,RL382FW2B9HRE,https://www.amazon.in/gp/customer-reviews/RL382FW2B9HRE/ref=cm_cr_othr_d_rvw_ttl?ie=UTF8&ASIN=B0DM5JDVCC,the boult trail smart watch 2 is a feature packed wearable that offers great value for money its 3d curved hd display is vibrant and bright with a 500 nits brightness making it easy to read in all lighting conditions the bt calling feature is smooth it also includes health focused features while the raven black color gives it a sleek premium look and connectivity is super overall its a solid smartwatch with a good balance of features and performance,['https://m.media-amazon.com/images/I/71fCKwmwnZL._SY88.jpg'],2025-01-22,2,Colour: Trail Raven Black,
5,Premium Looking Smartwatch.,R2M0RZKCVFQ0WA,https://www.amazon.in/gp/customer-reviews/R2M0RZKCVFQ0WA/ref=cm_cr_othr_d_rvw_ttl?ie=UTF8&ASIN=B0DM5JDVCC,"I was very pleasantly surprised by this watch, the quality-price ratio is unbeatable, it has a super cool design and easy to wear on the wrist because it doesn't weigh anything.Best thing of this smartwatch is its curved display which looks so premium. The battery lasts a lot. I've been using it for more than 5 days without having to charge the battery. It's a super complete watch, you can answer calls and see messages, you hear the sound very well. I made calls with the SmartWatch and it has a very good sound. The other person also hears you perfectly. Notifications about incoming messages also arrive promptly on the SmartWatch. The display is big enough to be able to read that.I was surprised by the number of functions it has and the app is super easy to use, very intuitive and very easy to connect to your phone. I am delighted with the watch and pleasantly surprised with it.","['https://m.media-amazon.com/images/I/71srcCLbV+L._SY88.jpg', 'https://m.media-amazon.com/images/I/81DB3rmHCML._SY88.jpg', 'https://m.media-amazon.com/images/I/81JkxsgA8lL._SY88.jpg', 'https://m.media-amazon.com/images/I/81LmbnTCbgL._SY88.jpg', 'https://m.media-amazon.com/images/I/81Uxp3ZweeL._SY88.jpg', 'https://m.media-amazon.com/images/I/81Z8lDhkr0L._SY88.jpg']",2024-12-26,3,Colour: Trail Raven Black,
5,Excellent Smartwatch with Great Features,R2RRSCQCK1MK0Y,https://www.amazon.in/gp/customer-reviews/R2RRSCQCK1MK0Y/ref=cm_cr_othr_d_rvw_ttl?ie=UTF8&ASIN=B0DM5JDVCC,"The Boult Trail Smart Watch is a fantastic buy with its stunning 2.01"" 3D Curved HD Display and 500 nits brightness for excellent visibility. The BT Calling and AI Voice Assistant are super convenient, while the SpO2 monitoring and 120+ sports modes make it perfect for health tracking. Its sleek design, 190+ watch faces, and great battery life offer unbeatable value. Highly recommend this for anyone looking for a stylish and feature-packed smartwatch.",['https://m.media-amazon.com/images/I/61FKss5002L._SY88.jpg'],2025-01-20,4,Colour: Trail Raven Black,
5,Curved display is unique.,R2LCCLTDMNV4A9,https://www.amazon.in/gp/customer-reviews/R2LCCLTDMNV4A9/ref=cm_cr_othr_d_rvw_ttl?ie=UTF8&ASIN=B0DM5JDVCC,"The Boult smartwatch is a fantastic all-in-one device, and I am impressed with its performance. The sleep tracking feature is accurate, providing detailed insights into sleep patterns, helping me improve my sleep quality. The curved display adds a premium touch, offering excellent viewing angles and vibrant colors, making it easy to navigate.The connectivity is seamless, with quick pairing and stable Bluetooth performance. The smartwatch is loaded with functionalities like fitness tracking, notifications, and weather updates, making it a versatile companion. The calling feature is a standout – crystal-clear audio, quick dial access, and hassle-free hands-free calling.The sleek black color adds a stylish and professional look, suitable for all occasions. Overall, this smartwatch is a great buy for anyone looking for a feature-rich device with excellent performance at an affordable price.","['https://m.media-amazon.com/images/I/612rOwKvSfL._SY88.jpg', 'https://m.media-amazon.com/images/I/61b1M+3+NQL._SY88.jpg', 'https://m.media-amazon.com/images/I/61ro0CdZS5L._SY88.jpg', 'https://m.media-amazon.com/images/I/7109Qx8IOGL._SY88.jpg', 'https://m.media-amazon.com/images/I/711YjopfZaL._SY88.jpg', 'https://m.media-amazon.com/images/I/71303Lrs26L._SY88.jpg', 'https://m.media-amazon.com/images/I/71W8M2Ad-sL._SY88.jpg', 'https://m.media-amazon.com/images/I/81Rb3tRvYrL._SY88.jpg']",2025-01-23,5,Colour: Trail Raven Black,
5,Super quality watch,R2EVYZ020N1I8U,https://www.amazon.in/gp/customer-reviews/R2EVYZ020N1I8U/ref=cm_cr_othr_d_rvw_ttl?ie=UTF8&ASIN=B0DM5JDVCC,"This Boult trial smart watch is a fantastic design and look like so good ,wearable 2.01'' 3D curved display, Bluetooth connectivity so fast, good charging speed.These smart watch calling feature also good, AI voice assistant,Spo2 monitoring, accurate heart rate monitoring, sleep tracking ,120+ sports modes feature nice , sound quality very nice, overall amazing watch.",[],2025-01-22,6,Colour: Trail Raven Black,
4,Awesome,R3RBH30LL5PJS6,https://www.amazon.in/gp/customer-reviews/R3RBH30LL5PJS6/ref=cm_cr_othr_d_rvw_ttl?ie=UTF8&ASIN=B0DM5JDVCC,"The product is very nice ,the best thing about this smart watch is the curved display which looks so premium. At this price the quality is unbelievable.It has a cool design and is easy to wear on my wrist as it  doesn't have so much weight. The battery lasts a lot. I have been using it since last week and haven't charged it yet. It's a super complete watch with very good voice quality on calls. The display is big enough to be able to read anything. I am very delighted with the watch and recommend it to everyone.","['https://m.media-amazon.com/images/I/61wsj3JHAnL._SY88.jpg', 'https://m.media-amazon.com/images/I/71yg4-LUNkL._SY88.jpg']",2024-12-30,7,Colour: Trail Raven Black,
5,Wonderful watch,R3NAXRX8Y6NIAF,https://www.amazon.in/gp/customer-reviews/R3NAXRX8Y6NIAF/ref=cm_cr_othr_d_rvw_ttl?ie=UTF8&ASIN=B0DM5JDVCC,"This watch is a wonderful combination of fashion and usefulness. Its elegant appearance makes it ideal for daily use, and its user-friendly interface facilitates effortless navigation. It easily keeps up with a busy lifestyle thanks to its precise fitness monitoring, dependable notifications, long-lasting battery, and quick conversation feature. This wristwatch offers great value whether you're tracking your health, staying connected, or working out. An excellent choice for anyone seeking a device that combines price and efficiency! The nicest feature is that it has a music player!Thank you Amazon","['https://m.media-amazon.com/images/I/61M8oNx7kHL._SY88.jpg', 'https://m.media-amazon.com/images/I/71HBFgomDcL._SY88.jpg', 'https://m.media-amazon.com/images/I/71NjSY3DZuL._SY88.jpg', 'https://m.media-amazon.com/images/I/81C8fD2JcLL._SY88.jpg']",2025-01-28,8,Colour: Trail Pro Black,
5,Premium Looking,R30D89BUY3BLB9,https://www.amazon.in/gp/customer-reviews/R30D89BUY3BLB9/ref=cm_cr_othr_d_rvw_ttl?ie=UTF8&ASIN=B0DM5JDVCC,"The Boult 3D Curved Smartwatch offers a stunning display with a sleek, premium design. Its fitness tracking features, including heart rate and SpO2 monitoring, are accurate and reliable. With Bluetooth calling and excellent battery life, it’s a fantastic value for its price.",[],2025-01-20,49,Colour: Trail Raven Black,
5,Nice watch by boult,R7TA48S68OWLQ,https://www.amazon.in/gp/customer-reviews/R7TA48S68OWLQ/ref=cm_cr_othr_d_rvw_ttl?ie=UTF8&ASIN=B0DM5JDVCC,"I bought it of Rs. 1099 and I am totally satisfied with the quality, resolution, smoothness etc.It has all the features which we do in daily activities like calling, workout tracking, sleep tracking.Overall nice watch",['https://m.media-amazon.com/images/I/61OmlGRCD9L._SY88.jpg'],2025-01-20,50,Colour: Trail Raven Black,
5,New look,R2N6XSX9QF496D,https://www.amazon.in/gp/customer-reviews/R2N6XSX9QF496D/ref=cm_cr_othr_d_rvw_ttl?ie=UTF8&ASIN=B0DM5JDVCC,"Great design and build quality. I really love it, its like having a mini phone on my wrist. The screen is big and clear, so I can easily see everything. plus, I can make and answer calls having to take my phone out, which is super helpful when I'm on the go. And the best part is battery Backup is awesome. The sound quality is pretty nice as well.",['https://m.media-amazon.com/images/I/71UzyvcvjAL._SY88.jpg'],2025-01-09,51,Colour: Trail Raven Black,
5,styles curve display,R22WPW35K0B7TW,https://www.amazon.in/gp/customer-reviews/R22WPW35K0B7TW/ref=cm_cr_othr_d_rvw_ttl?ie=UTF8&ASIN=B0DM5JDVCC,"most stylesh curve display attract and The integration with apps is seamless, and the notifications are timely, keeping you connected without needing to reach for your phone constantly. Battery life is excellent, often lasting several days on a single charge, even with moderate usage of GPS and other advanced features.","['https://m.media-amazon.com/images/I/51NdRvV3DdL._SY88.jpg', 'https://m.media-amazon.com/images/I/51bg8Kb7IXL._SY88.jpg']",2025-01-22,52,Colour: Trail Raven Black,
5,Value of money 💰,R1V9L7SVTXB7D9,https://www.amazon.in/gp/customer-reviews/R1V9L7SVTXB7D9/ref=cm_cr_othr_d_rvw_ttl?ie=UTF8&ASIN=B0DM5JDVCC,"One of the standout features is the ability to answer and make calls directly from the watch.The call quality is clear.It packed with features that cater to all aspects of health, fitness, and communication.I highly recommend it to anyone looking for a reliable and feature-rich smartwatch.","['https://m.media-amazon.com/images/I/711EyU+pd2L._SY88.jpg', 'https://m.media-amazon.com/images/I/71bg4+9jssL._SY88.jpg']",2025-01-16,53,Colour: Trail Raven Black,
5,Wow wonderful watch,R1TM90GFUTQIAP,https://www.amazon.in/gp/customer-reviews/R1TM90GFUTQIAP/ref=cm_cr_othr_d_rvw_ttl?ie=UTF8&ASIN=B0DM5JDVCC,"I order this smartwatch for my wife birthday she loves a lot. The smartwatch offers a blend of style, functionality, and practicality for those looking to enhance their tech experience. Whether for fitness tracking, notifications, or as an extension of your smartphone, it’s a worthy investment for tech enthusiasts and fitness buffs a like.","['https://m.media-amazon.com/images/I/6151CbVJQ0L._SY88.jpg', 'https://m.media-amazon.com/images/I/71NEubRiDqL._SY88.jpg', 'https://m.media-amazon.com/images/I/71X7bjE02iL._SY88.jpg']",2025-01-22,54,Colour: Trail Raven Black,
5,Overall great purchase,R2WSW6NWF6YNMQ,https://www.amazon.in/gp/customer-reviews/R2WSW6NWF6YNMQ/ref=cm_cr_othr_d_rvw_ttl?ie=UTF8&ASIN=B0DM5JDVCC,This product is actually a great purchase i’ve made it is durable also and the charging is also so fast and it lasts long It have more features like sleep tracking etc to maintain sleep schedule steps counter is also accurate,[],2025-01-28,55,Colour: Trail Raven Black,
5,Awesome watch,R1FAM1SLJH2SFT,https://www.amazon.in/gp/customer-reviews/R1FAM1SLJH2SFT/ref=cm_cr_othr_d_rvw_ttl?ie=UTF8&ASIN=B0DM5JDVCC,"Awesome watch with overloaded features. And it's display of 2.01"" is very superb and it's 3d curved display is very decent. It has 190+ faces and 120+ sports modes. It has good health monitor. It's speaker and touch quality is also very nice.",['https://m.media-amazon.com/images/I/71AsEVgz15L._SY88.jpg'],2025-01-18,56,Colour: Trail Raven Black,
5,smart watch review,R2QPKM94CVMWIO,https://www.amazon.in/gp/customer-reviews/R2QPKM94CVMWIO/ref=cm_cr_othr_d_rvw_ttl?ie=UTF8&ASIN=B0DM5JDVCC,"The boult trial smartwatch is a fantastic budget option, design look like so good and Balck colour also good , this smartwatch bluetooth connectivity so fast , this smartwatch  curved display quality awesome, all features available like tracks heart rate , it's ip68 water- resistant and has battery life up to 7 days , this device support smart notifications  and 120+ sports modes with ai- powered assistant , the boult trail smartwatch is a solid choice for fitness and price so responsible , i recommend buy this product","['https://m.media-amazon.com/images/I/61ZgOu9S-FL._SY88.jpg', 'https://m.media-amazon.com/images/I/61vxyd0tzYL._SY88.jpg', 'https://m.media-amazon.com/images/I/81ROQqIUALL._SY88.jpg', 'https://m.media-amazon.com/images/I/81iNNMVsS9L._SY88.jpg', 'https://m.media-amazon.com/images/I/81nthy+ZHdL._SY88.jpg']",2024-12-30,65,Colour: Trail Raven Black,
5,Love the curvy design,R18S9N4IVW3FK,https://www.amazon.in/gp/customer-reviews/R18S9N4IVW3FK/ref=cm_cr_othr_d_rvw_ttl?ie=UTF8&ASIN=B0DM5JDVCC,The watch feels premium in hand and calling feature is very useful.Quality of strap is premium.Overall loved the watch in terms of Design and Features,"['https://m.media-amazon.com/images/I/61EP2Pg2CuL._SY88.jpg', 'https://m.media-amazon.com/images/I/715jn+Ee5wL._SY88.jpg']",2025-01-23,66,Colour: Trail Raven Black,
5,Great smartwatch,R29YF91P3PIB0H,https://www.amazon.in/gp/customer-reviews/R29YF91P3PIB0H/ref=cm_cr_othr_d_rvw_ttl?ie=UTF8&ASIN=B0DM5JDVCC,Love this smartwatch from boult...the battery life is very good with good display... screen is easily visible even in bright sunlight... calling feature also good i can easily attend call even in little noisy surroundings... overall good smartwatch at this price...,"['https://m.media-amazon.com/images/I/61o8E-NrI8L._SY88.jpg', 'https://m.media-amazon.com/images/I/71cbIpJgaKL._SY88.jpg']",2025-01-24,67,Colour: Trail Raven Black,
5,Smart and Stylish,R12E5VTLCKTM80,https://www.amazon.in/gp/customer-reviews/R12E5VTLCKTM80/ref=cm_cr_othr_d_rvw_ttl?ie=UTF8&ASIN=B0DM5JDVCC,Boult Trail smart watch comes with many advanced Smart features . The curved large display looks attractive and colourful. It comes with many beautiful watch faces. It has bluetooth speaker for calling which also works well. It seems premium and durable.,[],2025-01-29,68,Colour: Trail Jade Green,
5,Amazing Smartwatch,RA02VITKE47HZ,https://www.amazon.in/gp/customer-reviews/RA02VITKE47HZ/ref=cm_cr_othr_d_rvw_ttl?ie=UTF8&ASIN=B0DM5JDVCC,This Boult Trail Smartwatch is amazing. I really liked this smartwatch. The health monitors are almost accurate. Functioning is smooth. Touch screen is large and quick responsive. Build quality is good andbdurable. Battery life is long. There were many attractive watch faces.,[],2025-01-31,69,Colour: Trail Raven Black,
5,Best battery backup,R2FH80GZY7Q4T5,https://www.amazon.in/gp/customer-reviews/R2FH80GZY7Q4T5/ref=cm_cr_othr_d_rvw_ttl?ie=UTF8&ASIN=B0DM5JDVCC,The battery of the watch last longer and the curved display makes it look more stylish and premium and it has a lot of watch faces health monitoring systems are also good I wear it everyday and the step counter is also accurate,[],2025-01-18,70,Colour: Trail Raven Black,
5,Worth the penny,R2NWIOZU2SIMX7,https://www.amazon.in/gp/customer-reviews/R2NWIOZU2SIMX7/ref=cm_cr_othr_d_rvw_ttl?ie=UTF8&ASIN=B0DM5JDVCC,Pros:- the watch have most of the features a high end must have and reading are quite accurate the features I like was bp tracker.Cons: app does not have many faces but it will be pushed by the boult team to app hope so,[],2025-01-22,71,Colour: Trail Raven Black,
5,Vibrant visuals,R3J46BPRM13E3P,https://www.amazon.in/gp/customer-reviews/R3J46BPRM13E3P/ref=cm_cr_othr_d_rvw_ttl?ie=UTF8&ASIN=B0DM5JDVCC,"It really impresses with its 3D curved AMOLED display which gives vibrant visuals touch on your wrist. Build quality seems durable. Smart health features gives good accuracy. Bluetooth calling, managing notifications works very well.Overall it's a perfect fit for your wrist.",[],2025-01-30,72,Colour: Trail Pro Black,
4,Design is good,R31JHL5SAO7BQR,https://www.amazon.in/gp/customer-reviews/R31JHL5SAO7BQR/ref=cm_cr_othr_d_rvw_ttl?ie=UTF8&ASIN=B0DM5JDVCC,Working good till now,[],2025-01-22,25,Colour: Trail Raven Black,
5,Superb Performance,R35GIW6ZVPH1NY,https://www.amazon.in/gp/customer-reviews/R35GIW6ZVPH1NY/ref=cm_cr_othr_d_rvw_ttl?ie=UTF8&ASIN=B0DM5JDVCC,"The Boult Trail Smart Watch is an excellent buy! Its 2.01"" 3D curved HD display offers stunning clarity, and the 500 nits brightness ensures visibility outdoors. The BT calling and AI voice assistant are super convenient. With 190+ watch faces and a working crown, it's highly customizable. The SpO2 monitoring and 120+ sports modes make it a great health companion. Stylish and functional, it’s worth every penny!","['https://m.media-amazon.com/images/I/61RJT6ILZ9L._SY88.jpg', 'https://m.media-amazon.com/images/I/61sIZrHti5L._SY88.jpg', 'https://m.media-amazon.com/images/I/71HP1OnC5cL._SY88.jpg', 'https://m.media-amazon.com/images/I/71b+Xs0k22L._SY88.jpg']",2025-01-25,26,Colour: Trail Raven Black,
5,Nice product in good price,R2CV2XC76AXIAB,https://www.amazon.in/gp/customer-reviews/R2CV2XC76AXIAB/ref=cm_cr_othr_d_rvw_ttl?ie=UTF8&ASIN=B0DM5JDVCC,"This smartwatch offers a sleek and stylish design that complements any look. The 3D curved HD display gives it a premium feel, providing a smooth and immersive user experience. The build quality feels solid, making it a reliable choice for everyday wear.Using this watch has been a delight, with its intuitive interface and responsive working crown that adds a touch of sophistication. The watch’s comfortable fit and durable design make it perfect for both casual and active lifestyles. It’s truly a great blend of elegance and functionality.",['https://m.media-amazon.com/images/I/51DMhfvi2LL._SY88.jpg'],2025-01-21,27,Colour: Trail Raven Black,
5,"Impressed with its combination of style, functionality, and performance.",RFHR0I9026WVB,https://www.amazon.in/gp/customer-reviews/RFHR0I9026WVB/ref=cm_cr_othr_d_rvw_ttl?ie=UTF8&ASIN=B0DM5JDVCC,"I recently purchased the Boult Trail Smart Watch (Raven Black), and I am impressed with its combination of style, functionality, and performance.Pros:2.01'' 3D Curved HD Display: The large, vibrant screen with 500 nits brightness makes it easy to read notifications even in bright sunlight.BT Calling & AI Voice Assistant: The Bluetooth calling feature is seamless, and the AI voice assistant is handy for quick commands without touching my phone.190+ Watchfaces & Working Crown: A wide range of customizable watch faces adds a personal touch. The working crown for navigation gives it a premium feel.SpO2 & Health Monitoring: Accurate SpO2, heart rate monitoring, and sleep tracking make it a reliable fitness companion.120+ Sports Modes: It covers a wide variety of activities, which is perfect for fitness enthusiasts.","['https://m.media-amazon.com/images/I/71eHWYroJ-L._SY88.jpg', 'https://m.media-amazon.com/images/I/71flJxvrSyL._SY88.jpg']",2025-01-16,28,Colour: Trail Raven Black,
4,Kwality,R3BCCIRS1LBO8E,https://www.amazon.in/gp/customer-reviews/R3BCCIRS1LBO8E/ref=cm_cr_othr_d_rvw_ttl?ie=UTF8&ASIN=B0DM5JDVCC,"👍 good,i want to keep the product",['https://m.media-amazon.com/images/I/61IFHFBa+lL._SY88.jpg'],2025-01-10,29,Colour: Trail Jade Green,
5,Amazing curved display smartwatch,R4HL3BN40YVM3,https://www.amazon.in/gp/customer-reviews/R4HL3BN40YVM3/ref=cm_cr_othr_d_rvw_ttl?ie=UTF8&ASIN=B0DM5JDVCC,"This is my forat curved display smartwatch and i am happy with it. It privides a unique look and feel. The strap quality is good and it fits well in hand. The display brightness is amazing and it does tracking of heart rate, blood oxygen  also works good. It also has so many watch face the i love keep changing the everyday and it also provides option to make cuatome face. I can also make call from the watch and it also has option to save contact . Overa its an amazing purcshase under this price","['https://m.media-amazon.com/images/I/61AH3awYMjL._SY88.jpg', 'https://m.media-amazon.com/images/I/61F12x3fZcL._SY88.jpg', 'https://m.media-amazon.com/images/I/61pslxKpfDL._SY88.jpg', 'https://m.media-amazon.com/images/I/71TH42RDX7L._SY88.jpg', 'https://m.media-amazon.com/images/I/71oiOlR0UDL._SY88.jpg']",2025-01-19,30,Colour: Trail Raven Black,
4,Worthy,R234AQ474KK9XD,https://www.amazon.in/gp/customer-reviews/R234AQ474KK9XD/ref=cm_cr_othr_d_rvw_ttl?ie=UTF8&ASIN=B0DM5JDVCC,Good Performance,[],2025-01-10,31,Colour: Trail Metal Black,
5,Good battery life.,R2T6FBHNP7WF6H,https://www.amazon.in/gp/customer-reviews/R2T6FBHNP7WF6H/ref=cm_cr_othr_d_rvw_ttl?ie=UTF8&ASIN=B0DM5JDVCC,Good quality watch. With perfact Color and material texture. Connections with phone is very good and have good sound quality. As well as battery life is very up to the mark. Fit is adjustable as per the use.,[],2025-01-21,32,Colour: Trail Raven Black,
5,Premium looking watch,RXTLT2MWUM47O,https://www.amazon.in/gp/customer-reviews/RXTLT2MWUM47O/ref=cm_cr_othr_d_rvw_ttl?ie=UTF8&ASIN=B0DM5JDVCC,"I was very pleasantly surprised by this watch , the quality price ratio is unbeatable. It has a super cool design and easy to wear on the wrist because it doesn't weight anything. Best thing os the smartwatch is its curved display looks so premium, touch screen is so perfect , bluetooth connectivity is quite awesome. Overall very good watch",[],2025-01-29,33,Colour: Trail Pro Black,
5,Boult trail smart watch,RWVBLMMH9Y1PZ,https://www.amazon.in/gp/customer-reviews/RWVBLMMH9Y1PZ/ref=cm_cr_othr_d_rvw_ttl?ie=UTF8&ASIN=B0DM5JDVCC,The boult trail smartwatch 2.01 3d curved  hd display is vibrant and incredibly smooth and premium. I recently purchased this boult smartwatch for 1099rs and it has exceeded my expectations the brightness is fantastic the audio call function work perfectly with  crystal clear sound and responsive speaker,[],2025-01-26,34,Colour: Trail Raven Black,
5,Worth the buy,R1LEG8VOG4KTFK,https://www.amazon.in/gp/customer-reviews/R1LEG8VOG4KTFK/ref=cm_cr_othr_d_rvw_ttl?ie=UTF8&ASIN=B0DM5JDVCC,Beautiful curve product. Worth the buy the call quality is also good and it has some good features specially for women. It’s a proper fit in my hand and for now everything is going good.,[],2025-01-21,35,Colour: Trail Raven Black,
5,Impressed,R352RPZT9ZJCR,https://www.amazon.in/gp/customer-reviews/R352RPZT9ZJCR/ref=cm_cr_othr_d_rvw_ttl?ie=UTF8&ASIN=B0DM5JDVCC,"the Trail watch's battery life—it's seriously impressive. I've been using it for weeks, and I haven't had to charge it once. The 2.01"" HD display is stunning, and the build feels solid and durable. Thanks, Boult, for creating such a comfortable and high-quality product!""",[],2025-01-21,36,Colour: Trail Raven Black,
5,Just Awesome...,RNGBCIFO50HRM,https://www.amazon.in/gp/customer-reviews/RNGBCIFO50HRM/ref=cm_cr_othr_d_rvw_ttl?ie=UTF8&ASIN=B0DM5JDVCC,"This Smart Watch offers solid value. Its curved display is vibrant, and Bluetooth calling is convenient. Fitness tracking is accurate, and battery life is decent. The watch feels a bit plasticky, but overall, it's a good budget option for those seeking basic smartwatch features.",['https://m.media-amazon.com/images/I/51rzqeTstxL._SY88.jpg'],2025-01-27,37,Colour: Trail Raven Black,
5,Best in class👍👍,R3WJTIITAXBPJ,https://www.amazon.in/gp/customer-reviews/R3WJTIITAXBPJ/ref=cm_cr_othr_d_rvw_ttl?ie=UTF8&ASIN=B0DM5JDVCC,Superb smart watch as compared to other brands in market. All sensors are up to date working very fine. Notification are real time. Sound quality and interface is quite impressive. Really recommend this watch to other users.👍👍👍👍,"['https://m.media-amazon.com/images/I/61p2cjzIWFL._SY88.jpg', 'https://m.media-amazon.com/images/I/71JfFi8tfbL._SY88.jpg', 'https://m.media-amazon.com/images/I/71k97jMH3VL._SY88.jpg', 'https://m.media-amazon.com/images/I/71l8IN6ZMuL._SY88.jpg', 'https://m.media-amazon.com/images/I/71nZ9Fqw5XL._SY88.jpg']",2025-01-21,38,Colour: Trail Raven Black,
5,Amazing product,REL4HI4U8WLG8,https://www.amazon.in/gp/customer-reviews/REL4HI4U8WLG8/ref=cm_cr_othr_d_rvw_ttl?ie=UTF8&ASIN=B0DM5JDVCC,"you will get this best curve design watch. display quality is amazing, so many watch faces available in APP overall quality is best, you can consider this watch",['https://m.media-amazon.com/images/I/61j0QASIEwL._SY88.jpg'],2025-01-23,39,Colour: Trail Raven Black,
5,Looking good,R3G0P3BG1EMJWE,https://www.amazon.in/gp/customer-reviews/R3G0P3BG1EMJWE/ref=cm_cr_othr_d_rvw_ttl?ie=UTF8&ASIN=B0DM5JDVCC,"The Boult Trail Smart Watch is an excellent choice for anyonelooking for a feature-packed smartwatch. While it may have some limitations, its pros far outweigh its cons. I highly recommend it to anyone seeking a reliable and stylish smartwatch.",[],2025-01-22,40,Colour: Trail Raven Black,
4,Cool trendy watch,R2R25BET5ZN465,https://www.amazon.in/gp/customer-reviews/R2R25BET5ZN465/ref=cm_cr_othr_d_rvw_ttl?ie=UTF8&ASIN=B0DM5JDVCC,"The watch is definitely trendy and looks beautiful on my wrist.Pros:Lot of useful features like BP measurement, Blood oxygen etc.;The parameters are at your control - means they don't run unless you want to;Lot of faces to play with, especially if you want your watch to display your mood;Good strap;Charges fast and battery does not drain fast;Excellent speaker quality;Cons:Pulse monitoring not automatic which is definitely disadvantageous since monitoring pulse during work out is  must;Step count is erratic - it just adds steps in 100s even when I sit.  My mobile app showed 1543 steps against 16,000+ by Boult!  May be I am missing some set up, but..They could have given an additional strap.",[],2024-12-30,9,Colour: Trail Jade Green,
4,Smart watch 🔥,R32YF8Z2L4AOS5,https://www.amazon.in/gp/customer-reviews/R32YF8Z2L4AOS5/ref=cm_cr_othr_d_rvw_ttl?ie=UTF8&ASIN=B0DM5JDVCC,Good and best smart watch under 1200 one of the best and only one cons is the watch is so bulk and big and also little curve only not fully curved but the watch is very superb 🙋🏽🔥✨✨,"['https://m.media-amazon.com/images/I/61R1DWvex8L._SY88.jpg', 'https://m.media-amazon.com/images/I/718UY0l4c4L._SY88.jpg']",2025-01-19,10,Colour: Trail Metal Black,
5,Great,R3AY5YEA91ZMK3,https://www.amazon.in/gp/customer-reviews/R3AY5YEA91ZMK3/ref=cm_cr_othr_d_rvw_ttl?ie=UTF8&ASIN=B0DM5JDVCC,The watch is very good. The display looks nice and smooth. Touch is also good.,[],2025-01-30,11,Colour: Trail Pro Black,
4,awesome 👌,R2C9KQJ8ITM8AQ,https://www.amazon.in/gp/customer-reviews/R2C9KQJ8ITM8AQ/ref=cm_cr_othr_d_rvw_ttl?ie=UTF8&ASIN=B0DM5JDVCC,The product is so good. but metal steel adjustment is not handle easy. so adjust go to shop or own.otherwise high rich explore and experience,[],2025-01-24,12,Colour: Trail Metal Black,
4,Good,R21ANLJR8GRORP,https://www.amazon.in/gp/customer-reviews/R21ANLJR8GRORP/ref=cm_cr_othr_d_rvw_ttl?ie=UTF8&ASIN=B0DM5JDVCC,Value for money and quality,[],2025-01-28,13,Colour: Trail Metal Black,
5,smart watch,RHRSA3NAB4SHC,https://www.amazon.in/gp/customer-reviews/RHRSA3NAB4SHC/ref=cm_cr_othr_d_rvw_ttl?ie=UTF8&ASIN=B0DM5JDVCC,"I really liked this smart watch and I liked its features a lot and its feel like a premium. The Boult hd curved display  Smartwatch offers impressive features at an affordable price. The 2.01-inch 3d display is vibrant and responsive, while the build quality feels premium. Battery life is excellent, lasting up to 4-5 days with regular use. Fitness tracking features like heart rate monitoring, sleep tracking, and sports modes work well. Notifications sync smoothly, and the watch is comfortable to wear throughout the day. The only downsides are the lack of built-in GPS and limited advanced features. Overall, it’s a solid budget smartwatch that delivers great performance for those seeking basic smartwatch functionalities. Highly recommended!","['https://m.media-amazon.com/images/I/51NNZZGO0PL._SY88.jpg', 'https://m.media-amazon.com/images/I/61SKoFVRurL._SY88.jpg', 'https://m.media-amazon.com/images/I/61eSVcjoSIL._SY88.jpg']",2025-01-28,14,Colour: Trail Raven Black,
4,Overall good.,R302WQUF4VPD1G,https://www.amazon.in/gp/customer-reviews/R302WQUF4VPD1G/ref=cm_cr_othr_d_rvw_ttl?ie=UTF8&ASIN=B0DM5JDVCC,"The product is stylish, premium, display is also quite good. But the heart sensor is not accurate. Blood pressure measurement also not working. Anyways the other features are working fine. Charging speed is good. Bluetooth connectivity is also fine","['https://m.media-amazon.com/images/I/613RjMgdcHL._SY88.jpg', 'https://m.media-amazon.com/images/I/71KaAYT-evL._SY88.jpg']",2025-01-16,15,Colour: Trail Jade Green,
4,Nice,R27T2K6A271IDP,https://www.amazon.in/gp/customer-reviews/R27T2K6A271IDP/ref=cm_cr_othr_d_rvw_ttl?ie=UTF8&ASIN=B0DM5JDVCC,All are good...but raise up not be given time in it.....,['https://m.media-amazon.com/images/I/71e9WF4iZPL._SY88.jpg'],2025-01-21,16,Colour: Trail Raven Black,
5,THE BEST CURVED DISPLAY SMARTWATCH OF 2024,R2MRFB4PC7XZVW,https://www.amazon.in/gp/customer-reviews/R2MRFB4PC7XZVW/ref=cm_cr_othr_d_rvw_ttl?ie=UTF8&ASIN=B0DM5JDVCC,"🤩 I was looking for a smatwatch which will be unique in looks as well with unique features and then i found this smartwatch:✅️ You can Elevate your visual experience with a 2.01” 3D curved HD screen that offers an immersive viewing experience. Its high-quality display design, paired with a functional working crown, brings a modern look for those seeking the best Unisex smartwatch.✅️ You can Enjoy Bluetooth calling with a built-in speaker and mic, enabling hands-free communication on the go. This feature makes it a versatile Unisex smart watch, providing seamless call functionality directly from the wrist.✅️ You can Stay on top of your health with advanced sensors that track SpO2 (blood oxygen), 24/7 heart rate, and female menstrual cycle. Ideal as a fitness smart watch, this device ensures you have key health data at your fingertips.✅️ Choose from over 190+ cloud-based watch faces and enjoy custom watch face options, letting you personalize your style every day.✅️ You can track your fitness journey from running to hiking, with 120+ sports modes. This smartwatch adapts to your active lifestyle, making it perfect for outdoor and fitness enthusiasts.✅️ It Stay connected with SMS and social media app notifications, as well as reminders for sedentary time and hydration, all accessible directly on the watch.✅️ This smartwatch is Equipped with Bluetooth 5.3 for stable connectivity within a 10m range. Access AI voice commands for effortless control and navigation.✅️The best thing is that it is Built for durability, this smartwatch is IP68-rated, ensuring water resistance for all-weather use which make you use it without worry of getting damage.✅️ You can Customize your look with metal and silicon strap options, including Metal Black, Metal Blue, Jade Green, and Raven Black. All of the available straps are of good quality.✅️ This smartwatch somes with a magnetic charging due to which no water an enter in the device.","['https://m.media-amazon.com/images/I/71DhzM+dRlL._SY88.jpg', 'https://m.media-amazon.com/images/I/71erQzX7FzL._SY88.jpg']",2025-01-18,17,Colour: Trail Raven Black,
5,Perfect Blend of Style and Performance!,R3LKURQW4MQ4YO,https://www.amazon.in/gp/customer-reviews/R3LKURQW4MQ4YO/ref=cm_cr_othr_d_rvw_ttl?ie=UTF8&ASIN=B0DM5JDVCC,"The Boult Trail Smartwatch has exceeded all my expectations! The 2.01'' 3D Curved HD Display is vibrant and incredibly smooth, and the 500 nits brightness ensures clear visibility even in bright sunlight. The Bluetooth calling feature works flawlessly, making it super convenient during workouts or busy moments.What I love most is the AI voice assistant, which makes everyday tasks so much easier. The SpO2 monitoring and 120+ sports modes are fantastic additions, catering perfectly to my fitness needs. The watch's working crown adds a premium touch, and with 190+ watch faces, you can customize it endlessly.Raven Black looks so elegant, and it pairs well with any outfit. This is truly the best smartwatch at this price point. Highly recommended for anyone looking for style, features, and functionality in one package!","['https://m.media-amazon.com/images/I/61CVcEHHi8L._SY88.jpg', 'https://m.media-amazon.com/images/I/61Yp2iFWR5L._SY88.jpg', 'https://m.media-amazon.com/images/I/71BE3Ur7mOL._SY88.jpg', 'https://m.media-amazon.com/images/I/71gLWUbbgJL._SY88.jpg']",2025-01-22,18,Colour: Trail Raven Black,
4,Nice product,R16G9F0A7X9HFB,https://www.amazon.in/gp/customer-reviews/R16G9F0A7X9HFB/ref=cm_cr_othr_d_rvw_ttl?ie=UTF8&ASIN=B0DM5JDVCC,,['https://m.media-amazon.com/images/I/71YByjRUEAL._SY88.jpg'],2025-01-27,19,Colour: Trail Pro Jet Black,
5,BEST SMART WATCH,RUG7PU11B87OS,https://www.amazon.in/gp/customer-reviews/RUG7PU11B87OS/ref=cm_cr_othr_d_rvw_ttl?ie=UTF8&ASIN=B0DM5JDVCC,"This boult smart watch is just super loaded with features. It has Bluetooth calling feature, health tracking features like SpO2 monitoring, BP monitoring, AI voice assistant, 120+ sports modes and many more with 250+ watch faces and best thing about this smart watch is the big curved display with superb brightness at this price point which really looks so premium. It is a wonderful combination of fancy and beneficial. Battery duration is very good and it is very easy to connect with the boult fit app. Everything about this smart watch is best in class.","['https://m.media-amazon.com/images/I/718oZWhF4eL._SY88.jpg', 'https://m.media-amazon.com/images/I/71CrrqMzI8L._SY88.jpg']",2025-01-29,20,Colour: Trail Pro Black,
4,Good,R3C3N79P662AF7,https://www.amazon.in/gp/customer-reviews/R3C3N79P662AF7/ref=cm_cr_othr_d_rvw_ttl?ie=UTF8&ASIN=B0DM5JDVCC,Good and attractive design.,[],2025-01-21,21,Colour: Trail Metal Black,
5,Amazing Features,RQUJ5EO7UTNIN,https://www.amazon.in/gp/customer-reviews/RQUJ5EO7UTNIN/ref=cm_cr_othr_d_rvw_ttl?ie=UTF8&ASIN=B0DM5JDVCC,"This watch is amazing with good quality. The sports mode is available, and the bigger screen with AMOLED gives a clean and rich black color. The Bluetooth calling feature works fine, and there are lots of watch faces available in the Boultfit app. The user interface is good, and connectivity is easy. The touch sensitivity is also nice.Advantages:Good build qualitySports mode availableBigger AMOLED screen with rich black colorBluetooth calling works wellMany watch faces availableGood user interfaceEasy connectivityNice touch sensitivity",[],2025-01-29,22,Colour: Trail Pro Black,
5,Wonderful watch,R2VJSJGF6E5A8K,https://www.amazon.in/gp/customer-reviews/R2VJSJGF6E5A8K/ref=cm_cr_othr_d_rvw_ttl?ie=UTF8&ASIN=B0DM5JDVCC,"This watch is a wonderful combination of fashion and usefulness. Its elegant appearance makes it ideal for daily use, and its user-friendly interface facilitates effortless navigation. It easily keeps up with a busy lifestyle thanks to its precise fitness monitoring, dependable notifications, long-lasting battery, and quick conversation feature. This wristwatch offers great value whether you're tracking your health, staying connected, or working out. An excellent choice for anyone seeking a device that combines price and efficiency! The nicest feature is that it has a music player!Thnks amezon","['https://m.media-amazon.com/images/I/710FR75nILL._SY88.jpg', 'https://m.media-amazon.com/images/I/7122pqqhq+L._SY88.jpg', 'https://m.media-amazon.com/images/I/71vYtUrmt-L._SY88.jpg']",2025-01-25,23,Colour: Trail Raven Black,
5,यह घड़ी अद्भुत है  /,RQ7IRH68W1G4S,https://www.amazon.in/gp/customer-reviews/RQ7IRH68W1G4S/ref=cm_cr_othr_d_rvw_ttl?ie=UTF8&ASIN=B0DM5JDVCC,"यहाँ बोल्ट स्मार्टवॉच की 5-स्टार रिव्यू है:5-स्टार रिव्यू""बोल्ट स्मार्टवॉच एक अद्भुत उत्पाद है! मैंने इसे खरीदने के बाद से ही इसका उपयोग किया है और मैं इसके साथ बहुत संतुष्ट हूँ। इसकी बैटरी लाइफ बहुत अच्छी है, और यह मेरे फिटनेस लक्ष्यों को प्राप्त करने में मेरी मदद करता है। मैं इसे अपने दोस्तों और परिवार को सिफारिश करता हूँ!""*विशेषताएं जो मुझे पसंद हैं:*- 120+ स्पोर्ट्स मोड- डेडिकेटेड फिटनेस ट्रैकिंग- पूर्ण स्वास्थ्य मॉनिटर- 7-15 दिनों की बैटरी लाइफ- क्रिस्टल क्लियर ब्लूटूथ कॉलिंग*मेरी रेटिंग:*- उत्पाद की गुणवत्ता: 5/5- मूल्य: 5/5- उपयोगकर्ता अनुभव: 5/5- समग्र रेटिंग: 5/5","['https://m.media-amazon.com/images/I/61GcHM2cI+L._SY88.jpg', 'https://m.media-amazon.com/images/I/71XhfDyP5-L._SY88.jpg']",2025-01-18,24,Colour: Trail Jade Green,
5,Amazing quality,R3LFDW15RWO77F,https://www.amazon.in/gp/customer-reviews/R3LFDW15RWO77F/ref=cm_cr_othr_d_rvw_ttl?ie=UTF8&ASIN=B0DM5JDVCC,"This product has been amazing to use for the past week whether it is screen quality, sound or connectivity everything is good to use. Really satisfied with the watch.",[],2025-01-20,73,Colour: Trail Raven Black,
5,Multifunctional watch,R25AYXLIBO0WCU,https://www.amazon.in/gp/customer-reviews/R25AYXLIBO0WCU/ref=cm_cr_othr_d_rvw_ttl?ie=UTF8&ASIN=B0DM5JDVCC,"Display quality is bright in sun light,Sleep tracking is accurateCalling is good with Clear voiceConnectivity is stableColor is genuine",['https://m.media-amazon.com/images/I/71xNXtbg-tL._SY88.jpg'],2025-01-22,74,Colour: Trail Jade Green,
5,"Stylish, sleek and packed with features!",RVPXKO3UT1U7A,https://www.amazon.in/gp/customer-reviews/RVPXKO3UT1U7A/ref=cm_cr_othr_d_rvw_ttl?ie=UTF8&ASIN=B0DM5JDVCC,"The boult trail 2.01 smartwatch is a fantastic budget option packed with features like a 3d curved 2.01 inch HD display, Bluetooth calling with clear audio quality. Its health tracking capabilities include heart rate, SpO2 monitoring, bp monitoring and sleep tracking, making it a great fitness companion. The watch is also IP68-rated, ensuring durability against dust and water. With up to 7 days of battery life (depending on usage), it’s perfect for everyday use. The display has 500 nits brightness level and health data is better for general trends than precision, it remains a value-for-money choice at just ₹1,199. The design is sleek and modern, perfect for both casual and formal settings. Its vibrant display and easy-to-navigate interface make it a joy to use. Bluetooth 5.3, Ai voice assistance, 190+ watch faces, working crown and 120+ sports mode make it more value for money smartwatch at this price range.","['https://m.media-amazon.com/images/I/61jRn7xQTtL._SY88.jpg', 'https://m.media-amazon.com/images/I/61xjAHLTiyL._SY88.jpg', 'https://m.media-amazon.com/images/I/71FCyglHSQL._SY88.jpg']",2024-12-25,75,Colour: Trail Raven Black,
5,Wonderfull Feature-Packed Smartwatch with Exceptional Performance!,R2W6DIJ3GDS5D6,https://www.amazon.in/gp/customer-reviews/R2W6DIJ3GDS5D6/ref=cm_cr_othr_d_rvw_ttl?ie=UTF8&ASIN=B0DM5JDVCC,"I recently purchased this Boult smartwatch for ₹1099, and it has exceeded my expectations! The brightness is fantastic, making the display clear even under sunlight. The audio call function works perfectly, with crystal-clear sound and a responsive speaker. Charging is quick and efficient, and the battery life is impressively long-lasting. The heartbeat rate monitor is accurate, adding to the overall value.For such an affordable price, this smartwatch offers incredible features and great performance. Highly recommended for anyone looking for a budget-friendly, reliable smartwatch!","['https://m.media-amazon.com/images/I/61Lk9gVjKjL._SY88.jpg', 'https://m.media-amazon.com/images/I/71LFCaGsiyL._SY88.jpg', 'https://m.media-amazon.com/images/I/71QJrOmK+AL._SY88.jpg', 'https://m.media-amazon.com/images/I/71pef9Fyv+L._SY88.jpg']",2025-01-16,76,Colour: Trail Raven Black,
5,Amazing product,R2COBL1PZZJVJ3,https://www.amazon.in/gp/customer-reviews/R2COBL1PZZJVJ3/ref=cm_cr_othr_d_rvw_ttl?ie=UTF8&ASIN=B0DM5JDVCC,"Absolutely love the Boult Trail Smart Watch! The stunning 2.01'' 3D curved HD display, seamless BT calling, and 120+ sports modes make it perfect for daily use. The SpO2 monitoring and AI voice assistant are super handy, and the 500 nits brightness ensures great visibility outdoors. Totally worth it!","['https://m.media-amazon.com/images/I/71Yjs7wa7PL._SY88.jpg', 'https://m.media-amazon.com/images/I/81EsibnpkRL._SY88.jpg', 'https://m.media-amazon.com/images/I/81sjdvD3qZL._SY88.jpg']",2025-01-23,77,Colour: Trail Raven Black,
5,Nice watch,R3EHW4QKZ1NYDB,https://www.amazon.in/gp/customer-reviews/R3EHW4QKZ1NYDB/ref=cm_cr_othr_d_rvw_ttl?ie=UTF8&ASIN=B0DM5JDVCC,Boult really impressed us by giving this 3D curve display. It's Quality is nice and it has a great performance and charging and has a good display size if you’re looking for a watch it will be best choice for You. It’s comes with many smart features So if you are looking for a affordable smart watch just  go for it.,['https://m.media-amazon.com/images/I/6169jj46czL._SY88.jpg'],2025-01-16,78,Colour: Trail Raven Black,
5,Stylish,R3KJ9TZU3JHFP4,https://www.amazon.in/gp/customer-reviews/R3KJ9TZU3JHFP4/ref=cm_cr_othr_d_rvw_ttl?ie=UTF8&ASIN=B0DM5JDVCC,Firstly this looks very stylish in my hand. Secondly it's long lasting battery last for kore than week once Fully charged. Audio quality of the call is very clear. Looks impressive.,[],2025-01-21,79,Colour: Trail Raven Black,
5,Awesome,R1ALROW4KYPD3Q,https://www.amazon.in/gp/customer-reviews/R1ALROW4KYPD3Q/ref=cm_cr_othr_d_rvw_ttl?ie=UTF8&ASIN=B0DM5JDVCC,"First of all looking is great and it fits on my wristjust like perfect. I tracks very thing like  walk,heart rate etc. perfectly calling feature is good sound quality on call is awesome. It connects instantly. Best watch for everyone","['https://m.media-amazon.com/images/I/61UTknFjWwL._SY88.jpg', 'https://m.media-amazon.com/images/I/71DJyqz0vuL._SY88.jpg']",2025-01-22,80,Colour: Trail Raven Black,
5,Good,R3RWOJKEGZBOAD,https://www.amazon.in/gp/customer-reviews/R3RWOJKEGZBOAD/ref=cm_cr_othr_d_rvw_ttl?ie=UTF8&ASIN=B0DM5JDVCC,Product is nice value for money watch looking is very nice battery battery life can be improved watch with phone connect bluetooth all day coonnected is blutooth battery performance is very nice 7-8 days  heart ratting option proper working i love this product,['https://m.media-amazon.com/images/I/61Toz3cKDjL._SY88.jpg'],2025-01-27,41,Colour: Trail Raven Black,
5,Stylish smart watch,R15MGOWZOZJCJJ,https://www.amazon.in/gp/customer-reviews/R15MGOWZOZJCJJ/ref=cm_cr_othr_d_rvw_ttl?ie=UTF8&ASIN=B0DM5JDVCC,"The smartwatch delivers excellent functionality with a sleek design. It tracks fitness metrics accurately, provides seamless notifications, and offers customizable watch faces. Battery life lasts a full day with moderate use. While the interface is user-friendly, some apps could be more responsive. A great all-rounder for everyday use.","['https://m.media-amazon.com/images/I/81aF0Z2-iyL._SY88.jpg', 'https://m.media-amazon.com/images/I/81yyB2JWO3L._SY88.jpg']",2025-01-20,42,Colour: Trail Raven Black,
5,Amazing,R1P2MXUYNDV2L,https://www.amazon.in/gp/customer-reviews/R1P2MXUYNDV2L/ref=cm_cr_othr_d_rvw_ttl?ie=UTF8&ASIN=B0DM5JDVCC,"This Bout curved smart watch is awesome.This Curved Hd Display Smartwatch with 2.01"" HD Display, Bluetooth 5.3 HD Calling, Working Crown, Boult Health Tracker and Free Strap adjustment tool.Nice curved hd display and also support dial pad, Music, Sound etc..Nice watch.",['https://m.media-amazon.com/images/I/81dvWS16oEL._SY88.jpg'],2025-01-25,43,Colour: Trail Raven Black,
5,Too good,R3KON9ND7OV7ZI,https://www.amazon.in/gp/customer-reviews/R3KON9ND7OV7ZI/ref=cm_cr_othr_d_rvw_ttl?ie=UTF8&ASIN=B0DM5JDVCC,The watch is super comfortable and stylish to wear. Its sleek and curve display enhances its overall looks and its battery backup and bluetooth connectivity makes it more day to day friendly.,[],2025-01-22,44,Colour: Trail Raven Black,
5,Class smartwatch,R1OBMOEMSD42IF,https://www.amazon.in/gp/customer-reviews/R1OBMOEMSD42IF/ref=cm_cr_othr_d_rvw_ttl?ie=UTF8&ASIN=B0DM5JDVCC,The smartwatch is stylish. The colour is so classy and elegant in appearance. It is very easy to wear and wear off . Accuracy level is decent. Smartwatch feels durable. Charging time is quite  good. Calling sound and speaker is good has a loud sound.,"['https://m.media-amazon.com/images/I/6157Ccb1TnL._SY88.jpg', 'https://m.media-amazon.com/images/I/61VAcidNTSL._SY88.jpg', 'https://m.media-amazon.com/images/I/71TR+D4XqKL._SY88.jpg']",2025-01-17,45,Colour: Trail Raven Black,
5,Elegant and Fantastic smartwatch,RZ6VWPPRZD2L9,https://www.amazon.in/gp/customer-reviews/RZ6VWPPRZD2L9/ref=cm_cr_othr_d_rvw_ttl?ie=UTF8&ASIN=B0DM5JDVCC,"The display’s touch response is good and has adequate levels of brightness that makes it easier to read the screen even outdoors.Setting up the device is easy and hassle-freeBoutl Trail smartwatch boasts of multiple health features like SpO2 tracking, heart rate monitoring, female menstrual cycle tracking and sleep monitoring","['https://m.media-amazon.com/images/I/61Ap8iA0DmL._SY88.jpg', 'https://m.media-amazon.com/images/I/61l9bm63uPL._SY88.jpg']",2025-01-29,46,Colour: Trail Pro Black,
5,Good purchase,RTD5J48RNT17X,https://www.amazon.in/gp/customer-reviews/RTD5J48RNT17X/ref=cm_cr_othr_d_rvw_ttl?ie=UTF8&ASIN=B0DM5JDVCC,"The Boult Trail Smartwatch impresses with its sleek 2.01"" 3D curved HD display and vibrant 500 nits brightness, ensuring excellent visibility. With BT calling, AI voice assistance, and SpO2 monitoring, it combines style and functionality seamlessly. Its 120+ sports modes and 190+ watch faces make it a versatile companion for both fitness and everyday use.",[],2025-01-17,47,Colour: Trail Raven Black,
5,Quality,REBYBJLSH255B,https://www.amazon.in/gp/customer-reviews/REBYBJLSH255B/ref=cm_cr_othr_d_rvw_ttl?ie=UTF8&ASIN=B0DM5JDVCC,Quality of product is very ita charged very fast battery backup is also very good quality of display is very good i really like it Go for it,[],2025-01-24,48,Colour: Trail Raven Black,
5,Battery backup awesome,R1TBSXX9RPHUVA,https://www.amazon.in/gp/customer-reviews/R1TBSXX9RPHUVA/ref=cm_cr_othr_d_rvw_ttl?ie=UTF8&ASIN=B0DM5JDVCC,Connectivity is fastBattery 🔋 backup up is awesomeCurved display makes this watch coolCalling feature and functionality is too goodI like it 😊😊😊,['https://m.media-amazon.com/images/I/81f4xIhXd9L._SY88.jpg'],2025-01-22,57,Colour: Trail Raven Black,
5,Lovely design,R1CX0EK4J132SQ,https://www.amazon.in/gp/customer-reviews/R1CX0EK4J132SQ/ref=cm_cr_othr_d_rvw_ttl?ie=UTF8&ASIN=B0DM5JDVCC,Build quality was good with unique design screen. Display quality was super which has good brightness in daylight. Charging speed was great and lasts longer charging. Simple to connect and make calls with this. And also track sleep good.,"['https://m.media-amazon.com/images/I/81ccld3GGGL._SY88.jpg', 'https://m.media-amazon.com/images/I/81rwlGzcjYL._SY88.jpg', 'https://m.media-amazon.com/images/I/910fj0MgeDL._SY88.jpg', 'https://m.media-amazon.com/images/I/91u0nn8F4mL._SY88.jpg']",2025-01-20,58,Colour: Trail Raven Black,
5,Worth every penny,R2F0MD50GBFUMI,https://www.amazon.in/gp/customer-reviews/R2F0MD50GBFUMI/ref=cm_cr_othr_d_rvw_ttl?ie=UTF8&ASIN=B0DM5JDVCC,This product comes with a big display so i am able to see everything clearly Watch also have so many watch faces and a curved design to make it look stylish The most important feature is that we can directly answer call from the watch itself Charge easily stays for 5-6 days it is long lasting I wear it daily,[],2025-01-19,59,Colour: Trail Raven Black,
5,Worth every penny,R10WJL2N0C4I6X,https://www.amazon.in/gp/customer-reviews/R10WJL2N0C4I6X/ref=cm_cr_othr_d_rvw_ttl?ie=UTF8&ASIN=B0DM5JDVCC,Best thing of this smartwatch is its curved display which looks so premium.All sensors are working very good and call quality is so good. Battery capacity is very good upto 4 to 5 days easily.,[],2025-01-20,60,Colour: Trail Raven Black,
5,Premium looking curved display watch!!,R2VFR2U2CN0SWU,https://www.amazon.in/gp/customer-reviews/R2VFR2U2CN0SWU/ref=cm_cr_othr_d_rvw_ttl?ie=UTF8&ASIN=B0DM5JDVCC,"Really liked the curved display, looks premium and unique. Display size and quality is also top notch. Also, the sound and mic quality when making a call was really good. It has lots of watch faces and different sports modes. Overall totally worth it!!",['https://m.media-amazon.com/images/I/71ZQqDlDYjL._SY88.jpg'],2025-01-17,61,Colour: Trail Raven Black,
5,Premium feel,R1LKJOWMHIG0SI,https://www.amazon.in/gp/customer-reviews/R1LKJOWMHIG0SI/ref=cm_cr_othr_d_rvw_ttl?ie=UTF8&ASIN=B0DM5JDVCC,The curve display is the highlight feature and the best part for me was the huge amount of watch faces which don't makes it boring. Charging is also very fast. Feels premium in hand. Calling is also lag free and convenient.,"['https://m.media-amazon.com/images/I/514kZnQl-+L._SY88.jpg', 'https://m.media-amazon.com/images/I/51OX8PzsOVL._SY88.jpg', 'https://m.media-amazon.com/images/I/61Cb6ltXDaL._SY88.jpg']",2025-01-21,62,Colour: Trail Raven Black,
5,Brilliant,R3B96SUKP00N10,https://www.amazon.in/gp/customer-reviews/R3B96SUKP00N10/ref=cm_cr_othr_d_rvw_ttl?ie=UTF8&ASIN=B0DM5JDVCC,"This Smart Watch offers a sleek 1.01'' 3D curved HD display with BT calling and a working crown for easy navigation. It features 190+ watch faces, 120+ sports modes, SpO2 monitoring, and an AI voice assistant for enhanced functionality.",[],2025-01-18,63,Colour: Trail Jade Green,
5,Great battery Backup,RMYPIJZYO3Y3I,https://www.amazon.in/gp/customer-reviews/RMYPIJZYO3Y3I/ref=cm_cr_othr_d_rvw_ttl?ie=UTF8&ASIN=B0DM5JDVCC,This time boult impressed us by giving this curved display design watch in the budget friendly segment. Metal strap gives a sleek look on wrist. And all smart features available. Battery backup gives a long hours usage support.,['https://m.media-amazon.com/images/I/71m21EnTytL._SY88.jpg'],2025-01-26,64,Colour: Trail Raven Black,
