ratingScore,reviewTitle,reviewId,reviewUrl,reviewDescription,reviewImages,date,position,variant,totalCategoryRatings
5,Good Smartwatch with Great Features,RZOPAA8WMN1XZ,https://www.amazon.in/gp/customer-reviews/RZOPAA8WMN1XZ/ref=cm_cr_othr_d_rvw_ttl?ie=UTF8&ASIN=B0CQLZ7W1N,"This Boult Drift+ Smart Watch shine with its 1.85'' HD screen and 500 nits brightness, offering colorful visuals. Its Bluetooth calling, heart rate and SpO2 tracking, enhance usability. The 7-day battery life is a major plus. Overall performance and stylish design make it reasonable value for money.",['https://m.media-amazon.com/images/I/81MdN+LvT3L._SY88.jpg'],2025-01-20,1,Colour: Snow Leather,
5,Brilliant Watch,R8G477UEIBP8O,https://www.amazon.in/gp/customer-reviews/R8G477UEIBP8O/ref=cm_cr_othr_d_rvw_ttl?ie=UTF8&ASIN=B0CQLZ7W1N,"I'm thoroughly impressed with the Boult Drift+ Smart Watch. The 1.85 HD screen is vibrant and responsive, and the Bluetooth calling feature is super convenient. Charging speed and battery backup also so good. Love the sleek design and IP68 water resistance.Call quality is very awesome, The AI voice assistant and SpO2 monitoring are great additions, and the 150+ watch faces keep my style fresh. Seriously this is best watch for me and budget friendly so i am recommend my all friends.","['https://m.media-amazon.com/images/I/61zucC5YbLL._SY88.jpg', 'https://m.media-amazon.com/images/I/71HO+OAyBvL._SY88.jpg', 'https://m.media-amazon.com/images/I/71srBZkj7YL._SY88.jpg']",2025-01-18,2,Colour: Black Coffee,
5,Premium look and attractive design,R3UM0M317FQE6E,https://www.amazon.in/gp/customer-reviews/R3UM0M317FQE6E/ref=cm_cr_othr_d_rvw_ttl?ie=UTF8&ASIN=B0CQLZ7W1N,"This watch gives you a premium feel after wearing, good quality of display with long lasting battery backup, long range bluetooth connectivity, best performance, fast charging capability with awesome features like SPo2 and sleep tracking.","['https://m.media-amazon.com/images/I/51HKYkC5ZSL._SY88.jpg', 'https://m.media-amazon.com/images/I/51MEVHN0wGL._SY88.jpg', 'https://m.media-amazon.com/images/I/710IE85cupL._SY88.jpg']",2025-01-20,3,Colour: Black Coffee,
5,AMAZING WATCH,R2320XARL8P4MD,https://www.amazon.in/gp/customer-reviews/R2320XARL8P4MD/ref=cm_cr_othr_d_rvw_ttl?ie=UTF8&ASIN=B0CQLZ7W1N,I love my Boult smartwatch. The Bluetooth calling feature is so useful and works smoothly. The watch looks stylish and feels comfortable to wear all day. It tracks fitness accurately and has a long battery life. The touch screen is clear and responsive. Great value for money.,[],2025-01-24,4,Colour: Jet Black,
5,The watch is beautiful enough. I like it very much.,R1IZ3V1OVQR8GQ,https://www.amazon.in/gp/customer-reviews/R1IZ3V1OVQR8GQ/ref=cm_cr_othr_d_rvw_ttl?ie=UTF8&ASIN=B0CQLZ7W1N,"I like this watch I loved this watch ⌚. I found it more than my expectations. Quality is really good 💯 . It is very impressive and performs very well . Responsiveness of touch is fast and good 👍🏻. It has various range of features like heart beat ,BP ,step tracking, activity Data and many more .Calling features is provided which is awesome.Now coming of battery 🔋 life ,it stays form long after a single charge. Also is water resistant . Display is sharp and clean. It is lightweight and looks like premium watch. So I recommended 👍🏻 every one purchased 👍🏻",['https://m.media-amazon.com/images/I/61Ci0Za7RXL._SY88.jpg'],2025-01-17,5,Colour: Black Coffee,
5,Boult super quality smart watch,R3S146RURYYLQ1,https://www.amazon.in/gp/customer-reviews/R3S146RURYYLQ1/ref=cm_cr_othr_d_rvw_ttl?ie=UTF8&ASIN=B0CQLZ7W1N,"This Boult smartwatch exceeded my expectations! The sleek design makes it look premium, and it feels lightweight yet durable on my wrist. The display is sharp and vibrant, with excellent touch responsiveness. I love the range of features, including accurate fitness tracking, heart rate monitoring, and customizable watch faces. The battery life is fantastic—it easily lasts several days on a single charge. It's also water-resistant, which is perfect for my active lifestyle",[],2025-01-23,6,Colour: Black Coffee,
5,Worth it,RD5B96YENN6TU,https://www.amazon.in/gp/customer-reviews/RD5B96YENN6TU/ref=cm_cr_othr_d_rvw_ttl?ie=UTF8&ASIN=B0CQLZ7W1N,"The Boult Drift+ Smartwatch offers an exceptional blend of style and functionality. Looking good with inbuilt excellent features. Its 1.85'' HD screen with 500 nits brightness ensures clear visuals. With Bluetooth calling, IP68 durability, AI voice assistant, SpO2 monitoring, and 100+ sports modes, it’s perfect for fitness enthusiasts. The 150+ customizable watch faces add a personal touch. Bye now if you see it.",[],2025-01-24,7,Colour: Jet Black,
5,Amazing smartwatch🤩.,RPG7JKWAJNINP,https://www.amazon.in/gp/customer-reviews/RPG7JKWAJNINP/ref=cm_cr_othr_d_rvw_ttl?ie=UTF8&ASIN=B0CQLZ7W1N,"First I loved this watch ⌚.I found it more than my expectations. Quality is really good 💯. It is very impressive and performs very well. Responsiveness of touch is fast and good 👍. It has various range of features like heart rate ,BP, step tracking, Sleep rate and many more. Calling feature is provided which is awesome.Now coming on Battery 🔋 life, it stays for long after a single charge. Also is water resistant.  Display is sharp and clear. It is lightweight and looks like premium watch. Overall it satisfied my expectations. It is totally value for money product 💰. Recommended 👍","['https://m.media-amazon.com/images/I/713KB-fSgyL._SY88.jpg', 'https://m.media-amazon.com/images/I/813QS4iGTkL._SY88.jpg', 'https://m.media-amazon.com/images/I/819xH6M-KKL._SY88.jpg']",2025-01-19,8,Colour: Jet Black,
5,Such an amazing watch at super affordable price 🤩,RVRPWF2L9FBG1,https://www.amazon.in/gp/customer-reviews/RVRPWF2L9FBG1/ref=cm_cr_othr_d_rvw_ttl?ie=UTF8&ASIN=B0CQLZ7W1N,"This watch has functionality for measuring BP, heart rate, menstruation, sleep cycle, water intake, oxygen level. Battery performance is also good at this price. Must buy if you are looking for a budget option for multiple usages.",['https://m.media-amazon.com/images/I/61xyXOXxpuL._SY88.jpg'],2025-01-20,17,Colour: Snow Leather,
5,Best for everyday use,R3OTFU2H1YCWXD,https://www.amazon.in/gp/customer-reviews/R3OTFU2H1YCWXD/ref=cm_cr_othr_d_rvw_ttl?ie=UTF8&ASIN=B0CQLZ7W1N,This product didn’t disappointed me it’s big screen is actually very bright and responsive and actually Bluetooth calling and notifications is very useful feature Step counter is also accurate and it charges very fast too,[],2025-01-20,18,Colour: Black Coffee,
5,Awesome watch,R1IRTU83S42N7T,https://www.amazon.in/gp/customer-reviews/R1IRTU83S42N7T/ref=cm_cr_othr_d_rvw_ttl?ie=UTF8&ASIN=B0CQLZ7W1N,I used this watch that's battery backup is too good and accuracy of meter is accurate and look in hand like premium watch easy to use of functions and connectivity is best. I think must buy it. Charging performance is good. Thank boult,"['https://m.media-amazon.com/images/I/51-wd+Q2hbL._SY88.jpg', 'https://m.media-amazon.com/images/I/51bheDHagqL._SY88.jpg']",2025-01-20,19,Colour: Black Coffee,
5,Good option,RPZXYF3DLWTBP,https://www.amazon.in/gp/customer-reviews/RPZXYF3DLWTBP/ref=cm_cr_othr_d_rvw_ttl?ie=UTF8&ASIN=B0CQLZ7W1N,"The Bluetooth calling feature is a huge plus, it works seamlessly and makes managing calls super convenient. I also love that it’s IP68-rated, so I don’t have to worry about splashes or sweat during workouts, Overall a good option.","['https://m.media-amazon.com/images/I/71QVExA4RrL._SY88.jpg', 'https://m.media-amazon.com/images/I/71T1cJc3+tL._SY88.jpg']",2025-01-19,20,Colour: Black Coffee,
5,Great fitness smartwatch.,R25CWW2QFHIOTM,https://www.amazon.in/gp/customer-reviews/R25CWW2QFHIOTM/ref=cm_cr_othr_d_rvw_ttl?ie=UTF8&ASIN=B0CQLZ7W1N,"""BOULT Smart Watch Drift+ is a fantastic choice for fitness enthusiasts! Accurate tracking, heart rate monitoring, and water resistance make it a great value. Limited app selection and no built-in GPS are minor drawbacks. Overall, highly recommended!""","['https://m.media-amazon.com/images/I/61C5q5gWIwL._SY88.jpg', 'https://m.media-amazon.com/images/I/61iSTrKZtWL._SY88.jpg']",2025-01-19,21,Colour: Jet Black,
5,Stylish and Long Battery Life,R3CXA3PH6VFANI,https://www.amazon.in/gp/customer-reviews/R3CXA3PH6VFANI/ref=cm_cr_othr_d_rvw_ttl?ie=UTF8&ASIN=B0CQLZ7W1N,Watch is very stylish and smart. Battery Life is very good. Very comfortable to wear all day. Sound and screen quality is too good.This is chota packet Bada Dhamaka thing and loved too much.,"['https://m.media-amazon.com/images/I/61MihOprgWL._SY88.jpg', 'https://m.media-amazon.com/images/I/71FqFZUwU9L._SY88.jpg']",2025-01-22,22,Colour: Black Coffee,
5,Best smart watch guys,RBE6CZN7A7PQK,https://www.amazon.in/gp/customer-reviews/RBE6CZN7A7PQK/ref=cm_cr_othr_d_rvw_ttl?ie=UTF8&ASIN=B0CQLZ7W1N,The smart watch is very good quality and model is look like osm easy to connect your device very comfortable smart watch all function easy to operat buy to fast guy's because deal is very good.,"['https://m.media-amazon.com/images/I/515J2MdOylL._SY88.jpg', 'https://m.media-amazon.com/images/I/61JquT+CHKL._SY88.jpg', 'https://m.media-amazon.com/images/I/61wbt5ePGNL._SY88.jpg']",2025-01-19,23,Colour: Snow Leather,
5,Quality And Product,R17KGSVZMTLNJY,https://www.amazon.in/gp/customer-reviews/R17KGSVZMTLNJY/ref=cm_cr_othr_d_rvw_ttl?ie=UTF8&ASIN=B0CQLZ7W1N,"This Boult Calling Smartwatch is Best to wear in Formal Dress . It's Design, Quality and Strap Material is good .it also supports Fast charging .with this price segment it is value for money .",[],2025-01-23,24,Colour: Snow Leather,
5,Nice,R1B2CQ4KT4HLV2,https://www.amazon.in/gp/customer-reviews/R1B2CQ4KT4HLV2/ref=cm_cr_othr_d_rvw_ttl?ie=UTF8&ASIN=B0CQLZ7W1N,"I find the wearable computer to be a good value for money with an amazing look and different styles. It has good quality, features, and is feature-packed. I am satisfied with the calling feature and touch screen.I am very impressed by battery life and functionality.","['https://m.media-amazon.com/images/I/71LsFLJ5bWL._SY88.jpg', 'https://m.media-amazon.com/images/I/71RluEqIrGL._SY88.jpg', 'https://m.media-amazon.com/images/I/71useqXuFCL._SY88.jpg']",2025-01-18,73,Colour: Snow Leather,
5,Nice watch,R22VW42CL1ETCS,https://www.amazon.in/gp/customer-reviews/R22VW42CL1ETCS/ref=cm_cr_othr_d_rvw_ttl?ie=UTF8&ASIN=B0CQLZ7W1N,Nice quality watch with amazing features. Calling function is very nice good touch. Good steps. Easy to use. Fast charging and long run capacity.,[],2025-01-28,74,Colour: Black Coffee,
5,Amazing,RORLJEF1JZOZT,https://www.amazon.in/gp/customer-reviews/RORLJEF1JZOZT/ref=cm_cr_othr_d_rvw_ttl?ie=UTF8&ASIN=B0CQLZ7W1N,"The Boult Drift+ Smart Watch is amazing! Its 1.85'' HD screen is super bright, and the Bluetooth calling feature works smoothly. With SpO2 monitoring, 100+ sports modes, and stylish Snow Leather design, it's a perfect mix of health and style.","['https://m.media-amazon.com/images/I/51Q6OsuarWL._SY88.jpg', 'https://m.media-amazon.com/images/I/51kizVfiZLL._SY88.jpg']",2025-01-28,75,Colour: Snow Leather,
5,Amazing Features and value for money,R257J3BGMITE0S,https://www.amazon.in/gp/customer-reviews/R257J3BGMITE0S/ref=cm_cr_othr_d_rvw_ttl?ie=UTF8&ASIN=B0CQLZ7W1N,"I have been wearing this smartwatch since tommorow , and I am thoroughly impressed The heart rate monitoring feature is accurate and track my fitness goalI highly recommend it to anyone looking for reliable and feature rich smartwatchOverall its performance is good and value for money","['https://m.media-amazon.com/images/I/51bVK6uca-L._SY88.jpg', 'https://m.media-amazon.com/images/I/61cjcklus8L._SY88.jpg']",2025-01-21,76,Colour: Jet Black,
5,Boult is always gold,R24DKZI9FMQBW,https://www.amazon.in/gp/customer-reviews/R24DKZI9FMQBW/ref=cm_cr_othr_d_rvw_ttl?ie=UTF8&ASIN=B0CQLZ7W1N,It's really best quality smart watch...Very log battery life...Voice and mic quality is very good...And look is very good coffee black...Really best quality product...Buy please,[],2025-01-19,77,Colour: Black Coffee,
5,Best Smart watch,R1A804AJ3ZSZ8W,https://www.amazon.in/gp/customer-reviews/R1A804AJ3ZSZ8W/ref=cm_cr_othr_d_rvw_ttl?ie=UTF8&ASIN=B0CQLZ7W1N,"Recently I purchased a new smartwatch. As before I  travel by bike, it was inconvenient to check who was calling and answer calls while riding. However, after buying this smartwatch, I can easily see incoming calls on the watch and answer them without any hassle. And it is budget free smart watch .","['https://m.media-amazon.com/images/I/61DIPKbhAKL._SY88.jpg', 'https://m.media-amazon.com/images/I/61ZErE5QbML._SY88.jpg', 'https://m.media-amazon.com/images/I/61mKmFjk1dL._SY88.jpg', 'https://m.media-amazon.com/images/I/61nv311W6AL._SY88.jpg', 'https://m.media-amazon.com/images/I/71awFdk-odL._SY88.jpg']",2025-01-25,78,Colour: Black Coffee,
5,Excellent product,R29U6TLIXFUYKL,https://www.amazon.in/gp/customer-reviews/R29U6TLIXFUYKL/ref=cm_cr_othr_d_rvw_ttl?ie=UTF8&ASIN=B0CQLZ7W1N,Great product. Light weight product. Battery capacity is good. 20% battery reduced in a complete day with use of bluetooth calling. Mic and speaker are excellent. Easy and quick pairing. A lot of features to track your health and wellness with game modes. Calling is also very smooth and uninterrupted.,"['https://m.media-amazon.com/images/I/71BoFZPzOEL._SY88.jpg', 'https://m.media-amazon.com/images/I/71L883Qcy+L._SY88.jpg']",2025-01-18,79,Colour: Denim Blue,
5,Nice belt,RY56DRYTGMOBL,https://www.amazon.in/gp/customer-reviews/RY56DRYTGMOBL/ref=cm_cr_othr_d_rvw_ttl?ie=UTF8&ASIN=B0CQLZ7W1N,"Good leather belt and also it has best quality features like. Calling, smooth touch, health tracking, watch faces like many others. Yes best in budget.",[],2025-01-20,80,Colour: Snow Leather,
5,Worth the money spent,R1E40PSP23AAVT,https://www.amazon.in/gp/customer-reviews/R1E40PSP23AAVT/ref=cm_cr_othr_d_rvw_ttl?ie=UTF8&ASIN=B0CQLZ7W1N,Couldn't help myself without posting the review it is actually good with features and quality . I tried calling over it which I m not habitual of but it really did well with sound quality . Great face with light weight strap.in my previous  watch I used to feel it's a bit heavy but this one is so light on hand . Totally loved it,"['https://m.media-amazon.com/images/I/61X2YCn1FcL._SY88.jpg', 'https://m.media-amazon.com/images/I/71cwWMfUofL._SY88.jpg', 'https://m.media-amazon.com/images/I/71etDE9MLoL._SY88.jpg']",2025-01-19,41,Colour: Black Coffee,
5,Feature-Packed Smartwatch,REB3KUQ52WIA7,https://www.amazon.in/gp/customer-reviews/REB3KUQ52WIA7/ref=cm_cr_othr_d_rvw_ttl?ie=UTF8&ASIN=B0CQLZ7W1N,"A stylish and durable smartwatch with a vivid HD screen, Bluetooth Calling feature , AI assistant, and comprehensive health tracking, sleep tracking—perfect fitness enthusiasts with accuracy and daily use!",['https://m.media-amazon.com/images/I/71zyMYRkPRL._SY88.jpg'],2025-01-22,42,Colour: Black Coffee,
5,Classy Product,R3EBNQLUKPU19I,https://www.amazon.in/gp/customer-reviews/R3EBNQLUKPU19I/ref=cm_cr_othr_d_rvw_ttl?ie=UTF8&ASIN=B0CQLZ7W1N,"I am very impressed from this watch. This watch is good and decent look. We can wear it in traditional clothes also. Best in segment, good battery backup charge time around 2-2:30hrs, and showing notification properly. Activity tracking is so good and accurate.",['https://m.media-amazon.com/images/I/71mnoQ0muuL._SY88.jpg'],2025-01-26,43,Colour: Black Coffee,
5,Amazing,R3JQGRORPCCD8Z,https://www.amazon.in/gp/customer-reviews/R3JQGRORPCCD8Z/ref=cm_cr_othr_d_rvw_ttl?ie=UTF8&ASIN=B0CQLZ7W1N,"Drift watch its look amazing and battery backup long lasting calling also clear, touch screen also great brightness also very clear and bright, lots of sports features are there.","['https://m.media-amazon.com/images/I/61Ohs8Y2PXL._SY88.jpg', 'https://m.media-amazon.com/images/I/61foOuzEDJL._SY88.jpg']",2025-01-18,44,Colour: Jet Black,
5,Value for money Product,R2TS2A9A1ZBZ1P,https://www.amazon.in/gp/customer-reviews/R2TS2A9A1ZBZ1P/ref=cm_cr_othr_d_rvw_ttl?ie=UTF8&ASIN=B0CQLZ7W1N,The watch really Looks good and its value for money and has a great performance. While going to Bluetooth calling the speaker and the mic are so great under this price range and volume is also loud and all the other specifications are working really well and I liked the Ul very much. If we use Bluetooth calling for a very long time the charging of the watch might decrease whereas the battery backup is so good. Overall I loved this watch at this price. If you want to buy this go for it.,"['https://m.media-amazon.com/images/I/710d8frhsjL._SY88.jpg', 'https://m.media-amazon.com/images/I/7156KnjZtRL._SY88.jpg', 'https://m.media-amazon.com/images/I/71TBlQJAH2L._SY88.jpg']",2025-01-18,45,Colour: Jet Black,
5,Good product,R29XABMUXC08E6,https://www.amazon.in/gp/customer-reviews/R29XABMUXC08E6/ref=cm_cr_othr_d_rvw_ttl?ie=UTF8&ASIN=B0CQLZ7W1N,"I have recently purchased Boult Drift Pulse smart watch, its design is very beautiful. Display and touch are very good. This watch is good at this price thanks boult","['https://m.media-amazon.com/images/I/61QZ96yBRUL._SY88.jpg', 'https://m.media-amazon.com/images/I/61ZJzBfyxFL._SY88.jpg', 'https://m.media-amazon.com/images/I/71K+ZFgIG3L._SY88.jpg', 'https://m.media-amazon.com/images/I/71vXPKdVsEL._SY88.jpg']",2025-01-21,46,Colour: Black Coffee,
5,Impressive,R2C6O21A4B9M5N,https://www.amazon.in/gp/customer-reviews/R2C6O21A4B9M5N/ref=cm_cr_othr_d_rvw_ttl?ie=UTF8&ASIN=B0CQLZ7W1N,"Here's a rewritten review in 70 simple words:I really impressed with this Smart Watch! The 1.85'' HD screen is crystal clear, and Bluetooth calling is seamless. I stay connected with notification alerts and track my sleep for better rest. The watch is super comfortable to wear. Plus, it offers 150+ watch faces, AI voice assistant, SpO2 monitoring, and 100+ sports modes!"" 5/5 stars","['https://m.media-amazon.com/images/I/619zfu17HBL._SY88.jpg', 'https://m.media-amazon.com/images/I/61gDJC4D1ZL._SY88.jpg']",2025-01-22,47,Colour: Denim Blue,
5,Feature-Packed Smartwatch for Daily Use,ROAWO4CPI47KU,https://www.amazon.in/gp/customer-reviews/ROAWO4CPI47KU/ref=cm_cr_othr_d_rvw_ttl?ie=UTF8&ASIN=B0CQLZ7W1N,"Boult Drift+ excels with Bluetooth calling, vibrant 1.85"" HD display, and comprehensive health tracking. Long battery life, IP68 water resistance, and 100+ sports modes make it an exceptional buy!",['https://m.media-amazon.com/images/I/61Am1lKYYAL._SY88.jpg'],2025-01-21,48,Colour: Black Coffee,
4,"Nice product, got for ₹999",RMP1SQXEVXWRJ,https://www.amazon.in/gp/customer-reviews/RMP1SQXEVXWRJ/ref=cm_cr_othr_d_rvw_ttl?ie=UTF8&ASIN=B0CQLZ7W1N,"Loved It. Watch is nice, one can download multiple themes/wallpaper from app and install into the watch. The leather quality is nice. Got it for great price ₹999. Some bought it for less too. Poduct is worth the purchased for less than 1500.I had been searching for latest smartwatch, but found many competitors, but their products were launched for more than a year. Got this latest product. I have been using boult earbuds for since 1.5 years and they are great and working perfectly.",[],2025-01-21,9,Colour: Snow Leather,
5,Boult watch,R1GYMD9XQV05O0,https://www.amazon.in/gp/customer-reviews/R1GYMD9XQV05O0/ref=cm_cr_othr_d_rvw_ttl?ie=UTF8&ASIN=B0CQLZ7W1N,"Here’s a five-star review for the **Boult Drift+ SThe Boult Drift+ is hands down one of the best smartwatches I’ve used. The 1.85'' HD screen with 500 nits brightness offers crystal-clear visuals, even under bright sunlight. Bluetooth calling works seamlessly, making it super convenient during workouts or on the go.I love the 150+ watch faces, giving me endless customization options to match my mood or style. The SpO2 monitoring is accurate and reassuring, and the 100+ sports modes cater to every activity I enjoy. Plus, the IP68 rating means I don’t have to worry about splashes or sweat.The AI voice assistant is a bonus, making navigation easy without touching the screen. Its black coffee color adds a premium touch. A fantastic value for the price—highly recommend it","['https://m.media-amazon.com/images/I/71UTgkNlSwL._SY88.jpg', 'https://m.media-amazon.com/images/I/71nXBKeCfLL._SY88.jpg', 'https://m.media-amazon.com/images/I/71x7asFiHoL._SY88.jpg']",2025-01-24,10,Colour: Black Coffee,
4,Watch was good but  🎙️ not working sume time,RLJ64SRZ487V6,https://www.amazon.in/gp/customer-reviews/RLJ64SRZ487V6/ref=cm_cr_othr_d_rvw_ttl?ie=UTF8&ASIN=B0CQLZ7W1N,Watch was good but  🎙️ not working sume time,['https://m.media-amazon.com/images/I/61v8PwFiqoL._SY88.jpg'],2025-01-28,11,Colour: Chrome,
5,Excellent Budget Smartwatch!,R3PRM7UURYN3XF,https://www.amazon.in/gp/customer-reviews/R3PRM7UURYN3XF/ref=cm_cr_othr_d_rvw_ttl?ie=UTF8&ASIN=B0CQLZ7W1N,"The Boult Drift Plus Smartwatch is a fantastic choice for anyone looking for a budget-friendly smartwatch with solid features. The display is clear, and the watch feels premium. It tracks fitness metrics like heart rate and sleep accurately, grate performance and offers multiple sports modes. Battery life is impressive, lasting 4-5 days on a single charge. I love receiving notifications directly on the watch, and the strap is comfortable for all-day wear. While it lacks built-in GPS and some high-end features, it’s still an excellent value for the price. Highly recommend for those seeking a reliable smartwatch without breaking the bank!",[],2025-01-23,12,Colour: Black Coffee,
5,Great Value for Money!,R39H3QS2OAEDHS,https://www.amazon.in/gp/customer-reviews/R39H3QS2OAEDHS/ref=cm_cr_othr_d_rvw_ttl?ie=UTF8&ASIN=B0CQLZ7W1N,"The Boult Drift Plus Smartwatch offers impressive features at an affordable price. The 1.85-inch display is vibrant and responsive, while the build quality feels premium. Battery life is excellent, lasting up to 4-5 days with regular use. Fitness tracking features like heart rate monitoring, sleep tracking, and sports modes work well. Notifications sync smoothly, and the watch is comfortable to wear throughout the day. The only downsides are the lack of built-in GPS and limited advanced features. Overall, it’s a solid budget smartwatch that delivers great performance for those seeking basic smartwatch functionalities. Highly recommended!",[],2025-01-23,13,Colour: Jet Black,
5,Excellent Smartwatch with Great Features!,RPMGEZXI01UQF,https://www.amazon.in/gp/customer-reviews/RPMGEZXI01UQF/ref=cm_cr_othr_d_rvw_ttl?ie=UTF8&ASIN=B0CQLZ7W1N,"I really liked the Boult Drift+ Smart Watch! Its 1.85'' HD screen is bright and clear, even in sunlight. The Bluetooth calling feature works well and is very useful. It is water-resistant (IP68), so it’s great for daily use.There are 150+ watch faces to choose from, and the AI voice assistant makes it easy to use. The SpO2 monitoring and 100+ sports modes are great for fitness tracking.The design is stylish and looks premium.Overall, it’s a great watch for the price.Highly recommended!",[],2025-01-27,14,Colour: Jet Black,
5,Amazing smartwatch with premium features!,R317GCZPME54G6,https://www.amazon.in/gp/customer-reviews/R317GCZPME54G6/ref=cm_cr_othr_d_rvw_ttl?ie=UTF8&ASIN=B0CQLZ7W1N,"I am completely amazed by the Boult Drift+ Smartwatch. The 1.85'' HD screen is really vibrant and clear even in bright sunlight due to its 500 nits brightness. The Bluetooth calling feature works smoothly, and the AI voice assistant makes my daily routine tasks so convenient. The 150+ watch faces let me change the look according to my style, and the IP68 rating makes it safe for working out or on rainy days. It is perfect for fitness enthusiasts, with SpO2 monitoring and 100+ sports modes. Overall, it's a premium smartwatch at an affordable price. Highly recommended!","['https://m.media-amazon.com/images/I/61X6yONhX2L._SY88.jpg', 'https://m.media-amazon.com/images/I/61i8I82q0gL._SY88.jpg', 'https://m.media-amazon.com/images/I/61y0Kj4osbL._SY88.jpg']",2025-01-23,15,Colour: Black Coffee,
5,Best in budget!,R3K1YNBK9FPPTE,https://www.amazon.in/gp/customer-reviews/R3K1YNBK9FPPTE/ref=cm_cr_othr_d_rvw_ttl?ie=UTF8&ASIN=B0CQLZ7W1N,I have been using the product for last week the experience has been amazing. It has all the features a smart watch should have that to in this price range. You can buy it as it is definitely value for money,[],2025-01-19,16,Colour: Black Coffee,
5,Reliable Performer with Style,R1K55OJXDDEJSF,https://www.amazon.in/gp/customer-reviews/R1K55OJXDDEJSF/ref=cm_cr_othr_d_rvw_ttl?ie=UTF8&ASIN=B0CQLZ7W1N,"It offers a sleek design with reliable performance, making it a great choice for everyday use. Its intuitive features and durable build ensure excellent value for its price.",[],2025-01-25,65,Colour: Black Coffee,
5,Best design ever,R3HIJR8NY1DLFH,https://www.amazon.in/gp/customer-reviews/R3HIJR8NY1DLFH/ref=cm_cr_othr_d_rvw_ttl?ie=UTF8&ASIN=B0CQLZ7W1N,This is a damn good watch with best design i liked it too much it have good functions like games etc..and also i like it’s design too muchh.i like the product very much i give it 5 start rating for best performance and design.,"['https://m.media-amazon.com/images/I/61YY4vyWDwL._SY88.jpg', 'https://m.media-amazon.com/images/I/71wepKVN5cL._SY88.jpg']",2025-01-27,66,Colour: Snow Leather,
5,Looks so elegant,R3Q5LXNYJN5DVT,https://www.amazon.in/gp/customer-reviews/R3Q5LXNYJN5DVT/ref=cm_cr_othr_d_rvw_ttl?ie=UTF8&ASIN=B0CQLZ7W1N,All the features works very well. It looks so elegant and stylish. The colour and design is amazing. It has long lasting battery and its connectivity is very good.,[],2025-01-19,67,Colour: Black Coffee,
5,Excellent,R33Y1CBHY2OQ1S,https://www.amazon.in/gp/customer-reviews/R33Y1CBHY2OQ1S/ref=cm_cr_othr_d_rvw_ttl?ie=UTF8&ASIN=B0CQLZ7W1N,I just loved this smart watch it has large bright display with smooth touchscreen to operate have sports modes and multiple features and also calling feature and battery backup is very good best watch highly recommend,"['https://m.media-amazon.com/images/I/51uwwehXLGL._SY88.jpg', 'https://m.media-amazon.com/images/I/51uwwehXLGL._SY88.jpg']",2025-01-18,68,Colour: Black Coffee,
5,Nice product,R15Z02IAM6O7EX,https://www.amazon.in/gp/customer-reviews/R15Z02IAM6O7EX/ref=cm_cr_othr_d_rvw_ttl?ie=UTF8&ASIN=B0CQLZ7W1N,The design of the watch is very wonderful. Bluetooth connectivity is fast. Health features work properly. It takes very little time to charge. It has a very classic look. I really liked this good watch for so little money.,[],2025-01-10,69,Colour: Chrome,
5,Nice product working properly,R49OGSGK4444O,https://www.amazon.in/gp/customer-reviews/R49OGSGK4444O/ref=cm_cr_othr_d_rvw_ttl?ie=UTF8&ASIN=B0CQLZ7W1N,"Using this product for last 7 days without any problem, stylish design with good quality. All activity measures worst properly (compared with oximeter and blood pressure meter). Battery service is good, can use 7 days without changing. Value for money product.","['https://m.media-amazon.com/images/I/71YpVNPC2oL._SY88.jpg', 'https://m.media-amazon.com/images/I/71oV1BuoofL._SY88.jpg', 'https://m.media-amazon.com/images/I/71swgCW+d-L._SY88.jpg']",2025-01-24,70,Colour: Snow Leather,
5,Features are good,R2OCGUYHHK4Q8A,https://www.amazon.in/gp/customer-reviews/R2OCGUYHHK4Q8A/ref=cm_cr_othr_d_rvw_ttl?ie=UTF8&ASIN=B0CQLZ7W1N,I am using this smart watch and it's really good in this price range with many functionality.,['https://m.media-amazon.com/images/I/61VSZvbypeL._SY88.jpg'],2025-01-21,71,Colour: Jet Black,
5,Great watch ever,R1FR38TCG7VG2D,https://www.amazon.in/gp/customer-reviews/R1FR38TCG7VG2D/ref=cm_cr_othr_d_rvw_ttl?ie=UTF8&ASIN=B0CQLZ7W1N,Great battery life big screen and stap quality is amazing many features like heart rate calling massage also accurate accuracy of your data,[],2025-01-22,72,Colour: Black Coffee,
5,Stylish and useful,R137RYH7U8W4AV,https://www.amazon.in/gp/customer-reviews/R137RYH7U8W4AV/ref=cm_cr_othr_d_rvw_ttl?ie=UTF8&ASIN=B0CQLZ7W1N,This product is very useful and the display is also amazing with amazing watch faces and it's calling feature is actually so good i can accept and attend calls on watch itself it have amazing voice assistant feature,[],2025-01-20,25,Colour: Black Coffee,
5,Great Watch,RWFUVK5L0XFY8,https://www.amazon.in/gp/customer-reviews/RWFUVK5L0XFY8/ref=cm_cr_othr_d_rvw_ttl?ie=UTF8&ASIN=B0CQLZ7W1N,"I'm fully satisfied with this Drift+ watch give a very decent look. Big display with smooth touch. Easy to connect with app, calling features and voice quality also good.Over all I'm satisfied with this Boult Drift+ watch",[],2025-01-20,26,Colour: Denim Blue,
4,Very good product,R2LZ607UWWRM07,https://www.amazon.in/gp/customer-reviews/R2LZ607UWWRM07/ref=cm_cr_othr_d_rvw_ttl?ie=UTF8&ASIN=B0CQLZ7W1N,Battery backup is very good. Overall super👍 performance.,[],2025-01-23,27,Colour: Chrome,
5,It's amazing product 😍,R3HVYCHGNRFEZH,https://www.amazon.in/gp/customer-reviews/R3HVYCHGNRFEZH/ref=cm_cr_othr_d_rvw_ttl?ie=UTF8&ASIN=B0CQLZ7W1N,Drift+ smartwatch is a best product.It's amazing and that's features was a best.That's display is a good and that's battery life is a very good 😃.Overall that's performance is excellentI gave 10/10😄.,['https://m.media-amazon.com/images/I/712cBcAbk4L._SY88.jpg'],2025-01-18,28,Colour: Black Coffee,
5,Good product,RMK17LFCK5MQM,https://www.amazon.in/gp/customer-reviews/RMK17LFCK5MQM/ref=cm_cr_othr_d_rvw_ttl?ie=UTF8&ASIN=B0CQLZ7W1N,"The Smart Watch is an excellent choice for anyone looking for a feature-rich smartwatch with impressive performance. Its sleek design, vibrant display, and wide range of features make it a great value for the price.",[],2025-01-21,29,Colour: Jet Black,
5,Best watch to purchase for gym,R55KPE16GJH6E,https://www.amazon.in/gp/customer-reviews/R55KPE16GJH6E/ref=cm_cr_othr_d_rvw_ttl?ie=UTF8&ASIN=B0CQLZ7W1N,Super quality smart watchlight weight comfortable watchI love this watch in this price rangeIt’s display is very clear and convenient to observe the major parameters of my exercise. I highly recommend this watch to purchase.Mic quality is outstandingCalling is fabulousI like design to muchNotification functional is superAwesome colourWatch fit,"['https://m.media-amazon.com/images/I/6174lhYiCxL._SY88.jpg', 'https://m.media-amazon.com/images/I/71Gb67XbRJL._SY88.jpg', 'https://m.media-amazon.com/images/I/71LKtHbYZiL._SY88.jpg']",2025-01-21,30,Colour: Snow Leather,
5,Amazing watch overall,RT65KTK5I2QK0,https://www.amazon.in/gp/customer-reviews/RT65KTK5I2QK0/ref=cm_cr_othr_d_rvw_ttl?ie=UTF8&ASIN=B0CQLZ7W1N,This product is actually so good and has a lots of features like health tracking etc The calling feature is amazing and the mic quality is also clear so that i can make calls while doing something Display is also big and bright and the voice assistant is also helpful I wear this watch daily and fully satisfied,[],2025-01-28,31,Colour: Black Coffee,
5,Finishing is nice,R1AVBZQYLECEV5,https://www.amazon.in/gp/customer-reviews/R1AVBZQYLECEV5/ref=cm_cr_othr_d_rvw_ttl?ie=UTF8&ASIN=B0CQLZ7W1N,"I like the colour and the lether belt of this watchLooking so cool and performance is also nice according to the price range , it's golden boundaries looks dashing, fitness tracker works accurate,I loved it 😍😍😍",['https://m.media-amazon.com/images/I/81CmpjOaOpL._SY88.jpg'],2025-01-22,32,Colour: Snow Leather,
5,Nice watch for good personality,R1E7RTLUWVKTIS,https://www.amazon.in/gp/customer-reviews/R1E7RTLUWVKTIS/ref=cm_cr_othr_d_rvw_ttl?ie=UTF8&ASIN=B0CQLZ7W1N,I really like this product...with HD display and health monitoring....also i enjoyed games in ...it's very useful to find my phone...also provided 1year warranty..it's too great..all features are most flexible...and I most like snow leather best...and charging cable with provide..all over too good product with nice personality 😍,"['https://m.media-amazon.com/images/I/615ur0S9Q+L._SY88.jpg', 'https://m.media-amazon.com/images/I/61VIN4zYcvL._SY88.jpg', 'https://m.media-amazon.com/images/I/61oe7yxzW7L._SY88.jpg']",2025-01-28,57,Colour: Snow Leather,
5,value of money product,RPEORM3V5RKQY,https://www.amazon.in/gp/customer-reviews/RPEORM3V5RKQY/ref=cm_cr_othr_d_rvw_ttl?ie=UTF8&ASIN=B0CQLZ7W1N,Good quality product band is so smoth and fitting is very good and colour is good and perfect fitting in my hand looking very good.,[],2025-01-24,58,Colour: Black Coffee,
5,Smartyyy Watch,R2EZQHY4KBD7N,https://www.amazon.in/gp/customer-reviews/R2EZQHY4KBD7N/ref=cm_cr_othr_d_rvw_ttl?ie=UTF8&ASIN=B0CQLZ7W1N,Boult is always shine in electronics watche and this watch is perfect example for that. Comes with all features and look premium in quality. Charging of watch is longer and display is enough for regular uses.,[],2025-01-18,59,Colour: Jet Black,
5,Awesome smart watch,R360BGGS32N5MK,https://www.amazon.in/gp/customer-reviews/R360BGGS32N5MK/ref=cm_cr_othr_d_rvw_ttl?ie=UTF8&ASIN=B0CQLZ7W1N,"I loved this smart watch. It gave an elegant look on my wrist. Strap quality is good. It's features of fitness tracker of heart beat, SpO2 monitoring, bp monitoring is a valuable addition. It's light. Bluetooth calling feature is soo smooth. Display is highly responsive. Overall recommended smart watch.",['https://m.media-amazon.com/images/I/51h9jMbxa9L._SY88.jpg'],2025-01-30,60,Colour: Jet Black,
5,Good Battery Life,R1QA6KADGMIB38,https://www.amazon.in/gp/customer-reviews/R1QA6KADGMIB38/ref=cm_cr_othr_d_rvw_ttl?ie=UTF8&ASIN=B0CQLZ7W1N,"I have been using it regularly for the past few days, its battery life is really good and my bluetooth calling experience is also very good, the design is also amazing.","['https://m.media-amazon.com/images/I/51wbv7RPIdL._SY88.jpg', 'https://m.media-amazon.com/images/I/61-WvX3YtBL._SY88.jpg']",2025-01-26,61,Colour: Snow Leather,
5,Smart watch,R2A3C8RUM01AII,https://www.amazon.in/gp/customer-reviews/R2A3C8RUM01AII/ref=cm_cr_othr_d_rvw_ttl?ie=UTF8&ASIN=B0CQLZ7W1N,"This watch gives you a premium feel after wearing, good quality of display with long lasting battery backup, long range bluetooth connectivity, best performance, fast charging capability with awesome features like","['https://m.media-amazon.com/images/I/617TxB5EJ6L._SY88.jpg', 'https://m.media-amazon.com/images/I/61PgbIepTsL._SY88.jpg']",2025-01-26,62,Colour: Black Coffee,
5,Good quality,RI4DC9D9NIS6Z,https://www.amazon.in/gp/customer-reviews/RI4DC9D9NIS6Z/ref=cm_cr_othr_d_rvw_ttl?ie=UTF8&ASIN=B0CQLZ7W1N,"Performance good, Battery life is 4-5days sound quality of speakers is good and the Comfort is good overall its value for money with the price.",['https://m.media-amazon.com/images/I/61JU43wCNwL._SY88.jpg'],2025-01-22,63,Colour: Jet Black,
5,Its so light weight and great build quality,R264J7IP9FYT6X,https://www.amazon.in/gp/customer-reviews/R264J7IP9FYT6X/ref=cm_cr_othr_d_rvw_ttl?ie=UTF8&ASIN=B0CQLZ7W1N,"Its so light weight and great build quality, it almost makes me feel that i have not been wearing because its very light weight. It can charge in 2 hours and last for 5 to 6 days easily. The display size is sufficient and easy to navigate into menue, the brightness level is also high that i can also use it outdoor. It has several watch faces that i can change from its mobile app and i just love the watch faces. Apart from this it also has Heart rate and spo2 stress test etc which makes amazing. The calling features also works great","['https://m.media-amazon.com/images/I/61-T2mXh3wL._SY88.jpg', 'https://m.media-amazon.com/images/I/619nI+atdtL._SY88.jpg', 'https://m.media-amazon.com/images/I/61MLD5nF5LL._SY88.jpg', 'https://m.media-amazon.com/images/I/61iVdMTtozL._SY88.jpg', 'https://m.media-amazon.com/images/I/71aZBit8aiL._SY88.jpg']",2025-01-19,64,Colour: Black Coffee,
5,Enjoying,R54J7G05RG973,https://www.amazon.in/gp/customer-reviews/R54J7G05RG973/ref=cm_cr_othr_d_rvw_ttl?ie=UTF8&ASIN=B0CQLZ7W1N,"Here's a 70-word review:""I'm loving the Boult Drift+ Smart Watch! Excellent quality, sturdy build, and comfy design. Features like Bluetooth calling, 100+ sports modes, and AI voice assistant are awesome. Functionality is seamless, with smooth connectivity and accurate health tracking like heart rate, SpO2, sleep. Great value for the price! Highly recommend!","['https://m.media-amazon.com/images/I/71897PROvCL._SY88.jpg', 'https://m.media-amazon.com/images/I/71HkLew7-CL._SY88.jpg', 'https://m.media-amazon.com/images/I/71zEEfM3o2L._SY88.jpg']",2025-01-25,33,Colour: Snow Leather,
5,About the watch,R3GVYEDH3TGJVA,https://www.amazon.in/gp/customer-reviews/R3GVYEDH3TGJVA/ref=cm_cr_othr_d_rvw_ttl?ie=UTF8&ASIN=B0CQLZ7W1N,"Very nice, I am very impressed from this watch.Nice watch, best in segment, Good battery backup, good calling voice, and showing notifications properly, worth it just go for it. 👍👍","['https://m.media-amazon.com/images/I/710SfGCiOFL._SY88.jpg', 'https://m.media-amazon.com/images/I/711t42ktcYL._SY88.jpg']",2025-01-20,34,Colour: Denim Blue,
5,Very nice watch❤️👍,R1SV8ETABCDD7C,https://www.amazon.in/gp/customer-reviews/R1SV8ETABCDD7C/ref=cm_cr_othr_d_rvw_ttl?ie=UTF8&ASIN=B0CQLZ7W1N,"I liked it very much 😊,it's quality is too good, it's features are very nice, bluetooth connectivity is too good and it's display is very smooth. notification features is very good.",[],2025-01-20,35,Colour: Jet Black,
5,Premium look and attractive design,RYV2E285O9CLM,https://www.amazon.in/gp/customer-reviews/RYV2E285O9CLM/ref=cm_cr_othr_d_rvw_ttl?ie=UTF8&ASIN=B0CQLZ7W1N,Quality is really good.. it is very impressive and performs very well .This watch gives you a premium feel after wearing... Good display quality with long lasting battery backup..i am very happy to buy this watch,"['https://m.media-amazon.com/images/I/61NjZ6Uwe1L._SY88.jpg', 'https://m.media-amazon.com/images/I/71XvhCBHp3L._SY88.jpg']",2025-01-23,36,Colour: Snow Leather,
5,Bloult smartwatch,R276RZ87H7WLZF,https://www.amazon.in/gp/customer-reviews/R276RZ87H7WLZF/ref=cm_cr_othr_d_rvw_ttl?ie=UTF8&ASIN=B0CQLZ7W1N,"Customers like the design. They say it looks premium, with a sleek and lightweight look. The display is sharp and vibrant, with excellent touch responsiveness. The rectangular design and attractive color options make it stylish.AI-generated from the text of customer reviewsCustomers appreciate the attractive design of the wearable computer. They find it has a sleek, premium look with a vibrant display. Best size to compare to order company. This watch is also allow to sleep traking mode. More functionality available. Weight &size is also comfort. Notification functionality is also best.","['https://m.media-amazon.com/images/I/61KB2skR5UL._SY88.jpg', 'https://m.media-amazon.com/images/I/61cDYAaYpBL._SY88.jpg', 'https://m.media-amazon.com/images/I/61mTfK8uJRL._SY88.jpg']",2025-01-21,37,Colour: Black Coffee,
5,Smartwatch – Stylish and Feature.,RWE41DQ9YW16G,https://www.amazon.in/gp/customer-reviews/RWE41DQ9YW16G/ref=cm_cr_othr_d_rvw_ttl?ie=UTF8&ASIN=B0CQLZ7W1N,"HD screen, Bluetooth calling, and 500 nits brightness for a crystal-clear display. With 150+ watch faces, AI voice assistant, SpO2 monitoring, and 100+ sports modes, it's perfect for a healthy and active lifestyle.",[],2025-01-20,38,Colour: Jet Black,
5,Awesome watch,RANY5TP2CHEQ9,https://www.amazon.in/gp/customer-reviews/RANY5TP2CHEQ9/ref=cm_cr_othr_d_rvw_ttl?ie=UTF8&ASIN=B0CQLZ7W1N,The quality of watch is very good. Sound quality is nice. It is a high performance watch with Bluetooth calling. Accuracy of watch is very high.,[],2025-01-19,39,Colour: Jet Black,
5,Great smartwatch 😀,R1BH9PERLFTVGA,https://www.amazon.in/gp/customer-reviews/R1BH9PERLFTVGA/ref=cm_cr_othr_d_rvw_ttl?ie=UTF8&ASIN=B0CQLZ7W1N,"After a week of using the smartwatch, here my take on it, good design and build quality. The watch has a modern design that looks stylish both in casual and adjustable. It's long battery life, vibrant display make it a reliable companion for both fitness enthusiasta and everyday use. Easily connect with device. All over great performance.",['https://m.media-amazon.com/images/I/71sKV-8VC5L._SY88.jpg'],2025-01-26,40,Colour: Snow Leather,
5,Amazing watch 😍😍,R296JOCFPQ1XY6,https://www.amazon.in/gp/customer-reviews/R296JOCFPQ1XY6/ref=cm_cr_othr_d_rvw_ttl?ie=UTF8&ASIN=B0CQLZ7W1N,"I liked the watch very much. It was good and worthy, there are many colours and different styles it was nice for gifting purpose also.",['https://m.media-amazon.com/images/I/716nQ3qOCRL._SY88.jpg'],2025-01-21,49,Colour: Black Coffee,
5,Attractive design,R1G589C9YD663B,https://www.amazon.in/gp/customer-reviews/R1G589C9YD663B/ref=cm_cr_othr_d_rvw_ttl?ie=UTF8&ASIN=B0CQLZ7W1N,"Really Awesome quality and features like big display size, comfortable, easy to connect with app, calling features, leather strap, attractiveI really like the boult smart watch, light weightYou can go for it",[],2025-01-17,50,Colour: Snow Leather,
5,Awesome product,R2OVXBVZAT2DB2,https://www.amazon.in/gp/customer-reviews/R2OVXBVZAT2DB2/ref=cm_cr_othr_d_rvw_ttl?ie=UTF8&ASIN=B0CQLZ7W1N,The build quality and looks. Are awesome of this watch. Sound quality and strap is also pretty good. No lagging issues in this watch. It looks very good on my wrist.,[],2025-01-20,51,Colour: Black Coffee,
5,Premium product🤩,RXUQR3NUPLMZL,https://www.amazon.in/gp/customer-reviews/RXUQR3NUPLMZL/ref=cm_cr_othr_d_rvw_ttl?ie=UTF8&ASIN=B0CQLZ7W1N,"This product is just perfect, premium look, stylish finish, best color and full too usefull and premium features ( calling feature). Most of all it gives very stylish look..Dont think twice..just go for it",['https://m.media-amazon.com/images/I/51luYV1H-1L._SY88.jpg'],2025-01-19,52,Colour: Jet Black,
5,Highly Recommend Product,R4NNOMPXBK9AJ,https://www.amazon.in/gp/customer-reviews/R4NNOMPXBK9AJ/ref=cm_cr_othr_d_rvw_ttl?ie=UTF8&ASIN=B0CQLZ7W1N,"To be very specific,• In this price range, one of the most premium looking smart watch• Speaker is nice, and also the microphone works well in outside traffic• Smart Faces and Look wise highly recommendOverall, This watch is really a Good Choice for this price range as it offers much more than others in this price segment.","['https://m.media-amazon.com/images/I/61FiOoEfCVL._SY88.jpg', 'https://m.media-amazon.com/images/I/61wMB1EpeyL._SY88.jpg', 'https://m.media-amazon.com/images/I/8164CHZs3FL._SY88.jpg']",2025-01-21,53,Colour: Snow Leather,
5,Best in price,RKDTBK1CDZ46K,https://www.amazon.in/gp/customer-reviews/RKDTBK1CDZ46K/ref=cm_cr_othr_d_rvw_ttl?ie=UTF8&ASIN=B0CQLZ7W1N,"great product with a reasonable price. Why to by other expensive watch if you are getting this for such a good price.Good battery backup, super touch performance.","['https://m.media-amazon.com/images/I/81K9RT2jjYL._SY88.jpg', 'https://m.media-amazon.com/images/I/81fNMGjnxXL._SY88.jpg']",2025-01-23,54,Colour: Black Coffee,
5,Outstanding,RME7J3WH9ATCO,https://www.amazon.in/gp/customer-reviews/RME7J3WH9ATCO/ref=cm_cr_othr_d_rvw_ttl?ie=UTF8&ASIN=B0CQLZ7W1N,"Best one I received, Battery lavel is to good Display is out standing, Calling feature is good ,tracker is osm ..",[],2025-01-22,55,Colour: Snow Leather,
5,Amazing,R2YPPNBUTDOX4S,https://www.amazon.in/gp/customer-reviews/R2YPPNBUTDOX4S/ref=cm_cr_othr_d_rvw_ttl?ie=UTF8&ASIN=B0CQLZ7W1N,The smartwatch has a good build quality. It performs well for calling purposes and has many smart features like health measures and etc... Its design is attractive and comfortable to wear. Battery life is also good.,"['https://m.media-amazon.com/images/I/51OiJJx+H2L._SY88.jpg', 'https://m.media-amazon.com/images/I/617EzE+LOWL._SY88.jpg', 'https://m.media-amazon.com/images/I/61DKgh4HwFL._SY88.jpg']",2025-01-18,56,Colour: Jet Black,
