ratingScore,reviewTitle,reviewId,reviewUrl,reviewDescription,reviewImages,date,position,variant,totalCategoryRatings
5,Worthable product from noise,R1WMWFNRNB6C3Z,https://www.amazon.in/gp/customer-reviews/R1WMWFNRNB6C3Z/ref=cm_cr_othr_d_rvw_ttl?ie=UTF8&ASIN=B0CQRQK8L8,"The media could not be loaded.
                
            
                
            
        
    
    








  
  
     Pleas buy itIt has all the features i listed below as you can see in my vdieo review1. AOD2. All notifications support3. Good bluetooth connectivity4. All sports mode accessible5. 6 days batter backup6. Clean voice  call7. Immediate message notifications where we can dynamically chose to which app to receive notifications  from8. Accurate heart rate monitor9. Large watch faces and wide range of settingsCons i feel is like we cannot keep our own inage as watch faceThe Best smart watch ever i had",[],2024-12-31,1,Colour: Elite Black,
4,Stylish and amazing,R2AFFG9665R7BM,https://www.amazon.in/gp/customer-reviews/R2AFFG9665R7BM/ref=cm_cr_othr_d_rvw_ttl?ie=UTF8&ASIN=B0CQRQK8L8,Very stylish and upto the mark with cost. Can ho ahead.,[],2024-12-19,2,Colour: Elite Silver,
5,"""Noise ColorFit Pulse 3: Stylish and Feature-Packed Smartwatch at an Affordable Price""",R1M1QYZEMFK7AG,https://www.amazon.in/gp/customer-reviews/R1M1QYZEMFK7AG/ref=cm_cr_othr_d_rvw_ttl?ie=UTF8&ASIN=B0CQRQK8L8,"The Noise ColorFit Pulse 3 is an impressive addition to the realm of budget-friendly smartwatches. It stands out with its sleek design and vibrant display, making it both stylish and functional. The touchscreen is bright and responsive, ensuring a clear view even in direct sunlight.One of the standout features is its comprehensive health tracking capabilities. The watch offers accurate heart rate monitoring, blood oxygen level tracking, and sleep analysis. These features are particularly valuable for those who are keen on maintaining their well-being and tracking their fitness goals.In terms of battery life, the ColorFit Pulse 3 performs admirably, lasting up to 7 days on a single charge, which is a significant advantage for those who prefer minimal charging interruptions. The watch also supports multiple sports modes, providing detailed insights into various workouts, from running to yoga.The Noise ColorFit Pulse 3 integrates seamlessly with both Android and iOS devices, offering notifications for calls, messages, and apps directly on your wrist. This ensures that you stay connected without having to constantly check your phone.Overall, the Noise ColorFit Pulse 3 offers excellent value for its price. It combines style, functionality, and robust health tracking features, making it a great choice for anyone looking for a reliable smartwatch without breaking the bank.",['https://m.media-amazon.com/images/I/61Fi7oNH4cL._SY88.jpg'],2024-08-25,3,Colour: Vintage Brown,
4,Good,R2XDKDXV1PMPX,https://www.amazon.in/gp/customer-reviews/R2XDKDXV1PMPX/ref=cm_cr_othr_d_rvw_ttl?ie=UTF8&ASIN=B0CQRQK8L8,Watch is good but watch me game nai hai 😀 aur to aachi he hai but delivery late hai,['https://m.media-amazon.com/images/I/61rIjEd8jVL._SY88.jpg'],2025-01-21,4,Colour: Midnight Black,
5,Value for money,R1OWD9TWKTZYW5,https://www.amazon.in/gp/customer-reviews/R1OWD9TWKTZYW5/ref=cm_cr_othr_d_rvw_ttl?ie=UTF8&ASIN=B0CQRQK8L8,Nice product,"['https://m.media-amazon.com/images/I/71oAPaoOkWL._SY88.jpg', 'https://m.media-amazon.com/images/I/71rUtOvhjlL._SY88.jpg']",2025-01-28,5,Colour: Midnight Black,
5,Good,R2X1UKXFYV2FAB,https://www.amazon.in/gp/customer-reviews/R2X1UKXFYV2FAB/ref=cm_cr_othr_d_rvw_ttl?ie=UTF8&ASIN=B0CQRQK8L8,Good nice to see ☺️ quality is good,[],2025-01-23,6,Colour: Elite Black,
3,Updated: Reliability is questionable.,R2LM1RRLADUX7T,https://www.amazon.in/gp/customer-reviews/R2LM1RRLADUX7T/ref=cm_cr_othr_d_rvw_ttl?ie=UTF8&ASIN=B0CQRQK8L8,"Update after almost a couple of months of usage:The replacement never made it to me and was marked as ""Refused by Addressee"" for no rhyme or reason.Some issues we have faced:The watch switches off on its own. It happened with the 2nd unit as well so seems like a device fault at worst or a design flaw at the most basic level.Design/crown placement is odd as it can get pressed when you flex your wrist. Since the crown controls the power on/off function, you can accidentally switch it off and not realize it. Been there done that and now wear it a couple of centimeters above the wrist to prevent the same.The screen is decently bright with no problems in bright sunlight as you can easily see what is on the screen. You will be better off with a screen guard applied as the glass can get scratched from the usual bumps and scrapes with the table or doors.Usability wise, of you have it on auto mode to measure your HR, O2 and Stress levels at regular intervals and BT pairing with the phone, the battery life will be about a day. More life can be derived if you switch off the auto mode.Watch faces can be changed thru the NoiseFit app and the pairing process is simple and straight forward. The app is more oriented towards increasing sales with ads for their products although it manages the fitness suite fairly decently, but of the watch gets switched off, you lose the progress when it gets synced again after powering it on.There are noise coins that can be collected based on you completing the goals set. The rewards are based on continuity of your active streaks and increase progressively on crossing set milestones.Overall, a very basic yet decent offering at an ok-ish pricepoint.Would I recommend buying this?It depends. I was looking for a smart watch to monitor my fitness goals on a very tight budget and this one fit the bill with all the bells and whistles like BT calling (utterly useless feature IMO) included, so it is a ""Yes"" from my end, provided you have the same criteria as mine. If you can afford to shell out some more money, by all means look at buying something else with a better design/layout.ORIGINAL REVIEW:Day 0: 02 Nos of product ordered at 8:00pm. Delivery happened the next day on time by 11:00 am. I wanted to pay using a CC but the delivery guy did not have a POS machine. Paid online.Day 1:Setup done easily. Worked as expected. Had an issue with battery drainage with 96% charge running out by 10pm in the night.Figured it could be due to the screen on time during the setup and the usual ""exploration of a new gadget"" thing due to which it may have drained out. Put on charge. Decent time taken to go to 100%The charger is the old style apple charger with magnetic points that have to be put in only one way to charge. The mag points repel the watch if polarity isn't proper.Day 2:The watch refused to power up. The screen remained blank and the phone would not connect with the watch thru the app.Replacement ordered. And now the time being taken to deliver the order is a week.Waiting for the replacement and will update once I have it up and running.The 2nd one is running just fine and working as expected. Will update on the standby time once I speak to my brother who also wanted to get one for himself.",[],2024-08-26,7,Colour: Midnight Black,
4,Good product for the price range,RD7WYESFRH39R,https://www.amazon.in/gp/customer-reviews/RD7WYESFRH39R/ref=cm_cr_othr_d_rvw_ttl?ie=UTF8&ASIN=B0CQRQK8L8,Wrist metal strap is adjustable & the adjustment tool is available in the box. Apart from that USB cable is in box.Basic software is same as before versions.Looks decent,['https://m.media-amazon.com/images/I/612-qPVoh0L._SY88.jpg'],2024-12-16,8,Colour: Elite Silver,
4,Watch was nice,R16VKZUWVAQ509,https://www.amazon.in/gp/customer-reviews/R16VKZUWVAQ509/ref=cm_cr_othr_d_rvw_ttl?ie=UTF8&ASIN=B0CQRQK8L8,Good,[],2024-11-05,25,Colour: Jade Green,
5,Nice,RNW1KM4BDE03S,https://www.amazon.in/gp/customer-reviews/RNW1KM4BDE03S/ref=cm_cr_othr_d_rvw_ttl?ie=UTF8&ASIN=B0CQRQK8L8,,['https://m.media-amazon.com/images/I/71r1YnkNtgL._SY88.jpg'],2025-01-24,26,Colour: Rose Pink,
5,Nice product,R2GFLW1QV4Z0KQ,https://www.amazon.in/gp/customer-reviews/R2GFLW1QV4Z0KQ/ref=cm_cr_othr_d_rvw_ttl?ie=UTF8&ASIN=B0CQRQK8L8,Good product. I recommend to buy others,[],2025-01-17,27,Colour: Rose Pink,
5,Good product,R1WSQS78NE3YF8,https://www.amazon.in/gp/customer-reviews/R1WSQS78NE3YF8/ref=cm_cr_othr_d_rvw_ttl?ie=UTF8&ASIN=B0CQRQK8L8,Worthy product,[],2025-01-29,28,Colour: Jade Green,
5,Sorry,RFAHKZ6UVMQ9J,https://www.amazon.in/gp/customer-reviews/RFAHKZ6UVMQ9J/ref=cm_cr_othr_d_rvw_ttl?ie=UTF8&ASIN=B0CQRQK8L8,Sorry 😔,[],2025-01-22,29,Colour: Midnight Black,
5,Nice very good product worth the price !!👍🏻🎀I lovee itt,R39V4IMN681FHM,https://www.amazon.in/gp/customer-reviews/R39V4IMN681FHM/ref=cm_cr_othr_d_rvw_ttl?ie=UTF8&ASIN=B0CQRQK8L8,,"['https://m.media-amazon.com/images/I/61DuOAJkZcL._SY88.jpg', 'https://m.media-amazon.com/images/I/61YiyQqIGxL._SY88.jpg', 'https://m.media-amazon.com/images/I/61iiFFdKOWL._SY88.jpg']",2025-01-19,30,Colour: Rose Pink,
4,Super,R2Y39UW4RT5SN4,https://www.amazon.in/gp/customer-reviews/R2Y39UW4RT5SN4/ref=cm_cr_othr_d_rvw_ttl?ie=UTF8&ASIN=B0CQRQK8L8,Nice product,[],2024-11-05,31,Colour: Rose Pink,
4,Worthy watch,R371D2UWXW01AJ,https://www.amazon.in/gp/customer-reviews/R371D2UWXW01AJ/ref=cm_cr_othr_d_rvw_ttl?ie=UTF8&ASIN=B0CQRQK8L8,"Bluetooth calling feature of this watch works very well. It is easy to make and receive calls. Battery  is also good considering the availability of calling feature. The watch itself doesn't cause any irritation while wearing, it's comfortable.Also the noise app is also way better compared to the ones I've had before.",[],2024-09-29,32,Colour: Vintage Brown,
4,Very good product,R3P1ZODYFD7CY2,https://www.amazon.in/gp/customer-reviews/R3P1ZODYFD7CY2/ref=cm_cr_othr_d_rvw_ttl?ie=UTF8&ASIN=B0CQRQK8L8,The product is good and the most important part is the after sales service is also very prompt. I got new product as replacement due to product complaint after 8 months of use.,['https://m.media-amazon.com/images/I/61OF+O6kAiL._SY88.jpg'],2024-10-31,17,Colour: Jade Green,
4,Value of money product,R1ZR9880PXF3RM,https://www.amazon.in/gp/customer-reviews/R1ZR9880PXF3RM/ref=cm_cr_othr_d_rvw_ttl?ie=UTF8&ASIN=B0CQRQK8L8,Cheaper and lot better quality than other high  value branded items. Highly recommended to people who wants to buy budgeted product and wants all the features and facility within.Wont regret buying this. Go for gold.,[],2024-10-26,18,Colour: Vintage Brown,
5,Good 👍😊,R202MDXSTXR2G9,https://www.amazon.in/gp/customer-reviews/R202MDXSTXR2G9/ref=cm_cr_othr_d_rvw_ttl?ie=UTF8&ASIN=B0CQRQK8L8,Good product and delivery on time,"['https://m.media-amazon.com/images/I/71PKH-1yFQL._SY88.jpg', 'https://m.media-amazon.com/images/I/71h7rCJySwL._SY88.jpg']",2025-01-23,19,Colour: Deep Wine,
3,Battery 🔋,R27ONFGI77D5Y6,https://www.amazon.in/gp/customer-reviews/R27ONFGI77D5Y6/ref=cm_cr_othr_d_rvw_ttl?ie=UTF8&ASIN=B0CQRQK8L8,The battery is so weak. It will be only one day.,[],2024-12-27,20,Colour: Elite Black,
5,Good watch,R1V7W9JM4HTV6I,https://www.amazon.in/gp/customer-reviews/R1V7W9JM4HTV6I/ref=cm_cr_othr_d_rvw_ttl?ie=UTF8&ASIN=B0CQRQK8L8,I am giving a review after using it for 5 months. It is a good watch. You can purchase it and its price is also not too high.,[],2025-01-11,21,Colour: Jade Green,
4,Overall Good,R1MLO8YYUHDMXH,https://www.amazon.in/gp/customer-reviews/R1MLO8YYUHDMXH/ref=cm_cr_othr_d_rvw_ttl?ie=UTF8&ASIN=B0CQRQK8L8,Quality and build is fine. Battery life is also good . Display having some scratches after use of 2-3 months.It doesn't have calendar 📆,['https://m.media-amazon.com/images/I/51HleFOYsQL._SY88.jpg'],2024-10-30,22,,
4,Best,RSBDQIBZAAYJS,https://www.amazon.in/gp/customer-reviews/RSBDQIBZAAYJS/ref=cm_cr_othr_d_rvw_ttl?ie=UTF8&ASIN=B0CQRQK8L8,Good feature,['https://m.media-amazon.com/images/I/81wZka9hKmL._SY88.jpg'],2024-11-10,23,Colour: Midnight Black,
5,Packaging very nice 👍,R2E7PRVU6E2OLR,https://www.amazon.in/gp/customer-reviews/R2E7PRVU6E2OLR/ref=cm_cr_othr_d_rvw_ttl?ie=UTF8&ASIN=B0CQRQK8L8,Nice watches,[],2025-01-24,24,Colour: Deep Wine,
5,Best smartwatch ever bought,R3210MVQCMBMVU,https://www.amazon.in/gp/customer-reviews/R3210MVQCMBMVU/ref=cm_cr_othr_d_rvw_ttl?ie=UTF8&ASIN=B0CQRQK8L8,"The media could not be loaded.
                
            
                
            
            
        
    
    








  
  
     This is the best smartwatch I ever bought , it is so accurate , it is a feature loaded smartwatch and build quality is excellent, I will suggest you to buy this right now. It is very stylish , and the black colour is awesome, the size is perfect for my wrist, it works without any problem , and provides instant notification on my phoneAnd track each and everything of my body😍😍😍😍😍🔥🔥🔥🔥🔥🔥🔥🔥",[],2024-11-28,57,Colour: Midnight Black,
4,Worth it,R5B5GP029D81,https://www.amazon.in/gp/customer-reviews/R5B5GP029D81/ref=cm_cr_othr_d_rvw_ttl?ie=UTF8&ASIN=B0CQRQK8L8,"Decent smartwatch at low price. Big screen, nice BT calling, easy to use. Overall it is good",[],2024-10-03,58,Colour: Deep Wine,
4,Good,R8W24W4LQS5TB,https://www.amazon.in/gp/customer-reviews/R8W24W4LQS5TB/ref=cm_cr_othr_d_rvw_ttl?ie=UTF8&ASIN=B0CQRQK8L8,Good,[],2024-10-11,59,Colour: Vintage Brown,
5,Good buy,REVY85YVOVV2L,https://www.amazon.in/gp/customer-reviews/REVY85YVOVV2L/ref=cm_cr_othr_d_rvw_ttl?ie=UTF8&ASIN=B0CQRQK8L8,Product is extremely easy to use and premium.,[],2024-12-28,60,Colour: Deep Wine,
4,very light weight and handy,R13XO481RK0GBW,https://www.amazon.in/gp/customer-reviews/R13XO481RK0GBW/ref=cm_cr_othr_d_rvw_ttl?ie=UTF8&ASIN=B0CQRQK8L8,color of the dial and belt very good,['https://m.media-amazon.com/images/I/71UV3Vpr-IL._SY88.jpg'],2024-10-02,61,Colour: Deep Wine,
4,Nice smartwatch,R2NTSPR6CSUZ9O,https://www.amazon.in/gp/customer-reviews/R2NTSPR6CSUZ9O/ref=cm_cr_othr_d_rvw_ttl?ie=UTF8&ASIN=B0CQRQK8L8,This smartwatch is a solid choice for anyone looking for a reliable and stylish wearable at such an affordable price.Its a good deal for the price and offers great value overall.,['https://m.media-amazon.com/images/I/71MSOCWLW3L._SY88.jpg'],2024-09-11,62,Colour: Deep Wine,
4,Nice one!!,R10X6UBXV4X2EE,https://www.amazon.in/gp/customer-reviews/R10X6UBXV4X2EE/ref=cm_cr_othr_d_rvw_ttl?ie=UTF8&ASIN=B0CQRQK8L8,Nice one🥳thank you Amazon,[],2024-10-02,63,Colour: Deep Wine,
4,Smart watch,R3FQADXLJ178SM,https://www.amazon.in/gp/customer-reviews/R3FQADXLJ178SM/ref=cm_cr_othr_d_rvw_ttl?ie=UTF8&ASIN=B0CQRQK8L8,Suparb watch love it,[],2024-10-04,64,,
4,Call and audio,R1CNVEO9B0CWQU,https://www.amazon.in/gp/customer-reviews/R1CNVEO9B0CWQU/ref=cm_cr_othr_d_rvw_ttl?ie=UTF8&ASIN=B0CQRQK8L8,Good connectivity and audio,['https://m.media-amazon.com/images/I/61ZN4rfu4bL._SY88.jpg'],2024-10-13,49,Colour: Silver Grey,
4,Good Smartwach But Battery,R2DA1OLOZQTXCH,https://www.amazon.in/gp/customer-reviews/R2DA1OLOZQTXCH/ref=cm_cr_othr_d_rvw_ttl?ie=UTF8&ASIN=B0CQRQK8L8,Good But Battery Back-up Bahot Bakwas hai sirf 1 hi din Chalta hai,[],2024-10-10,50,Colour: Vintage Brown,
4,Nice watch,R3L1VPMVFC45WE,https://www.amazon.in/gp/customer-reviews/R3L1VPMVFC45WE/ref=cm_cr_othr_d_rvw_ttl?ie=UTF8&ASIN=B0CQRQK8L8,,['https://m.media-amazon.com/images/I/615bxl5YLBL._SY88.jpg'],2024-10-14,51,Colour: Midnight Black,
4,Nice watch worth for money 💫,R30NF8ON65M2LS,https://www.amazon.in/gp/customer-reviews/R30NF8ON65M2LS/ref=cm_cr_othr_d_rvw_ttl?ie=UTF8&ASIN=B0CQRQK8L8,I like this watch and I feel comfortable wearing it's light weight and it has many features...💫🫶,['https://m.media-amazon.com/images/I/61m7JwGtEbL._SY88.jpg'],2024-10-06,52,Colour: Deep Wine,
4,GOOD PRODUCT...Awesome....,R1OQBW17A20YGA,https://www.amazon.in/gp/customer-reviews/R1OQBW17A20YGA/ref=cm_cr_othr_d_rvw_ttl?ie=UTF8&ASIN=B0CQRQK8L8,GOOD PRODUCT,['https://m.media-amazon.com/images/I/61m4xZ+tDaL._SY88.jpg'],2024-10-13,53,Colour: Deep Wine,
5,Thanks,RTHZ2PBLMS37B,https://www.amazon.in/gp/customer-reviews/RTHZ2PBLMS37B/ref=cm_cr_othr_d_rvw_ttl?ie=UTF8&ASIN=B0CQRQK8L8,excellent😍,['https://m.media-amazon.com/images/I/61MVBzf-WqL._SY88.jpg'],2025-01-08,54,Colour: Elite Black,
4,amazing product,R1PJGJLF5NO9P,https://www.amazon.in/gp/customer-reviews/R1PJGJLF5NO9P/ref=cm_cr_othr_d_rvw_ttl?ie=UTF8&ASIN=B0CQRQK8L8,I Purchased this watch today really nice look and quality is also good,[],2024-10-08,55,Colour: Midnight Black,
5,Good looking but face id not coming withhout subscription,R2IERXYAL6MFJ1,https://www.amazon.in/gp/customer-reviews/R2IERXYAL6MFJ1/ref=cm_cr_othr_d_rvw_ttl?ie=UTF8&ASIN=B0CQRQK8L8,Good looking but face id not coming withhout subscription it is disappointed,[],2024-12-30,56,Colour: Deep Wine,
4,Worth Noise smart watch 👍,RDU7SSR46SOYP,https://www.amazon.in/gp/customer-reviews/RDU7SSR46SOYP/ref=cm_cr_othr_d_rvw_ttl?ie=UTF8&ASIN=B0CQRQK8L8,The media could not be loaded.,[],2024-10-13,65,Colour: Silver Grey,
4,Budget friendly product with lots of features,R139JHD6W6FE8K,https://www.amazon.in/gp/customer-reviews/R139JHD6W6FE8K/ref=cm_cr_othr_d_rvw_ttl?ie=UTF8&ASIN=B0CQRQK8L8,Touch sensitivity is not much good but ok to use,[],2024-09-30,66,,
4,Good product,R2NKLSZY9RPLNW,https://www.amazon.in/gp/customer-reviews/R2NKLSZY9RPLNW/ref=cm_cr_othr_d_rvw_ttl?ie=UTF8&ASIN=B0CQRQK8L8,"Worth buying for 1.5k, product is good until now",[],2024-09-28,67,Colour: Midnight Black,
4,Good,RQM71VDUP5SL6,https://www.amazon.in/gp/customer-reviews/RQM71VDUP5SL6/ref=cm_cr_othr_d_rvw_ttl?ie=UTF8&ASIN=B0CQRQK8L8,,['https://m.media-amazon.com/images/I/61i83DAq0uL._SY88.jpg'],2024-10-05,68,Colour: Rose Pink,
4,Noise,R2H3S4HJYYC6ZA,https://www.amazon.in/gp/customer-reviews/R2H3S4HJYYC6ZA/ref=cm_cr_othr_d_rvw_ttl?ie=UTF8&ASIN=B0CQRQK8L8,,['https://m.media-amazon.com/images/I/61wDoQlmXoL._SY88.jpg'],2024-10-05,69,Colour: Midnight Black,
4,"Sleek design, seems worth it",R261R8SXKC98IJ,https://www.amazon.in/gp/customer-reviews/R261R8SXKC98IJ/ref=cm_cr_othr_d_rvw_ttl?ie=UTF8&ASIN=B0CQRQK8L8,"I recently bought this for my dad. First impressions: it has a big display, and looks great. The touch is very responsive and the learning curve is small. I haven't had any issue with the Bluetooth connectivity yet. Wide range of sports and health functionality built in. The app is also very user friendly.Good product for this price range. I shall update with a more comprehensive review later.",[],2024-08-05,70,Colour: Midnight Black,
4,Value for money smart watch,RLH95MVR1EQ4K,https://www.amazon.in/gp/customer-reviews/RLH95MVR1EQ4K/ref=cm_cr_othr_d_rvw_ttl?ie=UTF8&ASIN=B0CQRQK8L8,Great watch with one of the best display and features in this category. Tap to wake would have been a nice feature.,['https://m.media-amazon.com/images/I/61tFmVZ-gpL._SY88.jpg'],2024-09-12,71,Colour: Silver Grey,
4,Noise colorfit pulse 3,RJ5W79Z7A9UWS,https://www.amazon.in/gp/customer-reviews/RJ5W79Z7A9UWS/ref=cm_cr_othr_d_rvw_ttl?ie=UTF8&ASIN=B0CQRQK8L8,The packing was good and sturdy the display was big I was comfortable calli g feature was the best part I can hear and speak properly there was water and hand wash remainder feature which was fantastic noise will always come up with nice feature for watch,"['https://m.media-amazon.com/images/I/61asXI40exL._SY88.jpg', 'https://m.media-amazon.com/images/I/61r-cmax3qL._SY88.jpg']",2024-08-29,72,Colour: Jade Green,
4,Value for money,R1U2L722V2U3MD,https://www.amazon.in/gp/customer-reviews/R1U2L722V2U3MD/ref=cm_cr_othr_d_rvw_ttl?ie=UTF8&ASIN=B0CQRQK8L8,Good product.,[],2024-09-30,73,Colour: Jade Green,
4,Good watch,R1YQVRVAII93OD,https://www.amazon.in/gp/customer-reviews/R1YQVRVAII93OD/ref=cm_cr_othr_d_rvw_ttl?ie=UTF8&ASIN=B0CQRQK8L8,"Good to have this watch with minimal features at price point around Rs.1000Basic heart rate, SPO2, Stress monitoring.BT calling feature is available. Steps counting should be improved.",[],2024-09-13,74,Colour: Vintage Brown,
4,Built quality,R1G2KH8GG68OYR,https://www.amazon.in/gp/customer-reviews/R1G2KH8GG68OYR/ref=cm_cr_othr_d_rvw_ttl?ie=UTF8&ASIN=B0CQRQK8L8,Nice product,['https://m.media-amazon.com/images/I/711o2xCDelL._SY88.jpg'],2024-10-01,75,Colour: Vintage Brown,
4,Overall value for money,R36AK7QNUATN6P,https://www.amazon.in/gp/customer-reviews/R36AK7QNUATN6P/ref=cm_cr_othr_d_rvw_ttl?ie=UTF8&ASIN=B0CQRQK8L8,"Without heavy usage charge is slowly discharged. The microphone is good, but the speaker is not that good during calls specially if the background is not quiet. Overall steps tracking is fine. So far used only for a week and so far so good.","['https://m.media-amazon.com/images/I/61X6hgbFBsL._SY88.jpg', 'https://m.media-amazon.com/images/I/71MNayFDtrL._SY88.jpg']",2024-08-22,76,Colour: Vintage Brown,
5,Wonderful experience,R3UE1W6HPJHI6V,https://www.amazon.in/gp/customer-reviews/R3UE1W6HPJHI6V/ref=cm_cr_othr_d_rvw_ttl?ie=UTF8&ASIN=B0CQRQK8L8,"Beautiful watch for your wrist. Can be used by anyone girl or a boy, classy looks and good quality.",[],2024-12-13,77,Colour: Deep Wine,
4,Good,RD7T9WKOMN2FD,https://www.amazon.in/gp/customer-reviews/RD7T9WKOMN2FD/ref=cm_cr_othr_d_rvw_ttl?ie=UTF8&ASIN=B0CQRQK8L8,Very nice,['https://m.media-amazon.com/images/I/61mNt-uBFeL._SY88.jpg'],2024-10-02,78,Colour: Vintage Brown,
4,"Perfect, under budget.",R1FR59CH7U76OR,https://www.amazon.in/gp/customer-reviews/R1FR59CH7U76OR/ref=cm_cr_othr_d_rvw_ttl?ie=UTF8&ASIN=B0CQRQK8L8,"Good connectivity, perfect smartwatch under budget.",['https://m.media-amazon.com/images/I/61zaLi6Jn9L._SY88.jpg'],2024-09-29,79,Colour: Midnight Black,
4,Good,RZ08SNSP4QRJB,https://www.amazon.in/gp/customer-reviews/RZ08SNSP4QRJB/ref=cm_cr_othr_d_rvw_ttl?ie=UTF8&ASIN=B0CQRQK8L8,Good,[],2024-09-30,80,,
4,As money is ok nothing else qulety is average,RV3K37BJGLM4Y,https://www.amazon.in/gp/customer-reviews/RV3K37BJGLM4Y/ref=cm_cr_othr_d_rvw_ttl?ie=UTF8&ASIN=B0CQRQK8L8,As money is ok nothing else qulety is average,[],2024-10-23,41,Colour: Deep Wine,
4,Value for money,R1ZB63BBBIROH9,https://www.amazon.in/gp/customer-reviews/R1ZB63BBBIROH9/ref=cm_cr_othr_d_rvw_ttl?ie=UTF8&ASIN=B0CQRQK8L8,It's durable. Initially there was some problem with bluetooth connectivity but now it's working smoothly.,[],2024-10-18,42,,
5,Good product,R3W2BO6KVKNIRY,https://www.amazon.in/gp/customer-reviews/R3W2BO6KVKNIRY/ref=cm_cr_othr_d_rvw_ttl?ie=UTF8&ASIN=B0CQRQK8L8,Good at this rate,['https://m.media-amazon.com/images/I/61tuVVe7MPL._SY88.jpg'],2025-01-11,43,Colour: Midnight Black,
4,Honest Review,R293FFUU12YHDC,https://www.amazon.in/gp/customer-reviews/R293FFUU12YHDC/ref=cm_cr_othr_d_rvw_ttl?ie=UTF8&ASIN=B0CQRQK8L8,I like the Smartwatch in this price.,[],2024-10-20,44,Colour: Vintage Brown,
4,Good,R2LK3S134LRHO0,https://www.amazon.in/gp/customer-reviews/R2LK3S134LRHO0/ref=cm_cr_othr_d_rvw_ttl?ie=UTF8&ASIN=B0CQRQK8L8,Good,[],2024-10-22,45,Colour: Deep Wine,
4,Good product at this price,R1XVCE2TPHL8TP,https://www.amazon.in/gp/customer-reviews/R1XVCE2TPHL8TP/ref=cm_cr_othr_d_rvw_ttl?ie=UTF8&ASIN=B0CQRQK8L8,I got special discount on great Indian sell,[],2024-10-15,46,Colour: Vintage Brown,
4,Value for money,R2IRK0DSFQHIME,https://www.amazon.in/gp/customer-reviews/R2IRK0DSFQHIME/ref=cm_cr_othr_d_rvw_ttl?ie=UTF8&ASIN=B0CQRQK8L8,not available customised watch face,[],2024-10-12,47,Colour: Midnight Black,
4,Good Product,R3SINSYA3SOSCM,https://www.amazon.in/gp/customer-reviews/R3SINSYA3SOSCM/ref=cm_cr_othr_d_rvw_ttl?ie=UTF8&ASIN=B0CQRQK8L8,"I'm satisfied with the product working and quality, battery is lasting more than a week, and it's tracking accurately.  My only issue is with the belt quality, could have been better.",[],2024-09-29,48,Colour: Vintage Brown,
4,Good product,R1O0MZC3P2TMYN,https://www.amazon.in/gp/customer-reviews/R1O0MZC3P2TMYN/ref=cm_cr_othr_d_rvw_ttl?ie=UTF8&ASIN=B0CQRQK8L8,Good product,[],2024-11-08,33,Colour: Rose Pink,
4,Amazing product !,R2RV6VXBU2106P,https://www.amazon.in/gp/customer-reviews/R2RV6VXBU2106P/ref=cm_cr_othr_d_rvw_ttl?ie=UTF8&ASIN=B0CQRQK8L8,The beautiful screen display with the golden sides steal your hear at the first sight.Performance is at par price.,['https://m.media-amazon.com/images/I/71cKz3KHuLL._SY88.jpg'],2024-10-21,34,Colour: Jade Green,
3,"Noise ColorFit Pulse 3: Big Display, Big Letdown?",R3R9C3E36PAN8K,https://www.amazon.in/gp/customer-reviews/R3R9C3E36PAN8K/ref=cm_cr_othr_d_rvw_ttl?ie=UTF8&ASIN=B0CQRQK8L8,"The Noise ColorFit Pulse 3 boasts a large 1.96"" display, but unfortunately, that's where the excitement might end for some users. Here's a closer look:Pros:Impressive Battery Life: The advertised 7-day battery backup seems to hold true, a major plus for those who hate constant charging.Excellent Call Quality: Both sides of calls come through clearly and loudly, making the built-in calling a valuable feature.Great Touch Sensitivity: The reviewer mentions smooth touch response, ensuring navigating the watch is a hassle-free experience.Seamless Notifications: Getting message alerts right on your wrist is a big convenience.Cons:Limited Watch Face Selection: The lack of attractive and user-friendly watch faces is a significant drawback. A watch is an accessory after all, and limited customization options can be a deal-breaker for some.Inaccurate Timekeeping Without Phone: The most concerning aspect is the watch's inability to maintain accurate time after two days without syncing to a phone. This defeats the purpose of having a watch if it can't function independently.Unreliable Raise-to-Wake: A malfunctioning raise-to-wake feature defeats the purpose of a quick glance at the time.Overall:The Noise ColorFit Pulse 3 offers a large display, impressive battery life, and clear calling, but these positives are overshadowed by the disappointing watch face selection and the critical issue of inaccurate timekeeping without a phone connection. The unreliable raise-to-wake feature adds to the frustration.Recommendation:If a large display, long battery life, and calling are your top priorities, the ColorFit Pulse 3 might be worth considering,  as long as you're willing to sync it daily and can live with the limited watch face options.  However, for users who value accurate timekeeping and a more customizable watch experience, it might be best to look elsewhere.",[],2024-04-29,35,,
5,Good watch,R1XX1PNMKWD9J7,https://www.amazon.in/gp/customer-reviews/R1XX1PNMKWD9J7/ref=cm_cr_othr_d_rvw_ttl?ie=UTF8&ASIN=B0CQRQK8L8,Battery life is good,[],2025-01-16,36,Colour: Deep Wine,
4,WORTH IT,R1NF73M8GYRZ3F,https://www.amazon.in/gp/customer-reviews/R1NF73M8GYRZ3F/ref=cm_cr_othr_d_rvw_ttl?ie=UTF8&ASIN=B0CQRQK8L8,"Nice watch, battery life is good",[],2024-10-27,37,Colour: Midnight Black,
3,Not too bad!! But not soo good!!,RZV23RLHZ40YD,https://www.amazon.in/gp/customer-reviews/RZV23RLHZ40YD/ref=cm_cr_othr_d_rvw_ttl?ie=UTF8&ASIN=B0CQRQK8L8,Felt happy for ordering this!!! Its good except for the gold comcept in which we need to pay for some utilities not some. But else everything is great . Btw loved this🥰🥰,['https://m.media-amazon.com/images/I/61xfdaHR+5L._SY88.jpg'],2024-11-26,38,Colour: Vintage Brown,
4,Good product,R1O3ZN3YMF4UOV,https://www.amazon.in/gp/customer-reviews/R1O3ZN3YMF4UOV/ref=cm_cr_othr_d_rvw_ttl?ie=UTF8&ASIN=B0CQRQK8L8,Good display for the price....,['https://m.media-amazon.com/images/I/71iDXGPsr7L._SY88.jpg'],2024-10-28,39,Colour: Deep Wine,
5,kishorshelke,RSZECNZD4MXSN,https://www.amazon.in/gp/customer-reviews/RSZECNZD4MXSN/ref=cm_cr_othr_d_rvw_ttl?ie=UTF8&ASIN=B0CQRQK8L8,छान,[],2025-01-18,40,Colour: Jade Green,
4,Good,R3IE7XGAA6C2ZN,https://www.amazon.in/gp/customer-reviews/R3IE7XGAA6C2ZN/ref=cm_cr_othr_d_rvw_ttl?ie=UTF8&ASIN=B0CQRQK8L8,I want return product,[],2025-01-22,9,Colour: Rose Pink,
4,Op,R27AMKAD34S1W1,https://www.amazon.in/gp/customer-reviews/R27AMKAD34S1W1/ref=cm_cr_othr_d_rvw_ttl?ie=UTF8&ASIN=B0CQRQK8L8,The media could not be loaded.,[],2025-01-02,10,Colour: Midnight Black,
3,Good,R2TZ98JM2STVSW,https://www.amazon.in/gp/customer-reviews/R2TZ98JM2STVSW/ref=cm_cr_othr_d_rvw_ttl?ie=UTF8&ASIN=B0CQRQK8L8,It's good,['https://m.media-amazon.com/images/I/61HGloumEmL._SY88.jpg'],2025-01-28,11,Colour: Elite Black,
4,Good Quality,R2UP6Y3LVDVKT,https://www.amazon.in/gp/customer-reviews/R2UP6Y3LVDVKT/ref=cm_cr_othr_d_rvw_ttl?ie=UTF8&ASIN=B0CQRQK8L8,Nice,[],2024-11-25,12,Colour: Deep Wine,
4,Good Product at an affordable Price,RVMAVVJULTXNK,https://www.amazon.in/gp/customer-reviews/RVMAVVJULTXNK/ref=cm_cr_othr_d_rvw_ttl?ie=UTF8&ASIN=B0CQRQK8L8,"Yes, I am using this product 3months. Till now, it is good and afforat this range",['https://m.media-amazon.com/images/I/61KGHc8G77L._SY88.jpg'],2024-11-15,13,Colour: Rose Pink,
4,Nice product,R7PD564JCFWOK,https://www.amazon.in/gp/customer-reviews/R7PD564JCFWOK/ref=cm_cr_othr_d_rvw_ttl?ie=UTF8&ASIN=B0CQRQK8L8,Nice product,[],2024-11-20,14,Colour: Deep Wine,
3,AOD IS AVAILABLE,R1GUKCMTT74S7E,https://www.amazon.in/gp/customer-reviews/R1GUKCMTT74S7E/ref=cm_cr_othr_d_rvw_ttl?ie=UTF8&ASIN=B0CQRQK8L8,As it is mentioned AOD is available but in real it is not there.The build quality is so so not upto the mark,['https://m.media-amazon.com/images/I/61wUEmNyPJL._SY88.jpg'],2024-12-23,15,Colour: Elite Black,
5,Very Nice,R23SFTF3J0VDHW,https://www.amazon.in/gp/customer-reviews/R23SFTF3J0VDHW/ref=cm_cr_othr_d_rvw_ttl?ie=UTF8&ASIN=B0CQRQK8L8,Very nice noise ColorFit Pulse 3 Smart Watch,[],2025-01-25,16,Colour: Midnight Black,
