ratingScore,reviewTitle,reviewId,reviewUrl,reviewDescription,reviewImages,date,position,variant,totalCategoryRatings
5,Best smart watch ever at an affordable price,R1CSB5DMQLYIFD,https://www.amazon.in/gp/customer-reviews/R1CSB5DMQLYIFD/ref=cm_cr_othr_d_rvw_ttl?ie=UTF8&ASIN=B0DFYKMR8T,"This smartwatch by Boat offers a great balance of style and functionality at an affordable price. The design is sleek, with a clear, vibrant touchscreen display. It comes equipped with a variety of fitness tracking features, including heart rate monitoring, sleep tracking, and multiple sport modes. Battery life is impressive, lasting several days on a single charge. The smartwatch also supports notifications, music control, and more. While the build quality is solid, the user interface could be smoother. Overall, it’s an excellent value for anyone looking for a feature-packed smartwatch on a budget.This smartwatch by Boat offers a great balance of style and functionality at an affordable price. The design is sleek, with a clear, vibrant touchscreen display. It comes equipped with a variety of fitness tracking features, including heart rate monitoring, sleep tracking, and multiple sport modes. Battery life is impressive, lasting several days on a single charge. The smartwatch also supports notifications, music control, and more. While the build quality is solid, the user interface could be smoother. Overall, it’s an excellent value for anyone looking for a feature-packed smartwatch on a budget.",[],2024-12-31,1,Colour: Cherry Blossom,
4,Good 👍,R479S5KF69FGQ,https://www.amazon.in/gp/customer-reviews/R479S5KF69FGQ/ref=cm_cr_othr_d_rvw_ttl?ie=UTF8&ASIN=B0DFYKMR8T,"Calling sound is good and clear performance is good, touch screen is slow and not Good. But other future is good",[],2024-11-08,2,Colour: Active Black,
5,A Stellar Smartwatch for the Modern Adventurer,R27T830L3JWBO2,https://www.amazon.in/gp/customer-reviews/R27T830L3JWBO2/ref=cm_cr_othr_d_rvw_ttl?ie=UTF8&ASIN=B0DFYKMR8T,"Body :-I've been on the hunt for a smartwatch that could keep up with my active lifestyle, and the BoAt Lunar Discovery has truly exceeded my expectations.The 1.39-inch HD display is a real eye-catcher. It's bright, clear, and makes navigating through the menus a breeze. I love the customizable watch faces, especially the DIY feature. It's a fun way to personalize my watch and show off my unique style.The turn-by-turn navigation is a lifesaver, especially when I'm exploring new trails or cities. It's accurate and easy to follow, even when I'm on the go. The Bluetooth calling feature is a game-changer, allowing me to take calls directly from my wrist. It's super convenient, especially when I'm working out or driving.The battery life is impressive, easily lasting a few days on a single charge. The heart rate and sleep tracking features are accurate and provide valuable insights into my overall health.While the build quality is solid, I did find the touch sensitivity a bit inconsistent at times. However, this is a minor quibble.Overall, the BoAt Lunar Discovery is a fantastic smartwatch that offers a lot of value for money. It's stylish, functional, and perfect for anyone who wants to stay connected and active.Key Features I Love: * Vibrant HD display* Customizable watch faces * Accurate turn-by-turn navigation* Convenient Bluetooth calling * Long-lasting battery * Helpful health tracking featuresIf you're looking for a reliable and feature-packed smartwatch, I highly recommend the BoAt Lunar Discovery.","['https://m.media-amazon.com/images/I/61-WfFXq-CL._SY88.jpg', 'https://m.media-amazon.com/images/I/6131bLogD9L._SY88.jpg', 'https://m.media-amazon.com/images/I/61ipZY4CeWL._SY88.jpg']",2024-11-30,3,Colour: Active Black,
5,Nice product,R1SP4IW70G5EZC,https://www.amazon.in/gp/customer-reviews/R1SP4IW70G5EZC/ref=cm_cr_othr_d_rvw_ttl?ie=UTF8&ASIN=B0DFYKMR8T,"The boAt Lunar Discovery smartwatch impresses with its 1.39"" HD display, offering crisp visuals. Its turn-by-turn navigation ensures seamless travel, while the DIY Watch Face Studio lets users personalize their experience. Bluetooth calling provides hands-free convenience, and the Emergency SOS feature enhances safety during critical moments. The QR tray allows quick app integration, making it user-friendly. Its versatile design suits both men and women, combining style with functionality. With durable build quality and smart features, it’s a great choice for tech-savvy individuals seeking value for money in an affordable smartwatch. Perfect for fitness, travel, and daily connectivity needs!  good product buy it","['https://m.media-amazon.com/images/I/519mmkLdJzL._SY88.jpg', 'https://m.media-amazon.com/images/I/51L4FxbtfaL._SY88.jpg', 'https://m.media-amazon.com/images/I/51jLrTDC+KL._SY88.jpg']",2024-12-10,4,Colour: Active Black,
5,Premium watch,R2OOY5336DZE34,https://www.amazon.in/gp/customer-reviews/R2OOY5336DZE34/ref=cm_cr_othr_d_rvw_ttl?ie=UTF8&ASIN=B0DFYKMR8T,"For the money spent, the boat smartwatch is worth it. The watch has a great design and build quality, and it feels and looks expensive in the hand. Its functions, such fitness tracking and Bluetooth calling, operate quite well; when I compared the reading to the original device, the results were fairly accurate. Games and smartwatch-based music control are among the other features. Bluetooth has a large range of connection as well. When making a call, the sound quality is often good and audible. All things considered, this wonderful device from Boat lets us precisely track our exercise record",['https://m.media-amazon.com/images/I/41glGye2pLL._SY88.jpg'],2024-12-23,5,Colour: Active Black,
3,watch,R3LBY34YZX04WY,https://www.amazon.in/gp/customer-reviews/R3LBY34YZX04WY/ref=cm_cr_othr_d_rvw_ttl?ie=UTF8&ASIN=B0DFYKMR8T,"The watch is very good, it has many features, the sound is also clear, but come The button on the watch itself is not working properly,i have to press it hard but the watch is nice",['https://m.media-amazon.com/images/I/61DLHrSz9uL._SY88.jpg'],2024-12-09,6,Colour: Active Black,
4,Good product from boat,R89LIP673SQE7,https://www.amazon.in/gp/customer-reviews/R89LIP673SQE7/ref=cm_cr_othr_d_rvw_ttl?ie=UTF8&ASIN=B0DFYKMR8T,"After ordering and pairing it with your phone, it'll show a mandatory update. After updating the firmware then watch is working fine. Will update this post after 7 days of testing.",[],2025-01-23,7,Colour: Active Blue,
5,nicee,R39ZD4D5ZNAAGD,https://www.amazon.in/gp/customer-reviews/R39ZD4D5ZNAAGD/ref=cm_cr_othr_d_rvw_ttl?ie=UTF8&ASIN=B0DFYKMR8T,"I've been using the Boat Watch for six days now, and I'm genuinely impressed. The sleek design and lightweight feel make it comfortable fit to wear all day. The display is crisp and bright, even in direct sunlight. Tracking my workouts and sleep has been seamless, and the battery life is remarkable. The only downside is that the app can be a bit laggy at times, but overall, it's a fantastic value for the price. Scratch resistant and feature loaded",['https://m.media-amazon.com/images/I/31faZdIS4PL._SY88.jpg'],2024-12-18,8,Colour: Cherry Blossom,
5,Everyday Living Made Smarter,R3BCEGVEYM2IK5,https://www.amazon.in/gp/customer-reviews/R3BCEGVEYM2IK5/ref=cm_cr_othr_d_rvw_ttl?ie=UTF8&ASIN=B0DFYKMR8T,"lunar discovery  has revolutionized how I approach daily tasks, turning routine moments into opportunities for optimization. Its contactless payment feature has eliminated the need for a wallet, making quick errands a breeze.One of the most impressive aspects is its smart home integration. From adjusting lights to controlling music, I can manage multiple devices directly from my wrist. The custom reminders keep me organized, whether it’s remembering to hydrate or staying on track with my fitness goals.The battery life is another triumph—it keeps up with my busiest days without needing constant recharging. What truly sets this smartwatch apart is how seamlessly it blends into my life. It’s not just a wearable; it’s a smarter way to live.",['https://m.media-amazon.com/images/I/71e0H2IA5jL._SY88.jpg'],2024-12-13,49,Colour: Active Black,
5,Amazing watch nice design,R1URG58JU73BIT,https://www.amazon.in/gp/customer-reviews/R1URG58JU73BIT/ref=cm_cr_othr_d_rvw_ttl?ie=UTF8&ASIN=B0DFYKMR8T,The watch is very nice. All the features are working. My friends liked the product and asked me for the link to order. I recommend buying the item; it is budget-friendly. Watch is wearable with all the outfits. The watch matches well with the traditional outfits.Even the tracker is good and the design is also new and refreshing,"['https://m.media-amazon.com/images/I/51NLMbIwedL._SY88.jpg', 'https://m.media-amazon.com/images/I/61HLeMr9yRL._SY88.jpg', 'https://m.media-amazon.com/images/I/61bSg2eV3OL._SY88.jpg']",2025-01-02,50,Colour: Cherry Blossom,
5,Looking good,R220P1QXTMKVZE,https://www.amazon.in/gp/customer-reviews/R220P1QXTMKVZE/ref=cm_cr_othr_d_rvw_ttl?ie=UTF8&ASIN=B0DFYKMR8T,"The boat smartwatch is worth Value for money paid. The design and built quality of watch is awesome and looks premium in hand and the features like bluetooth calling, fitness tracking etc does its work too accurately as i compared the reading with original device and the result were pretty accurate. The features also include games and music control by smartwatch. Also the connectivity range of Bluetooth is good. The sound quality while calling pretty clear and audible. Overall a great product by boat which helps us track our fitness record accurately",['https://m.media-amazon.com/images/I/41O1ossQHoL._SY88.jpg'],2024-12-21,51,Colour: Cherry Blossom,
5,Up to the mark..!!,RE0SPN3YIFGZJ,https://www.amazon.in/gp/customer-reviews/RE0SPN3YIFGZJ/ref=cm_cr_othr_d_rvw_ttl?ie=UTF8&ASIN=B0DFYKMR8T,"This is one of the watch under this price range. I have been using it for quite long now and its working smoothly.The UI is good, display is amazing, mic is good, speaker is good and the watch have some animated wallpapers. Although I would say that the bluetooth calling  experience is great with this budgeted price tag. The packaging is very amazing as usually boat provides.I bought it for around 1500 and you can get it too low if you have a credit card.The charging speed is quite fast as in an hour the watch charged al.ost full.The battery backup is  the best, after a full charge I managed to run the watch for more than a week.It's available in metal amd non metal straps, you can buy it as per your requirements.Best smartwatch in long run.👍",['https://m.media-amazon.com/images/I/51s-7e-mSBL._SY88.jpg'],2024-11-28,52,Colour: Cherry Blossom,
5,Fabulous Watch!,R10LBIAKLKFODX,https://www.amazon.in/gp/customer-reviews/R10LBIAKLKFODX/ref=cm_cr_othr_d_rvw_ttl?ie=UTF8&ASIN=B0DFYKMR8T,"This calling watch is a superb product among this category. Literally loved it. The vibrant display is so cool with clear resolution. Bluetooth connectivity is also good. All the features are extremely accurate. So cool design it can go with both formal and casual look. I have been wearing this for the whole day and the battery backup is very good. It gives a premium look wherever you wear it in gym, office or everyday. The Bluetooth calling feature just enhances it and keeps you updated with your phone.Overall a worth product at such a price and reliable.","['https://m.media-amazon.com/images/I/51jS8PCGgaL._SY88.jpg', 'https://m.media-amazon.com/images/I/61JORQggVUL._SY88.jpg']",2024-12-11,53,Colour: Active Black,
5,Quality,RLQALUWPTFNRT,https://www.amazon.in/gp/customer-reviews/RLQALUWPTFNRT/ref=cm_cr_othr_d_rvw_ttl?ie=UTF8&ASIN=B0DFYKMR8T,"Do you want to know a smartwatch that looks like nothing else in its category? Here it is – The Boat Lunar Discovery. Let me tell you why this smartwatch captivates instantly.Design and DisplayThe design isn’t too overwhelming and it feels light in weight with a strap that suits you perfectly. The screen display is bright and clear, it displays colors so beautifully that you can easily see texts even in broad daylight. It also has a good responsive touchscreen.The Lunar Discovery has a really great battery life. I only need to charge it every 5 days, I even wear it in bed to track my sleep and still get over 4 days usage.I’m impressed with the battery life, it lasts around 7 days with normal use and up to 10 days if you put it in power save mode. Also doesn’t take long to charge so you’re not waiting around for it.The health tracking features are quite accurate for a smartwatch in this price range, it's not going to be as accurate as medical equipment but it's good enough for everyday health and fitness monitoring.","['https://m.media-amazon.com/images/I/51ICFGsh5oL._SY88.jpg', 'https://m.media-amazon.com/images/I/61rpA5PbYKL._SY88.jpg']",2024-11-26,54,Colour: Black Metal,
4,Super product...,R3VYVVEAJVH5IZ,https://www.amazon.in/gp/customer-reviews/R3VYVVEAJVH5IZ/ref=cm_cr_othr_d_rvw_ttl?ie=UTF8&ASIN=B0DFYKMR8T,Value for money...Navigation and other features.,[],2024-11-04,55,Colour: Active Blue,
5,Too good display,R3JEB6C8MKY6WB,https://www.amazon.in/gp/customer-reviews/R3JEB6C8MKY6WB/ref=cm_cr_othr_d_rvw_ttl?ie=UTF8&ASIN=B0DFYKMR8T,"The Active Black color looks sleek and matches any outfit. It’s lightweight and comfortable to wear all day long, whether I’m at work, the gym, or heading out with friends.The boAt Lunar Discovery is loaded with features that exceed expectations.",[],2024-12-26,56,Colour: Active Black,
5,Perfect choice for his hand,R2RHW9P0TTP8KT,https://www.amazon.in/gp/customer-reviews/R2RHW9P0TTP8KT/ref=cm_cr_othr_d_rvw_ttl?ie=UTF8&ASIN=B0DFYKMR8T,"The media could not be loaded.
                
            
                
            
            
        
    
    








  
  
     The quality of microphone and speaker is amazing. I can easily use this without any trouble.  Call quality is good relative to my old smart watch. I love the nevigation feature and fully customised feature of main screen of watch. Bluetooth connectivity is very fast. It Comes with fast charging support and long-lasting battery backup. Its display response time is very less. It has fitness tracker which helps to know the heart rate, SPO2 and number of steps etc. Its detailings enhance the look and feel Comfortable. The watch strap is of good quality and seems long lasting.","['https://m.media-amazon.com/images/I/71AbnVjgdsL._SY88.jpg', 'https://m.media-amazon.com/images/I/71RH9ZVseYL._SY88.jpg']",2024-12-08,33,Colour: Active Black,
3,Boat lunar discovery,R16FB40V4EZ4N9,https://www.amazon.in/gp/customer-reviews/R16FB40V4EZ4N9/ref=cm_cr_othr_d_rvw_ttl?ie=UTF8&ASIN=B0DFYKMR8T,The watch is all over goodBut don't have calculater and games,[],2025-01-04,34,Colour: Active Black,
5,"""Boat Lunar Discovery Smartwatch: A Great Blend of Style and Innovation.""",R2V7X3ZUGXZI74,https://www.amazon.in/gp/customer-reviews/R2V7X3ZUGXZI74/ref=cm_cr_othr_d_rvw_ttl?ie=UTF8&ASIN=B0DFYKMR8T,"Battery backupI personally like the battery backup of this watch it last 5,6 days and if you are normal person then it can last up to a week also.Calling qualityIt is the best smartwatch for the calling you can call from your watch easily and pickup the call.The noise cancellation given in this watch is absolutely the best in this price range it almost reduces all the noisein the background.All the other sports features given in this watch works very well.User experience is also top notch.Best watch in this price range, Go for it.","['https://m.media-amazon.com/images/I/71nP4yNls0L._SY88.jpg', 'https://m.media-amazon.com/images/I/71wrMY55ejL._SY88.jpg']",2024-12-03,35,Colour: Active Black,
5,A Statement of Elegance and Functionality,R1BDIVT7DH0DAM,https://www.amazon.in/gp/customer-reviews/R1BDIVT7DH0DAM/ref=cm_cr_othr_d_rvw_ttl?ie=UTF8&ASIN=B0DFYKMR8T,"this smart watch isn’t just a piece of tech—it’s an accessory that reflects your personality. Its sleek, modern design is paired with interchangeable straps, allowing you to customize it for any occasion, from casual outings to formal events.While its looks are stunning, the technology behind it is equally impressive. The AI-powered activity tracking adapts to your habits, offering personalized suggestions to help you achieve your goals. Whether it’s reminding you to take a walk or encouraging you to wind down with a guided meditation, this smartwatch feels like it understands your needs.The interface is intuitive, making it easy to navigate between features like notifications, fitness tracking, and weather updates. It’s more than a smartwatch—it’s an expression of style and substance, seamlessly blending elegance with innovation.",['https://m.media-amazon.com/images/I/61aP9YW9WQL._SY88.jpg'],2024-12-14,36,Colour: Active Black,
5,good,R1VL6MVKM0YF61,https://www.amazon.in/gp/customer-reviews/R1VL6MVKM0YF61/ref=cm_cr_othr_d_rvw_ttl?ie=UTF8&ASIN=B0DFYKMR8T,"Recently have purchased boat lunar discover smartwatch and I'm impressed with the Boat Smartwatch! This affordable timepiece packs a punch with features like heart rate monitoring, GPS, and water resistance. The 1.6-inch curved touchscreen display is vibrant and responsive. Battery life is long lasting While app selection is limited, its fitness tracking and notification features shine. A great value-for-money option for fitness enthusiasts and budget-conscious buyers. The strength of the watch is very good. And the watch gives u perfect looks on your hands. Is sinus quality is awesome and feels comfortable on your hands",[],2024-12-23,37,Colour: Active Blue,
5,Classy and stylish look,R23KCRDB50UITU,https://www.amazon.in/gp/customer-reviews/R23KCRDB50UITU/ref=cm_cr_othr_d_rvw_ttl?ie=UTF8&ASIN=B0DFYKMR8T,"The media could not be loaded.
                
            
                
            
            
        
    
    








  
  
     The watch is really looking to classy and stylish. And its silicon belt makes it very comfortably fitted in hand. The sleep tracking of this watch is not that good but can say good as per the price. Additional to ordinary features, it has many more features too like navigation, QR backup for ease to share information, and timed weather reports. Also, the watch built quality makes it durable and the button with rotating dial makes it easy to use.The only 2 cons about the watch are its sleep tracking feature and the proximity response which is not that immediate but comparing the price and in range watches, all are having that cons; so, neglecting them as they are not even the point of much worry, I just loved the watch.","['https://m.media-amazon.com/images/I/61wlkMqfFVL._SY88.jpg', 'https://m.media-amazon.com/images/I/7178KDO7D7L._SY88.jpg']",2024-12-25,38,Colour: Brown,
5,Good,R369QMP50LHN9T,https://www.amazon.in/gp/customer-reviews/R369QMP50LHN9T/ref=cm_cr_othr_d_rvw_ttl?ie=UTF8&ASIN=B0DFYKMR8T,"Turn Navigation is a standout feature, making it perfect for outdoor activities and travel. The DIY Watch Face Studio adds a personal touch, letting users customize their watch to reflect their personality.Bluetooth calling and Emergency SOS make it a practical choice for daily use, while the QR Tray ensures quick access to essential codes. The premium design shows its quality.The lightweight Active Black design is sleek and modern, suitable for both men and women",[],2024-12-30,39,Colour: Active Black,
5,Good,RALNF3YEDC5B,https://www.amazon.in/gp/customer-reviews/RALNF3YEDC5B/ref=cm_cr_othr_d_rvw_ttl?ie=UTF8&ASIN=B0DFYKMR8T,"1: This watch build quality is good and durable.2: Design Is Fabolus.I am Love the design, this is very attractive and cool design with round dial and colour combination is active blue is also good.3: Strap Is very smooth,comfortable and durable.4: Battery Backup is little bit good.I have not charged till yet and current battery is 10%5: Amoled display Is very awsome with always on display feature.I think this is good at all.6: This watch screen size is enough.7: Sound quality is good of calling.8: All sensor is working properly.I think this is best product in this price point.I am personally recommend it.","['https://m.media-amazon.com/images/I/714GGLvIjOL._SY88.jpg', 'https://m.media-amazon.com/images/I/71BVE+Gq7CL._SY88.jpg', 'https://m.media-amazon.com/images/I/71nWlZtuwlL._SY88.jpg', 'https://m.media-amazon.com/images/I/71r+j5hv5GL._SY88.jpg', 'https://m.media-amazon.com/images/I/71xg1+-3b3L._SY88.jpg']",2024-12-16,40,Colour: Active Blue,
5,Good,R1W5PKU54GR8QL,https://www.amazon.in/gp/customer-reviews/R1W5PKU54GR8QL/ref=cm_cr_othr_d_rvw_ttl?ie=UTF8&ASIN=B0DFYKMR8T,,['https://m.media-amazon.com/images/I/61y-+kFb7lL._SY88.jpg'],2025-01-17,73,Colour: Brown,
5,5,RH2SJOLZ79XB3,https://www.amazon.in/gp/customer-reviews/RH2SJOLZ79XB3/ref=cm_cr_othr_d_rvw_ttl?ie=UTF8&ASIN=B0DFYKMR8T,Excellent,['https://m.media-amazon.com/images/I/71U33o-S8fL._SY88.jpg'],2025-01-10,74,Colour: Black Metal,
3,Brightness and sharpeness.,RNODF7IVJZ6BM,https://www.amazon.in/gp/customer-reviews/RNODF7IVJZ6BM/ref=cm_cr_othr_d_rvw_ttl?ie=UTF8&ASIN=B0DFYKMR8T,Brightness and sharpeness are less compared to watch which comes in same price range,[],2024-12-22,75,Colour: Black Metal,
5,Best smart watch,R3U2V82D2FH1XQ,https://www.amazon.in/gp/customer-reviews/R3U2V82D2FH1XQ/ref=cm_cr_othr_d_rvw_ttl?ie=UTF8&ASIN=B0DFYKMR8T,"The boAt Lunar Discovery smartwatch is a game-changer in wearable technology. Featuring a stunning 1.39"" (3.5 cm) HD display, it delivers crystal-clear visuals, making it perfect for both everyday use and fitness tracking. The turn-by-turn navigation ensures you never lose your way, whether you're exploring new trails or navigating urban streets. Its DIY watch face customization adds a personal touch, allowing users to reflect their style effortlessly. With a sleek design and advanced features, it blends innovation and style seamlessly. Perfect for fitness enthusiasts and tech lovers alike, the boAt Lunar Discovery is a reliable and feature-packed smartwatch that stands out in its class.","['https://m.media-amazon.com/images/I/61Vd2F0Z6pL._SY88.jpg', 'https://m.media-amazon.com/images/I/61os4WElRXL._SY88.jpg']",2024-11-23,76,Colour: Active Black,
5,Perfect Sports Watch,R8IU3OXIY7UM1,https://www.amazon.in/gp/customer-reviews/R8IU3OXIY7UM1/ref=cm_cr_othr_d_rvw_ttl?ie=UTF8&ASIN=B0DFYKMR8T,"Was Looking for a Fitness watch for a long time and have to say this watch serves the purpose in the best way than any other watch can in this price segment.The watch App Offers easy and Flawless Experience And Offers a large number of watch Faces To choose from. Heart Beat Monitor And SpO2 Monitor seems to Offer Pretty accurate statistics.Watch Also comes with good Number of Inbuilt workout modes for the Gym Enthusiasts.Overall, a very good choice for people looking for a smart watch in this price Bracket.","['https://m.media-amazon.com/images/I/715Tq3jxG1L._SY88.jpg', 'https://m.media-amazon.com/images/I/71PlcFy0GQL._SY88.jpg', 'https://m.media-amazon.com/images/I/71SilNmpAaL._SY88.jpg']",2024-12-10,77,Colour: Mint Green,
5,Good,R2USWXA9CR7PA6,https://www.amazon.in/gp/customer-reviews/R2USWXA9CR7PA6/ref=cm_cr_othr_d_rvw_ttl?ie=UTF8&ASIN=B0DFYKMR8T,"I like black color.Notification and screen size is big n perfect .Good design n fit.it looks premium quality watch.black suits on my wrist.Working all features ..comes with warranty card. Super look and great features..fast connectivity and charging is also fine and fast . Nit heavy weight .I would love to wear with some other straps . It's best gifted product,I bought this watch to gift my friend. I have great experience since 7 days",['https://m.media-amazon.com/images/I/7142K4feVVL._SY88.jpg'],2024-12-15,78,Colour: Active Black,
5,Awesome,R3NU1PMDENSBJZ,https://www.amazon.in/gp/customer-reviews/R3NU1PMDENSBJZ/ref=cm_cr_othr_d_rvw_ttl?ie=UTF8&ASIN=B0DFYKMR8T,"This boat smartwatch is good to have in this range as it provides many features like foot steps, oxymeter, blood pressure, heart rate, bluetooth calling and many more. This is really good if you want to keep track of our body fitness. It's battery life is long. The main thing of this watch is it gives classy look as it's round dial is amazing with slightly grey border and it's display size is aroung 3.5 cm which is also good. It is comfortable to wear as it's strap is soft.","['https://m.media-amazon.com/images/I/71KCV4d3O7L._SY88.jpg', 'https://m.media-amazon.com/images/I/81GCplV-+yL._SY88.jpg', 'https://m.media-amazon.com/images/I/81lXqSZioIL._SY88.jpg']",2024-11-26,79,Colour: Active Blue,
5,Value of Money,R1458A7YMU3X18,https://www.amazon.in/gp/customer-reviews/R1458A7YMU3X18/ref=cm_cr_othr_d_rvw_ttl?ie=UTF8&ASIN=B0DFYKMR8T,"I really like the boAt Lunar Discovery smartwatch. The 1.39 HD display is clear and easy to see even outside. The turn-by-tarn navigation is very useful, and I enjoy using the DIY Watch Face Studio to make the watch look how I want. Bluetooth calling works well, and the Emergency SOS features makes me feel safe The brown strap is comfty and looks good with anything. Overall this smartwatch has all the features I need and is a great deal for the price highly recommend it.","['https://m.media-amazon.com/images/I/41mk++ckjxL._SY88.jpg', 'https://m.media-amazon.com/images/I/51lMZ1hgQaL._SY88.jpg', 'https://m.media-amazon.com/images/I/51oRzQ9sy+L._SY88.jpg', 'https://m.media-amazon.com/images/I/61MqlQelesL._SY88.jpg']",2024-12-16,80,Colour: Brown,
5,Good,R2EJSRI9Q51USV,https://www.amazon.in/gp/customer-reviews/R2EJSRI9Q51USV/ref=cm_cr_othr_d_rvw_ttl?ie=UTF8&ASIN=B0DFYKMR8T,at 1500 this is a steal and a must buy considering the nearest competition with one year warranty costs 5000 ...i am new to this smart era since i belong to 1990s and i did some blunders but this one is accurate as a health watch and after one day of rigorous usage the battery is at 86 % ...no issues with connectivity etc ....i am keeping this one and forgetting about the more expensive ones ...recommended to the post y2k generation,['https://m.media-amazon.com/images/I/41DB2wjeWPL._SY88.jpg'],2024-12-25,41,Colour: Active Black,
3,Looks good.,R2T91FM71W5PU4,https://www.amazon.in/gp/customer-reviews/R2T91FM71W5PU4/ref=cm_cr_othr_d_rvw_ttl?ie=UTF8&ASIN=B0DFYKMR8T,Good looking. Quality feels okay. The dial is plastic and strap is rubber. On the image it looks like metal. The only bad thing I felt was It syncs only upto 20 contacts.,"['https://m.media-amazon.com/images/I/612FCrshLyL._SY88.jpg', 'https://m.media-amazon.com/images/I/61rxhFH67AL._SY88.jpg', 'https://m.media-amazon.com/images/I/7194B8AyxuL._SY88.jpg']",2024-12-17,42,Colour: Brown,
5,Great product,RR3RVIO9CRQB,https://www.amazon.in/gp/customer-reviews/RR3RVIO9CRQB/ref=cm_cr_othr_d_rvw_ttl?ie=UTF8&ASIN=B0DFYKMR8T,Im using it sins 3 years and working flawless,[],2025-01-10,43,,
5,A Must-Have Smartwatch for Everyday Use,R31XM0T1WX522I,https://www.amazon.in/gp/customer-reviews/R31XM0T1WX522I/ref=cm_cr_othr_d_rvw_ttl?ie=UTF8&ASIN=B0DFYKMR8T,"This smartwatch has truly elevated my daily routine. Its intuitive interface and seamless connectivity with my phone make managing calls, messages, and app notifications a breeze. I’m particularly impressed by the fitness tracking features—it monitors everything from steps and calories to heart rate and even stress levels with surprising accuracy. The built-in workout modes cater to various activities, keeping me motivated to stay active.The battery life is phenomenal; it lasts several days on a single charge, even with frequent use. The build quality is excellent, with a sturdy frame and a comfortable strap that doesn’t irritate my skin. The water-resistant design is a lifesaver, as I don’t have to worry about wearing it during workouts or in the rain.Overall, this smartwatch strikes the perfect balance between functionality, durability, and style. Whether you’re a fitness enthusiast or just want a reliable companion for your day-to-day activities, this is a fantastic choice!",['https://m.media-amazon.com/images/I/61y5RlJbKjL._SY88.jpg'],2024-12-03,44,Colour: Active Black,
5,Bridging Health and Productivity Like Never Before,RLLXSDPODO6YS,https://www.amazon.in/gp/customer-reviews/RLLXSDPODO6YS/ref=cm_cr_othr_d_rvw_ttl?ie=UTF8&ASIN=B0DFYKMR8T,"lunar discovery redefines what it means to multitask effectively. This device is a rare combination of productivity-enhancing tools and health monitoring features that ensure you’re performing at your best.The mindfulness reminders and stress management tools have become integral to my day. They encourage me to take brief breaks and focus on my mental well-being, which significantly impacts my productivity. The smart alarm is another favorite—it wakes me during the lightest sleep phase, leaving me refreshed and ready to tackle the day.On the productivity side, the smartwatch handles notifications, calls, and emails with ease. Its intuitive design ensures I stay connected without feeling overwhelmed. For anyone looking to strike a balance between work and wellness, this smartwatch delivers beyond expectations",['https://m.media-amazon.com/images/I/71pybkLE4IL._SY88.jpg'],2024-12-13,45,Colour: Active Black,
5,good quality,R2XHFPFS26M19V,https://www.amazon.in/gp/customer-reviews/R2XHFPFS26M19V/ref=cm_cr_othr_d_rvw_ttl?ie=UTF8&ASIN=B0DFYKMR8T,"The media could not be loaded.
                
            
                
            
            
        
    
    








  
  
     Boat Lunar discovery Features like turn-by-turn navigation are really helpful for walking or cycling, and Bluetooth calling makes it easy to take quick calls, speaker and mic works quite well. The option to customize watch faces adds a fun personal touch, while fitness tracking like step counting and heart rate monitoring works well for daily use. Battery life is good, lasting about 5-6 days on a single charge, totally depends on usage though. Strap is of high quality and feels good in hand, it’s a reliable smartwatch for everyday use.",[],2024-12-16,46,Colour: Active Blue,
5,Good,R2ZQSZNWD74ZD,https://www.amazon.in/gp/customer-reviews/R2ZQSZNWD74ZD/ref=cm_cr_othr_d_rvw_ttl?ie=UTF8&ASIN=B0DFYKMR8T,"This is an outstanding smartwatch with a stunning 2.01"" HD display and 550 nits peak brightness, perfect for vibrant visuals. It excels with features like turn-by-turn navigation, emergency SOS, and QR Code Hub for enhanced convenience. With 700+ active modes, live sports scores, built-in games, and IP67 resistance, it's ideal for any lifestyle. Enjoy seamless Bluetooth calling and the versatile Crest+ OS, making it a top choice for both men and women. Charging magnets are really good. Strap quality is also very nice and comfortable to wear.🤟🏻",[],2024-12-23,47,Colour: Active Blue,
5,My first review,R167PVZ8S5DIFV,https://www.amazon.in/gp/customer-reviews/R167PVZ8S5DIFV/ref=cm_cr_othr_d_rvw_ttl?ie=UTF8&ASIN=B0DFYKMR8T,I like the overall quality of this product. This is my first day of use. And I will edit this review after one month of use.,[],2025-01-16,48,Colour: Active Black,
5,Fantastic purchase,R79GI34DQSRQU,https://www.amazon.in/gp/customer-reviews/R79GI34DQSRQU/ref=cm_cr_othr_d_rvw_ttl?ie=UTF8&ASIN=B0DFYKMR8T,"Exceptional Performance with Stunning FeaturesThe boAt Lunar Discovery smartwatch in Active Black is an absolute gem! The 1.39-inch HD display is vibrant and clear, offering an excellent viewing experience. The turn-by-turn navigation feature is incredibly handy for outdoor activities, ensuring you never lose your way.The DIY Watch Face Studio is a game-changer, allowing you to personalize the watch to suit your style. Bluetooth calling works seamlessly, with crystal-clear audio quality. The addition of Emergency SOS and a QR Tray is practical and thoughtful, adding a layer of safety and convenience.It’s suitable for both men and women, and its sleek design makes it a perfect accessory for any outfit. This smartwatch is a powerhouse of functionality and style, truly worth every penny! Highly recommended for tech enthusiasts and fitness lovers alike.","['https://m.media-amazon.com/images/I/610Kk9uZ36L._SY88.jpg', 'https://m.media-amazon.com/images/I/61Vfx6Mad8L._SY88.jpg']",2024-11-26,65,Colour: Active Black,
4,Nice product,R1CFEZ7PS1N0BB,https://www.amazon.in/gp/customer-reviews/R1CFEZ7PS1N0BB/ref=cm_cr_othr_d_rvw_ttl?ie=UTF8&ASIN=B0DFYKMR8T,The media could not be loaded.,[],2024-11-17,66,Colour: Brown,
5,Looking good,R3C71GUNKDL486,https://www.amazon.in/gp/customer-reviews/R3C71GUNKDL486/ref=cm_cr_othr_d_rvw_ttl?ie=UTF8&ASIN=B0DFYKMR8T,"The Boat Lunar Discovery Smart Watch excels with smooth performance, accurate fitness tracking, and a sleek design. Its vibrant display, comfortable fit, and extensive features, including notifications and customizable watch faces, make it ideal for any occasion. With impressive battery life, it's a top choice for a stylish, reliable wearable.",['https://m.media-amazon.com/images/I/41+rWK2etWL._SY88.jpg'],2024-12-30,67,Colour: Active Black,
5,Amazing,RH09PT3QYGYGP,https://www.amazon.in/gp/customer-reviews/RH09PT3QYGYGP/ref=cm_cr_othr_d_rvw_ttl?ie=UTF8&ASIN=B0DFYKMR8T,"I received this watch recently, this watch gets fully charged in max 2 hours and now on its battery life looks good. Its round is of 3.5 cm which is quite good. I purchased active blue color watch and its dial comes with slightly grey border which makes it classy. Also it gives good cound of indoor and outdoor steps. Very easy to connect with mobile app. Even it's strap is comfortable you won't feel uncomfortable after wearing it. It contains many features like blood pressure, step counts, oxymeter and heart rate also. Overall it is of good quality in this range.","['https://m.media-amazon.com/images/I/615eqzc1W7L._SY88.jpg', 'https://m.media-amazon.com/images/I/71CwiMnVf7L._SY88.jpg']",2024-11-22,68,Colour: Active Blue,
5,Great product,ROROSUFDVBI4F,https://www.amazon.in/gp/customer-reviews/ROROSUFDVBI4F/ref=cm_cr_othr_d_rvw_ttl?ie=UTF8&ASIN=B0DFYKMR8T,"Loved the product it has a nice build quality, easy to use and fits perfectly in your wrist, the touch response is quiet fast and easy to connect to your phone and also has a good battery backup. The Charging Speed is very fast and is ready to use even if you charge for 10 minutes. Very Durable and it also tracks sleep to a good level. Awesome Watch for daily use.","['https://m.media-amazon.com/images/I/61LlhoRgHpL._SY88.jpg', 'https://m.media-amazon.com/images/I/71P-bSLwq8L._SY88.jpg']",2024-12-17,69,Colour: Active Black,
5,Good,R3VYSJAYFAWR6B,https://www.amazon.in/gp/customer-reviews/R3VYSJAYFAWR6B/ref=cm_cr_othr_d_rvw_ttl?ie=UTF8&ASIN=B0DFYKMR8T,Nice product,[],2025-01-16,70,Colour: Active Black,
5,Good screen quality and features,R1HBB7R1YLYCH9,https://www.amazon.in/gp/customer-reviews/R1HBB7R1YLYCH9/ref=cm_cr_othr_d_rvw_ttl?ie=UTF8&ASIN=B0DFYKMR8T,I like the design and features of this smartwatch. This watch is having good quality dial and strap. It's display is bright enough for me. It can easily connect with my device.,['https://m.media-amazon.com/images/I/61-kMOrSf5L._SY88.jpg'],2025-01-01,71,Colour: Active Black,
5,Good,ROD23XU09MKF9,https://www.amazon.in/gp/customer-reviews/ROD23XU09MKF9/ref=cm_cr_othr_d_rvw_ttl?ie=UTF8&ASIN=B0DFYKMR8T,"The design of this watch is great and it gives a premium look. It has essential features like calls, notifications, messaging and health monitoring. It connects easily. It's battery comes with fast charging and lasts for a long time. The display quality of this smart watch is good and it is scratch resistant. It is very comfortable to wear. It's color is also good. The sound quality is also good",['https://m.media-amazon.com/images/I/31AM5pLMYhL._SY88.jpg'],2024-12-24,72,Colour: Active Black,
5,Got the best watch with in my budget fully satisfied.,R77QHR5IW61LA,https://www.amazon.in/gp/customer-reviews/R77QHR5IW61LA/ref=cm_cr_othr_d_rvw_ttl?ie=UTF8&ASIN=B0DFYKMR8T,"This smartwatch is light weighted and very comfortable, even wearing all the day doesn't having any irritation or sweating.There are several variants in this model but  i liked black with metal strap, i prefer this strap it is more comfortable than silicon strap which is comfortable for women.The watch comes with 85 percentage charged before shipping I charged for 5 to 10 minutes to get full charge with my 0.6A adapter.It takes up to 1hour to completely charge the watch with my 0.6A adapter, if i use more capacity charger it will take less timeThe design is very common but the features are very impressive for this price range, the daily fitness challenges made me more active in workouts and regular walks/runs.The daily activity updates helps me to get better in certain areas to make me fit and healthy.This smart watch has almost all features that a premium smart watch has with this price range.The navigation, SOS feature and custom remainders are the highlights in this model remaining features are having most of the smart watches.With Bluetooth calling the battery backup comes 4 days, with only notifications and using other features the battery lasts for 7 days based on brightness level. Boat coins motivates me to reach the specified target for the month.Only privacy lock is missing with this feature we can said it is the premium smart watch.I used more than five smart watches but not satisfied with this price i got all the features i want i am really satisfied with the performance and features.","['https://m.media-amazon.com/images/I/61+Wq7KwkpL._SY88.jpg', 'https://m.media-amazon.com/images/I/612QJofUtfL._SY88.jpg', 'https://m.media-amazon.com/images/I/61MPdcWgTWL._SY88.jpg', 'https://m.media-amazon.com/images/I/61QoVEr7FXL._SY88.jpg', 'https://m.media-amazon.com/images/I/61g5JU6O2uL._SY88.jpg', 'https://m.media-amazon.com/images/I/61kjWUHKk1L._SY88.jpg', 'https://m.media-amazon.com/images/I/71HUW5+nuOL._SY88.jpg']",2024-12-19,17,Colour: Black Metal,
5,Excellent watch⌚,RLTBQYW14GYOI,https://www.amazon.in/gp/customer-reviews/RLTBQYW14GYOI/ref=cm_cr_othr_d_rvw_ttl?ie=UTF8&ASIN=B0DFYKMR8T,"Excellent watch I ever have in my life.The boAt Lunar Discovery Smartwatch is an excellent blend of functionality and style, offering a 1.39"" HD display that delivers crisp visuals. Its Turn-by-Turn Navigation is a standout feature, making it perfect for outdoor activities and travel. The DIY Watch Face Studio adds a personal touch, letting users customize their watch to reflect their personality.Bluetooth calling and Emergency SOS make it a practical choice for daily use, while the QR Tray ensures quick access to essential codes. The premium design shows its quality.The lightweight Active Black design is sleek and modern, suitable for both men and women.Battery life is decent, although heavy usage might require frequent recharging.All day working Overall, it’s a versatile smartwatch with excellent features for its price.It's easily fit on every one's hand with excellent confort","['https://m.media-amazon.com/images/I/71RlVegi2zL._SY88.jpg', 'https://m.media-amazon.com/images/I/71WTjzfPhxL._SY88.jpg', 'https://m.media-amazon.com/images/I/81HI5tV6D7L._SY88.jpg']",2024-12-28,18,Colour: Active Black,
5,amazing product with this price,R3Q01ESQ65T97P,https://www.amazon.in/gp/customer-reviews/R3Q01ESQ65T97P/ref=cm_cr_othr_d_rvw_ttl?ie=UTF8&ASIN=B0DFYKMR8T,"The boAt Lunar Discovery smartwatch is a great blend of style and functionality, perfect for both men and women. Its 1.39"" HD display is sharp and vibrant, and the sleek Active Black design suits any occasion. Features like turn-by-turn navigation, DIY watch face customization, Bluetooth calling, and Emergency SOS make it very versatile. The navigation is accurate, calls are clear, and customizing the watch face is fun and easy. It’s comfortable to wear all day, and the battery lasts 3-4 days with moderate use. While the battery could be better for heavy usage and the app interface could improve, it’s still an excellent choice for anyone looking for a stylish, feature-packed smartwatch at an affordable price.","['https://m.media-amazon.com/images/I/61UiGgQUlYL._SY88.jpg', 'https://m.media-amazon.com/images/I/61cl40Sjd3L._SY88.jpg']",2024-12-28,19,Colour: Active Black,
4,Value for money,ROOG5JY6QJNQY,https://www.amazon.in/gp/customer-reviews/ROOG5JY6QJNQY/ref=cm_cr_othr_d_rvw_ttl?ie=UTF8&ASIN=B0DFYKMR8T,,['https://m.media-amazon.com/images/I/61Q0WrupvhL._SY88.jpg'],2024-12-03,20,Colour: Active Blue,
5,Good Product Looks good in hand,R3RBLLZNGEVMAK,https://www.amazon.in/gp/customer-reviews/R3RBLLZNGEVMAK/ref=cm_cr_othr_d_rvw_ttl?ie=UTF8&ASIN=B0DFYKMR8T,"I've been using the Boat Watch for a couple of weeks now, and I must say, it's exceeded my expectations. The design is sleek and comfortable to wear all day. The display is crisp and clear, even in bright sunlight. The display is vibrant and responsive, and the touch interface works seamlessly.I love the fitness tracking features – they are accurate and motivate me to stay active. The heart rate monitor and SpO2 tracking are impressive additions at this price point. The battery life is excellent; I only need to charge it once every 6-7 days.The Bluetooth connectivity is seamless, and notifications sync perfectly with my phone. It’s packed with customization options, including watch faces that suit my style.One of my favorite features is the Bluetooth calling—it’s super convenient to take calls directly from my wrist. Notifications are clear","['https://m.media-amazon.com/images/I/51RUmeC6RBL._SY88.jpg', 'https://m.media-amazon.com/images/I/51TKuLP74hL._SY88.jpg', 'https://m.media-amazon.com/images/I/51h-jlU8iUL._SY88.jpg', 'https://m.media-amazon.com/images/I/61AAJ0EnLpL._SY88.jpg']",2024-12-20,21,Colour: Active Black,
5,Features are best,RQ9SXFZ8PX7P9,https://www.amazon.in/gp/customer-reviews/RQ9SXFZ8PX7P9/ref=cm_cr_othr_d_rvw_ttl?ie=UTF8&ASIN=B0DFYKMR8T,"Great watch, value for money. All features are good specially with navigation in this price. Go for it",['https://m.media-amazon.com/images/I/61tgEao2w5L._SY88.jpg'],2025-01-06,22,Colour: Active Black,
3,Average product,R3OV9RB9UGDK85,https://www.amazon.in/gp/customer-reviews/R3OV9RB9UGDK85/ref=cm_cr_othr_d_rvw_ttl?ie=UTF8&ASIN=B0DFYKMR8T,,"['https://m.media-amazon.com/images/I/715IP-UmyVL._SY88.jpg', 'https://m.media-amazon.com/images/I/71ZNMVYU1nL._SY88.jpg', 'https://m.media-amazon.com/images/I/71hGeU+SWLL._SY88.jpg']",2025-01-17,23,Colour: Active Black,
5,A Statement of Elegance and Functionality,R392WJQ14X4WWS,https://www.amazon.in/gp/customer-reviews/R392WJQ14X4WWS/ref=cm_cr_othr_d_rvw_ttl?ie=UTF8&ASIN=B0DFYKMR8T,"this smart watch isn’t just a piece of tech—it’s an accessory that reflects your personality. Its sleek, modern design is paired with interchangeable straps, allowing you to customize it for any occasion, from casual outings to formal events.While its looks are stunning, the technology behind it is equally impressive. The AI-powered activity tracking adapts to your habits, offering personalized suggestions to help you achieve your goals. Whether it’s reminding you to take a walk or encouraging you to wind down with a guided meditation, this smartwatch feels like it understands your needs.The interface is intuitive, making it easy to navigate between features like notifications, fitness tracking, and weather updates. It’s more than a smartwatch—it’s an expression of style and substance, seamlessly blending elegance with innovation.",[],2024-12-17,24,Colour: Active Black,
4,A Value-for-Money Choice,R2ESEJ3IJUDTAD,https://www.amazon.in/gp/customer-reviews/R2ESEJ3IJUDTAD/ref=cm_cr_othr_d_rvw_ttl?ie=UTF8&ASIN=B0DFYKMR8T,"I purchased the boAt Lunar Discovery Smartwatch from Amazon and have been using it for over three months. I intentionally delayed my review to thoroughly test its daily performance, especially its turn-by-turn navigation system.Design & BuildThe watch has a sleek and stylish design, making it a great fit for everyone. It looks premium on the wrist and is comfortable for daily wear.Performance & FeaturesOne of the standout features is its turn-by-turn navigation, which works seamlessly and enhances the overall experience. The smartwatch offers smooth performance in daily use, handling notifications, fitness tracking, and connectivity efficiently.Battery LifeWith Bluetooth connectivity enabled, the battery lasts around 4-5 days, and in basic mode, it can extend up to 15 days, making it highly reliable.Final VerdictFor its price, the boAt Lunar Discovery delivers exceptional value with its stylish design, reliable performance, and useful features. I have rated it 4 stars, as there is always room for minor improvements.If you’re looking for a budget-friendly smartwatch with great functionality, this is a solid choice!",[],2025-01-29,9,Colour: Active Black,
4,Value for money,R3O3B3YLJYZDPQ,https://www.amazon.in/gp/customer-reviews/R3O3B3YLJYZDPQ/ref=cm_cr_othr_d_rvw_ttl?ie=UTF8&ASIN=B0DFYKMR8T,"Has all the good features and screen is a little dull,but worth for the money",['https://m.media-amazon.com/images/I/71QRW2s7EVL._SY88.jpg'],2025-01-23,10,Colour: Active Black,
4,Nice watch,RCHM2GKK6IHU9,https://www.amazon.in/gp/customer-reviews/RCHM2GKK6IHU9/ref=cm_cr_othr_d_rvw_ttl?ie=UTF8&ASIN=B0DFYKMR8T,Nice watch,[],2025-01-22,11,Colour: Active Black,
4,All over ok. In this price,R3U5T568O8X2SP,https://www.amazon.in/gp/customer-reviews/R3U5T568O8X2SP/ref=cm_cr_othr_d_rvw_ttl?ie=UTF8&ASIN=B0DFYKMR8T,I like this....,['https://m.media-amazon.com/images/I/61fiyX4et8L._SY88.jpg'],2025-01-19,12,Colour: Active Blue,
4,Sexy product,R1ZSI7WDXURNCK,https://www.amazon.in/gp/customer-reviews/R1ZSI7WDXURNCK/ref=cm_cr_othr_d_rvw_ttl?ie=UTF8&ASIN=B0DFYKMR8T,Awesome watch..most easy and adjustable product.,[],2024-12-23,13,Colour: Black Metal,
4,Stylish and functional,R3VGW6DEE63MC1,https://www.amazon.in/gp/customer-reviews/R3VGW6DEE63MC1/ref=cm_cr_othr_d_rvw_ttl?ie=UTF8&ASIN=B0DFYKMR8T,"This watch impress with its ergonomic design and vibrant display with extensive fitness tracking features. The battery life is avarage. Scratch resistant screen. One of the unique features, that I like is all health tracking functions record data with 7 days history.",['https://m.media-amazon.com/images/I/61qsoHUCuWL._SY88.jpg'],2024-12-07,14,Colour: Black Metal,
5,The Ultimate Tech Companion,R16B9UAW9TZGYB,https://www.amazon.in/gp/customer-reviews/R16B9UAW9TZGYB/ref=cm_cr_othr_d_rvw_ttl?ie=UTF8&ASIN=B0DFYKMR8T,"This Smart watch has genuinely impressed me with its blend of cutting-edge technology, sleek design, and practical functionality. It’s more than just a timepiece; it’s a lifestyle enhancer that keeps me organized, motivated, and stylish.Design and Build QualityThe craftsmanship of this product is outstanding. Its minimalist yet futuristic design makes it a perfect accessory for both formal and casual occasions. The vibrant AMOLED display is stunning, with excellent brightness and sharpness that make it easy to read in any lighting condition. The interchangeable straps add versatility, letting you customize your look effortlessly.Health and Fitness FeaturesThis smartwatch takes wellness tracking to a whole new level. From heart rate monitoring and blood oxygen measurement to sleep analysis and stress management, it has all the tools you need to prioritize your health. The step counter and multi-sport tracking modes are incredibly accurate, catering to activities ranging from yoga to high-intensity workouts. What sets it apart is the AI-powered health insights, which provide personalized recommendations based on your data.Productivity on Your WristStaying productive is easier than ever with this smartwatch. The notification system is seamless, allowing you to read messages, respond to calls, and even set quick reminders without reaching for your phone. The voice assistant is responsive and surprisingly efficient for managing tasks on the go.Battery and PerformanceBattery life is impressive, lasting up to 10 days on a single charge, even with moderate usage of features like GPS and continuous health monitoring. The fast-charging capability ensures you’re ready to go within an hour. Performance-wise, the smartwatch operates smoothly, with no lag while navigating menus or apps.",['https://m.media-amazon.com/images/I/61KrvdXsEVL._SY88.jpg'],2024-12-19,15,Colour: Brown,
5,"Stylish, fast charging, multiple features",R1DKEOQO77I662,https://www.amazon.in/gp/customer-reviews/R1DKEOQO77I662/ref=cm_cr_othr_d_rvw_ttl?ie=UTF8&ASIN=B0DFYKMR8T,"Its premium build quality and vibrant display are the first things you notice, exuding a sense of sophistication that elevates your style. Once you start exploring its features, you realize its potential to simplify your life in unimaginable ways.What truly sets this smartwatch apart is its focus on holistic wellness. The advanced sleep tracking doesn’t just measure your sleep cycles; it provides actionable insights to improve your rest. Its stress management tools, including guided breathing exercises and real-time stress level monitoring, make it feel like a mindfulness coach at your fingertips.Another standout feature is the offline music storage, which allows you to sync playlists and leave your phone behind during workouts. The accuracy of its fitness metrics, combined with over sports modes, means you’re always equipped to optimize your performance. Despite its extensive functionality, the battery life is remarkable, lasting several days without needing a recharge. It’s not just a gadget—it’s an investment in your well-being. I can easily use this without any trouble. Call quality is good relative to my old smart watch. I love the nevigation feature and fully customised feature of main screen of watch. Bluetooth connectivity is very fast. It Comes with fast charging support and long-lasting battery backup. Its display response time is very less. It has fitness tracker which helps to know the heart rate, SPO2 and number of steps etc. Its detailings enhance the look and feel Comfortable. The watch strap is of good quality and seems long lasting","['https://m.media-amazon.com/images/I/61Te9ZFORKL._SY88.jpg', 'https://m.media-amazon.com/images/I/61i7ruGutfL._SY88.jpg', 'https://m.media-amazon.com/images/I/61oQ4D8SfcL._SY88.jpg']",2024-12-23,16,Colour: Brown,
3,Not accurate for Steps,R2ZRKFPN7WM0ZI,https://www.amazon.in/gp/customer-reviews/R2ZRKFPN7WM0ZI/ref=cm_cr_othr_d_rvw_ttl?ie=UTF8&ASIN=B0DFYKMR8T,"Hi,The watch steps increases when we go by scooter.  Ideally the steps should not be counted.That gives wrong count and reaches target easily.Thank you,Anil",[],2024-12-13,57,Colour: Active Blue,
5,Classy and vibrant,R3IPDD2SM9L0PQ,https://www.amazon.in/gp/customer-reviews/R3IPDD2SM9L0PQ/ref=cm_cr_othr_d_rvw_ttl?ie=UTF8&ASIN=B0DFYKMR8T,"I recently purchased the Lunar Discovery Smart Watch (Mint Green), and I'm really impressed! The 1.39"" HD display is clear and vibrant, making it easy to read notifications. The turn-by-turn navigation feature works smoothly, and I love the DIY Watch Face Studio to personalize my watch. Bluetooth calling is a great addition, allowing me to make calls directly from the watch. The Emergency SOS feature provides added peace of mind, and the QR tray makes syncing quick and simple. It's a stylish and functional watch that works well for both men and women.",[],2024-11-25,58,Colour: Mint Green,
5,Attractive design,R15J2SMSKVRT7F,https://www.amazon.in/gp/customer-reviews/R15J2SMSKVRT7F/ref=cm_cr_othr_d_rvw_ttl?ie=UTF8&ASIN=B0DFYKMR8T,"Charging fast , attractive fit smart watch have a accuracy in step and gym session, main plus point is navigation it's help alot during drive and have Water resistance. Smart looking watch strap quality and durability is good . Worthit for money , forcefully suggest boat watch, it's helpful alot during gym and other activities in our daily life",['https://m.media-amazon.com/images/I/51hQCYn3ZQL._SY88.jpg'],2024-12-27,59,Colour: Active Blue,
5,I loved round shape design,R1T6ECQT4VR4IA,https://www.amazon.in/gp/customer-reviews/R1T6ECQT4VR4IA/ref=cm_cr_othr_d_rvw_ttl?ie=UTF8&ASIN=B0DFYKMR8T,"A Perfect Companion for Your Active Lifestyle -Recently purchased this smart watch, and I am absolutely thrilled with my purchase! The design is sleek and modern, and the battery life is amazing. I can easily go a full day without needing to charge it. The fitness tracking features are also top-notch, and I love being able to track my steps, heart rate, and sleep patterns. The touch screen is responsive and easy to use, and I can quickly access my notifications and messages on the go. Overall, I would highly recommend this smart watch to anyone looking for a reliable and feature-packed device.","['https://m.media-amazon.com/images/I/61FqCjo9VfL._SY88.jpg', 'https://m.media-amazon.com/images/I/61yhL4v7GrL._SY88.jpg']",2024-11-21,60,Colour: Brown,
5,Affordables,R1R9RPOJB5YFME,https://www.amazon.in/gp/customer-reviews/R1R9RPOJB5YFME/ref=cm_cr_othr_d_rvw_ttl?ie=UTF8&ASIN=B0DFYKMR8T,"This smartwatch is affordable, perfect for tracking steps, heart rate, and sleep. It offers notifications for calls and messages, and has a decent battery life. The touchscreen is also decent and works well with both Android and iOS devices. It's a value for money product.",['https://m.media-amazon.com/images/I/41nfheYHDFL._SY88.jpg'],2024-12-31,61,Colour: Active Black,
5,Perfect smart watch,R2VE7S8J9JDQAF,https://www.amazon.in/gp/customer-reviews/R2VE7S8J9JDQAF/ref=cm_cr_othr_d_rvw_ttl?ie=UTF8&ASIN=B0DFYKMR8T,"This smartwatch with a calling feature is a great accessory for anyone looking to stay connected without needing their phone. While it has some limitations, the convenience and ease of use make it a worthwhile investment.Perfect for fitness enthusiasts who want to track their activities and stay connectedGreat for busy professionals who need to stay in touch on-the-goSuitable for anyone looking for a convenient, hands-free calling experience","['https://m.media-amazon.com/images/I/610QFAim83L._SY88.jpg', 'https://m.media-amazon.com/images/I/61EgTZrqjHL._SY88.jpg', 'https://m.media-amazon.com/images/I/61bZSV+0DtL._SY88.jpg']",2024-12-25,62,Colour: Active Black,
5,good,R2B941IT0C0PLV,https://www.amazon.in/gp/customer-reviews/R2B941IT0C0PLV/ref=cm_cr_othr_d_rvw_ttl?ie=UTF8&ASIN=B0DFYKMR8T,"Very good watch in this budget by boat.Battery life is around 4 days for me.Display is very good and brightness is upto the mark.I have bought rose gold colour and it looks awesome on hand.Boat crest app for this watch is also very easy to use and it's interface is also very smooth.Touch of the watch is also very smooth.I found the accuracy in spo2, and heart beats.Must buy watch in this budget",[],2024-12-20,63,Colour: Cherry Blossom,
5,Good look,R9LMLGA1BWW9K,https://www.amazon.in/gp/customer-reviews/R9LMLGA1BWW9K/ref=cm_cr_othr_d_rvw_ttl?ie=UTF8&ASIN=B0DFYKMR8T,"The boAt Lunar Discovery smartwatch in Active Blue is a fantastic companion for daily life and adventures. Its stunning 1.39-inch HD display delivers crisp visuals, and the DIY Watch Face Studio allows you to customize it to suit your style. The turn-by-turn navigation feature is incredibly useful for outdoor enthusiasts, and Bluetooth calling ensures you stay connected on the go. The Emergency SOS adds a layer of security, while the QR Tray makes sharing information seamless. With a sleek design and a wealth of features, it’s a great choice for both men and women. Highly recommended!",['https://m.media-amazon.com/images/I/61tJWeKAysL._SY88.jpg'],2024-11-25,64,Colour: Active Blue,
5,Redefining Wearable Technology for Modern Lifestyles,R292WRRJBM11E5,https://www.amazon.in/gp/customer-reviews/R292WRRJBM11E5/ref=cm_cr_othr_d_rvw_ttl?ie=UTF8&ASIN=B0DFYKMR8T,"This Smartwatch  is not just a piece of wearable tech—it’s an intelligent companion designed to seamlessly integrate into your daily routine. Its premium build quality and vibrant display are the first things you notice, exuding a sense of sophistication that elevates your style. Once you start exploring its features, you realize its potential to simplify your life in unimaginable ways.What truly sets this smartwatch apart is its focus on holistic wellness. The advanced sleep tracking doesn’t just measure your sleep cycles; it provides actionable insights to improve your rest. Its stress management tools, including guided breathing exercises and real-time stress level monitoring, make it feel like a mindfulness coach at your fingertips. Add to that hydration and activity reminders, and you’ve got a device that genuinely cares about your well-being.Another standout feature is the offline music storage, which allows you to sync playlists and leave your phone behind during workouts. The accuracy of its fitness metrics, combined with over sports modes, means you’re always equipped to optimize your performance. Despite its extensive functionality, the battery life is remarkable, lasting several days without needing a recharge. It’s not just a gadget—it’s an investment in your well-being",['https://m.media-amazon.com/images/I/61godYR3aNL._SY88.jpg'],2024-12-13,25,Colour: Active Black,
5,Must buy for feel good with many easily access of features.,RJ045JXHIEXAV,https://www.amazon.in/gp/customer-reviews/RJ045JXHIEXAV/ref=cm_cr_othr_d_rvw_ttl?ie=UTF8&ASIN=B0DFYKMR8T,"The boAt smartwatch is an excellent blend of style and functionality. Its sleek design, bright display, and customizable watch faces make it a trendy accessory. The watch offers accurate fitness tracking, including steps, heart rate, and sleep monitoring, making it ideal for health enthusiasts. Its battery life is impressive, lasting days on a single charge. Features like notifications, music control, and water resistance add to its utility. While some advanced features could be more refined, the boAt smartwatch delivers great value for its price, making it a solid choice for everyday use.",[],2024-12-07,26,Colour: Mint Green,
5,A Smartwatch That Elevates Professionalism and Productivity,R1Y3TF29YS7NCI,https://www.amazon.in/gp/customer-reviews/R1Y3TF29YS7NCI/ref=cm_cr_othr_d_rvw_ttl?ie=UTF8&ASIN=B0DFYKMR8T,"For those juggling hectic schedules and high demands, this Smartwatch  is a game-changer. It’s designed to help you manage your work-life balance without missing a beat. The elegant, minimalist design adds a professional touch, and its lightweight build ensures it’s comfortable to wear all day.One of its most impressive features is the calendar integration. With a quick glance at my wrist, I can see meeting reminders, deadlines, and event updates. It has transformed the way I handle my day, allowing me to stay on top of tasks with minimal effort. The voice-to-text feature is another highlight, enabling me to respond to messages or take notes without reaching for my phone.Surprisingly, the smartwatch doesn’t falter under heavy use. Notifications come through instantly, yet the interface is designed to minimize distractions. Even during meetings, I can discreetly check updates or control my presentation slides using the watch. The long-lasting battery is the cherry on top, ensuring I’m never caught off guard. This is more than a smartwatch; it’s a personal assistant on your wrist.",['https://m.media-amazon.com/images/I/71XDMmvOubL._SY88.jpg'],2024-12-13,27,Colour: Active Black,
5,Best Smartwatch,R2HFM0WOL5HWD9,https://www.amazon.in/gp/customer-reviews/R2HFM0WOL5HWD9/ref=cm_cr_othr_d_rvw_ttl?ie=UTF8&ASIN=B0DFYKMR8T,The quality of this boAt lunar discovery smart watch is very good. It also looks very good. After using it I am honestly giving a review that this watch is very attractive and also best in quality. The display quality of this boAt smart watch is amazing. The sensor of this watch also works very well. Along with its sensor its display sensitivity is also very good. The strap of this smart watch is made of silicon which is very soft and attractive. The display of this boAt lunar discovery watch is of HD quality which matches the brand of the watch. This is absolutely the best smartwatch. Thanks boAt.,['https://m.media-amazon.com/images/I/61lcfiIT2HL._SY88.jpg'],2024-12-03,28,Colour: Active Black,
5,The Watch - Best in the Market!!,R9BAEO8MOO95F,https://www.amazon.in/gp/customer-reviews/R9BAEO8MOO95F/ref=cm_cr_othr_d_rvw_ttl?ie=UTF8&ASIN=B0DFYKMR8T,"This is a versatile watch for your fitness , outdoor and indoor wear. It offers a range of good features like great design, amazing navigation system, functional crown with such a clear display. Main feature of BT calling is superb. Also offers a good battery Backup. The strap material is too handy. You will love this pruchase.One of my favourite gadgets of all time. This watch is just so amazing. Never thought i would get such a great deal with this many feature in a pocket friendly amount. Thank you boat for this fantastic product.","['https://m.media-amazon.com/images/I/61aI18POHRL._SY88.jpg', 'https://m.media-amazon.com/images/I/71JmydUAGKL._SY88.jpg', 'https://m.media-amazon.com/images/I/81EcdIrWXJL._SY88.jpg']",2024-12-11,29,Colour: Active Black,
5,Amazing watch,R17H2235P8HJOU,https://www.amazon.in/gp/customer-reviews/R17H2235P8HJOU/ref=cm_cr_othr_d_rvw_ttl?ie=UTF8&ASIN=B0DFYKMR8T,"I recently bought this amazing smartwatch, and it has far exceeded my expectations! The material is high-quality and soft. It offers a wide range of features while remaining easy to use. The battery life is impressive, lasting several days on a single charge. I'm especially impressed with the sleep tracking, which provides detailed insights into my sleep patterns. The heart rate monitor is accurate, and there are numerous workout trackers for different activities, making it perfect for an active lifestyle. I also love the options for both dynamic and static watch faces. Overall, this watch combines great functionality, ease of use, and durability Thankyou!",[],2024-12-28,30,Colour: Active Black,
5,Everything is good,R17XN7VCHF7Q9C,https://www.amazon.in/gp/customer-reviews/R17XN7VCHF7Q9C/ref=cm_cr_othr_d_rvw_ttl?ie=UTF8&ASIN=B0DFYKMR8T,"The smart watch is made with great quality material, everything is very good. It features a snug fit with changeable earbuds and ensures super-fast connectivity, making it a great value for the price.",[],2024-12-29,31,Colour: Active Black,
5,Nice,R1KA9PXZ3VK1CV,https://www.amazon.in/gp/customer-reviews/R1KA9PXZ3VK1CV/ref=cm_cr_othr_d_rvw_ttl?ie=UTF8&ASIN=B0DFYKMR8T,"Good fit and look.. Metal straps gripping great to my wrist. Working all features. Loved itI have used so many watch but this is best one because it's charging very fast and light weight.. Easy to carry anywhere.. Call recieving and can talk through watch, loved this feature much. It comes with warrantee card which is genuine thing about this brand. I am using since 10 days there is no issue.. It's vaulable one..",['https://m.media-amazon.com/images/I/41J+C5FHTjL._SY88.jpg'],2024-12-11,32,Colour: Black Metal,
