ratingScore,reviewTitle,reviewId,reviewUrl,reviewDescription,reviewImages,date,position,variant,totalCategoryRatings
5,Excellent products,R3JQY6EBN0HVFO,https://www.amazon.in/gp/customer-reviews/R3JQY6EBN0HVFO/ref=cm_cr_othr_d_rvw_ttl?ie=UTF8&ASIN=B0DS13WMCT,Excellent products,[],2025-01-26,1,Colour: Black,
5,Awesome watch,R2P420MAAIKGFY,https://www.amazon.in/gp/customer-reviews/R2P420MAAIKGFY/ref=cm_cr_othr_d_rvw_ttl?ie=UTF8&ASIN=B0DS13WMCT,Watch is very nice. I buy this Watch for my son and he is very happy after tie it..so go for it..budget frendly,[],2025-01-20,2,Colour: Black,
5,Good Product,RQQ1N92K0KFXX,https://www.amazon.in/gp/customer-reviews/RQQ1N92K0KFXX/ref=cm_cr_othr_d_rvw_ttl?ie=UTF8&ASIN=B0DS13WMCT,"Good Product.. Nice delivery on time easy to use.looks and functionality, charging n battery life is good.",[],2025-01-26,3,Colour: Black,
5,The watch is good 💯,R2DI5J5Z9TVJ7Q,https://www.amazon.in/gp/customer-reviews/R2DI5J5Z9TVJ7Q/ref=cm_cr_othr_d_rvw_ttl?ie=UTF8&ASIN=B0DS13WMCT,The watch is good for children and they liked it ☺️☺️,[],2025-01-27,4,Colour: Black,
5,Good product,R1UVJ58XOEUXXW,https://www.amazon.in/gp/customer-reviews/R1UVJ58XOEUXXW/ref=cm_cr_othr_d_rvw_ttl?ie=UTF8&ASIN=B0DS13WMCT,Good,['https://m.media-amazon.com/images/I/71IjX+7lfCL._SY88.jpg'],2025-01-24,5,Colour: Pink,
5,Comfort,R2UEO8H6SFY5CK,https://www.amazon.in/gp/customer-reviews/R2UEO8H6SFY5CK/ref=cm_cr_othr_d_rvw_ttl?ie=UTF8&ASIN=B0DS13WMCT,Comfort,[],2025-01-24,6,Colour: Pink,
5,Nice watch,R35E0PPZ2B6LHO,https://www.amazon.in/gp/customer-reviews/R35E0PPZ2B6LHO/ref=cm_cr_othr_d_rvw_ttl?ie=UTF8&ASIN=B0DS13WMCT,Nice watch all minimal features,['https://m.media-amazon.com/images/I/61+EMym19EL._SY88.jpg'],2025-01-20,7,Colour: Pink,
5,Nice product for kids and loving it.,R364J1TT7HTQ5B,https://www.amazon.in/gp/customer-reviews/R364J1TT7HTQ5B/ref=cm_cr_othr_d_rvw_ttl?ie=UTF8&ASIN=B0DS13WMCT,It is designed for kids and touch works properly.Wonderful watch ...Battery back up -10/10Screen smooth -9/10Quality -9.7/10In one word it is the beautiful,['https://m.media-amazon.com/images/I/61mBS6YL-VL._SY88.jpg'],2025-01-07,8,Colour: Pink,
5,Nice smart watch and affordable price,R155MGMAES5U5F,https://www.amazon.in/gp/customer-reviews/R155MGMAES5U5F/ref=cm_cr_othr_d_rvw_ttl?ie=UTF8&ASIN=B0DS13WMCT,"Nice smart watch according to this price, the product is goodI need to purchase everyone.The product is also good for children........",['https://m.media-amazon.com/images/I/61WKqPaP0uL._SY88.jpg'],2025-01-07,9,Colour: Pink,
