ratingScore,reviewTitle,reviewId,reviewUrl,reviewDescription,reviewImages,date,position,variant,totalCategoryRatings
5,One of a kind for sure,R136JKZX7QIA6G,https://www.amazon.in/gp/customer-reviews/R136JKZX7QIA6G/ref=cm_cr_othr_d_rvw_ttl?ie=UTF8&ASIN=B0CR3C4GNW,"Was this the smart watch one was waiting for, at this price point, over the last 2 years, when the smart watch market started to boom in India? Probably yes...Having tried a number of watches over the last 2 years, I was convinced, apart from Apple, Samsung and Garmin( although a different segment) , none of the others had a clue about what a specific group of target audience needed. They were all launching watches left, right and center with very little commitment to fitness. They were good looking watches, and they lured the masses. For me and maybe a few more, what is of prime importance in a smart watch? Here it is.1. Fitness accuracy and measurements of vitals2 Battery3 App, reports, integration with 3rd party fitness apps4 Display5 watch facesThe rest of the stuff doesn't really matter if these bases are covered. Unfortunately people are busy talking about looks and straps and missing out on the crucial features.One of the many watches I bought as a fitness enthusiastic guy was Titan traveler. Was good enough until a software update and it crashed. It still doesnt open. And i paid a bomb for it. They say they're working on it.Now this watch is amazing. Firstly, small display and very light and comfortable.Brilliant, reports, integration with major fitness apps, a zepp coach that designs programs based in your preference, super accurate, crisp AMOLED display , great battery life. I have all parameters turned on and it would run for a week, easily. Some great apps could be installed from the market, very very good watch faces, great customization. Amazfit knows the business. I used a amazfit Bip 5 before this and was a very good watch. Has a calendar that syns with google, readiness for training analysis. A pocket dynamo. Sunrise sunset app along with detailed weather for travellers. So I could go on and on.Ah yes, you can store music. Plenty of storage for music, apps and watch faces. There is a utility called watch storage on the store you can download. Shows you space available for each category. And the sound is crystal clear. Calls and music.If you have a budget, just go for it blindly. Trust me",[],2024-02-11,1,"Colour: Midnight Black, Style Name: Active",
4,"Value for Money, Decent Tracker, Could Do with Better Screen Brightness!",RQFSKYTW5ZVR3,https://www.amazon.in/gp/customer-reviews/RQFSKYTW5ZVR3/ref=cm_cr_othr_d_rvw_ttl?ie=UTF8&ASIN=B0CR3C4GNW,"Good things:1) Excellent and accurate step tracker for my routine workouts (outdoor, walking/running, badminton, cricket, tennis). Yet to try this in swimming though.2) Quality of belt or strap is good, no discomfort wearing for long hours or when there is sweating.3) Battery life holds up well - I have phone notifications disabled, getting 10+days on a full charge.4) Screen quality and touch response overall is quite good. The only issue I face is visibility in bright sunlight is a letdown.A couple of shortcomings:1) Day-time visibility -> Visibility in bright sunlight is a let-down. Could have been better.2) GPS connection prior to starting an outdoor workout (running/sports) often takes 15-30 seconds.So overall a good buy from my side, rating it a 4*!",[],2024-12-20,2,"Colour: Petal Pink, Style Name: Active",
5,Fantastic Smartwatch for the Price,RHM08MP9T40BD,https://www.amazon.in/gp/customer-reviews/RHM08MP9T40BD/ref=cm_cr_othr_d_rvw_ttl?ie=UTF8&ASIN=B0CR3C4GNW,"The media could not be loaded.
                
            
                
            
            
        
    
    








  
  
     I recently purchased the Amazfit Watch, and I must say it has exceeded my expectations in every way. Here's why I think it deserves a solid five-star review:1. Affordable Excellence: This smartwatch offers features comparable to much more expensive brands, making it an excellent value for money.2. Stylish Design: The Amazfit Watch boasts a sleek and modern design that looks great on your wrist. It's perfect for both casual and formal occasions.3. Impressive Battery Life: One of the standout features of this watch is its incredible battery life. I can easily go a week or more between charges, even with regular use.4. Accurate Fitness Tracking: The fitness tracking capabilities are on point. It accurately tracks my steps, heart rate, sleep patterns, and more. The accompanying app provides detailed insights into my health and fitness progress.5. Variety of Sports Modes: Whether you're into running, cycling, swimming, or other sports, this watch has a wide range of sports modes to track your activities effectively.6. Smart Notifications: It seamlessly connects to my smartphone, allowing me to receive notifications for calls, messages, and apps right on my wrist. It's incredibly convenient when I can't reach for my phone.7. Durable Build: The watch is built to last. It's water-resistant, so I can wear it in the rain or while swimming without worry. The screen is scratch-resistant, which is a big plus.8. Comfortable Fit: The watch feels comfortable on the wrist, even during long workouts or all-day wear. The strap is easily adjustable to fit any wrist size.9. User-Friendly Interface: Navigating through the watch's menus and features is intuitive, thanks to the responsive touchscreen and user-friendly interface.In conclusion, the Amazfit Watch offers unbeatable value for its price. It combines style, functionality, and durability into one impressive package. I highly recommend it to anyone in the market for a reliable and feature-packed smartwatch. This watch has truly made my life more convenient and healthier, and I couldn't be happier with my purchase!",[],2023-10-08,3,,
1,DO NOT BUY,R1P6H4HANKKZM,https://www.amazon.in/gp/customer-reviews/R1P6H4HANKKZM/ref=cm_cr_othr_d_rvw_ttl?ie=UTF8&ASIN=B0CR3C4GNW,"WARNINGDo not buy Amazfit products. When I bought it, after opening the box, and I tried to charge  the watch and it wouldn't fit the charger. Since my friend had the same watch and charger, I borrowed that charger, but that charger wouldn't fit either. It just kept on slipping away from the watch. Hence found that it was not the chargers' problem, but, the watches. Contacted Amazon for support. And there was no use other than them telling me that it is a non returnable and non refundable product and offered to give the customer care number of Amazfit. (Note-  Be weary of buying  ANY electronic gadgets from Amazon from now on because, as per their latest policy, they will not accept returns on most items. And put the entire blame on the seller and will ask the customer to contact the seller and solve it with them. Expect absolutely zero help from Amazon). Mind you, I had contacted Amazon customer care immediately after receiving the product and opening it and finding that it was damaged.Contacted Amazfit service centre and they are a big joke. They have just one person attending the call. It's very hard to get to talk to a human at their customer service centre. And even when you tried to make your case and explain to them your frustration, the insensitive guy on the other end will give you some inconclusive answer and disconnect the call. YES. THEY DISCONNECT YOUR CALL IN THE MIDDLE OF A CONVERSATION. You have to be very persistent and invest a lot of your time following up to get your issue addressed. Now since this was a brand new product,. I demanded a fresh replacement. So finally, they sent a Google form to fill and register your complaint. BUT, the Google form will not work!!??!!!!- it cannot be submitted due to some ""complication"". Hence, you will have to fill the form and take screenshots of it and send it to them. Then, you have to video record the issue of the product, pack that item and courier to them. Clear photographs and videos of packing are also needed. Plus, you have to write the issue in a piece of paper and stick it on the packed box.Thankfully, they arranged for the item pick up, but then started the waiting. They will refuse to even give a customer complaint number. After 3 whole weeks of continuous calling and following up and repeating the issue to the same customer service guy again and again and again, i demanded a brand new unopened replacement , but, according to the customer service policy, they have to repair the item if it is repairable and only if it is unrepairable, will they give you a brand new one. After fighting with the guy and making multiple calls again, today I received a ""repaired"" watch in a torn up box and not a brand new one. Hence, whoever is planning to buy any Amazfit products, please please consider this a warning and not by ANYTHING from them. Considering the way they treat their customers, I am sure this brand will self distruct very soon. Nobody should get to feel trapped and cheated by this brand.",[],2024-11-17,4,"Colour: Midnight Black, Style Name: Active",
5,A Perfect watch to Buy,R2MPW1E8055CEE,https://www.amazon.in/gp/customer-reviews/R2MPW1E8055CEE/ref=cm_cr_othr_d_rvw_ttl?ie=UTF8&ASIN=B0CR3C4GNW,"I have received this watch 2 week ago.I am using Amazfit Brand smartwatch watch from last 6 years. 1st was Amazfit bip then Amazfit GTS 2 mini, both experience was awesome1. Display is awesome, clear & sharp.2. Battery on normal usage run 10 days. It may be depends on usage3. Build Quality could be better, due to its silver colour. It is not looks premium. If it was totally black metal then it becomes awesome4. Zepp application is so smooth.5. There is a button for some function. It will be looks cheap.",[],2024-12-13,5,"Colour: Midnight Black, Style Name: Active",
3,Not as good as expected.,R31K4U0KYFWOD2,https://www.amazon.in/gp/customer-reviews/R31K4U0KYFWOD2/ref=cm_cr_othr_d_rvw_ttl?ie=UTF8&ASIN=B0CR3C4GNW,First of all its a feature packed and good looking smartwatch. I am using this watch for 4 days. But its not well optimized. Raise to wake is slow and sometimes doesn't even works. Next thing you can do is to use the button to wake the screen. If you press the button when screen is off ot will wake the screen and open app list directly so you have to press twice everytime. If you use flashlight feature sometimes it goes off by itself and only turn on in raise to wake. Battery drain is around 10 to 12 percentage for me.Pros- Accurate sensors- Good looking and light weight.- Really good app- Lot of features- Most of the settings i can use from the watch itself without opening the app.- Weather feature can be used without location permission.Cons- Os is not optimised for the watch- Less number of watch faces- Only default face can be customised- Have some annoying bugs.- Strap style is little bit hard to get use to (I still struggle with ot everyday.),[],2022-07-23,6,"Colour: Midnight Black, Style Name: GTS 4 Mini",
4,"Good Watch, Packaging could be better",R15QY0HHLCEFOC,https://www.amazon.in/gp/customer-reviews/R15QY0HHLCEFOC/ref=cm_cr_othr_d_rvw_ttl?ie=UTF8&ASIN=B0CR3C4GNW,"The Box that watch came in was in a second hand condition. Apart from that its a good purchase in this process range and has got sufficient features for someone who doesn’t want Laptop but instead only a Smartwatch on their wrists.Display Quality is good. Battery is working fine , Is still at same percentage after 6 hours of usage.",['https://m.media-amazon.com/images/I/71mI-0In2iL._SY88.jpg'],2024-10-22,7,"Colour: Midnight Black, Style Name: Active",
5,Nothing gets better than this in this budget!,R1OZRFDOYHKJZE,https://www.amazon.in/gp/customer-reviews/R1OZRFDOYHKJZE/ref=cm_cr_othr_d_rvw_ttl?ie=UTF8&ASIN=B0CR3C4GNW,"It's the best real smart watch experience in limited budget. It has so many features that even after 2 weeks I have still not explored it fully. The zepp app store expands it's capabilities immensely. The health tracking is seemless. I have actually seen significant impor event in my sleep quality ever since I started using the ""readiness"" mode and realised that next day goes so well if sleep quality is good.It's a very practical and useful feature. Gps is also very accurate.I think it is THE best smartwatch if you are getting in season offer.",[],2024-10-09,8,"Colour: Midnight Black, Style Name: Active",
5,Amazfit watch,R1MOCMNGV5N8C0,https://www.amazon.in/gp/customer-reviews/R1MOCMNGV5N8C0/ref=cm_cr_othr_d_rvw_ttl?ie=UTF8&ASIN=B0CR3C4GNW,Very nice watch shapes are very good looks beautiful on hand and all features in the watch are very good and accurate,[],2024-10-28,41,"Colour: Midnight Black, Style Name: Active",
4,Nice finess watch with World time,R1MN1H2Y1C2ZJ1,https://www.amazon.in/gp/customer-reviews/R1MN1H2Y1C2ZJ1/ref=cm_cr_othr_d_rvw_ttl?ie=UTF8&ASIN=B0CR3C4GNW,"The media could not be loaded.
                
            
                
            
            
        
    
    








  
  
     I bought this just for 2 reasons 1. It supports world time (for my overseas traveling) 2. It has Inbuilt GPSWorld time: World time of different cities can be selected. Altough world time  is not available on home screen but it can be configured to display by long pressing crown button or  by left swapping home screen.Display is of good quality very rich in colour and appearance. Weight of the watch is very less.One drawback: supplied strap is small a bit.If budget permits, better to go for GTS 4, in place of GTS 4 mini.","['https://m.media-amazon.com/images/I/611N0N9bbML._SY88.jpg', 'https://m.media-amazon.com/images/I/61A5egiPj7L._SY88.jpg', 'https://m.media-amazon.com/images/I/61hI5-seSeL._SY88.jpg']",2023-11-19,42,"Colour: Midnight Black, Style Name: GTS 4 Mini",
5,Amazfit is Amazing,R1O1IH48QSE65W,https://www.amazon.in/gp/customer-reviews/R1O1IH48QSE65W/ref=cm_cr_othr_d_rvw_ttl?ie=UTF8&ASIN=B0CR3C4GNW,Starting from build quality to display of this watch and the ease of to use this watch with every good battery performance. A very light weight watch. Amazfit application has also very good interface.,[],2024-10-04,43,"Colour: Midnight Black, Style Name: Active",
5,Great Functionality,RF6YBGFZN7SBW,https://www.amazon.in/gp/customer-reviews/RF6YBGFZN7SBW/ref=cm_cr_othr_d_rvw_ttl?ie=UTF8&ASIN=B0CR3C4GNW,"Good way to track your exercises, heart rate, stress level, blood oxygen, and many more. Love the comprehensive dashboard generated in the app as well.","['https://m.media-amazon.com/images/I/71JhpMRsGzL._SY88.jpg', 'https://m.media-amazon.com/images/I/71eXW9A+CzL._SY88.jpg', 'https://m.media-amazon.com/images/I/818AjU99L6L._SY88.jpg']",2024-10-22,44,"Colour: Midnight Black, Style Name: Active",
5,Stylish. I like the colour,R13MVDGOOXMXDP,https://www.amazon.in/gp/customer-reviews/R13MVDGOOXMXDP/ref=cm_cr_othr_d_rvw_ttl?ie=UTF8&ASIN=B0CR3C4GNW,"Looks good feels good , there is option of of recieving calls and can also speak through the watch if necessary so thats good . Easy to use looks very stylish. My iphone connects to it through Zepp app. Im now fully sure how it works. Will update later.","['https://m.media-amazon.com/images/I/715XFT51YZL._SY88.jpg', 'https://m.media-amazon.com/images/I/71mO8DsQAIL._SY88.jpg', 'https://m.media-amazon.com/images/I/81BaCoIGdBL._SY88.jpg']",2024-09-16,45,"Colour: Lavender Purple, Style Name: Active",
5,Best Smart Watch if anyone want proper health reading compare to Other Smart watches,R252KHK06LKNLQ,https://www.amazon.in/gp/customer-reviews/R252KHK06LKNLQ/ref=cm_cr_othr_d_rvw_ttl?ie=UTF8&ASIN=B0CR3C4GNW,Best watch.. Amoled display is very good.. touch feel is very good.. look is very good like apple watch.. Health sensors are good.. Not showing health numbers on table or on fruits or on other products.. In all other brands I have seen that costlier smart watches also give numbers in heart rate & Oxygen level on fruits & umbrella also.. This watch don’t give numbers other then human body.. Alexa not tested yet.. Color options should be more for ladies.. Want to buy this watch for my wife but she don’t like color options so have to buy other one.. Health parameter wise this watch is best… obviously this is not medical device so u should not rely only on this but compare to all other Nice Firebolt Boat brands - Amazfit is best for health reading.. Bluetooth calling option is not there so who want calling feature should not buy.. Size option should be there in watch… screen size is little small.. Belt is good but harder compare to apple watch..  light weight watch so easily we can wear while sleeping also.. sleep reading is also nice.. water proof so we can wash watch any time we want under tap also..  I have checked personally many other watches of many brands but they were giving health reading on non living items also... Overall satisfied with this watch.. Amzfit must have two options in this model bluetooth calling & without bluetooth calling so people will have choices.. With same features Amazfit should also give size & color options so people will get more choices. And last but not the least - price of this watch 8000/- is little bit higher - so many will not afford this watch & will buy other brands watch so they get big volume of budget oriented customers.. Amazfit should lauch cheapers models also so people will afford to buy Amazfit watches.. Thank you..,[],2022-08-22,46,"Colour: Midnight Black, Style Name: GTS 4 Mini",
3,Not reliable as a fitness tracker,R3TRF7P5HK6V77,https://www.amazon.in/gp/customer-reviews/R3TRF7P5HK6V77/ref=cm_cr_othr_d_rvw_ttl?ie=UTF8&ASIN=B0CR3C4GNW,The watch counted 145 steps while I was sleeping (unless i have sleep walking😃)! Not reliable as a fitness tracker.I will update more on the features later upon testing.,[],2024-08-03,47,"Colour: Midnight Black, Style Name: Active",
4,Good product,R15R6OJWW795YO,https://www.amazon.in/gp/customer-reviews/R15R6OJWW795YO/ref=cm_cr_othr_d_rvw_ttl?ie=UTF8&ASIN=B0CR3C4GNW,"I have been using this watch for the last four months, and it's good. The battery backup is really good. I easily get three days of battery with always on display, sleep-tracking, heart rate monitor every 5mins, twist writs wake and more. I wouldn't say I liked the default wristband; it was really hurting my wrist, and I used to put cotton to avoid getting hurt my wrist until my new band arrived. I also didn't enjoy the menu. I wished it had a more modern-looking menu like Samsung or Apple. And as per the accuracy, I think it's really accurate. Touch is responsive, but sometimes it doesn't respond, and you need to click on the dial, but that is not a huge deal for me. I mainly use this watch to trach my calories and sleep and read notifications.  I have washed clothes and dishes wearing the watch, and it's waterproof; I can confirm that. If you have a little bit more money to spend, you can go for the Samsung Watch 4.",['https://m.media-amazon.com/images/I/61AvPkNTAvL._SY88.jpg'],2023-01-18,48,"Colour: Midnight Black, Style Name: GTS 4 Mini",
4,Does exactly what is promised,R8U6VTGJGET7A,https://www.amazon.in/gp/customer-reviews/R8U6VTGJGET7A/ref=cm_cr_othr_d_rvw_ttl?ie=UTF8&ASIN=B0CR3C4GNW,"Amazfit devices are well known for high-quality AMOLED display and accurate sensors. And the same goes for the gts 4 mini.Pros:Looks decentSlim designLightweightA very good AMOLED displayGreat Battery life even with AODCons:The strap is not very skin friendlyLimited watch faces support (the recent watch update has blocked the custom 3rd party watch faces support)Price is a bit on a higher endThe voice calling feature is not present in the device. And somewhat that is the reason the device is thin and suites on a medium and thin wrist. (recent watches looks and feel bulky on the medium and thin wrist because of more thickness and larger screen size)The device is perfect for people who want a subtle feel watch. Not too fancy, not too classy, instead a balanced watch that looks good all the time.Overall a good value for money if you can get it for or less than 7k. (I purchased it on the launch day)",[],2022-07-26,57,"Colour: Midnight Black, Style Name: GTS 4 Mini",
2,Bluetooth dissconectivity issue,R3NIA9SH2KG38R,https://www.amazon.in/gp/customer-reviews/R3NIA9SH2KG38R/ref=cm_cr_othr_d_rvw_ttl?ie=UTF8&ASIN=B0CR3C4GNW,Watch automatically disconnects from blutooth of phone after sometime.,[],2024-12-05,58,"Colour: Midnight Black, Style Name: Active",
5,Good looking,R1J4SVUPZK08BE,https://www.amazon.in/gp/customer-reviews/R1J4SVUPZK08BE/ref=cm_cr_othr_d_rvw_ttl?ie=UTF8&ASIN=B0CR3C4GNW,Display and sound quality so cute,['https://m.media-amazon.com/images/I/71xLDF4EGkL._SY88.jpg'],2024-10-30,59,"Colour: Midnight Black, Style Name: Active",
5,Value for Money,RN2IAJAT6F3LW,https://www.amazon.in/gp/customer-reviews/RN2IAJAT6F3LW/ref=cm_cr_othr_d_rvw_ttl?ie=UTF8&ASIN=B0CR3C4GNW,Amazing watch. Particularly to track activities. Analysis is good with Zepp for all activities. Bluetooth Connectivity is excellent with phone for notifications.,[],2024-09-27,60,"Colour: Midnight Black, Style Name: Active",
4,Value for Money - Liked it,R14N0FTINEC4HE,https://www.amazon.in/gp/customer-reviews/R14N0FTINEC4HE/ref=cm_cr_othr_d_rvw_ttl?ie=UTF8&ASIN=B0CR3C4GNW,"Built quality & Design - Awesome as per priceCall notification on this watch has a massive lag, sometimes I get call notification on the watch even after I disconnect the call on mobile, which is disgusting.. LOL so this feature is useless on this watch.Not more than 100 watch faces available on the Zepp app, so the Advertisement about 200+ watch faces is fake.I used this type of watch belt for the first time, initially, it was difficult but then I found it more comfortable and decent in looks.Always on Display works well.Navigation is ok as per the watch interface but not perfect - so the Navigation app on this watch is not recommendedThe stocks app is good but customization is not available.Sports modes are still under review so I will update my review after a month once I use all the modes practically.Overall it's a nice watch in this price range. Would recommend it for people with thin hands, it looks decent.","['https://m.media-amazon.com/images/I/414Yml1whaL._SY88.jpg', 'https://m.media-amazon.com/images/I/41T2NcpRaEL._SY88.jpg', 'https://m.media-amazon.com/images/I/41VhxwYIC9L._SY88.jpg', 'https://m.media-amazon.com/images/I/41lKNwefRFL._SY88.jpg', 'https://m.media-amazon.com/images/I/51DbpGXnDJL._SY88.jpg', 'https://m.media-amazon.com/images/I/51qcfG8upaL._SY88.jpg', 'https://m.media-amazon.com/images/I/51wM6DiLqiL._SY88.jpg']",2022-08-23,61,"Colour: Mint Blue, Style Name: GTS 4 Mini",
5,Superb!!,R1G0PYDYPNTDX8,https://www.amazon.in/gp/customer-reviews/R1G0PYDYPNTDX8/ref=cm_cr_othr_d_rvw_ttl?ie=UTF8&ASIN=B0CR3C4GNW,"Purchased this after making a fool of myself by buying crossbeats nexus. I realised good things dont come cheap...coming to this watch this is absolutely a beast at this price point. Some people in reviews are telling that the base price is very high and should wait for sales and all has no idea whats the difference between a cheap one and a costly one.The watch has accurate readings, huges battery life, waterproof, lag less screen, amoled, and tge best part is the app for.mobile...thats so smooth and syncs immediately. If one has budget below 10k and wants a premium product this is the one to go for...",['https://m.media-amazon.com/images/I/61fzrVIdvnL._SY88.jpg'],2024-02-29,62,"Colour: Mint Blue, Style Name: GTS 4 Mini",
5,Battery beast 🔥,RCIJ23S5S5QFE,https://www.amazon.in/gp/customer-reviews/RCIJ23S5S5QFE/ref=cm_cr_othr_d_rvw_ttl?ie=UTF8&ASIN=B0CR3C4GNW,"The media could not be loaded.
                
            
                
            
            
        
    
    








  
  
     I am using for past 3 months and I have charged the watch only three times. I'm using auto heartbeat every 30 mins, used gps when I go for walking (just saying used, not regularly) but not using always on display and  have set screen wake time only 5 sec - as per these I'm still getting 28 days battery life. I bought this watch for the looks but I ended up buying a GOAT product. If u looking for sleek and minimal size this is it. Accuracy  95% ok. Steps are calculated correctly. When u are in a bumpy vehicle the watch is misguided to add steps. But hey.. I've bought this for aesthetic purpose, but it is an amazing all-rounder.","['https://m.media-amazon.com/images/I/61BtFyYG17L._SY88.jpg', 'https://m.media-amazon.com/images/I/61fuvjdAzLL._SY88.jpg', 'https://m.media-amazon.com/images/I/61xU24H6wEL._SY88.jpg']",2024-01-04,63,"Colour: Midnight Black, Style Name: GTS 4 Mini",
5,Best smartwatch under Rs.6000,R14P5UJGK7ZIO2,https://www.amazon.in/gp/customer-reviews/R14P5UJGK7ZIO2/ref=cm_cr_othr_d_rvw_ttl?ie=UTF8&ASIN=B0CR3C4GNW,Amoled display with 14+ days of backup.Useful and fully loaded with features.,[],2024-10-11,64,"Colour: Midnight Black, Style Name: Active",
4,"Durable, functioning well after 2 years",R1AWMVE2L9HWSW,https://www.amazon.in/gp/customer-reviews/R1AWMVE2L9HWSW/ref=cm_cr_othr_d_rvw_ttl?ie=UTF8&ASIN=B0CR3C4GNW,Using this watch since 2 years.Pros:1) excellent battery2)has all the basic fitness related features3) you get notifications of other apps as well.Cons: none so far,[],2024-05-19,49,"Colour: Midnight Black, Style Name: GTS 4 Mini",
5,Best sensors,R2NGC59MSN86S2,https://www.amazon.in/gp/customer-reviews/R2NGC59MSN86S2/ref=cm_cr_othr_d_rvw_ttl?ie=UTF8&ASIN=B0CR3C4GNW,Go for it it has best specs you can get under 10k,[],2024-10-26,50,"Colour: Midnight Black, Style Name: Active",
5,Nice watch,R21MAZBWZ7BOWN,https://www.amazon.in/gp/customer-reviews/R21MAZBWZ7BOWN/ref=cm_cr_othr_d_rvw_ttl?ie=UTF8&ASIN=B0CR3C4GNW,Very nice watch,"['https://m.media-amazon.com/images/I/61ljTjwV1tL._SY88.jpg', 'https://m.media-amazon.com/images/I/71P98CNgNJL._SY88.jpg', 'https://m.media-amazon.com/images/I/71pbo9LvWZL._SY88.jpg']",2024-11-13,51,"Colour: Midnight Black, Style Name: Active",
4,mazfit GTS 4 Mini,R373I69OFLJH85,https://www.amazon.in/gp/customer-reviews/R373I69OFLJH85/ref=cm_cr_othr_d_rvw_ttl?ie=UTF8&ASIN=B0CR3C4GNW,"The media could not be loaded.
                
            
                
            
            
        
    
    








  
  
     mazfit GTS 4 MiniMaithili Rao . The watch is lightweight and comfortable to wear, and the strap is made of silicone, making it comfortable an ideal companion for fitness enthusiasts.  suitable for use during swimming or other water-based activities life of up to 14 days on a single charge, which is impressive considering its compact size. This means that you can wear it for extended periods without having to worry about recharging it frequently.The watch is compatible with both Android and iOS devices, and you can connect it to your smartphone using the Zepp app. The app offers a range of customization options and allows you to track your daily progress, set goals, and analyze your fitness data.Overall, the Amazfit GTS 4 Mini is an excellent choice for anyone looking for a compact and feature-packed smartwatch that can help them track their fitness and health. Its long battery life, stylish design, and range of features make it a great value for its price point.",['https://m.media-amazon.com/images/I/61ZAkV-HhGL._SY88.jpg'],2023-02-17,52,"Colour: Midnight Black, Style Name: GTS 4 Mini",
5,Worthy for the price bracket,ROHPKG4JF2Y5U,https://www.amazon.in/gp/customer-reviews/ROHPKG4JF2Y5U/ref=cm_cr_othr_d_rvw_ttl?ie=UTF8&ASIN=B0CR3C4GNW,"Watch justifies its price. no major bug found in this watch. But new buyers must check all the sensors of the watch are working, within the replacement period. Mine first watch was defected. Its Autobrightness function was not working and I noticed it after two days. But thanks to the Seller and Amazon that the watch was replaced with the new one with no hassle. Seller sends the new watch and the delivery boy gave me the new watch hand to hand after checking the defected watch is intact, without scratches and all that. steps tracking, sleep monitoring, is perfect. The inbuilt GPS seems to be dodgy if you try a walking workout in your 40 to 45 feet lawn, the distance calculation is inacurate if you walk to and fro between this short distance and take u turn after every 40 to 45 feet. in my case I walked around 8000 Steps in 1 hours and 12 minutes but the GPS shows that I covered only 5 kilometers distance whereas the Google Fit app I am using in my Mi 11x Smartphone shows that I have covered 6.8 kilometers. But The GPS tracker of the watch is completely accurate if you try it for longer distance, like walking by the roadside or walking or running on a longer track.  The Battery life of the watch is around 4 and a half days if you turn the heart rate monitoring interval to 30 minutes and are doing activity of around 1 and a half hour daily. in my case  these are the stats I am getting from this watch. inbuilt GPS tracker is really good but not be used to track running and walking activity in a smaller ground of around 40 to 45 feet.",[],2022-10-28,53,"Colour: Midnight Black, Style Name: GTS 4 Mini",
3,High priced watch,R3234ACFJS4PA6,https://www.amazon.in/gp/customer-reviews/R3234ACFJS4PA6/ref=cm_cr_othr_d_rvw_ttl?ie=UTF8&ASIN=B0CR3C4GNW,Writing this review after 1 year of usage.First of all the watch switches On and Off automatically very frequently need to fix this issue. And the system update is also not possible it is showing try again later. Overall  is a good smart watch. Battery backup is around 5 days with heavy usage.,[],2024-06-01,54,"Colour: Midnight Black, Style Name: GTS 4 Mini",
4,Good Watch with reliable data,RFSRW0XMX5GX0,https://www.amazon.in/gp/customer-reviews/RFSRW0XMX5GX0/ref=cm_cr_othr_d_rvw_ttl?ie=UTF8&ASIN=B0CR3C4GNW,It's a decent watch with ample data for a regular fitness data freaks. Distance and heart rate are fairly accurate when compared with other devices like odometers and electronic pulse monitors. It has managed to provide me with good and almost accurate counts when used for Jump Rope. Been almost a year now and I'm satisfied with the product.Only negative for me has been with the heart rate showing unusual reading when cycling. This doesn't happen regularly but does happen very happen. It becomes normal when I take it off for couple of seconds and then wear it back,[],2023-08-10,55,"Colour: Midnight Black, Style Name: GTS 4 Mini",
5,Best Watch,R3VOK5LH6PKVBO,https://www.amazon.in/gp/customer-reviews/R3VOK5LH6PKVBO/ref=cm_cr_othr_d_rvw_ttl?ie=UTF8&ASIN=B0CR3C4GNW,"I like Amazfit watch. Wery good product. Sound quality, Display quality, Brightness, Sleep tracking, Notification, Charging ability wery good.",[],2024-10-09,56,"Colour: Midnight Black, Style Name: Active",
5,READ FULL REVIEW!!!!  PROS and CONS,R2HL80J9SBJNSQ,https://www.amazon.in/gp/customer-reviews/R2HL80J9SBJNSQ/ref=cm_cr_othr_d_rvw_ttl?ie=UTF8&ASIN=B0CR3C4GNW,"Review written on:29/07/22Updated last on: 27/03/23--Purchased this watch at first sale price of 6999. Writing this review after 2 days of use.The watch is absolutely premium. The smartwatch is very light and comfortable as mentioned 19gms only. The watch strap is very soft,made of premium quality silicon and has interpolation system hence gives a secure fit but the buckle is made of plastic instead of metal.--It has 2.5d curved and completely flat display, half metal body and button which gives it a premium look. The display is anti fingerprint and is scratch resistant.The watch will be suitable only on small and moderate sizes of wrists otherwise would look of small size.--The watch has squarish 1.65 inch Amoled display with Aod support and 309ppi so all texts are really crisp and readable.The bezels are equal on all sides and completely invisible with black watchface. Also you can set your own watchface under the settings of customisable background in watchface store in zepp app.--It comes with new Zepp OS 1.0 which is well optimised and the animations and details dont make it a boring fitness watch.The watch has ambient light sensor which responds well and screen is visible even in harsh sunlight. It has 5 satellites connection which locks position outdoors within few seconds.The watch has a rotor motor which gives good haptic feedback. It also has built in alexa which can answer simple questions via text and set alarms, reminders,timers.--The watch has 50 watchfaces only which are extremely less at this price point and only 7-8 of them look good. Watchfaces synchronize within 10seconds.--There is 24/7 heart rate,blood oxygen and stress monitoring. The watch gives really accurate measurements and is quite dependable for health readings,this is probably due to the latest biotracker-ppg 3.0 sensor which is being used in this watch. (Note:Sp02 works only when you wear the watch 2cm upwards from the wrist). It also has sleep breathing quality measurement. The sleep data too is very accurate and gives data for light sleep, deep sleep, REM,awake time in graph and detailed format.--The watch has 120+ sports modes, gives very detailed health data,graphs, auto detects sports modes and has virtual pacer, cadence assistant,everything you would ever need for.You will be able to view all the data in watch itself(workout map,graphs,sleep data,settings). It also has training efficiency which tells you training load, vo2 max and recovery time.--The best part are the installable apps from the appstore in zepp app like maps(not google maps) calculator(not scientific calculator), bmi, watch storage space, sos flashlight and water time reminder and many more. It has all the basic features like the alarm,calendar(syncs to phone's calender),to-dos,sun and moon,compass,music controller,world clock,stopwatch,countdown,breathe,find my phone,pomodoro timer,camera remote. It comes with new smart alarm feature which wakes you up during light sleep. It has reply to call notifications but misses out on the reply to social media messages.--It has 200mb of storage space of which 100mb is used by system itself and other 100mb is free for installing apps and watchfaces(no music storage available). For incoming messages it has support for chosen emojis only not all of them, also it does not have support for hindi text messages. It also has password lock from 0-9 for privacy. It will have new features over time and new apps to install in app store which is good.--Finally the watch charges in 2hrs and drops 5% battery everyday on normal usage, about 8% with aod on, 13% on moderate usage and 20% on heavy usage of gps,aod on,24/7 health tracking and other apps usage(additional 3% for tracking sleep data).[  ] PROS:--Feature packed smartwatch--Stylish and Elegant design--4 colour straps available--Complete health tracking--Bio ppg 3.0 sensor for accurate measurements--Built in gps with 5 sattelite connections--120+ sports modes--Auto detects sports modes--Interactive and colourful Zepp OS 1.0--Amoled with Aod--Alexa--Auto brightness--Training efficiency--5 ATM waterproof--Good battery life--Installable apps--New Smart alarm feature--Interpolation system--Password privacy--Quick reply to call notifications--Lot of third party straps available(eg.leather strap)--No need to use smartphone for viewing health and activity data, can be viewed from watch itself.[  ] CONS:--Could be at a lesser price of 6999(Original price-7999)--Very Less watchfaces--Screen freezes sometimes on heavy usage--Slight lag in UI--Very short charging cable length about 30cm--No barometric sensor--No music storage--Plastic buckle--Missing breath per minute feature available in more premium amazfit watchesIMPROVEMENTS:--Less Emoji support--No quick reply to social media messages(eg. WhatsApp)FINAL DECISION:If you are looking for premium fitness watch with all health sensors ,accuracy, elegant and formal looking watch, amazing user interface with possible future software upgrades and also if you are not a bluetooth calling personthen buy the Gts 4 Mini during the sale with some 10% discount with cards offer.Don't change your decision and go looking for other useless bluetooth calling, in built games watches in this price segment (Fireb****, Noi**). This smartwatch is really good, you won't regret purchasing this one.Experience after 1 Year:Working Great. Everything is working including GPS, health tracking and other features mentioned in review.Update: Do not buy GTR Mini, it's not worth the price tag of 10,999/-. Gts 4 Mini is much better than the GTR Mini.Give Like 👍 if this helps.","['https://m.media-amazon.com/images/I/715rj70xVuL._SY88.jpg', 'https://m.media-amazon.com/images/I/71BmaKppXGL._SY88.jpg', 'https://m.media-amazon.com/images/I/818ZDtUfdvL._SY88.jpg']",2022-07-20,9,"Colour: Midnight Black, Style Name: GTS 4 Mini",
4,Wrist Band,R12TFIHRRLEHDF,https://www.amazon.in/gp/customer-reviews/R12TFIHRRLEHDF/ref=cm_cr_othr_d_rvw_ttl?ie=UTF8&ASIN=B0CR3C4GNW,"The wrist band is very thin, otherwise the product is value for money, calibration of fitness level, connectivity & notification functionality are satisfactory",[],2024-12-04,10,"Colour: Midnight Black, Style Name: Active",
4,Good but the not scratch proof.,R2GQFMFVH3FJ2A,https://www.amazon.in/gp/customer-reviews/R2GQFMFVH3FJ2A/ref=cm_cr_othr_d_rvw_ttl?ie=UTF8&ASIN=B0CR3C4GNW,"I thought the glass would be scratchproof but it is not, rather minor grazing will leave permanent scratches—otherwise a very good product. Good Voice output when receiving calls, sensors, and GPS are pretty sensitive. The Zepp app is also very user-friendly.",[],2024-11-19,11,"Colour: Midnight Black, Style Name: Active",
3,Wanted to give 5 stars but... 👇,R3H97Z8NUHAK3R,https://www.amazon.in/gp/customer-reviews/R3H97Z8NUHAK3R/ref=cm_cr_othr_d_rvw_ttl?ie=UTF8&ASIN=B0CR3C4GNW,"The media could not be loaded.
                
            
                
            
            
        
    
    








  
  
     Got it under 5k during festival,, packed with features pretty accurate sensors. Better than any other watches in this price segment.1)But the main problem started few days ago. After a month of use it started tracking inaccurate sleep data. I don't know what's the issue because everything working fine except this. Seems Sleep tracking ability of this watch has gone. 2)Another problem is sometimes doesn't work the raise to wake feature.3)When charging it, sometimes it doesn't fully charge. Sometimes goes to 90%-95% and stops charging.4) The biggest drawback is no after sales support from amazefit..",[],2024-11-07,12,"Colour: Midnight Black, Style Name: Active",
4,It good,R2WWG8440WVJ39,https://www.amazon.in/gp/customer-reviews/R2WWG8440WVJ39/ref=cm_cr_othr_d_rvw_ttl?ie=UTF8&ASIN=B0CR3C4GNW,Look good,[],2024-11-11,13,"Colour: Lavender Purple, Style Name: Active",
5,In build GPS is really working fantastic.,R91C94AM4314E,https://www.amazon.in/gp/customer-reviews/R91C94AM4314E/ref=cm_cr_othr_d_rvw_ttl?ie=UTF8&ASIN=B0CR3C4GNW,Excellent product from Amazefit.,[],2025-01-24,14,"Colour: Midnight Black, Style Name: Active",
4,Value for money,R3M45GUCI98UQ0,https://www.amazon.in/gp/customer-reviews/R3M45GUCI98UQ0/ref=cm_cr_othr_d_rvw_ttl?ie=UTF8&ASIN=B0CR3C4GNW,"Accurate steps count , good for users who track their fitness",[],2024-11-05,15,"Colour: Midnight Black, Style Name: Active",
5,Sports fitness tracker,R3BGWNK5CY7IFR,https://www.amazon.in/gp/customer-reviews/R3BGWNK5CY7IFR/ref=cm_cr_othr_d_rvw_ttl?ie=UTF8&ASIN=B0CR3C4GNW,Amazing watch . Perfect sports tracker.,[],2025-01-19,16,"Colour: Midnight Black, Style Name: Active",
5,Good,R18BR6UL8W2N5Z,https://www.amazon.in/gp/customer-reviews/R18BR6UL8W2N5Z/ref=cm_cr_othr_d_rvw_ttl?ie=UTF8&ASIN=B0CR3C4GNW,Nice,[],2024-10-25,65,,
4,neither Premium nor accurate,R1CEBLGE7W7Z24,https://www.amazon.in/gp/customer-reviews/R1CEBLGE7W7Z24/ref=cm_cr_othr_d_rvw_ttl?ie=UTF8&ASIN=B0CR3C4GNW,"Purchased this watch on the launch day itself. I was planning for GTS mini 2 before this but when I saw this i went this because it was the latest offering from the company.Pros:1. Display is crisp and AMOLED color reproduction is good.2. Feels sturdy, good build quality.3. Battery life is good can last 10 days easily.4. Touch feels smooth and zepp os doesn't lag.Cons:1. This was costs 8K yet it looks kinda chip and looks similar to any 2k-3k watch.2. Bezels are quite thick for a watch in 2022.3. Strap quality felt good earlier but now feels uncomfortable.4. Watch faces are limited and most of them are not that great.Conclusion:Comparing to GTS mini 2 this watch doesn't offer anything that can justify extra 2k rupees you spend.Will update the review after a few month of usage.",['https://m.media-amazon.com/images/I/71qP0wUCB1L._SY88.jpg'],2022-07-20,66,"Colour: Midnight Black, Style Name: GTS 4 Mini",
4,Worth the price,R3BWVBVWB9H5WN,https://www.amazon.in/gp/customer-reviews/R3BWVBVWB9H5WN/ref=cm_cr_othr_d_rvw_ttl?ie=UTF8&ASIN=B0CR3C4GNW,"Pretty useful tracker. Works perfectly with my iPhone.You can connect WhatsApp, emails etc.It has speakers but no mic but makes sense according to the price.Pretty smooth operation, people sometimes mistake it for apple watch lol. 😂",['https://m.media-amazon.com/images/I/61Th0gQKhVL._SY88.jpg'],2024-03-10,67,,
5,Bhut achha,R3BD6XPPC75TX8,https://www.amazon.in/gp/customer-reviews/R3BD6XPPC75TX8/ref=cm_cr_othr_d_rvw_ttl?ie=UTF8&ASIN=B0CR3C4GNW,Achhi hai,[],2024-10-20,68,"Colour: Midnight Black, Style Name: Active",
5,Nice and beautiful,RRLDB6BIVWFJ2,https://www.amazon.in/gp/customer-reviews/RRLDB6BIVWFJ2/ref=cm_cr_othr_d_rvw_ttl?ie=UTF8&ASIN=B0CR3C4GNW,Gr8 👍 amazfit active good quality,[],2024-10-17,69,"Colour: Lavender Purple, Style Name: Active",
5,Very good,R1CJ2KR3VPKT9W,https://www.amazon.in/gp/customer-reviews/R1CJ2KR3VPKT9W/ref=cm_cr_othr_d_rvw_ttl?ie=UTF8&ASIN=B0CR3C4GNW,"Money's worth.  Good product, meets all specifications perfectly.",[],2024-10-07,70,"Colour: Petal Pink, Style Name: Active",
5,Nice watch 👍,R1FPUFQEMRSIAD,https://www.amazon.in/gp/customer-reviews/R1FPUFQEMRSIAD/ref=cm_cr_othr_d_rvw_ttl?ie=UTF8&ASIN=B0CR3C4GNW,,['https://m.media-amazon.com/images/I/61mOah1d6+L._SY88.jpg'],2024-10-21,71,"Colour: Petal Pink, Style Name: Active",
1,Unsafe and dangerous,RQC1FNEWLI993,https://www.amazon.in/gp/customer-reviews/RQC1FNEWLI993/ref=cm_cr_othr_d_rvw_ttl?ie=UTF8&ASIN=B0CR3C4GNW,I bought this watch and the back part popped off after vibrating continuously. Looks like cheap quality product and would not recommend amazefit brand. Go for rather cheaper brand but not amazefit. This is a very serious issue.,['https://m.media-amazon.com/images/I/61dNOCdZ91L._SY88.jpg'],2025-01-11,72,"Colour: Midnight Black, Style Name: Active",
5,Worth it,R9QJVL9FS1HQL,https://www.amazon.in/gp/customer-reviews/R9QJVL9FS1HQL/ref=cm_cr_othr_d_rvw_ttl?ie=UTF8&ASIN=B0CR3C4GNW,Amazfit Active sports a simple and minimalistic design. The compact and lightweight smartwatch features a square dial. The smartwatch weighs around 24 grams and it has an aluminium frame which makes it look premium. The right side of the smartwatch houses the power button which also allows you to access the menu and perform some other actions. The smartwatch comes with Bluetooth calling support and the microphone is placed next to the power button. The left side of the wearable has the speaker grill. The rear of the smartwatch consists of a plastic case which accommodates all the sensors and the magnetic charging pins. The lightweight Amazfit Active smartwatch comes with soft and skin-friendly silicone straps. The straps are quite comfortable to wear and you will not feel any irritation on your skin even after sweating. If you want you can also interchange the straps. The waterproof design of the smartwatch also allows the users to use it while swimming.This is the right watch which was you looking over a timeRecently i baught this watch and I'll tell you what amazing Accuracy 💯Heart rate 💯Step count 💯Call quality 💯Strap quality 💯Zepp app 💯GPS 💯Everything is perfect just go for it,['https://m.media-amazon.com/images/I/61yLbwC3CjL._SY88.jpg'],2024-03-20,33,"Colour: Midnight Black, Style Name: Active",
3,Feature are good but build quality is low,RBMRSUNNEGTQD,https://www.amazon.in/gp/customer-reviews/RBMRSUNNEGTQD/ref=cm_cr_othr_d_rvw_ttl?ie=UTF8&ASIN=B0CR3C4GNW,I was using Amazfit GTS past & build quality is better. This one is not up to mark,[],2024-09-30,34,"Colour: Midnight Black, Style Name: Active",
4,It's a good fitness tracking watch.,R3UR9N5F3J22YJ,https://www.amazon.in/gp/customer-reviews/R3UR9N5F3J22YJ/ref=cm_cr_othr_d_rvw_ttl?ie=UTF8&ASIN=B0CR3C4GNW,"A good fitness tracking watch. Overall it does the job. Zepp app is also easy to use.Pros:- Battery life - with all alerts and notifications on I'm getting around 10days of battery life.- GPS - Having GPS feature at this price is awesome and it connects fast and shows accurate data like speed, pace, heart rate, eta for outdoor workouts.- 5ATM Water proof - Only a handful of smartwatches have 5ATM rating at this price range and there are plenty of water sports available to track including swimming.- AMOLED Display - The Amoled display on this watch is crisp and the blacks are deep or no led lot at all. Very clear display and Colors are just fine.- Light on wrist - Another advantage with this watch is it's very light and you don't feel heavy on your wrist. It's very light to wear even at nights.Cons:- Steps tracking is not that accurate- Sleep tracking is not accurate- At times connecting watch to Zepp app is very annoying. Data synching is very slow. Over all connectivity itself is slow and very less watch face options.- Wake on wrist rise feature is good but display will always turns while riding scooter or bike.- Spo2, Heart rate, stress values are not accurate so these values are just for reference and do not depend on them.",[],2022-08-30,35,"Colour: Midnight Black, Style Name: GTS 4 Mini",
5,Awesome I got this 4700 in this sale and love it,R2QRRTCADTM0XF,https://www.amazon.in/gp/customer-reviews/R2QRRTCADTM0XF/ref=cm_cr_othr_d_rvw_ttl?ie=UTF8&ASIN=B0CR3C4GNW,Battry is around 6 to 8 days for moderate usage without 24 hours heart monitor and with calls bluetooth. Normal around 14 days . ❤️,['https://m.media-amazon.com/images/I/71UJJcy4WUL._SY88.jpg'],2024-10-31,36,"Colour: Midnight Black, Style Name: Active",
5,Amazing watch,R2J0K0IP27Y2WH,https://www.amazon.in/gp/customer-reviews/R2J0K0IP27Y2WH/ref=cm_cr_othr_d_rvw_ttl?ie=UTF8&ASIN=B0CR3C4GNW,I bought it at around 6k.. totally worth it at this price . I like it ..,['https://m.media-amazon.com/images/I/617kA7D49kL._SY88.jpg'],2024-11-09,37,"Colour: Midnight Black, Style Name: Active",
3,Good not great,R2XZIGZSN2PHQY,https://www.amazon.in/gp/customer-reviews/R2XZIGZSN2PHQY/ref=cm_cr_othr_d_rvw_ttl?ie=UTF8&ASIN=B0CR3C4GNW,"I bought this product for my mom and myself.Quality: 4 ⭐ tracking is great, build quality is also good UI is great.Features: 3 ⭐ it has some good features when it comes to Amazon integration however overall at this price range there are so many products which are providing much better featuresValue: 3 ⭐ as mentioned at this price range it is just a fitness tracker nothing more, however the quality is good so 3 for that",[],2024-05-15,38,,
2,Workout modes steps not accurate,RW4U3ZKHEXSZ,https://www.amazon.in/gp/customer-reviews/RW4U3ZKHEXSZ/ref=cm_cr_othr_d_rvw_ttl?ie=UTF8&ASIN=B0CR3C4GNW,"Whenever I use workout modes like dance ,  treadmill etc. the step count and calorie  is way less  than what I see in other watches. Only while choosing walking mode it calculates steps correctly. Waste of using other sports modes.",[],2024-11-23,39,"Colour: Midnight Black, Style Name: Active",
1,Pathetic Customer service,R2CL77VFMW8U1K,https://www.amazon.in/gp/customer-reviews/R2CL77VFMW8U1K/ref=cm_cr_othr_d_rvw_ttl?ie=UTF8&ASIN=B0CR3C4GNW,"I purchased it from.Amazon but calls and messages were not coming to the watch.Further watch was paired yet it is getting frequently disconnected from Bluetooth. Approached Amazfit customer service but they were non-responsive upon call. Through chat they become ready to get it repaired though watch is ordered only one day back and delivered on the day of complaint and as per description at Amazon, it is to be replaced. When I shown them, they become unresponsive. Amazon customer service too refused to help rather advised to contact service center. Really very pathetic customer service of Amazefit and the product is also not worth .",[],2025-01-28,40,"Colour: Midnight Black, Style Name: Active",
5,Just go for it without any doubt,R2T3QK1HKWQ2F8,https://www.amazon.in/gp/customer-reviews/R2T3QK1HKWQ2F8/ref=cm_cr_othr_d_rvw_ttl?ie=UTF8&ASIN=B0CR3C4GNW,i am using amazfit band but recently switch on this watch. its amazing. first of all talk about the battery life then its perfect. initially my watch not able to track sleep properly so i called to their customer care and reset my watch then its perfectly tracking everything from sleep to steps. Bluetooth calling feature working perfectly on this watch with long battery life. better than apple or any samsung watches. go for it.,[],2024-10-22,25,"Colour: Midnight Black, Style Name: Active",
3,Not worth 12k,R2NJ6IYWILYVAC,https://www.amazon.in/gp/customer-reviews/R2NJ6IYWILYVAC/ref=cm_cr_othr_d_rvw_ttl?ie=UTF8&ASIN=B0CR3C4GNW,Bought the watch for 12k and in terms of built and design it’s slightly better than the market but nothing vastly different. It is light weight which is great.In terms of features it’s same as a 4K smartwatch. Also the UI is pretty basic and average.,[],2024-09-21,26,"Colour: Lavender Purple, Style Name: Active",
2,Worst Amazfit watch,R1ZB3SRHTJ7PP2,https://www.amazon.in/gp/customer-reviews/R1ZB3SRHTJ7PP2/ref=cm_cr_othr_d_rvw_ttl?ie=UTF8&ASIN=B0CR3C4GNW,"The media could not be loaded.
                
            
                
            
            
        
    
    








  
  
     I'm writing this review after using 1 months and come to know that this is a Worst Amazfit watch so far I have used. I was using amazfit GTS 2 mini and it was far better than this.i am very much disappointed with this watch on the performance.Cons;1.Sleep data is not accurate and it's not record properly. Useless to wear in night.2.Readiness is not accurate due to its not record the sleep data accurately.3. Zepp Coach is useless and it's not record the accurate once you stop the workout in mid between then you can't resume.4. Zepp Aura is useless to subscribe due to its not read sleep data accurately.5. Heart rate has inaccurate reading.Pros: nothing and looks good on hand.",[],2024-11-15,27,"Colour: Midnight Black, Style Name: Active",
4,For workout great watch,RGXVYIYLENE13,https://www.amazon.in/gp/customer-reviews/RGXVYIYLENE13/ref=cm_cr_othr_d_rvw_ttl?ie=UTF8&ASIN=B0CR3C4GNW,Battery: 3-4 dayOn always in disp 24 hours.Heart rate steps sleep all accurate.Water proof complete.Felt watch is small for me in my hand.,['https://m.media-amazon.com/images/I/61mNYykvFxL._SY88.jpg'],2024-07-31,28,"Colour: Midnight Black, Style Name: Active",
5,Sleek look,R1WI14MMPWY80C,https://www.amazon.in/gp/customer-reviews/R1WI14MMPWY80C/ref=cm_cr_othr_d_rvw_ttl?ie=UTF8&ASIN=B0CR3C4GNW,Product looks premium. Yet to explore features.,[],2024-12-05,29,"Colour: Midnight Black, Style Name: Active",
4,Nice watch.,R24ON3CF2YN79M,https://www.amazon.in/gp/customer-reviews/R24ON3CF2YN79M/ref=cm_cr_othr_d_rvw_ttl?ie=UTF8&ASIN=B0CR3C4GNW,"It's been a month that I am using this watch.Pros:Amazing Battery BackupNice DispayGood accuracyCons:No auto brightness feature and Outdoor visibility in sunlight is ok ok, not that great.I don't like zepp apps compare to the Samsung Galaxy wear app.",[],2024-06-15,30,"Colour: Midnight Black, Style Name: Active",
3,Some features are not working or may be updated are missing,R38IIH92BR6BBY,https://www.amazon.in/gp/customer-reviews/R38IIH92BR6BBY/ref=cm_cr_othr_d_rvw_ttl?ie=UTF8&ASIN=B0CR3C4GNW,Proper information is not given,[],2024-10-03,31,"Colour: Midnight Black, Style Name: Active",
5,Amzfit active is awesome,R2FLKQZ1ITQH2Q,https://www.amazon.in/gp/customer-reviews/R2FLKQZ1ITQH2Q/ref=cm_cr_othr_d_rvw_ttl?ie=UTF8&ASIN=B0CR3C4GNW,amzfit active 5 October muje mili mene usko full charge Kiya or kal 26 tak vo 3% charge bachi iska matlab muje 21 din ka batter backup MilaOr sabhi function bahut achhe heHealth reminders is also goodThanks amzfit active,[],2024-10-27,32,"Colour: Midnight Black, Style Name: Active",
5,Perfect Size for small wrist,R26ETGPORECFZD,https://www.amazon.in/gp/customer-reviews/R26ETGPORECFZD/ref=cm_cr_othr_d_rvw_ttl?ie=UTF8&ASIN=B0CR3C4GNW,Nice watch in the price range...i got for 7000. Satisfied with the quality.,[],2025-01-13,17,"Colour: Midnight Black, Style Name: Active",
4,"Accuracy are very good , definately go for it.",R2KD8TV04YANOG,https://www.amazon.in/gp/customer-reviews/R2KD8TV04YANOG/ref=cm_cr_othr_d_rvw_ttl?ie=UTF8&ASIN=B0CR3C4GNW,Size will be very compact & it should be 1.95 instead of 1.75,[],2024-10-29,18,"Colour: Midnight Black, Style Name: Active",
5,Nice product,R2LJRX2LMDPMSA,https://www.amazon.in/gp/customer-reviews/R2LJRX2LMDPMSA/ref=cm_cr_othr_d_rvw_ttl?ie=UTF8&ASIN=B0CR3C4GNW,"Lookative products, use good functional. Best battery backup also","['https://m.media-amazon.com/images/I/61OMPxRSB8L._SY88.jpg', 'https://m.media-amazon.com/images/I/61bAdcdF3hL._SY88.jpg']",2025-01-02,19,"Colour: Midnight Black, Style Name: Active",
4,Good product at this price,R9BVINP5SNW3X,https://www.amazon.in/gp/customer-reviews/R9BVINP5SNW3X/ref=cm_cr_othr_d_rvw_ttl?ie=UTF8&ASIN=B0CR3C4GNW,I loved the watch. Battery backup is awesome. Most of the features are there related to health and sport. Can store music up to 200mb,['https://m.media-amazon.com/images/I/61BeKez9DIL._SY88.jpg'],2024-10-08,20,"Colour: Midnight Black, Style Name: Active",
5,Amazefit active is really an excellent watch to go with in this price point,R34BLXQ6IH5A1B,https://www.amazon.in/gp/customer-reviews/R34BLXQ6IH5A1B/ref=cm_cr_othr_d_rvw_ttl?ie=UTF8&ASIN=B0CR3C4GNW,It is a great product. I was using another amazfit watch for 4 years un fortunately I falls from terrace and damaged but still works then got wet in rain after that it stopped working. I am now very satisfied with this watch as one of its feature is zepp flow which is yet another feature from the previous one which I use alot for make a call or while going for sleep,[],2024-11-30,21,"Colour: Lavender Purple, Style Name: Active",
5,Weight & battery,RLXOSZWDGMNW0,https://www.amazon.in/gp/customer-reviews/RLXOSZWDGMNW0/ref=cm_cr_othr_d_rvw_ttl?ie=UTF8&ASIN=B0CR3C4GNW,"Very good battery life even after use of 21 days still battery is 34%, also watch is light weight.If they add eSIM feature this watch can beat Apple Watch.",[],2024-12-17,22,"Colour: Midnight Black, Style Name: Active",
4,Very good product,R2T1OU563PI4CH,https://www.amazon.in/gp/customer-reviews/R2T1OU563PI4CH/ref=cm_cr_othr_d_rvw_ttl?ie=UTF8&ASIN=B0CR3C4GNW,"ഞാൻ ആഗ്രഹിച്ചതെല്ലാം ഉള്ള ഒരു വാച്ച്, ശരിക്കും smart watch...എല്ലാം കൊണ്ടും നല്ലത്.",[],2024-09-29,23,"Colour: Midnight Black, Style Name: Active",
3,Not made for iPhone users,R7ADL1DB54H6R,https://www.amazon.in/gp/customer-reviews/R7ADL1DB54H6R/ref=cm_cr_othr_d_rvw_ttl?ie=UTF8&ASIN=B0CR3C4GNW,Everything is good app neat n clean the problem is not working all functions with iPhone like calling quick reply n Alexa if u r looking for this features only then don’t buy,['https://m.media-amazon.com/images/I/61BZQy22LKL._SY88.jpg'],2024-10-18,24,"Colour: Midnight Black, Style Name: Active",
4,nice watch but the battery life isn't so great,R1H67CSPIW9UM3,https://www.amazon.in/gp/customer-reviews/R1H67CSPIW9UM3/ref=cm_cr_othr_d_rvw_ttl?ie=UTF8&ASIN=B0CR3C4GNW,Nice watch with a nice screen. Decent activity tracking functions but the battery life isn't too great by Amazfit standards but definitely better battery life than other smart watches.,[],2024-02-28,73,,
1,Worst after sales service,R2FERDVSUJ3P4Y,https://www.amazon.in/gp/customer-reviews/R2FERDVSUJ3P4Y/ref=cm_cr_othr_d_rvw_ttl?ie=UTF8&ASIN=B0CR3C4GNW,My watch has stopped working after 4 months of usage. Their customer care is unresponsive and extremely callous. No idea how to repair the watch,[],2025-01-16,74,"Colour: Midnight Black, Style Name: Active",
4,Almost perfect,R3KPR0WPTY2U9C,https://www.amazon.in/gp/customer-reviews/R3KPR0WPTY2U9C/ref=cm_cr_othr_d_rvw_ttl?ie=UTF8&ASIN=B0CR3C4GNW,Best you can get for 5500 after every discount there is at Amazon sale.Battery is way less then claimed. You can get the battery of 14 days if you just use it for time like a normal watch.Practically it's 5 6 days max.Heart during workout is wrong by good margin.Gps is excellent. However looses signal which is a inherent problem of gps devices.Watch faces are less and at the same time useless. Breathing exercise feature is great.I have bought it recently for 5500 in sale. I still have to find out how it holds up in long run.,['https://m.media-amazon.com/images/I/81qz9g-298L._SY88.jpg'],2022-09-26,75,"Colour: Midnight Black, Style Name: GTS 4 Mini",
5,light weight with big battery,RSS5LSJR2J84E,https://www.amazon.in/gp/customer-reviews/RSS5LSJR2J84E/ref=cm_cr_othr_d_rvw_ttl?ie=UTF8&ASIN=B0CR3C4GNW,very comfortable and light weight with long battery,['https://m.media-amazon.com/images/I/71scht5OoCL._SY88.jpg'],2024-10-09,76,"Colour: Midnight Black, Style Name: Active",
5,A best budget alternative for Apple Watch SE,R22TRWVQ4CM3IA,https://www.amazon.in/gp/customer-reviews/R22TRWVQ4CM3IA/ref=cm_cr_othr_d_rvw_ttl?ie=UTF8&ASIN=B0CR3C4GNW,"For the iPhone users it is one of the best fitness trackers & a budget alternative for Apple Watch SE.Here are the few pros & cons I have noticed so farPros1. Good sleep tracking2. GPS connectivity is good though it takes about 10s to connect & works well only when you are on a open space.3. Has a plenty of workouts to choose from4.  Breath app is good.5. Zepp App is in far with Apple's Fitness App. It sync a few good amount of data with Apple Health. One big issue I had initially was Zepp App doesn't sync Workouts with Health App. But later learned that strava app can help with this issue.6.  Can be linked with Strava to sync the workouts & intern strava can sync the workouts with Apple Health.7. Battery life is decent. After 4 full days of usage with a couple of workouts & walkings with GPS on, current battery % is 42%8. PAI score helps you to motivate to be fit.Cons1. It doesn't have option to track meditation/ mindfulness.2. Zepp app should have an option to sync workout with Apple Health App.3. Stand hours can't be tracked on Zepp App. Available only on the Watch.","['https://m.media-amazon.com/images/I/51NlD6ti-eL._SY88.jpg', 'https://m.media-amazon.com/images/I/51XO2dA0NfL._SY88.jpg']",2022-09-29,77,"Colour: Midnight Black, Style Name: GTS 4 Mini",
4,It does what it says,R2TCGB7STWN4PW,https://www.amazon.in/gp/customer-reviews/R2TCGB7STWN4PW/ref=cm_cr_othr_d_rvw_ttl?ie=UTF8&ASIN=B0CR3C4GNW,"Decent watch. Worth all of Rs. 6999. Only problem is sometimes it doesn't sync the activities with the app, you might need to turn of data/wifi and then try to sync it. Apart from this, great product to its price",[],2023-12-07,78,"Colour: Midnight Black, Style Name: GTS 4 Mini",
5,"Exactly what I needed, An Intelligent watch and an Activity tracker",R26PWJ0654ZFBW,https://www.amazon.in/gp/customer-reviews/R26PWJ0654ZFBW/ref=cm_cr_othr_d_rvw_ttl?ie=UTF8&ASIN=B0CR3C4GNW,"This is exactly what I was looking from a Smart Watch.Small story before we talk about my Amazfit GTS4 mini.I have been using a Chinese Smart watch (Now a days no need to mention term ""Chinese"" as everything is chinese :D ) since couple of years and was frustrated over the battery performance as it could last only upto 3 days on less to moderate use. You use it bit more and Battery is gone within a day. For a watch that I need to charge again and again to even see the time is worth nothing.Then I narrowed down my needs from something smart on my wrist and came to a conclusion to buy AMAZFIT GTS 4 Mini, and it is a wow product.Inbuilt GPS with 5 satellites, great for activity tracking with precision.12 days since full charge, used it moderately to track few of my activities(With GPS) in these 12 days, and battery still shows 33% .Not a fan of receiving the notifications on my Wrist, (something that annoyed me in my last Smart Watch) , so have turned off this feature on GST4 MINI.Also not lazy enough to receive and answer calls on my watch, hence GTS4 Mini not having a feature of receiving a call is not a deal breaker.Good built quality.Perfect Smart companion to go for.",[],2022-08-05,79,"Colour: Midnight Black, Style Name: GTS 4 Mini",
2,Not black in bezels,R32Q2XBUAYHTFB,https://www.amazon.in/gp/customer-reviews/R32Q2XBUAYHTFB/ref=cm_cr_othr_d_rvw_ttl?ie=UTF8&ASIN=B0CR3C4GNW,"Though i ordered midnight black, I received steel bezel model which looks not good at all",[],2024-10-26,80,"Colour: Midnight Black, Style Name: Active",
