ratingScore,reviewTitle,reviewId,reviewUrl,reviewDescription,reviewImages,date,position,variant,totalCategoryRatings
5,Good Watch Must Bye Made In India 🇮🇳 👌,R3DWCM0ZQZ8MJ9,https://www.amazon.in/gp/customer-reviews/R3DWCM0ZQZ8MJ9/ref=cm_cr_othr_d_rvw_ttl?ie=UTF8&ASIN=B0BMVT1R78,"The media could not be loaded.
                
            
                
            
        
    
    








  
  
     Customers like the build quality, value for money, and appearance of the smartwatch. They mention it looks good, has a nice screen, and all the features required for day-to-day life. Some say it's comfortable to wear and the fit is good. Opinions are mixed on the battery life, sound quality, and connectivity",['https://m.media-amazon.com/images/I/61OozYJesfL._SY88.jpg'],2024-11-25,1,"Colour: Teal Green, Style Name: Force",
4,Best for its price,R1R0LNJ07LE6LR,https://www.amazon.in/gp/customer-reviews/R1R0LNJ07LE6LR/ref=cm_cr_othr_d_rvw_ttl?ie=UTF8&ASIN=B0BMVT1R78,"Best looks, ultra smooth UI, strap is very comfortable and of good quality. I specially loved the dial size and the shiny metal frame surrounding it giving a rugged look, plus the crown rotates as well smoothly scrolling the menu.Brightness is high, not tested at full; I keep it on zero as it's still bright enough and the screen looks like amoled on zero brightness after applying dark watch faces.Cons:Has some basic things and features missing such as:- drink water reminder- no tap to wake and sleep option- no calculator- during calling the voice is heard clearly on other side but the background noise too, in crowded areas.- Panel is IPS hence no AOD- cannot remove the already applied watch faces by default and out of 11 pre-applied faces only one can be changed.- AI voice and Breathe option missing in grid style view, only shown in list style view.- Find my device (through phone) and alarm function is basically useless as it vibrates very lightly even on the maximum vibration settings.Yet to test out the battery life. Overall a pretty well packaged watch at the price of just ₹1,799.. smooth UI, rugged look, comfortable strap, dial size big enough.",['https://m.media-amazon.com/images/I/61qSpAERhCL._SY88.jpg'],2025-01-10,2,"Colour: Jet Black, Style Name: Force",
5,Amazing product,R360BYYMGCEHJN,https://www.amazon.in/gp/customer-reviews/R360BYYMGCEHJN/ref=cm_cr_othr_d_rvw_ttl?ie=UTF8&ASIN=B0BMVT1R78,"This smartwatch is a game-changer. With its sleek design, intuitive interface, and a plethora of features, it's the perfect companion for the modern, tech-savvy individual. The battery life is impressive, lasting for several days on a single charge. The fitness tracking capabilities are top-notch, accurately monitoring heart rate, steps, and sleep patterns.The smartwatch also offers a wide range of customizable watch faces, allowing  to personalize your device to your style.",['https://m.media-amazon.com/images/I/61iLLWVo+BL._SY88.jpg'],2024-12-02,3,"Colour: Teal Green, Style Name: Force",
4,Looks and pefomance is good  just you can put extra straps,RN9LAG8ZEZ6M2,https://www.amazon.in/gp/customer-reviews/RN9LAG8ZEZ6M2/ref=cm_cr_othr_d_rvw_ttl?ie=UTF8&ASIN=B0BMVT1R78,"The media could not be loaded.
                
            
                
            
            
        
    
    








  
  
     I recently bought the Noise Force smartwatch, and I’m quite impressed with it. The watch has a sleek design and works smoothly without any lag. The performance is great, and the battery life is also solid, lasting me through the day with ease. A standout feature is the calling capability, which works well and is convenient for quick calls without reaching for my phone. Overall, I’m happy with my purchase and would recommend it to anyone looking for a reliable and feature-packed smartwatch.","['https://m.media-amazon.com/images/I/61o9m-dzmzL._SY88.jpg', 'https://m.media-amazon.com/images/I/71CsUnWWcQL._SY88.jpg', 'https://m.media-amazon.com/images/I/71cpSZ+Z4JL._SY88.jpg']",2024-11-10,4,"Colour: Jet Black, Style Name: Force",
5,Quality and features,R2N11TXCZ9JTIB,https://www.amazon.in/gp/customer-reviews/R2N11TXCZ9JTIB/ref=cm_cr_othr_d_rvw_ttl?ie=UTF8&ASIN=B0BMVT1R78,Good watch in budget,[],2025-01-22,5,"Colour: Jet Black, Style Name: Force",
5,Looks and Battery capicity is most good.,R20ORJZXG8JNE0,https://www.amazon.in/gp/customer-reviews/R20ORJZXG8JNE0/ref=cm_cr_othr_d_rvw_ttl?ie=UTF8&ASIN=B0BMVT1R78,This watch is very good. The battery lasts for about 1 week. You can also buy this watch with confidence. feature are all excellent. I think Nobody bad side in this watch.,"['https://m.media-amazon.com/images/I/61zDpZUXQLL._SY88.jpg', 'https://m.media-amazon.com/images/I/71jQpcJNCKL._SY88.jpg']",2024-12-25,6,"Colour: Jet Black, Style Name: Force",
3,Good product but charger quality not good,R2LDTLGKIPPR3Z,https://www.amazon.in/gp/customer-reviews/R2LDTLGKIPPR3Z/ref=cm_cr_othr_d_rvw_ttl?ie=UTF8&ASIN=B0BMVT1R78,Good product but charger quality not good,[],2024-10-30,7,"Colour: Jet Black, Style Name: Force",
4,It's nice product from noise,RHI8B1D4BYM9V,https://www.amazon.in/gp/customer-reviews/RHI8B1D4BYM9V/ref=cm_cr_othr_d_rvw_ttl?ie=UTF8&ASIN=B0BMVT1R78,Iam very satisfied with noise force Smart watch from Noise. It's quality and Durability of the item is very strong.,"['https://m.media-amazon.com/images/I/711qYh8+4PL._SY88.jpg', 'https://m.media-amazon.com/images/I/718zaVaU3xL._SY88.jpg', 'https://m.media-amazon.com/images/I/71DN5bGKFOL._SY88.jpg']",2025-01-06,8,"Colour: Jet Black, Style Name: Force",
4,It's design,R2YDYOMH161B9P,https://www.amazon.in/gp/customer-reviews/R2YDYOMH161B9P/ref=cm_cr_othr_d_rvw_ttl?ie=UTF8&ASIN=B0BMVT1R78,"The media could not be loaded.
                
            
                
            
            
        
    
    








  
  
     Everything is good best watch in 1839 thank Amazon",['https://m.media-amazon.com/images/I/71LU4NNQL1L._SY88.jpg'],2024-11-27,25,"Colour: Jet Black, Style Name: Force",
5,Perfect Smartwatch for my needs,R1YYSD9EA2HHDF,https://www.amazon.in/gp/customer-reviews/R1YYSD9EA2HHDF/ref=cm_cr_othr_d_rvw_ttl?ie=UTF8&ASIN=B0BMVT1R78,"I’ve been using the NoiseFit Force for a few weeks now, and it’s honestly a game-changer. The 1.32” IPS display is sharp, vibrant, and easy to read, even outdoors. The rotating crown is a great addition for effortless navigation, making it super user-friendly.The sporty, impact-resistant design is a huge plus for someone like me who enjoys outdoor activities. The zinc alloy and polycarbonate build feel durable yet lightweight on the wrist. It’s also IP67 water-resistant, so I don’t have to worry about sweat or splashes during workouts.The health tracking features are top-notch. Heart rate monitoring, SpO2 tracking, sleep tracking, and even female cycle tracking are all accurate and easy to access. Plus, with 30 sports modes, it’s ideal for tracking all my fitness goals.Bluetooth calling is a fantastic feature. I can take calls directly from my wrist, which is incredibly convenient during workouts or when I’m on the go. The battery life is impressive, lasting up to 7 days on a single charge, which means I don’t have to worry about constant charging.Lastly, it pairs seamlessly with both Android and Apple smartphones, so compatibility is never an issue. Overall, I’m thrilled with this smartwatch—it offers excellent features at a reasonable price. Highly recommend it to anyone looking for a stylish and functional wearable!",['https://m.media-amazon.com/images/I/614HAW9sE1L._SY88.jpg'],2024-11-28,26,"Colour: Jet Black, Style Name: Force",
4,Rugged look,R155HY8UN8HZAJ,https://www.amazon.in/gp/customer-reviews/R155HY8UN8HZAJ/ref=cm_cr_othr_d_rvw_ttl?ie=UTF8&ASIN=B0BMVT1R78,"Nice look, rugged, i liked it",['https://m.media-amazon.com/images/I/71Tjki9NtLL._SY88.jpg'],2024-11-15,27,"Colour: Teal Green, Style Name: Force",
4,Force smart watch,R3AUSUGCOYZXMU,https://www.amazon.in/gp/customer-reviews/R3AUSUGCOYZXMU/ref=cm_cr_othr_d_rvw_ttl?ie=UTF8&ASIN=B0BMVT1R78,"In this watch the connection is good , more over its functionality is nice to use and its sound quality and touch screen controls are quite good to use",['https://m.media-amazon.com/images/I/71711RWjSVL._SY88.jpg'],2024-11-05,28,"Colour: Misty Grey, Style Name: Force",
4,Sensors are quite weak,R7BB3FPKD1O99,https://www.amazon.in/gp/customer-reviews/R7BB3FPKD1O99/ref=cm_cr_othr_d_rvw_ttl?ie=UTF8&ASIN=B0BMVT1R78,The wrist wake feature is quite weak as compared to other smart watches. Also the watch gets wake after some delay.,[],2024-11-02,29,"Colour: Jet Black, Style Name: Force",
5,Best product 👌,R2EV6GMXXQL722,https://www.amazon.in/gp/customer-reviews/R2EV6GMXXQL722/ref=cm_cr_othr_d_rvw_ttl?ie=UTF8&ASIN=B0BMVT1R78,"Bahuthi badhiya smart watch he,Looks amazing he ❤","['https://m.media-amazon.com/images/I/61Q+89nb27L._SY88.jpg', 'https://m.media-amazon.com/images/I/61uWH2Tu0TL._SY88.jpg']",2025-01-30,30,"Colour: Jet Black, Style Name: Force",
4,Calling problem,R3HN040DKKM6YL,https://www.amazon.in/gp/customer-reviews/R3HN040DKKM6YL/ref=cm_cr_othr_d_rvw_ttl?ie=UTF8&ASIN=B0BMVT1R78,Calling problemCalling problem,[],2024-11-09,31,"Colour: Jet Black, Style Name: Force",
4,Amazing Watch!!,R1SHPA0U0RQFYR,https://www.amazon.in/gp/customer-reviews/R1SHPA0U0RQFYR/ref=cm_cr_othr_d_rvw_ttl?ie=UTF8&ASIN=B0BMVT1R78,Love this watch!! Superb!! This is what I want!!,['https://m.media-amazon.com/images/I/61wKXc1y1ML._SY88.jpg'],2024-11-05,32,"Colour: Misty Grey, Style Name: Force",
4,Best quality,R3P67UZ9OXNZZP,https://www.amazon.in/gp/customer-reviews/R3P67UZ9OXNZZP/ref=cm_cr_othr_d_rvw_ttl?ie=UTF8&ASIN=B0BMVT1R78,Really the product built quality was really value for money 👍🏻,['https://m.media-amazon.com/images/I/71LV2QmvtSL._SY88.jpg'],2024-10-14,49,"Colour: Jet Black, Style Name: Force",
4,Good watch for the price,R1LUOHEGWKRVV0,https://www.amazon.in/gp/customer-reviews/R1LUOHEGWKRVV0/ref=cm_cr_othr_d_rvw_ttl?ie=UTF8&ASIN=B0BMVT1R78,Nice good looking watch,['https://m.media-amazon.com/images/I/61FgVwd5w8L._SY88.jpg'],2024-10-27,50,"Colour: Teal Green, Style Name: Force",
5,Watch,RDH4KD36AZXFX,https://www.amazon.in/gp/customer-reviews/RDH4KD36AZXFX/ref=cm_cr_othr_d_rvw_ttl?ie=UTF8&ASIN=B0BMVT1R78,Stylish watch,[],2025-01-20,51,"Colour: Jet Black, Style Name: Force",
5,Watch was so amazing its 2 years have been completed and its fine and look as new,R1JCN2AWXXFNOH,https://www.amazon.in/gp/customer-reviews/R1JCN2AWXXFNOH/ref=cm_cr_othr_d_rvw_ttl?ie=UTF8&ASIN=B0BMVT1R78,The watch is great no problem in any of the function or connectivity,['https://m.media-amazon.com/images/I/61ELz+nef3L._SY88.jpg'],2025-01-09,52,"Colour: Jet Black, Style Name: Force",
4,Looks great,R3K9HNW39RXPBP,https://www.amazon.in/gp/customer-reviews/R3K9HNW39RXPBP/ref=cm_cr_othr_d_rvw_ttl?ie=UTF8&ASIN=B0BMVT1R78,Working fine till now. Will update after a month of use.,['https://m.media-amazon.com/images/I/81glMIpy11L._SY88.jpg'],2024-10-20,53,"Colour: Teal Green, Style Name: Force",
4,Good product,RXUKRG3NAYOY3,https://www.amazon.in/gp/customer-reviews/RXUKRG3NAYOY3/ref=cm_cr_othr_d_rvw_ttl?ie=UTF8&ASIN=B0BMVT1R78,Good product,[],2024-10-25,54,"Colour: Jet Black, Style Name: Force",
5,Amazing watch,R2XZ6CIS02PSYP,https://www.amazon.in/gp/customer-reviews/R2XZ6CIS02PSYP/ref=cm_cr_othr_d_rvw_ttl?ie=UTF8&ASIN=B0BMVT1R78,Excellent values for money,[],2025-01-11,55,"Colour: Jet Black, Style Name: Force",
4,Good product,R498WPMIQ1XAL,https://www.amazon.in/gp/customer-reviews/R498WPMIQ1XAL/ref=cm_cr_othr_d_rvw_ttl?ie=UTF8&ASIN=B0BMVT1R78,This a good looking watch and best design.But sensors are not that accurate it only gives you approx values,['https://m.media-amazon.com/images/I/711hZAtg1pL._SY88.jpg'],2024-10-12,56,"Colour: Jet Black, Style Name: Force",
4,Looks and feel nice,R2NVLD5STB19PZ,https://www.amazon.in/gp/customer-reviews/R2NVLD5STB19PZ/ref=cm_cr_othr_d_rvw_ttl?ie=UTF8&ASIN=B0BMVT1R78,Nice,['https://m.media-amazon.com/images/I/71i17Gl3vxL._SY88.jpg'],2024-12-02,17,"Colour: Jet Black, Style Name: Force",
4,Nice product,R1D6WKB9P463Z8,https://www.amazon.in/gp/customer-reviews/R1D6WKB9P463Z8/ref=cm_cr_othr_d_rvw_ttl?ie=UTF8&ASIN=B0BMVT1R78,,['https://m.media-amazon.com/images/I/611W0m7QGhL._SY88.jpg'],2024-11-28,18,"Colour: Teal Green, Style Name: Force",
4,Excellent product,R1ZA1OWI7X0GGP,https://www.amazon.in/gp/customer-reviews/R1ZA1OWI7X0GGP/ref=cm_cr_othr_d_rvw_ttl?ie=UTF8&ASIN=B0BMVT1R78,Good looking watch,"['https://m.media-amazon.com/images/I/81GEGpqPROL._SY88.jpg', 'https://m.media-amazon.com/images/I/81ZClbt9u9L._SY88.jpg']",2024-11-30,19,"Colour: Teal Green, Style Name: Force",
4,Best,R12ETLLQXY39M2,https://www.amazon.in/gp/customer-reviews/R12ETLLQXY39M2/ref=cm_cr_othr_d_rvw_ttl?ie=UTF8&ASIN=B0BMVT1R78,I like this watch Display quality,[],2024-11-25,20,"Colour: Jet Black, Style Name: Force",
3,Basic functionality with low battery life,R2HQP22UTPS5R3,https://www.amazon.in/gp/customer-reviews/R2HQP22UTPS5R3/ref=cm_cr_othr_d_rvw_ttl?ie=UTF8&ASIN=B0BMVT1R78,Fully charged battery barely lasts for 3 days. So claim of upto 7 days is incorrect. Not sure how to put watch ringing on silent. Dint have much expectation for a Rs 1800 watch but battery life was quite disappointing,['https://m.media-amazon.com/images/I/71UxBaB3f8L._SY88.jpg'],2024-12-21,21,"Colour: Jet Black, Style Name: Force",
4,Watch,R233R558X4GD6H,https://www.amazon.in/gp/customer-reviews/R233R558X4GD6H/ref=cm_cr_othr_d_rvw_ttl?ie=UTF8&ASIN=B0BMVT1R78,I have gifted this watch my brother' birthday. He really likes this watch.value for money,[],2024-11-18,22,"Colour: Teal Green, Style Name: Force",
4,Value for money smartwatch,R20CH2FFM5Y9EM,https://www.amazon.in/gp/customer-reviews/R20CH2FFM5Y9EM/ref=cm_cr_othr_d_rvw_ttl?ie=UTF8&ASIN=B0BMVT1R78,"The Noise Force Rugged & Sporty 1.32"" Bluetooth Calling Smart Watch impresses with its bold design, durable build, and excellent features. Its 1.32"" IPS LCD display is bright and responsive, even in sunlight. Key features include Bluetooth calling, AI voice assistance, heart rate and blood oxygen monitoring, sleep tracking, and over 100 sports modes. With water resistance up to 50 meters and a battery life of up to 7 days, it's ideal for active users. Comfortable to wear and packed with value, this smartwatch is a great choice for anyone seeking durability and functionality. Highly recommended!","['https://m.media-amazon.com/images/I/61UEzHO7FBL._SY88.jpg', 'https://m.media-amazon.com/images/I/71LpxrI8slL._SY88.jpg']",2024-09-29,23,"Colour: Jet Black, Style Name: Force",
5,Very good budget watch,R2SE4NO5NWFV0M,https://www.amazon.in/gp/customer-reviews/R2SE4NO5NWFV0M/ref=cm_cr_othr_d_rvw_ttl?ie=UTF8&ASIN=B0BMVT1R78,"The watch has a stylish, premium feel—definitely doesn’t look like a 1700 rupees smartwatch. Go for it if you’re not too focused on the features.",[],2025-01-24,24,"Colour: Jet Black, Style Name: Force",
4,Good product at this price,R10FMR353PBOYC,https://www.amazon.in/gp/customer-reviews/R10FMR353PBOYC/ref=cm_cr_othr_d_rvw_ttl?ie=UTF8&ASIN=B0BMVT1R78,"Need to improve and optimize in the mobile app ui, good display, heart rate monitor is not accurate, good call quality, value for money, watch faces need to improve. Overall good for at this price range",['https://m.media-amazon.com/images/I/71dY9qPbgFL._SY88.jpg'],2024-10-12,41,"Colour: Jet Black, Style Name: Force",
4,Good,RH5ABFW62RAOM,https://www.amazon.in/gp/customer-reviews/RH5ABFW62RAOM/ref=cm_cr_othr_d_rvw_ttl?ie=UTF8&ASIN=B0BMVT1R78,Good watch but after 10 days the touch screen stopped working and i will claim the warranty and i got a new watch today (after 7 days),['https://m.media-amazon.com/images/I/71T7btX-lCL._SY88.jpg'],2024-10-18,42,"Colour: Jet Black, Style Name: Force",
5,Smart watch,R3NH0IR42OOP65,https://www.amazon.in/gp/customer-reviews/R3NH0IR42OOP65/ref=cm_cr_othr_d_rvw_ttl?ie=UTF8&ASIN=B0BMVT1R78,Very nice product value for money must buy,"['https://m.media-amazon.com/images/I/619l0WjBXVL._SY88.jpg', 'https://m.media-amazon.com/images/I/61c0G2xQaDL._SY88.jpg']",2025-01-18,43,"Colour: Jet Black, Style Name: Force",
4,Excellent product,R17495RXXN3M9U,https://www.amazon.in/gp/customer-reviews/R17495RXXN3M9U/ref=cm_cr_othr_d_rvw_ttl?ie=UTF8&ASIN=B0BMVT1R78,The media could not be loaded.,[],2024-11-14,44,"Colour: Jet Black, Style Name: Force",
4,Best watch,R3B7UWV060DPUL,https://www.amazon.in/gp/customer-reviews/R3B7UWV060DPUL/ref=cm_cr_othr_d_rvw_ttl?ie=UTF8&ASIN=B0BMVT1R78,One screw was missing otherwise its quality is good..,['https://m.media-amazon.com/images/I/61muMza-xoL._SY88.jpg'],2024-10-26,45,"Colour: Teal Green, Style Name: Force",
4,New watch review,R2PU21HDA9L3N5,https://www.amazon.in/gp/customer-reviews/R2PU21HDA9L3N5/ref=cm_cr_othr_d_rvw_ttl?ie=UTF8&ASIN=B0BMVT1R78,"Good quality, has so many functions, looks good on my wrist....happy to buy it",['https://m.media-amazon.com/images/I/61Beqb8JGZL._SY88.jpg'],2024-10-13,46,"Colour: Jet Black, Style Name: Force",
4,Watch,R1GCC6NYQ33HKP,https://www.amazon.in/gp/customer-reviews/R1GCC6NYQ33HKP/ref=cm_cr_othr_d_rvw_ttl?ie=UTF8&ASIN=B0BMVT1R78,Very sexy look watch,['https://m.media-amazon.com/images/I/61gNgOO0k8L._SY88.jpg'],2024-10-21,47,"Colour: Jet Black, Style Name: Force",
4,The product is okay but the brightness level low,R127FGKL6UYZXI,https://www.amazon.in/gp/customer-reviews/R127FGKL6UYZXI/ref=cm_cr_othr_d_rvw_ttl?ie=UTF8&ASIN=B0BMVT1R78,,"['https://m.media-amazon.com/images/I/61Hpm1ok72L._SY88.jpg', 'https://m.media-amazon.com/images/I/71+vFQAn3kL._SY88.jpg']",2024-10-22,48,"Colour: Jet Black, Style Name: Force",
5,It's a good smartwatch,R27PEBL9O7XNL9,https://www.amazon.in/gp/customer-reviews/R27PEBL9O7XNL9/ref=cm_cr_othr_d_rvw_ttl?ie=UTF8&ASIN=B0BMVT1R78,It's quite good. But not as good as it's higer end version NoiseFit Force Plus. But good for a daily driver with minimalist features. The Working Rotating Crown is of some use in some situations. More or less it's good for rough use but a bit overpriced than it's higer end version.,"['https://m.media-amazon.com/images/I/714KNmCpJiL._SY88.jpg', 'https://m.media-amazon.com/images/I/71TlU0zm+mL._SY88.jpg', 'https://m.media-amazon.com/images/I/81BPtb-p3RL._SY88.jpg', 'https://m.media-amazon.com/images/I/81VhzKOQKQL._SY88.jpg', 'https://m.media-amazon.com/images/I/81bbFfUD9NL._SY88.jpg']",2024-12-05,73,"Colour: Jet Black, Style Name: Force",
4,Impressive budget smartwatch,R18CGKIB6OF55I,https://www.amazon.in/gp/customer-reviews/R18CGKIB6OF55I/ref=cm_cr_othr_d_rvw_ttl?ie=UTF8&ASIN=B0BMVT1R78,"The media could not be loaded.
                
            
                
            
            
        
    
    








  
  
     I really like this budget-friendly watch! It is lightweight and the UI/UX design looks good. It is easy to use, and when connected to a mobile device, you can control music and use the camera shutter. Notifications for calls are sent to the watch, but there is no option to answer calls as it doesn't have a speaker, only vibration. Fits my hand perfectly! And step accuracy 70 per to 80 percentage. Overall, it's a great watch for the price.","['https://m.media-amazon.com/images/I/615M6gOalLL._SY88.jpg', 'https://m.media-amazon.com/images/I/617no7gWKEL._SY88.jpg', 'https://m.media-amazon.com/images/I/61X95TieA3L._SY88.jpg', 'https://m.media-amazon.com/images/I/61ePnQlIzKL._SY88.jpg', 'https://m.media-amazon.com/images/I/71aFUXEa0ML._SY88.jpg', 'https://m.media-amazon.com/images/I/71iIrPChIxL._SY88.jpg', 'https://m.media-amazon.com/images/I/81DJNM0jZLL._SY88.jpg', 'https://m.media-amazon.com/images/I/81JriO5oXoL._SY88.jpg']",2024-07-28,74,"Colour: Jet Black, Style Name: Force",
5,Great Budget Watch,R3S8RNNN2OW03,https://www.amazon.in/gp/customer-reviews/R3S8RNNN2OW03/ref=cm_cr_othr_d_rvw_ttl?ie=UTF8&ASIN=B0BMVT1R78,"The watch provided great features, perfect fit in anyone's hands, gives modern vibes!",[],2024-12-25,75,"Colour: Jet Black, Style Name: Force",
5,Best watch,R1OW0OTIKD8Y6P,https://www.amazon.in/gp/customer-reviews/R1OW0OTIKD8Y6P/ref=cm_cr_othr_d_rvw_ttl?ie=UTF8&ASIN=B0BMVT1R78,To good quality,['https://m.media-amazon.com/images/I/61ostZt7LoL._SY88.jpg'],2025-01-04,76,"Colour: Jet Black, Style Name: Force",
4,Good product,R30L4FKYAVGRSH,https://www.amazon.in/gp/customer-reviews/R30L4FKYAVGRSH/ref=cm_cr_othr_d_rvw_ttl?ie=UTF8&ASIN=B0BMVT1R78,,['https://m.media-amazon.com/images/I/61LJ+rAEo4L._SY88.jpg'],2024-10-01,77,"Colour: Jet Black, Style Name: Force",
3,Want the watch work till atleast week,R2XR777RBSE66W,https://www.amazon.in/gp/customer-reviews/R2XR777RBSE66W/ref=cm_cr_othr_d_rvw_ttl?ie=UTF8&ASIN=B0BMVT1R78,Watch didn't have long charge time,[],2024-11-09,78,"Colour: Jet Black, Style Name: Force",
4,Good for sports,R1T6UDVZ39O1Y8,https://www.amazon.in/gp/customer-reviews/R1T6UDVZ39O1Y8/ref=cm_cr_othr_d_rvw_ttl?ie=UTF8&ASIN=B0BMVT1R78,Good performance,[],2024-10-06,79,"Colour: Jet Black, Style Name: Force",
4,Force,R8KAS1IO0Y5P0,https://www.amazon.in/gp/customer-reviews/R8KAS1IO0Y5P0/ref=cm_cr_othr_d_rvw_ttl?ie=UTF8&ASIN=B0BMVT1R78,"Good quality, sleep tracking, notification functions, value for money, best battery backup",['https://m.media-amazon.com/images/I/71vXv-NqCzL._SY88.jpg'],2024-09-22,80,"Colour: Jet Black, Style Name: Force",
4,Good product,R2QCHKFJBEMRWQ,https://www.amazon.in/gp/customer-reviews/R2QCHKFJBEMRWQ/ref=cm_cr_othr_d_rvw_ttl?ie=UTF8&ASIN=B0BMVT1R78,If are looking for a productive watch then this is not for you .There are very less features available and the measurements are incorrect. Only just for the look you can go with this watch,[],2024-10-03,57,"Colour: Jet Black, Style Name: Force",
4,Watch',RY8646JETA8AY,https://www.amazon.in/gp/customer-reviews/RY8646JETA8AY/ref=cm_cr_othr_d_rvw_ttl?ie=UTF8&ASIN=B0BMVT1R78,Smart watch are very stylish and good performance,"['https://m.media-amazon.com/images/I/71bYUlDk8JL._SY88.jpg', 'https://m.media-amazon.com/images/I/71deC1uEYuL._SY88.jpg']",2024-10-12,58,"Colour: Jet Black, Style Name: Force",
4,Good product,R3AUL7GTMU4KYD,https://www.amazon.in/gp/customer-reviews/R3AUL7GTMU4KYD/ref=cm_cr_othr_d_rvw_ttl?ie=UTF8&ASIN=B0BMVT1R78,Value for money,['https://m.media-amazon.com/images/I/71hlGhrn2VL._SY88.jpg'],2024-10-16,59,"Colour: Jet Black, Style Name: Force",
4,Very nice and dacing,R21OLUXQWW7K93,https://www.amazon.in/gp/customer-reviews/R21OLUXQWW7K93/ref=cm_cr_othr_d_rvw_ttl?ie=UTF8&ASIN=B0BMVT1R78,Nice product I love it.,"['https://m.media-amazon.com/images/I/71PjU0axMRL._SY88.jpg', 'https://m.media-amazon.com/images/I/71f0w74j7GL._SY88.jpg']",2024-10-15,60,"Colour: Jet Black, Style Name: Force",
4,Worth the price,R3TX1DGUP6SVOX,https://www.amazon.in/gp/customer-reviews/R3TX1DGUP6SVOX/ref=cm_cr_othr_d_rvw_ttl?ie=UTF8&ASIN=B0BMVT1R78,Its body and size is perfect,"['https://m.media-amazon.com/images/I/61-amwPjkeL._SY88.jpg', 'https://m.media-amazon.com/images/I/61GPXHINIVL._SY88.jpg', 'https://m.media-amazon.com/images/I/61oEWW0kRJL._SY88.jpg', 'https://m.media-amazon.com/images/I/71f4kd8XlIL._SY88.jpg']",2024-10-14,61,"Colour: Jet Black, Style Name: Force",
4,Good one,R1AB5HJVKQTPD1,https://www.amazon.in/gp/customer-reviews/R1AB5HJVKQTPD1/ref=cm_cr_othr_d_rvw_ttl?ie=UTF8&ASIN=B0BMVT1R78,Value for money,['https://m.media-amazon.com/images/I/718Pe87ZbwL._SY88.jpg'],2024-10-11,62,"Colour: Jet Black, Style Name: Force",
5,Noise fit,R39RS4GM8JE1CP,https://www.amazon.in/gp/customer-reviews/R39RS4GM8JE1CP/ref=cm_cr_othr_d_rvw_ttl?ie=UTF8&ASIN=B0BMVT1R78,Best product ever got,[],2025-01-09,63,"Colour: Jet Black, Style Name: Force",
4,Amazing noise smart watch,R3EDJ0L2KDGCE4,https://www.amazon.in/gp/customer-reviews/R3EDJ0L2KDGCE4/ref=cm_cr_othr_d_rvw_ttl?ie=UTF8&ASIN=B0BMVT1R78,Noice smartwatch looking good & features & value for money,['https://m.media-amazon.com/images/I/719QFVlBTRL._SY88.jpg'],2024-10-11,64,"Colour: Jet Black, Style Name: Force",
4,For design quality,R3KH2YW2CVXD3I,https://www.amazon.in/gp/customer-reviews/R3KH2YW2CVXD3I/ref=cm_cr_othr_d_rvw_ttl?ie=UTF8&ASIN=B0BMVT1R78,Product design is good and it's worth for the amount. And need to check the design quality and charging and discharging period.,['https://m.media-amazon.com/images/I/61O0spbG6vL._SY88.jpg'],2024-10-30,33,"Colour: Misty Grey, Style Name: Force",
4,👍🏻👍🏻,R2P9GIU9HBOBS7,https://www.amazon.in/gp/customer-reviews/R2P9GIU9HBOBS7/ref=cm_cr_othr_d_rvw_ttl?ie=UTF8&ASIN=B0BMVT1R78,👍🏻👍🏻,['https://m.media-amazon.com/images/I/71XnVhYtY2L._SY88.jpg'],2024-11-07,34,"Colour: Teal Green, Style Name: Force",
4,Nice watch,RCB0QNITWOSOM,https://www.amazon.in/gp/customer-reviews/RCB0QNITWOSOM/ref=cm_cr_othr_d_rvw_ttl?ie=UTF8&ASIN=B0BMVT1R78,Sporty and good watch,['https://m.media-amazon.com/images/I/71-JkYaPsaL._SY88.jpg'],2024-11-08,35,"Colour: Jet Black, Style Name: Force",
4,Cool this product 🔥,RY11148W2WT1I,https://www.amazon.in/gp/customer-reviews/RY11148W2WT1I/ref=cm_cr_othr_d_rvw_ttl?ie=UTF8&ASIN=B0BMVT1R78,Cool this watch ⌚️ 🔥,"['https://m.media-amazon.com/images/I/71HXMtKC47L._SY88.jpg', 'https://m.media-amazon.com/images/I/71lpzHy9B1L._SY88.jpg']",2024-11-05,36,"Colour: Jet Black, Style Name: Force",
4,Worth the money must buy watch!!!,R3TQITYYL7YKO5,https://www.amazon.in/gp/customer-reviews/R3TQITYYL7YKO5/ref=cm_cr_othr_d_rvw_ttl?ie=UTF8&ASIN=B0BMVT1R78,"The media could not be loaded.
                
            
                
            
            
        
    
    








  
  
     Works like a charm!!all features work as promised and best rugged watch for this price range ..and it charges fast. The watch sound is decent but good for this range(bt calling).and easy to use.Plus the dial is also good.",['https://m.media-amazon.com/images/I/71O-uKe6GWL._SY88.jpg'],2024-10-13,37,"Colour: Jet Black, Style Name: Force",
4,Build quality is Superb,R2FERJ1QU4ANMO,https://www.amazon.in/gp/customer-reviews/R2FERJ1QU4ANMO/ref=cm_cr_othr_d_rvw_ttl?ie=UTF8&ASIN=B0BMVT1R78,"Nice watch in this price range.Build quality is superb, display is also good.","['https://m.media-amazon.com/images/I/616N8V4U7CL._SY88.jpg', 'https://m.media-amazon.com/images/I/61vk6w92lfL._SY88.jpg']",2024-10-31,38,"Colour: Jet Black, Style Name: Force",
5,Awesome,R1MK4DHSQ2XBEK,https://www.amazon.in/gp/customer-reviews/R1MK4DHSQ2XBEK/ref=cm_cr_othr_d_rvw_ttl?ie=UTF8&ASIN=B0BMVT1R78,Awesome,[],2025-01-24,39,"Colour: Jet Black, Style Name: Force",
5,Best watch ever had,R2JMG2QPS3OAIX,https://www.amazon.in/gp/customer-reviews/R2JMG2QPS3OAIX/ref=cm_cr_othr_d_rvw_ttl?ie=UTF8&ASIN=B0BMVT1R78,"The Noise Force Rugged Smartwatch is a perfect blend of durability and functionality. Its rugged design is built to withstand tough conditions, making it ideal for outdoor enthusiasts. The bright, clear display ensures readability even under sunlight. It offers excellent fitness features, including heart rate monitoring, SpO2 tracking, sleep analysis, and multiple sports modes. The smartwatch is water-resistant and dustproof, ensuring reliability in all conditions. Smart notifications keep you connected on the go, while the impressive battery life ensures long usage without frequent charging. Overall, it’s a fantastic choice for those seeking a tough, feature-packed smartwatch for everyday and adventure use.","['https://m.media-amazon.com/images/I/616tZWn7CqL._SY88.jpg', 'https://m.media-amazon.com/images/I/61EiuKul5gL._SY88.jpg', 'https://m.media-amazon.com/images/I/61NQbpuB7oL._SY88.jpg']",2024-12-10,40,"Colour: Jet Black, Style Name: Force",
4,Great watch with simple features,R1CPG7XLBCRKPV,https://www.amazon.in/gp/customer-reviews/R1CPG7XLBCRKPV/ref=cm_cr_othr_d_rvw_ttl?ie=UTF8&ASIN=B0BMVT1R78,,['https://m.media-amazon.com/images/I/810xCkUA5nL._SY88.jpg'],2024-10-10,65,"Colour: Jet Black, Style Name: Force",
4,Amazing watch,R1JBWVUCL2S2JT,https://www.amazon.in/gp/customer-reviews/R1JBWVUCL2S2JT/ref=cm_cr_othr_d_rvw_ttl?ie=UTF8&ASIN=B0BMVT1R78,,['https://m.media-amazon.com/images/I/51Hiku8VT3L._SY88.jpg'],2024-10-14,66,"Colour: Jet Black, Style Name: Force",
4,Watch,R3A0FM8KP1PJD0,https://www.amazon.in/gp/customer-reviews/R3A0FM8KP1PJD0/ref=cm_cr_othr_d_rvw_ttl?ie=UTF8&ASIN=B0BMVT1R78,Nice watch but issue with middle button not functional.,"['https://m.media-amazon.com/images/I/71M0UuR1g3L._SY88.jpg', 'https://m.media-amazon.com/images/I/71mddkqCsvL._SY88.jpg']",2024-10-07,67,"Colour: Jet Black, Style Name: Force",
4,Does the Job,R2QFWD34FZD6EK,https://www.amazon.in/gp/customer-reviews/R2QFWD34FZD6EK/ref=cm_cr_othr_d_rvw_ttl?ie=UTF8&ASIN=B0BMVT1R78,"The Budget it is priced on in that sense value for money.There are few cons, 1. Tracking Accuracy is not good, it gives you close to tracking result if you compare with medical certified products.2. Step Tracking sometimes can't track your step it takes time and put a number itself, there are chances you didn't walk that many steps. Suppose you did fast walking of 60 steps, but your watch middle of that walk stopped calculated and after the walk it filling up it's issue by making a guess of steps and then showing you did 80 steps.3. The software got an issue, there are many watch faces but you will find some of them are failing to load in your watch. And watch faces are not that classy also, 3-5 watch-faces are usable rest are for kids.Overall good watch it looks good on the hand does it's primary works well, it should have included calculator replacing the games, who the hell play games in watch with so small screen. I can recommend it if you have tight budget under 2000.",[],2024-03-28,68,"Colour: Teal Green, Style Name: Force",
5,Excellent Performance and Durability!,R2YISPKDEG9Y2H,https://www.amazon.in/gp/customer-reviews/R2YISPKDEG9Y2H/ref=cm_cr_othr_d_rvw_ttl?ie=UTF8&ASIN=B0BMVT1R78,"I recently purchased the Noise Force Rugged & Sporty 1.32"" Bluetooth Calling Smart Watch, and it has exceeded my expectations in every way! The 550 NITS brightness ensures visibility in all lighting conditions, even under direct sunlight. The rugged build is perfect for outdoor activities, and it genuinely feels like it can withstand tough conditions.One of the standout features is the Bluetooth calling. The connectivity is smooth, and call quality is surprisingly clear, making it convenient to handle calls on the go. Battery life is impressive as well — a full charge lasts up to a week, which is incredibly convenient for those of us who don’t want to charge daily.Overall, it's a solid investment for anyone seeking a durable, feature-packed smartwatch. Highly recommended for sports enthusiasts and anyone with an active lifestyle!","['https://m.media-amazon.com/images/I/71K0HZc3RuL._SY88.jpg', 'https://m.media-amazon.com/images/I/71sH7jo+FiL._SY88.jpg']",2024-11-05,69,"Colour: Jet Black, Style Name: Force",
4,Good looking watch,R37YHD3ZB3XGWX,https://www.amazon.in/gp/customer-reviews/R37YHD3ZB3XGWX/ref=cm_cr_othr_d_rvw_ttl?ie=UTF8&ASIN=B0BMVT1R78,"At this price point it is a good buy. I am a bit choosy buy I ordered same from Amazon at once when I saw one indl wearing it, luckily got del8vered same day",[],2024-09-12,70,"Colour: Jet Black, Style Name: Force",
4,Nice smartwatch,RDXBQTFC0AU7,https://www.amazon.in/gp/customer-reviews/RDXBQTFC0AU7/ref=cm_cr_othr_d_rvw_ttl?ie=UTF8&ASIN=B0BMVT1R78,Great,"['https://m.media-amazon.com/images/I/8109PnCW4IL._SY88.jpg', 'https://m.media-amazon.com/images/I/81pBe4lQetL._SY88.jpg']",2024-10-13,71,"Colour: Teal Green, Style Name: Force",
4,Nice,R36Z5HD2YQXDLU,https://www.amazon.in/gp/customer-reviews/R36Z5HD2YQXDLU/ref=cm_cr_othr_d_rvw_ttl?ie=UTF8&ASIN=B0BMVT1R78,,['https://m.media-amazon.com/images/I/61xbCUkotxL._SY88.jpg'],2024-10-10,72,"Colour: Jet Black, Style Name: Force",
4,We paid extra to get it,R3USC4PKD4AWH3,https://www.amazon.in/gp/customer-reviews/R3USC4PKD4AWH3/ref=cm_cr_othr_d_rvw_ttl?ie=UTF8&ASIN=B0BMVT1R78,Ilove this but it is getting disconectedBy itself .nice but buy mistey green,[],2025-01-25,9,"Colour: Jet Black, Style Name: Force",
4,Nice value for money 💰,R1QF2LEZ9C2SBV,https://www.amazon.in/gp/customer-reviews/R1QF2LEZ9C2SBV/ref=cm_cr_othr_d_rvw_ttl?ie=UTF8&ASIN=B0BMVT1R78,,['https://m.media-amazon.com/images/I/71gJ-qXHfML._SY88.jpg'],2025-01-22,10,"Colour: Jet Black, Style Name: Force",
4,Product,R1E2VYSV8L270F,https://www.amazon.in/gp/customer-reviews/R1E2VYSV8L270F/ref=cm_cr_othr_d_rvw_ttl?ie=UTF8&ASIN=B0BMVT1R78,"Very good product ,value for money",[],2025-01-18,11,"Colour: Jet Black, Style Name: Force",
4,Best for daily use,R1F250GPYX5GHO,https://www.amazon.in/gp/customer-reviews/R1F250GPYX5GHO/ref=cm_cr_othr_d_rvw_ttl?ie=UTF8&ASIN=B0BMVT1R78,This is the best for sports use and regular usage,[],2024-12-24,12,"Colour: Jet Black, Style Name: Force",
5,Noise smart watch.,R3DDDMIASOD3GY,https://www.amazon.in/gp/customer-reviews/R3DDDMIASOD3GY/ref=cm_cr_othr_d_rvw_ttl?ie=UTF8&ASIN=B0BMVT1R78,"Noise watch is a very nice product and everything they mentioned is properly working. charging lasting one week, a pulse checkup and heartbeat are very useful. Walkers can buy this watch for counting steps KM Kal and essential one to use it.",[],2025-01-30,13,"Colour: Jet Black, Style Name: Force",
4,Nice product,RILBOHLN3FNSR,https://www.amazon.in/gp/customer-reviews/RILBOHLN3FNSR/ref=cm_cr_othr_d_rvw_ttl?ie=UTF8&ASIN=B0BMVT1R78,"I recently purchased the Noise Fit Force Rugged Smartwatch, and I couldn't be happier with my decision! This smartwatch has truly exceeded my expectations in both functionality and design.First off, the rugged design is a standout feature. It feels incredibly durable and is perfect for my active lifestyle. Whether I'm hiking, running, or even just going about my daily routine, I never worry about it getting damaged. The materials used are top-notch, and the watch has a premium feel to it.The display is vibrant and easy to read, even in bright sunlight. I love how customizable the watch faces are, allowing me to switch things up based on my mood or outfit. The touch sensitivity is excellent, making navigation a breeze.One of the best aspects of the Noise Fit Force is its health and fitness tracking capabilities. From heart rate monitoring to sleep tracking and multiple sports modes, it provides comprehensive insights into my health. I've found the step counter to be remarkably accurate, and I appreciate the reminders to stay active throughout the day.Battery life is another major win! I can easily go several days without needing to charge it, which is a huge plus for someone constantly on the go. Plus, the quick charging feature means I can get back to using it in no time.The smartwatch also integrates seamlessly with my smartphone, allowing me to receive notifications, control music, and even track my workouts without having to pull out my phone constantly. This feature has made my life so much easier!Overall, the Noise Fit Force Rugged Smartwatch is an outstanding choice for anyone looking for a reliable, stylish, and feature-rich smartwatch. It combines durability with advanced technology perfectly, making it an essential companion for both fitness enthusiasts and everyday users alike. Highly recommended!",[],2024-07-25,14,"Colour: Teal Green, Style Name: Force",
4,Overall Good! 👍🏻,R7DNQP317C3OP,https://www.amazon.in/gp/customer-reviews/R7DNQP317C3OP/ref=cm_cr_othr_d_rvw_ttl?ie=UTF8&ASIN=B0BMVT1R78,"The Noise Force Rugged & Sporty 1.32"" Bluetooth Calling Smart Watch impresses with its bold design, durable build, and excellent features. Its 1.32"" IPS LCD display is bright and responsive, even in sunlight. Key features include Bluetooth calling, Al voice assistance, heart rate and blood oxygen monitoring, sleep tracking, and over 100 sports modes. With water resistance up to 50 meters and a battery life of up to 7 days, it's ideal for active users. Comfortable to wear and packed with value, this smartwatch is a great choice for anyone seeking durability and functionality. Highly recommended!Only one issue is Power button is take 2 to 3sec for on nd off..",['https://m.media-amazon.com/images/I/51BlPsT-96L._SY88.jpg'],2024-10-13,15,"Colour: Jet Black, Style Name: Force",
4,Awesome look😎😎,R1OZAXPC9Z5WPZ,https://www.amazon.in/gp/customer-reviews/R1OZAXPC9Z5WPZ/ref=cm_cr_othr_d_rvw_ttl?ie=UTF8&ASIN=B0BMVT1R78,I really love the design it's sporty look,['https://m.media-amazon.com/images/I/71I+U2s2M3L._SY88.jpg'],2024-12-01,16,"Colour: Jet Black, Style Name: Force",
