ratingScore,reviewTitle,reviewId,reviewUrl,reviewDescription,reviewImages,date,position,variant,totalCategoryRatings
5,Superb smartwatch!!!!!,R1K3YHGXUYYS00,https://www.amazon.in/gp/customer-reviews/R1K3YHGXUYYS00/ref=cm_cr_othr_d_rvw_ttl?ie=UTF8&ASIN=B0D6GK2871,It is a very good quality product,[],2025-01-20,1,Colour: Space Blue,
4,"Great Value for Money, But Fire-Boltt Still Outshines",R1VLOGEVZJ6RPZ,https://www.amazon.in/gp/customer-reviews/R1VLOGEVZJ6RPZ/ref=cm_cr_othr_d_rvw_ttl?ie=UTF8&ASIN=B0D6GK2871,"I bought this watch yesterday, and here’s my honest review:The watch has a sleek design, is easy to use, and offers great resolution with a smooth touch experience. However, having used a Fire-Boltt watch for three years, I find it to be a better option overall. The Fire-Boltt’s Da Fit app offers more watch faces, workout options, fitness programs, and meditation videos. In contrast, the NoiseFit app has fewer watch faces and is less user-friendly.Since I’ve only used this watch for one day, I can’t comment on the battery life yet. On the plus side, the Bluetooth calling feature works well, with clear audio.For the price of Rs 1999, it’s definitely value for money.","['https://m.media-amazon.com/images/I/61DhzZTqN-L._SY88.jpg', 'https://m.media-amazon.com/images/I/61XfPqJKJbL._SY88.jpg']",2024-10-04,2,Colour: Space Blue,
5,Good,RO5EA98ZGS7XX,https://www.amazon.in/gp/customer-reviews/RO5EA98ZGS7XX/ref=cm_cr_othr_d_rvw_ttl?ie=UTF8&ASIN=B0D6GK2871,Good,[],2025-01-19,3,Colour: Deep Wine,
3,Truly average product!,R2HRS62HJGDAFR,https://www.amazon.in/gp/customer-reviews/R2HRS62HJGDAFR/ref=cm_cr_othr_d_rvw_ttl?ie=UTF8&ASIN=B0D6GK2871,"I am using this watch for 10 days now and feel that it does an average job of what it was expected for and the price paid.Pros :)Looks good on wrist.Only decent number of watch faces.Health apps works OK.Touch screen is goodBattery is good with 7 days life (on average use)Cons :(Alarm is a joke in this watch; you won't hear or feel when it goes on. The Fitbit watch I had earlier has an awesome vibrator.The step counter is many a times erroneous.Sleep quality assessment is also a joke....it takes the time you lie on the bed awake, is also taken as light sleep or REMMost of the health functions are tracked only for a week's time; if you want it for longer time you have to subscribe for GOLD package.The unlimited watch faces mentioned is false... You again need additional subscription.Net-Net you can enjoy only a limited set of features that comes in the basic pkg.... Rest of all comes with an additional recurring fee!",['https://m.media-amazon.com/images/I/61LWcC8WGeL._SY88.jpg'],2025-01-01,4,Colour: Space Blue,
4,Nice Smart watch,R2OVYL90L3T2GP,https://www.amazon.in/gp/customer-reviews/R2OVYL90L3T2GP/ref=cm_cr_othr_d_rvw_ttl?ie=UTF8&ASIN=B0D6GK2871,Smart looks amazing and worth for money.  Display is fantastic and battery backup is also good. Cool features. Build quality is good,['https://m.media-amazon.com/images/I/71GtEoioQdL._SY88.jpg'],2024-11-17,5,Colour: Space Blue,
4,This wacht is very nice including its ai watch face,R1R12R28J5DTUW,https://www.amazon.in/gp/customer-reviews/R1R12R28J5DTUW/ref=cm_cr_othr_d_rvw_ttl?ie=UTF8&ASIN=B0D6GK2871,It's battery life is very good and even it's touch screen is smooth inc it's display quality and connectivity but the noise fit app needs to be updated because of the gold subscription thingy no watch face can be uploaded from the gallery,['https://m.media-amazon.com/images/I/611HJYBSH6L._SY88.jpg'],2024-11-29,6,Colour: Space Blue,
3,Average,R2YHAXC1FKR6NJ,https://www.amazon.in/gp/customer-reviews/R2YHAXC1FKR6NJ/ref=cm_cr_othr_d_rvw_ttl?ie=UTF8&ASIN=B0D6GK2871,"Watch is easy to wear, light weight and belt is also very comfortable. Weather and sleep is not working in the watch, other features like steps counting and bp monitor works well when wear it properly. One drawback is that if I turn off watch and restart it on next day, then time is not updating automatically. Also, need to sync watch with Noise fit app on day end otherwise app doesn't consider it as a valid value and you can loose your statistics on dy end.",['https://m.media-amazon.com/images/I/61Xw38YekAL._SY88.jpg'],2024-10-10,7,Colour: Space Blue,
4,Best ever smart watch under budget... ❤️,R3NYSBI61PHWJ5,https://www.amazon.in/gp/customer-reviews/R3NYSBI61PHWJ5/ref=cm_cr_othr_d_rvw_ttl?ie=UTF8&ASIN=B0D6GK2871,"Awesome Smart watch i received from Amazon , it having best quality amoled display, the notification are received under a dynamic island, minimum it gives 4days charging , and also it have rotating crown functionality , the new UI of this smart watch giving smooth touch response....",['https://m.media-amazon.com/images/I/61jv3cm-srL._SY88.jpg'],2024-12-19,8,Colour: Midnight Gold,
3,noies smart watch so good,RU5VGROIN9UWZ,https://www.amazon.in/gp/customer-reviews/RU5VGROIN9UWZ/ref=cm_cr_othr_d_rvw_ttl?ie=UTF8&ASIN=B0D6GK2871,"noies smart watch so good but 3 day used for not successful future is so bad, And battery breakup so bad only one 24 hourBattery backup so bad 😭 And heart 💖 rate no display show....","['https://m.media-amazon.com/images/I/61+g-HhZr7L._SY88.jpg', 'https://m.media-amazon.com/images/I/71BLnIcOs8L._SY88.jpg']",2025-01-06,17,Colour: Jet Black,
3,Nice product but bluetooth calling connectivity issue,R1FOPJLDR5SE4Z,https://www.amazon.in/gp/customer-reviews/R1FOPJLDR5SE4Z/ref=cm_cr_othr_d_rvw_ttl?ie=UTF8&ASIN=B0D6GK2871,Cannot call by via bluetooth Noise buss...Automatically disconnected in some time...No backup support..Till now the query was not resolved,[],2025-01-03,18,Colour: Space Blue,
4,Colour butiful,R3922I6IJU9AFQ,https://www.amazon.in/gp/customer-reviews/R3922I6IJU9AFQ/ref=cm_cr_othr_d_rvw_ttl?ie=UTF8&ASIN=B0D6GK2871,Very nice quality is good,[],2024-11-26,19,Colour: Space Blue,
4,Nice Product.,R156E5Q6J6J0NS,https://www.amazon.in/gp/customer-reviews/R156E5Q6J6J0NS/ref=cm_cr_othr_d_rvw_ttl?ie=UTF8&ASIN=B0D6GK2871,Nice Product.,['https://m.media-amazon.com/images/I/61ypxqTj97L._SY88.jpg'],2024-11-24,20,Colour: Jet Black,
4,Nice noise smart watch,R1AGSIMOLHYUB8,https://www.amazon.in/gp/customer-reviews/R1AGSIMOLHYUB8/ref=cm_cr_othr_d_rvw_ttl?ie=UTF8&ASIN=B0D6GK2871,"Good display and calling feature, average battery backup. Overall value for money",[],2024-11-17,21,Colour: Jet Black,
4,Perfect watch,R32VZ5Q6CQYCNG,https://www.amazon.in/gp/customer-reviews/R32VZ5Q6CQYCNG/ref=cm_cr_othr_d_rvw_ttl?ie=UTF8&ASIN=B0D6GK2871,It has a good battery life. Comes with multiple watch faces. Have good sport detection.Have a perfect look.,"['https://m.media-amazon.com/images/I/61rsZVE6yuL._SY88.jpg', 'https://m.media-amazon.com/images/I/61vl-luI8mL._SY88.jpg']",2024-11-16,22,Colour: Jet Black,
4,Good one,R4ZWEE2M53Z5F,https://www.amazon.in/gp/customer-reviews/R4ZWEE2M53Z5F/ref=cm_cr_othr_d_rvw_ttl?ie=UTF8&ASIN=B0D6GK2871,Good one,[],2024-11-23,23,Colour: Rose Pink,
4,Good experience,R15W0H2Y3L8G1K,https://www.amazon.in/gp/customer-reviews/R15W0H2Y3L8G1K/ref=cm_cr_othr_d_rvw_ttl?ie=UTF8&ASIN=B0D6GK2871,It has been over a month now. Watch is working fine. There is no issue face regarding mic quality during phone caal. Although wallpaper face change error was coming which was solved restarting the watch. Overall the experience was good,['https://m.media-amazon.com/images/I/61xjyALr7XL._SY88.jpg'],2024-11-04,24,Colour: Space Blue,
4,Nice Product but price,R16GHT2IJETBCU,https://www.amazon.in/gp/customer-reviews/R16GHT2IJETBCU/ref=cm_cr_othr_d_rvw_ttl?ie=UTF8&ASIN=B0D6GK2871,Nice product but there should be a option of metal strap for this model. otherwise overall product is good sensors will won't be that much accurate but okay as per the price. Interfaces are smooth Don't feel any lag. connectivity is good. review after 10 days .I paid more for this product like 2499 after 3days the price dropped to 2199 what to do...I thought the price of this watch would be some 3000 then after all offers and all it may come to 2499 then the price drop hit me the product itself is of 2000 they sold at 2499....,[],2025-01-04,9,Colour: Jet Black,
4,Display very sscod,R2E70M7NUTIDCQ,https://www.amazon.in/gp/customer-reviews/R2E70M7NUTIDCQ/ref=cm_cr_othr_d_rvw_ttl?ie=UTF8&ASIN=B0D6GK2871,Good product,['https://m.media-amazon.com/images/I/61bFqwikYkL._SY88.jpg'],2025-01-28,10,Colour: Jet Black,
4,Nice product,R1ZP5QCK5DAD4K,https://www.amazon.in/gp/customer-reviews/R1ZP5QCK5DAD4K/ref=cm_cr_othr_d_rvw_ttl?ie=UTF8&ASIN=B0D6GK2871,like,[],2025-01-20,11,Colour: Rose Pink,
4,Great,RO6M2BOYWR1DI,https://www.amazon.in/gp/customer-reviews/RO6M2BOYWR1DI/ref=cm_cr_othr_d_rvw_ttl?ie=UTF8&ASIN=B0D6GK2871,But I didn't receive user manual,[],2025-01-05,12,Colour: Jet Black,
4,Good but could be better,RUFRRD78EIRU,https://www.amazon.in/gp/customer-reviews/RUFRRD78EIRU/ref=cm_cr_othr_d_rvw_ttl?ie=UTF8&ASIN=B0D6GK2871,Look forward to motion detection for sports analysis and gps with good water protection ;malso better watch faces 90% of the watch faces are bad junk,[],2024-12-05,13,Colour: Space Blue,
3,Coloufit pulse 4 max,R3ESUONJCPJUBD,https://www.amazon.in/gp/customer-reviews/R3ESUONJCPJUBD/ref=cm_cr_othr_d_rvw_ttl?ie=UTF8&ASIN=B0D6GK2871,Battery is crap. Doesn’t last more than 5 days with notifications on. I had to turn off all notifications to make the battery last a week.The accuracy of the measurements are lacking. I slept for 6 hours and it shows I slept for 8.5 hours. I slept for 8 hours and it said it was just 5.5. The step count is also off.They promote the watch face like it’s something fantastic - it’s not. There’s around 25-30 that just keeps repeating when you scroll. And there really anything that is wow.For the price it’s great for small kids or people who just need a basic reminder to be fit. Anyone planning on actually using it for fitness- move along.,[],2024-11-26,14,Colour: Jet Black,
3,Battery issue,R2C0SEFZ7UKGDN,https://www.amazon.in/gp/customer-reviews/R2C0SEFZ7UKGDN/ref=cm_cr_othr_d_rvw_ttl?ie=UTF8&ASIN=B0D6GK2871,Battery life is not good....,[],2025-01-28,15,Colour: Deep Wine,
4,Good Smartwatch under 2k,R2VDJK5PWFLY5Z,https://www.amazon.in/gp/customer-reviews/R2VDJK5PWFLY5Z/ref=cm_cr_othr_d_rvw_ttl?ie=UTF8&ASIN=B0D6GK2871,I got this during sale for 2000 and have used it extensively for a couple of days. So far I didn't face any issue which I couldn't troubleshoot. Calling feature and AI create feature worked fine too. Health and fitness tracking seems mostly accurate.Only disappointment is that is lacks SOS feature despite the website claiming it has. Also would have loved the feature to check for sports scores. Sometimes it gets disconnected from my phone automatically which is a bit of a bother too.,[],2024-11-04,16,Colour: Space Blue,
4,Good product,R3HVEWRZ2XS426,https://www.amazon.in/gp/customer-reviews/R3HVEWRZ2XS426/ref=cm_cr_othr_d_rvw_ttl?ie=UTF8&ASIN=B0D6GK2871,Watch and specially the belt quality is good. Value for money in this price range.,['https://m.media-amazon.com/images/I/71u861T4O2L._SY88.jpg'],2024-10-06,57,Colour: Jet Black,
4,Alright,R2GNH6W3IVBLAL,https://www.amazon.in/gp/customer-reviews/R2GNH6W3IVBLAL/ref=cm_cr_othr_d_rvw_ttl?ie=UTF8&ASIN=B0D6GK2871,"good, sensors could be better, but alright for the price",['https://m.media-amazon.com/images/I/61F1UnBWrHL._SY88.jpg'],2024-11-06,58,Colour: Jet Black,
4,Value for money,R3HAJX486VG3CU,https://www.amazon.in/gp/customer-reviews/R3HAJX486VG3CU/ref=cm_cr_othr_d_rvw_ttl?ie=UTF8&ASIN=B0D6GK2871,The display is amazing. The amoled screen is impressive. The feature of AI is also amazing. Overall a value for money.,[],2024-10-02,59,Colour: Rose Pink,
4,Good,R286JIDOZBBV19,https://www.amazon.in/gp/customer-reviews/R286JIDOZBBV19/ref=cm_cr_othr_d_rvw_ttl?ie=UTF8&ASIN=B0D6GK2871,Some functionality I cannot get my he'd around rest all decent.,[],2024-10-31,60,Colour: Jet Black,
4,Amazing product,R27Z2ISNDIO0W1,https://www.amazon.in/gp/customer-reviews/R27Z2ISNDIO0W1/ref=cm_cr_othr_d_rvw_ttl?ie=UTF8&ASIN=B0D6GK2871,Amazing product😍,['https://m.media-amazon.com/images/I/61ouf6wFlvL._SY88.jpg'],2024-11-05,61,Colour: Jet Black,
4,Amazing product,R3VZRXN45BY07M,https://www.amazon.in/gp/customer-reviews/R3VZRXN45BY07M/ref=cm_cr_othr_d_rvw_ttl?ie=UTF8&ASIN=B0D6GK2871,Nice color,['https://m.media-amazon.com/images/I/71z9e36IkpL._SY88.jpg'],2024-11-09,62,Colour: Space Blue,
4,Amazing product,R3QGYIFXDDVTF4,https://www.amazon.in/gp/customer-reviews/R3QGYIFXDDVTF4/ref=cm_cr_othr_d_rvw_ttl?ie=UTF8&ASIN=B0D6GK2871,Nice quality and fit is also good.,['https://m.media-amazon.com/images/I/71z8arEl55L._SY88.jpg'],2024-11-07,63,Colour: Jet Black,
3,laxmiprasadyadav400@gmail.com,R1HRHSW21PF841,https://www.amazon.in/gp/customer-reviews/R1HRHSW21PF841/ref=cm_cr_othr_d_rvw_ttl?ie=UTF8&ASIN=B0D6GK2871,आइटम वापस कर दिया गया है रिफंड वापस नहीं किया गया कंपनीद्वारा,[],2024-12-15,64,Colour: Jet Black,
4,Nice,RSTBHTPCJLILG,https://www.amazon.in/gp/customer-reviews/RSTBHTPCJLILG/ref=cm_cr_othr_d_rvw_ttl?ie=UTF8&ASIN=B0D6GK2871,Good quality,[],2024-11-19,25,Colour: Jet Black,
4,Good Product,R1STNFNRCZM6L8,https://www.amazon.in/gp/customer-reviews/R1STNFNRCZM6L8/ref=cm_cr_othr_d_rvw_ttl?ie=UTF8&ASIN=B0D6GK2871,,['https://m.media-amazon.com/images/I/71UXJVH378L._SY88.jpg'],2024-11-24,26,Colour: Rose Pink,
4,Perfect Watch,R2HMF8HR6BR715,https://www.amazon.in/gp/customer-reviews/R2HMF8HR6BR715/ref=cm_cr_othr_d_rvw_ttl?ie=UTF8&ASIN=B0D6GK2871,Amoled Display is SmoothTracks activity efficientlyBattery backup up to 1 week,['https://m.media-amazon.com/images/I/71HPv3AsxtL._SY88.jpg'],2024-11-19,27,Colour: Jet Black,
4,Go for it👍🏻,R3OQJ8E79X6046,https://www.amazon.in/gp/customer-reviews/R3OQJ8E79X6046/ref=cm_cr_othr_d_rvw_ttl?ie=UTF8&ASIN=B0D6GK2871,,['https://m.media-amazon.com/images/I/71nLyT-tAML._SY88.jpg'],2024-11-18,28,Colour: Deep Wine,
4,Nice Product,R3PSBDEBVP96JM,https://www.amazon.in/gp/customer-reviews/R3PSBDEBVP96JM/ref=cm_cr_othr_d_rvw_ttl?ie=UTF8&ASIN=B0D6GK2871,,['https://m.media-amazon.com/images/I/617Iim94qgL._SY88.jpg'],2024-11-21,29,Colour: Jet Black,
4,Value for money,R32JGMHKVDMZXE,https://www.amazon.in/gp/customer-reviews/R32JGMHKVDMZXE/ref=cm_cr_othr_d_rvw_ttl?ie=UTF8&ASIN=B0D6GK2871,Brilliant display. Good watch,['https://m.media-amazon.com/images/I/61YKG0XWo6L._SY88.jpg'],2024-11-17,30,Colour: Jet Black,
4,Good,R36L1RBRXSI1QM,https://www.amazon.in/gp/customer-reviews/R36L1RBRXSI1QM/ref=cm_cr_othr_d_rvw_ttl?ie=UTF8&ASIN=B0D6GK2871,Watch looks are good and watch faces are also nice.I got a battery issue and display issue in 2 months. This was taken and repaired and sent back. Now product is working well.,"['https://m.media-amazon.com/images/I/61IQ05TaNvL._SY88.jpg', 'https://m.media-amazon.com/images/I/71IkX6tLBxL._SY88.jpg']",2024-11-08,31,Colour: Jet Black,
4,Noise Plus 4 Max,R1U6PF90L84HFR,https://www.amazon.in/gp/customer-reviews/R1U6PF90L84HFR/ref=cm_cr_othr_d_rvw_ttl?ie=UTF8&ASIN=B0D6GK2871,Nice ProductValue For Money 💰,[],2024-11-15,32,Colour: Jet Black,
4,Good worth the money,R2T1VJ79L2RSLX,https://www.amazon.in/gp/customer-reviews/R2T1VJ79L2RSLX/ref=cm_cr_othr_d_rvw_ttl?ie=UTF8&ASIN=B0D6GK2871,Nice displayCall quality is also niceBattery backup is goodNice watch,['https://m.media-amazon.com/images/I/71VjKovZ2UL._SY88.jpg'],2024-11-07,49,Colour: Jet Black,
4,Good product,R3GRPW73S6YOWL,https://www.amazon.in/gp/customer-reviews/R3GRPW73S6YOWL/ref=cm_cr_othr_d_rvw_ttl?ie=UTF8&ASIN=B0D6GK2871,Good product,['https://m.media-amazon.com/images/I/61ygjseCYqL._SY88.jpg'],2024-11-10,50,Colour: Jet Black,
4,Usefully,R3NYIJHND88JET,https://www.amazon.in/gp/customer-reviews/R3NYIJHND88JET/ref=cm_cr_othr_d_rvw_ttl?ie=UTF8&ASIN=B0D6GK2871,Nice product,['https://m.media-amazon.com/images/I/81zL-0WgSdL._SY88.jpg'],2024-10-14,51,Colour: Jet Black,
4,Pintu Pal,RHDO2RTZLE6O,https://www.amazon.in/gp/customer-reviews/RHDO2RTZLE6O/ref=cm_cr_othr_d_rvw_ttl?ie=UTF8&ASIN=B0D6GK2871,Battery backup is very poor.,[],2024-11-05,52,Colour: Rose Pink,
4,Very good product,R28B0GU7QB1JW6,https://www.amazon.in/gp/customer-reviews/R28B0GU7QB1JW6/ref=cm_cr_othr_d_rvw_ttl?ie=UTF8&ASIN=B0D6GK2871,"The product is of good quality and works and fits very well.Good display, ai search and looksCame with a charger wire.",['https://m.media-amazon.com/images/I/71aumCFzh3L._SY88.jpg'],2024-10-02,53,Colour: Deep Wine,
4,Value for money,R1Q6JPUWGH9V6Z,https://www.amazon.in/gp/customer-reviews/R1Q6JPUWGH9V6Z/ref=cm_cr_othr_d_rvw_ttl?ie=UTF8&ASIN=B0D6GK2871,"Overall the performance is good considering the price of the product. The display is sharp and bright, bluetooth call works well, the sound quality is average etc. But there is frequent disconnection with the paired phone and also raise to awake doesn't work sometimes.This is my initial review, will upate in future.",['https://m.media-amazon.com/images/I/71sAeH5Qs8L._SY88.jpg'],2024-10-12,54,Colour: Jet Black,
4,Great Watch,R3N2QFSXS7JDGO,https://www.amazon.in/gp/customer-reviews/R3N2QFSXS7JDGO/ref=cm_cr_othr_d_rvw_ttl?ie=UTF8&ASIN=B0D6GK2871,,['https://m.media-amazon.com/images/I/716thI+IwOL._SY88.jpg'],2024-11-06,55,Colour: Rose Pink,
4,Nice product,R2VRQQ5QGC2OCU,https://www.amazon.in/gp/customer-reviews/R2VRQQ5QGC2OCU/ref=cm_cr_othr_d_rvw_ttl?ie=UTF8&ASIN=B0D6GK2871,"There are so many extra features like AI Search, music etc. which really helps us a lot and differentiates from other versions and make unique.",['https://m.media-amazon.com/images/I/81fRifJmBTL._SY88.jpg'],2024-09-30,56,Colour: Jet Black,
3,Received a used or old product,R2LTU5329UTITQ,https://www.amazon.in/gp/customer-reviews/R2LTU5329UTITQ/ref=cm_cr_othr_d_rvw_ttl?ie=UTF8&ASIN=B0D6GK2871,Received a used or old product as the packaging was already opened.Requested for a replacement of the product.Although the product looks good. haven't used it yet but will update the review after using it thoroughly.,[],2024-10-23,73,Colour: Jet Black,
4,Very good buy,R3K4PFIIT63K8V,https://www.amazon.in/gp/customer-reviews/R3K4PFIIT63K8V/ref=cm_cr_othr_d_rvw_ttl?ie=UTF8&ASIN=B0D6GK2871,"Loved the watch, works very well. Amoled screen is the charm. The strap and build quality of the watch looks very premium. The steps count and other fitness tracker functions are not that great.",['https://m.media-amazon.com/images/I/61NHb5Gpi6L._SY88.jpg'],2024-09-22,74,Colour: Rose Pink,
4,Good looks,R3P0IEN0R9FY06,https://www.amazon.in/gp/customer-reviews/R3P0IEN0R9FY06/ref=cm_cr_othr_d_rvw_ttl?ie=UTF8&ASIN=B0D6GK2871,Good product,['https://m.media-amazon.com/images/I/61Zz17dRIjL._SY88.jpg'],2024-10-15,75,Colour: Rose Pink,
4,Quality is very nice,R2BBSV5UZMK7DQ,https://www.amazon.in/gp/customer-reviews/R2BBSV5UZMK7DQ/ref=cm_cr_othr_d_rvw_ttl?ie=UTF8&ASIN=B0D6GK2871,India best watch company.,['https://m.media-amazon.com/images/I/615IMHvqp6L._SY88.jpg'],2024-10-13,76,Colour: Space Blue,
4,Connectivity issue,R1JHRVWZRIYCBU,https://www.amazon.in/gp/customer-reviews/R1JHRVWZRIYCBU/ref=cm_cr_othr_d_rvw_ttl?ie=UTF8&ASIN=B0D6GK2871,Watch disconnect automatically. Not connect again without restart.,['https://m.media-amazon.com/images/I/71AFE1SH+cL._SY88.jpg'],2024-10-29,77,Colour: Jet Black,
4,Very good product,R34SF5E9VYBBZ1,https://www.amazon.in/gp/customer-reviews/R34SF5E9VYBBZ1/ref=cm_cr_othr_d_rvw_ttl?ie=UTF8&ASIN=B0D6GK2871,Nice👌,['https://m.media-amazon.com/images/I/71vNlR4X9IL._SY88.jpg'],2024-10-30,78,Colour: Jet Black,
4,Good Product,RTD4VJPPD6XPK,https://www.amazon.in/gp/customer-reviews/RTD4VJPPD6XPK/ref=cm_cr_othr_d_rvw_ttl?ie=UTF8&ASIN=B0D6GK2871,I recently purchased the Noise Pulse 4 Max Smart Watch and I'm thoroughly impressed! The watch exceeded my expectations in every way in this budget,[],2024-10-19,79,Colour: Deep Wine,
4,Quilty of the product,R1PWVILQK9HXNU,https://www.amazon.in/gp/customer-reviews/R1PWVILQK9HXNU/ref=cm_cr_othr_d_rvw_ttl?ie=UTF8&ASIN=B0D6GK2871,Product quality is extremely good.,[],2024-10-29,80,Colour: Jet Black,
3,Classy but not all functions work well.,R1XO02BJ3OOCYS,https://www.amazon.in/gp/customer-reviews/R1XO02BJ3OOCYS/ref=cm_cr_othr_d_rvw_ttl?ie=UTF8&ASIN=B0D6GK2871,"It's more of a fitness band. Although it can keep a track of your messages well, it doesn't function well in call connectivity. It rarely gives call notifications. Display and touch is good. Stock function doesn't work well.",[],2024-10-31,65,Colour: Jet Black,
4,Quality And response,R272OEGS977JA5,https://www.amazon.in/gp/customer-reviews/R272OEGS977JA5/ref=cm_cr_othr_d_rvw_ttl?ie=UTF8&ASIN=B0D6GK2871,"Good in built quality,watch belt is very good,belt is replaceable,fast response.",['https://m.media-amazon.com/images/I/61J0zMBM+ZL._SY88.jpg'],2024-11-03,66,Colour: Space Blue,
4,Bluetooth connectivity,ROSTE8FQJ2H13,https://www.amazon.in/gp/customer-reviews/ROSTE8FQJ2H13/ref=cm_cr_othr_d_rvw_ttl?ie=UTF8&ASIN=B0D6GK2871,Touch quality is great. The watch works smoothly and does not lag. It fits perfectly for me. But I have recurrent issues connecting my phone and watch via bluetooth.,['https://m.media-amazon.com/images/I/711YFHzdYRL._SY88.jpg'],2024-10-22,67,Colour: Rose Pink,
4,Superb Smartwatch in this price point,R317LMRG9TAX3E,https://www.amazon.in/gp/customer-reviews/R317LMRG9TAX3E/ref=cm_cr_othr_d_rvw_ttl?ie=UTF8&ASIN=B0D6GK2871,I am searching a good smartwatch under 2000/- then i saw this Pulse 4 Max recommended by Amazon on great indian sale. all over features available in this watch calling is quit good and AI is good so thats it if you want to buy a smartwatch under 2000/- go for it,['https://m.media-amazon.com/images/I/71cZUj25D+L._SY88.jpg'],2024-09-29,68,Colour: Jet Black,
4,Excellent,R2MBCGM7FVZ0V1,https://www.amazon.in/gp/customer-reviews/R2MBCGM7FVZ0V1/ref=cm_cr_othr_d_rvw_ttl?ie=UTF8&ASIN=B0D6GK2871,Excellent,['https://m.media-amazon.com/images/I/51a8XHadL0L._SY88.jpg'],2024-10-29,69,Colour: Rose Pink,
4,Good Product,RS8YM8Y82H8AA,https://www.amazon.in/gp/customer-reviews/RS8YM8Y82H8AA/ref=cm_cr_othr_d_rvw_ttl?ie=UTF8&ASIN=B0D6GK2871,Design and Style is good,['https://m.media-amazon.com/images/I/71Yp2Ts2lmL._SY88.jpg'],2024-11-03,70,Colour: Jet Black,
4,Good product,R2WL8QWFXUHX8R,https://www.amazon.in/gp/customer-reviews/R2WL8QWFXUHX8R/ref=cm_cr_othr_d_rvw_ttl?ie=UTF8&ASIN=B0D6GK2871,Value for money. Best price under the Great Indian festival sale,['https://m.media-amazon.com/images/I/61rZ+MX1FRL._SY88.jpg'],2024-10-11,71,Colour: Space Blue,
3,Not Up To Mark.,R1L0N48Q2PR99U,https://www.amazon.in/gp/customer-reviews/R1L0N48Q2PR99U/ref=cm_cr_othr_d_rvw_ttl?ie=UTF8&ASIN=B0D6GK2871,It's Not Worth For The Price Battery Backup It To Loww It's Use For Only Like To Seen As Smart But As Per Use It's Like The Basic Version Using So.. The Next Choices 😜 Is Users...?,[],2024-11-23,72,Colour: Jet Black,
4,Good product,RNER2LPN0TBH1,https://www.amazon.in/gp/customer-reviews/RNER2LPN0TBH1/ref=cm_cr_othr_d_rvw_ttl?ie=UTF8&ASIN=B0D6GK2871,Good product and excellent quality,['https://m.media-amazon.com/images/I/71l5XraekoL._SY88.jpg'],2024-11-16,33,Colour: Jet Black,
4,Nice,R28HXZ5SNGPR6J,https://www.amazon.in/gp/customer-reviews/R28HXZ5SNGPR6J/ref=cm_cr_othr_d_rvw_ttl?ie=UTF8&ASIN=B0D6GK2871,Nice Product,[],2024-11-15,34,Colour: Space Blue,
4,Nice smartwatch in the range,R2A3DV6QERAAWQ,https://www.amazon.in/gp/customer-reviews/R2A3DV6QERAAWQ/ref=cm_cr_othr_d_rvw_ttl?ie=UTF8&ASIN=B0D6GK2871,"Nice fit and color, apt for everyday use. Battery life 7 days. Audio quality is ok.",[],2024-11-10,35,Colour: Midnight Gold,
4,Watch,R2ZXE44DHZAUGC,https://www.amazon.in/gp/customer-reviews/R2ZXE44DHZAUGC/ref=cm_cr_othr_d_rvw_ttl?ie=UTF8&ASIN=B0D6GK2871,Nice product love it value of money,[],2024-11-14,36,Colour: Space Blue,
4,Good,R3J7N8KE0MDIZ5,https://www.amazon.in/gp/customer-reviews/R3J7N8KE0MDIZ5/ref=cm_cr_othr_d_rvw_ttl?ie=UTF8&ASIN=B0D6GK2871,Good,[],2024-11-16,37,Colour: Jet Black,
4,Good and finest product,R325ZDOR0VXTIL,https://www.amazon.in/gp/customer-reviews/R325ZDOR0VXTIL/ref=cm_cr_othr_d_rvw_ttl?ie=UTF8&ASIN=B0D6GK2871,For the best price finest product ever I have received. That to AI features is awesome within the economy price i liked it.,['https://m.media-amazon.com/images/I/81SXnF8ppJL._SY88.jpg'],2024-11-03,38,Colour: Jet Black,
4,Good,RDTE533361MK3,https://www.amazon.in/gp/customer-reviews/RDTE533361MK3/ref=cm_cr_othr_d_rvw_ttl?ie=UTF8&ASIN=B0D6GK2871,Looks good,[],2024-11-16,39,Colour: Jet Black,
4,Good Product,R1UQIQ9U66SSE4,https://www.amazon.in/gp/customer-reviews/R1UQIQ9U66SSE4/ref=cm_cr_othr_d_rvw_ttl?ie=UTF8&ASIN=B0D6GK2871,Good Battery life.Fast charging works best.Display Quality good.Noise faces also good.,['https://m.media-amazon.com/images/I/61FEukaW0tL._SY88.jpg'],2024-11-07,40,Colour: Jet Black,
4,"Overall,  a nice product.",R7ZBJ3HUZ13TI,https://www.amazon.in/gp/customer-reviews/R7ZBJ3HUZ13TI/ref=cm_cr_othr_d_rvw_ttl?ie=UTF8&ASIN=B0D6GK2871,"Cool features for a watch on this price range, go for it.",['https://m.media-amazon.com/images/I/71ss-ybMFIL._SY88.jpg'],2024-11-09,41,Colour: Jet Black,
4,Good smart watch with AI voice feature.,R33OZPOIE0RUX3,https://www.amazon.in/gp/customer-reviews/R33OZPOIE0RUX3/ref=cm_cr_othr_d_rvw_ttl?ie=UTF8&ASIN=B0D6GK2871,"Recently purchased Noise brand smart watch reviewing now after my one day usage of this watch.Watch is just awesome with all the features you require for your smart watch & its listed exactly as mentioned, but only i dislike is the vibration mode for notifications is not good at all, bluetooth connection gets disconnected time and again you have to reset it all the time dont know why its not stable once paired with this watch. Also watch charging with the given charging cable it's take time it's not that quick, watch battery last for max 2 days will full charge.Thank you Noise team for this awesome smart watch but what i disliked after my useage hope you come up with some solutions. Bcos of this some features not up to the mark rating this watch 4/ 5.","['https://m.media-amazon.com/images/I/51i4FOe7U5L._SY88.jpg', 'https://m.media-amazon.com/images/I/51uULt+RusL._SY88.jpg', 'https://m.media-amazon.com/images/I/61hzol2a73L._SY88.jpg', 'https://m.media-amazon.com/images/I/61k6ZeZjw3L._SY88.jpg']",2024-08-01,42,Colour: Space Blue,
4,Review,ROUMMZRN3JDIR,https://www.amazon.in/gp/customer-reviews/ROUMMZRN3JDIR/ref=cm_cr_othr_d_rvw_ttl?ie=UTF8&ASIN=B0D6GK2871,Need nice quality belt otherwise good product,['https://m.media-amazon.com/images/I/71672PBC3kL._SY88.jpg'],2024-11-09,43,Colour: Jet Black,
4,Nice display,R2P6D0Q1T2RF5E,https://www.amazon.in/gp/customer-reviews/R2P6D0Q1T2RF5E/ref=cm_cr_othr_d_rvw_ttl?ie=UTF8&ASIN=B0D6GK2871,Its an amazing watch....,['https://m.media-amazon.com/images/I/718UQ9wXYmL._SY88.jpg'],2024-11-08,44,Colour: Jet Black,
4,Good watch with value for money buy.,R2MEK9IKIYJWR8,https://www.amazon.in/gp/customer-reviews/R2MEK9IKIYJWR8/ref=cm_cr_othr_d_rvw_ttl?ie=UTF8&ASIN=B0D6GK2871,,"['https://m.media-amazon.com/images/I/61Il1nfiDVL._SY88.jpg', 'https://m.media-amazon.com/images/I/61VOEXabuAL._SY88.jpg']",2024-11-13,45,Colour: Jet Black,
4,Good product,RJC0ZI7X6C13G,https://www.amazon.in/gp/customer-reviews/RJC0ZI7X6C13G/ref=cm_cr_othr_d_rvw_ttl?ie=UTF8&ASIN=B0D6GK2871,Could add swipe gesture for getting back to previous menu in watch.,['https://m.media-amazon.com/images/I/71+tmmTnukL._SY88.jpg'],2024-10-30,46,Colour: Jet Black,
4,Value for money,R31630QKDW2B9B,https://www.amazon.in/gp/customer-reviews/R31630QKDW2B9B/ref=cm_cr_othr_d_rvw_ttl?ie=UTF8&ASIN=B0D6GK2871,Best value for money smart watch available in the market,[],2024-10-11,47,Colour: Space Blue,
4,Good product,R3W4Y8499ZYSUS,https://www.amazon.in/gp/customer-reviews/R3W4Y8499ZYSUS/ref=cm_cr_othr_d_rvw_ttl?ie=UTF8&ASIN=B0D6GK2871,,['https://m.media-amazon.com/images/I/71TF6soAxpL._SY88.jpg'],2024-11-10,48,Colour: Jet Black,
