ratingScore,reviewTitle,reviewId,reviewUrl,reviewDescription,reviewImages,date,position,variant,totalCategoryRatings
5,Value for money. Good battery,RMFG0FGGVYK74,https://www.amazon.in/gp/customer-reviews/RMFG0FGGVYK74/ref=cm_cr_othr_d_rvw_ttl?ie=UTF8&ASIN=B0BN1ZG1QZ,"This is one of the superior quality smartwatch in this price range. The look is amazing, connectivity with phone is very nice, I like the fact that it does not disconnect with the phone like some other smartwatches do. Most importantly the battery is also very good, since yesterday till today the battery loss is 8%, and I have enabled heart rate detection which detects every hour.",[],2025-01-27,1,"Colour: Vintage Brown, Style Name: Leather strap",
4,Best at the price range,R1D1A7WZALOQ3,https://www.amazon.in/gp/customer-reviews/R1D1A7WZALOQ3/ref=cm_cr_othr_d_rvw_ttl?ie=UTF8&ASIN=B0BN1ZG1QZ,"Its been a month since am using the product and I would say am totally satisfied with what is offered at the price range. Being a fitbit band user before, from accuracy point its not up to the mark but still its quite reliable.Pros and cons as per per my usageDesign: Design looks premium and with leather belt looks quite a premium.Features: Am not a fan of too many features and rather quality and reliability of the feature which is being offered. Considering that it has almost all the basic features and they are quite reliable.Battery life: Am quite amazed at the battery life. With moderate usage keeping phone call off keeping only notifications on, am getting around a week's battery back up which is impressive.Cons:Accuracy: Being a fitbit owned user, I feel accuracy of the reading is not that accurate but would consider just ok with most the user(for atletics where reading should be accurate, woyld not recomment)Heart Rate: There is no continious HR monitor, it can be kept manual or automatic every five 5 mins which is fine but a continuous reading qould be more beneficial. Also app doesnt calculate resting heart rate which i was been habitual with.Customization: It has less customization, as in you cannot customize the menu screen or widget ordering and even app design coupd have been better.",[],2024-11-26,2,"Colour: Vintage Brown, Style Name: Leather strap",
5,Amazing,R1AL0FLJC2VT11,https://www.amazon.in/gp/customer-reviews/R1AL0FLJC2VT11/ref=cm_cr_othr_d_rvw_ttl?ie=UTF8&ASIN=B0BN1ZG1QZ,"The Noise Halo smartwatch is amazing! The readings are super accurate, and the UI is smooth and easy to use. The display is bright, clear, and sharp, making it easy to read even in sunlight. It’s quick, reliable, and pairs seamlessly with my phone. Great battery life and stylish design. Highly recommend it!",['https://m.media-amazon.com/images/I/61kvLYAAOQL._SY88.jpg'],2025-01-26,3,"Colour: Jet Black, Style Name: Silicon Strap",
4,Worth the value,R2S5O9DUA2Y964,https://www.amazon.in/gp/customer-reviews/R2S5O9DUA2Y964/ref=cm_cr_othr_d_rvw_ttl?ie=UTF8&ASIN=B0BN1ZG1QZ,"I recently purchased the NoiseFit Halo Smartwatch, and I’m thoroughly impressed with its performance and design.At this price point, the NoiseFit Halo Smartwatch offers incredible value. With a stunning AMOLED display, Bluetooth calling, premium design, and versatile sports modes, it’s packed with features you’d expect in much more expensive models. I highly recommend it for anyone looking for a stylish and functional smartwatch without breaking the bank.",['https://m.media-amazon.com/images/I/81sQ99LquaL._SY88.jpg'],2024-10-25,4,"Colour: Leather Classic Black, Style Name: Leather strap",
5,Value for money 💰 and Design,RE5IH48DO71FJ,https://www.amazon.in/gp/customer-reviews/RE5IH48DO71FJ/ref=cm_cr_othr_d_rvw_ttl?ie=UTF8&ASIN=B0BN1ZG1QZ,This is a wonderful watch. Amazing looks.the leather beltjust makes it look absolute premium. A watch which is highon style. Setup was pretty easy and smooth. Tracks activitynicely. Bluetooth calling is smooth.Amoled Display size is to better than other,[],2025-01-16,5,"Colour: Vintage Brown, Style Name: Leather strap",
5,Review + Feedback,R1DU7XRH4IC2IU,https://www.amazon.in/gp/customer-reviews/R1DU7XRH4IC2IU/ref=cm_cr_othr_d_rvw_ttl?ie=UTF8&ASIN=B0BN1ZG1QZ,"Overall Performance (Call Quality+Durability+Charging Speed+ Sound Quality) and within the given price seems Readonabe and worth it and everything's absolutely great, but would like to give two small Suggestions: -1. Please provide more Simple Dark/Black colour Background Analog watchface on Noise fit Application to, &2. For customized Watchfaces - Instead of giving Digital Clock try to provide Simple Analog Clock Watchface that would be more intriguing and more attractive for the one's who prefer Analog Clock.",[],2025-01-01,6,"Colour: Black, Style Name: Metal Strap",
5,Value for money product,R9CLCN9NFDJ5U,https://www.amazon.in/gp/customer-reviews/R9CLCN9NFDJ5U/ref=cm_cr_othr_d_rvw_ttl?ie=UTF8&ASIN=B0BN1ZG1QZ,Amazing watch. Looks so good when you wear it.,[],2025-01-25,7,"Colour: Vintage Brown, Style Name: Leather strap",
4,Looks,R149R9O4QQJ0MK,https://www.amazon.in/gp/customer-reviews/R149R9O4QQJ0MK/ref=cm_cr_othr_d_rvw_ttl?ie=UTF8&ASIN=B0BN1ZG1QZ,It's fitness tracking system and fast charging makes it amazing and worth to wear....It metallic finish makes it durable and looks premium...,[],2025-01-25,8,"Colour: Vintage Brown, Style Name: Leather strap",
5,Halo plus is really plus features,R2DVWV2V36LEQ1,https://www.amazon.in/gp/customer-reviews/R2DVWV2V36LEQ1/ref=cm_cr_othr_d_rvw_ttl?ie=UTF8&ASIN=B0BN1ZG1QZ,"Review: Noise Halo Plus Elite Edition SmartwatchThe Noise Halo Plus Elite Edition is a feature-packed smartwatch designed for tech-savvy individuals looking for style, performance, and advanced functionality. Here's an in-depth review:Design & BuildThe Halo Plus Elite Edition boasts a premium metallic finish with a sleek and minimalist design. The AMOLED display offers vibrant colors and sharp clarity, making it easy to read in various lighting conditions. Its lightweight build and customizable straps make it comfortable for extended wear.PerformancePowered by a responsive processor, the watch ensures smooth navigation through apps and features. With Bluetooth 5.3, the connectivity is reliable and quick, ensuring you never miss a notification. The battery life impresses with a runtime of up to 7 days under normal usage, even with continuous monitoring features active.Fitness & Health FeaturesThis smartwatch shines in health tracking with advanced features like:Heart rate and SpO2 monitoring for real-time updates.Sleep tracking with detailed insights into sleep cycles.Over 100 sports modes, making it suitable for fitness enthusiasts.The Halo Plus Elite also provides personalized fitness analytics to help you achieve your goals.Smart FeaturesBluetooth calling with a built-in speaker and microphone ensures hassle-free conversations.AI voice assistant integration allows you to manage tasks hands-free.You can control music, set reminders, and even get weather updates directly on your wrist.ProsStylish, premium design.Crisp AMOLED display.Excellent fitness tracking with 100+ sports modes.Long battery life.Seamless Bluetooth calling.ConsNo built-in GPS, relying on the smartphone for location tracking.Limited app ecosystem compared to premium brands.VerdictThe Noise Halo Plus Elite Edition is an excellent choice for those seeking an affordable yet premium smartwatch. Its blend of health features, stylish design, and smart functionalities make it a value-for-money device for both fitness enthusiasts and everyday users.Rating: ★★★★☆ (4.5/5)","['https://m.media-amazon.com/images/I/71AdntMaxWL._SY88.jpg', 'https://m.media-amazon.com/images/I/71iZiB0IM8L._SY88.jpg']",2024-11-21,41,"Colour: Black, Style Name: Metal Strap",
5,Worth,R13LX3ILL0E6OO,https://www.amazon.in/gp/customer-reviews/R13LX3ILL0E6OO/ref=cm_cr_othr_d_rvw_ttl?ie=UTF8&ASIN=B0BN1ZG1QZ,"I love my Noise Halo Fit watch! It looks really nice and it's easy to use. It tracks my steps and workouts, and even tells me my heart rate. The battery lasts a long time, which is great. It's a really good watch for the price.",[],2025-01-17,42,"Colour: Jet Black, Style Name: Silicon Strap",
4,Worth the Money,R280CW27UN3E55,https://www.amazon.in/gp/customer-reviews/R280CW27UN3E55/ref=cm_cr_othr_d_rvw_ttl?ie=UTF8&ASIN=B0BN1ZG1QZ,The watch is perfect for daily use the brightness is good even on a sunny day the battery lasts for minimum 5 days and it's perfect the always on display can be improved that's the only suggestion I have,['https://m.media-amazon.com/images/I/715XCNWWCXL._SY88.jpg'],2024-11-18,43,"Colour: Vintage Brown, Style Name: Leather strap",
5,Really has great features,R3HDD1GX093RC5,https://www.amazon.in/gp/customer-reviews/R3HDD1GX093RC5/ref=cm_cr_othr_d_rvw_ttl?ie=UTF8&ASIN=B0BN1ZG1QZ,"The watch has great features and A large battery life.Features such as Always on display,cool watchfaces,etc.It also has a great Design,Colour and Display quality is also very very good.",[],2025-01-22,44,"Colour: Elite Blue, Style Name: Metal Strap",
4,Good Battery Life and Colour,R2ZKAJE3VP0HOB,https://www.amazon.in/gp/customer-reviews/R2ZKAJE3VP0HOB/ref=cm_cr_othr_d_rvw_ttl?ie=UTF8&ASIN=B0BN1ZG1QZ,"The colour looks very smart and good watch for everyday use. Also, battery life is good and with minimal use lasts longer",['https://m.media-amazon.com/images/I/71luI46bR2L._SY88.jpg'],2024-11-30,45,"Colour: Forest Green, Style Name: Silicon Strap",
4,Good watch for basic tracking,R21DHD7H9U0W8V,https://www.amazon.in/gp/customer-reviews/R21DHD7H9U0W8V/ref=cm_cr_othr_d_rvw_ttl?ie=UTF8&ASIN=B0BN1ZG1QZ,"After 5 months of usage :Battery : very good 12-17 days for 2 hrs avg usage daily mostly workout tracking alone and sometimes for casual outingTracking : could be better , okayish in accuracyNavigation and smoothness in control : menu usage is pretty much simple and easy , the double touch to wake screen and wrst turn to wake up screen is hard and avg .Brightness is good on darl and can be better in sunlight. Charging takes 2.5 hrs from 20-100%Bluetooth connectivity with iphone is gud but to attend call the control jumps in phone bit hectic.Watch face can be improved . I face a white bar issue if i choose some watch faces , which doesn’t happen for all not sure if its a bug or display issue.","['https://m.media-amazon.com/images/I/614rJUlujHL._SY88.jpg', 'https://m.media-amazon.com/images/I/61Ox-bCPC+L._SY88.jpg', 'https://m.media-amazon.com/images/I/61aeUU4MJDL._SY88.jpg', 'https://m.media-amazon.com/images/I/61o+V57lj-L._SY88.jpg']",2024-10-01,46,"Colour: Vintage Brown, Style Name: Leather strap",
3,Review,R3SZZOL463B9A3,https://www.amazon.in/gp/customer-reviews/R3SZZOL463B9A3/ref=cm_cr_othr_d_rvw_ttl?ie=UTF8&ASIN=B0BN1ZG1QZ,This product is overall good. I didn’t satisfied calling feature but better backup decent .Look and display are really good .,['https://m.media-amazon.com/images/I/71Pk0cprrNL._SY88.jpg'],2025-01-17,47,"Colour: Vintage Brown, Style Name: Leather strap",
4,AWESOME PRODUCT,RE8PYBGAY15BP,https://www.amazon.in/gp/customer-reviews/RE8PYBGAY15BP/ref=cm_cr_othr_d_rvw_ttl?ie=UTF8&ASIN=B0BN1ZG1QZ,Absolutely stylish! I’m especially in love with the leather strap—it adds such a classic touch. The AMOLED display is another standout feature that truly elevates this watch.,['https://m.media-amazon.com/images/I/71s45vWvnGL._SY88.jpg'],2024-11-15,48,"Colour: Vintage Brown, Style Name: Leather strap",
4,Good and Stylish,R2WQGLCY30WD0T,https://www.amazon.in/gp/customer-reviews/R2WQGLCY30WD0T/ref=cm_cr_othr_d_rvw_ttl?ie=UTF8&ASIN=B0BN1ZG1QZ,Watch is good. Look like premium . UI is good.,[],2025-01-15,17,"Colour: Vintage Brown, Style Name: Leather strap",
4,Luxurious design with a perfect size it's looking great in hand,R26D9RO8M1JUSZ,https://www.amazon.in/gp/customer-reviews/R26D9RO8M1JUSZ/ref=cm_cr_othr_d_rvw_ttl?ie=UTF8&ASIN=B0BN1ZG1QZ,LUXURIOUS Design and good build quality it's definately worthy everything is good,"['https://m.media-amazon.com/images/I/61+L+mTwoCL._SY88.jpg', 'https://m.media-amazon.com/images/I/818fpWgs9AL._SY88.jpg', 'https://m.media-amazon.com/images/I/81IgYi+qIeL._SY88.jpg']",2025-01-14,18,"Colour: Elite Silver, Style Name: Metal Strap",
4,This watch is amazing,R1PFI9AJH4F51F,https://www.amazon.in/gp/customer-reviews/R1PFI9AJH4F51F/ref=cm_cr_othr_d_rvw_ttl?ie=UTF8&ASIN=B0BN1ZG1QZ,"The media could not be loaded.
                
            
                
            
            
        
    
    








  
  
     Here’s a glowing review for the Noice Halo Plus wristwatch:The **Noice Halo Plus** wristwatch is a fantastic blend of style, functionality, and durability. Its sleek design makes it perfect for both casual and formal wear, and the build quality feels premium and robust. The watch boasts a clear, easy-to-read display with customizable features, which add a modern touch to its classic aesthetics.What truly sets the Halo Plus apart is its **impressive battery life**, ensuring you don’t have to worry about frequent charging. The health-tracking features, including heart rate monitoring and activity tracking, are accurate and useful for anyone looking to stay fit. It syncs seamlessly with your smartphone, offering smooth notifications and music control.Overall, the Noice Halo Plus is an excellent choice for anyone looking for a feature-packed wristwatch with a stylish design. It’s a perfect balance of affordability and quality, and I highly recommend it!","['https://m.media-amazon.com/images/I/61Jib0suIyL._SY88.jpg', 'https://m.media-amazon.com/images/I/61X8i3+to5L._SY88.jpg']",2024-11-25,19,"Colour: Black, Style Name: Metal Strap",
4,LED screen require,R1B6MW4DULTIQ0,https://www.amazon.in/gp/customer-reviews/R1B6MW4DULTIQ0/ref=cm_cr_othr_d_rvw_ttl?ie=UTF8&ASIN=B0BN1ZG1QZ,I need LED screen,['https://m.media-amazon.com/images/I/61vxUNoxgEL._SY88.jpg'],2025-01-13,20,"Colour: Vintage Brown, Style Name: Leather strap",
4,Good,R3NN1O2PDVFSDC,https://www.amazon.in/gp/customer-reviews/R3NN1O2PDVFSDC/ref=cm_cr_othr_d_rvw_ttl?ie=UTF8&ASIN=B0BN1ZG1QZ,Good,[],2025-01-14,21,"Colour: Black, Style Name: Metal Strap",
5,Amazing Watch - Worth Every Penny!,R32Y8C07A0RBID,https://www.amazon.in/gp/customer-reviews/R32Y8C07A0RBID/ref=cm_cr_othr_d_rvw_ttl?ie=UTF8&ASIN=B0BN1ZG1QZ,"I purchased the Noises Fit Halo in jet black a few months ago, and it has exceeded all my expectations! The sleek and premium design makes it perfect for any occasion, and it sits comfortably on the wrist while adding a stylish touch.The features are top-notch – heart rate tracking, sleep monitoring, and fitness modes are impressively accurate. The bright and clear display works perfectly even under sunlight, and the battery life is a standout, lasting a solid 5-6 days on a single charge.Having used this watch since September, I can confidently say it’s built to last. Its waterproof design gives me peace of mind during workouts, rainy days, or any outdoor activities.If you’re looking for the perfect balance of style, functionality, and durability, this watch is a no-brainer. Highly recommended!",[],2025-01-20,22,"Colour: Jet Black, Style Name: Silicon Strap",
4,Exceptional Quality and Great Experience!,R3RTER3UKUBT5N,https://www.amazon.in/gp/customer-reviews/R3RTER3UKUBT5N/ref=cm_cr_othr_d_rvw_ttl?ie=UTF8&ASIN=B0BN1ZG1QZ,"I had an overall great experience! The product quality is exceptional, with high standards maintained throughout. The leather strap stands out for its premium feel and durability. Every detail reflects excellent craftsmanship and attention to quality. Highly recommended!",[],2024-12-23,23,"Colour: Vintage Brown, Style Name: Leather strap",
4,Outstanding look,R3N483SUIL6CIT,https://www.amazon.in/gp/customer-reviews/R3N483SUIL6CIT/ref=cm_cr_othr_d_rvw_ttl?ie=UTF8&ASIN=B0BN1ZG1QZ,Very good product . Totally loved it.,['https://m.media-amazon.com/images/I/71+CwbGiAkL._SY88.jpg'],2025-01-07,24,"Colour: Vintage Brown, Style Name: Leather strap",
5,"Product,, best in class",R2CFUDUUHPK36U,https://www.amazon.in/gp/customer-reviews/R2CFUDUUHPK36U/ref=cm_cr_othr_d_rvw_ttl?ie=UTF8&ASIN=B0BN1ZG1QZ,"Build Quality, battery life, as expected Best in class.",[],2025-01-27,73,"Colour: Vintage Brown, Style Name: Leather strap",
4,One of best watch in the segment,R1H8BDHLJMGNA0,https://www.amazon.in/gp/customer-reviews/R1H8BDHLJMGNA0/ref=cm_cr_othr_d_rvw_ttl?ie=UTF8&ASIN=B0BN1ZG1QZ,"The media could not be loaded.
                
            
                
            
            
        
    
    








  
  
     One of the best watch I must say if you can spend this much amount for a digital watch then you should go for this .After placing the order I was bit spectic about the look but after receiving i found one of best watch in look , features are extremely useful like take very less time to connect.Especially those who want different faces it's best for them as it's many faces of your choice and even you can make some new customised faces of your own.For health features like sleep trackings, heart rate , breathing etc are a great leap.The metallic chain with digital watch make its unique from other watch.The best thing I like is pomodoro you can set to focus on study as a student i found it extremely helpful during my study to maintain the concentration in addition setting reminder for the things you usually forget is a plus point.Battery life : it has been more than 24 hour but the battery is still at 90% which is good thing.Extra care need to be taken to prevent from scratch you can install a glass on it .Touch screen is good it's working smoothly.As it's only a day I bought let's take some more time to get all about it .",[],2024-05-31,74,"Colour: Elite Silver, Style Name: Metal Strap",
4,Worth it,RFJ1WAIO4UN9Q,https://www.amazon.in/gp/customer-reviews/RFJ1WAIO4UN9Q/ref=cm_cr_othr_d_rvw_ttl?ie=UTF8&ASIN=B0BN1ZG1QZ,This smart watch is pretty good at this price.,['https://m.media-amazon.com/images/I/61jYmN2nS8L._SY88.jpg'],2024-10-28,75,"Colour: Black, Style Name: Metal Strap",
4,Nice,R2RJ12HAHQW18,https://www.amazon.in/gp/customer-reviews/R2RJ12HAHQW18/ref=cm_cr_othr_d_rvw_ttl?ie=UTF8&ASIN=B0BN1ZG1QZ,Value of money. Nice look..3 to 4 days backup on AOD mod.,[],2024-10-28,76,"Colour: Black, Style Name: Metal Strap",
4,Nice quality,R18NG8ZEKPDGC7,https://www.amazon.in/gp/customer-reviews/R18NG8ZEKPDGC7/ref=cm_cr_othr_d_rvw_ttl?ie=UTF8&ASIN=B0BN1ZG1QZ,Very good quality and looks of smart watch,['https://m.media-amazon.com/images/I/61Box6X8jYL._SY88.jpg'],2024-11-01,77,"Colour: Jet Black, Style Name: Silicon Strap",
4,Value for Money,R2H0N8WP0O4654,https://www.amazon.in/gp/customer-reviews/R2H0N8WP0O4654/ref=cm_cr_othr_d_rvw_ttl?ie=UTF8&ASIN=B0BN1ZG1QZ,It is a good product at this price range. Go for it,['https://m.media-amazon.com/images/I/61WAlpfu8jL._SY88.jpg'],2024-10-28,78,"Colour: Elite Silver, Style Name: Metal Strap",
5,Value for money,R323TI7S94M2C5,https://www.amazon.in/gp/customer-reviews/R323TI7S94M2C5/ref=cm_cr_othr_d_rvw_ttl?ie=UTF8&ASIN=B0BN1ZG1QZ,Thanks Amazon and noise for awesome product .,['https://m.media-amazon.com/images/I/61-hW6DBMAL._SY88.jpg'],2025-01-07,79,"Colour: Black, Style Name: Metal Strap",
4,A proper Elite Designed Smartwatch,RIMKTJENXMBJD,https://www.amazon.in/gp/customer-reviews/RIMKTJENXMBJD/ref=cm_cr_othr_d_rvw_ttl?ie=UTF8&ASIN=B0BN1ZG1QZ,"The Noise Halo Plus Elite Smartwatch is a true marvel of technology that has left me impressed beyond measure. As an avid tech enthusiast and fitness aficionado, I've had the pleasure of testing numerous smartwatches, but none have come close to the experience offered by the Halo Plus Elite.Design & Build Quality:The first thing that caught my eye was the sleek and stylish design of the Halo Plus Elite. The premium build quality and attention to detail are evident in every aspect of the smartwatch. The stainless steel case, paired with a comfortable silicone strap, ensures a perfect fit for extended wear. Its 1.4-inch AMOLED display is vivid, with vibrant colors and excellent visibility even under direct sunlight.Features & Performance:The Noise Halo Plus Elite excels in its features and performance. The range of functionalities provided is astounding. From the standard fitness tracking features like heart rate monitoring, step counting, and sleep tracking to the more advanced functions like SpO2 monitoring and stress tracking, this smartwatch covers it all. It effortlessly syncs with the accompanying mobile app, which is user-friendly and intuitive.The built-in GPS is a valuable addition, providing accurate tracking during outdoor workouts and runs. Moreover, the watch boasts an IP68 water and dust resistance rating, making it suitable for all-weather use and swim tracking.Battery Life:One of the standout features of the Halo Plus Elite is its impressive battery life. With typical usage, it easily lasts around 5 to 7 days, depending on the number of notifications and workouts. This is a significant improvement over many other smartwatches on the market, reducing the need for frequent charging and enhancing its overall usability.Smart Functions:The Noise Halo Plus Elite goes beyond the conventional fitness tracking and smartwatch features. It allows you to access and reply to notifications, control music playback, and even set reminders directly from your wrist. The integration with various apps and platforms is seamless, enhancing the overall user experience.Price:While the Halo Plus Elite sits at a higher price point compared to some budget smartwatches, the wealth of features and top-notch performance it offers justifies the investment. For those looking for a premium smartwatch experience without breaking the bank, the Halo Plus Elite is a worthy option.Conclusion:In conclusion, the Noise Halo Plus Elite Smartwatch is an exceptional device that sets new standards in the smartwatch industry. Its elegant design, comprehensive fitness tracking capabilities, long-lasting battery life, and seamless smart functions make it a true game-changer. Whether you're a fitness enthusiast or a tech-savvy individual, this smartwatch will undoubtedly elevate your lifestyle and keep you connected while helping you stay on top of your health and fitness goals. I wholeheartedly recommend the Noise Halo Plus Elite to anyone seeking a top-tier smartwatch experience.",[],2023-07-27,80,"Colour: Black, Style Name: Metal Strap",
4,Nice product but sensor take more time to calculate,R1EJGCQLG0SKCL,https://www.amazon.in/gp/customer-reviews/R1EJGCQLG0SKCL/ref=cm_cr_othr_d_rvw_ttl?ie=UTF8&ASIN=B0BN1ZG1QZ,,"['https://m.media-amazon.com/images/I/715PYTEVHTL._SY88.jpg', 'https://m.media-amazon.com/images/I/71mHstaI3dL._SY88.jpg']",2024-12-21,33,"Colour: Fiery Orange, Style Name: Silicon Strap",
4,Good product,R6FJMQP863NZ3,https://www.amazon.in/gp/customer-reviews/R6FJMQP863NZ3/ref=cm_cr_othr_d_rvw_ttl?ie=UTF8&ASIN=B0BN1ZG1QZ,Overall product is good,[],2024-12-17,34,"Colour: Vintage Brown, Style Name: Leather strap",
4,Nice product,R9HQHAYDWA4PO,https://www.amazon.in/gp/customer-reviews/R9HQHAYDWA4PO/ref=cm_cr_othr_d_rvw_ttl?ie=UTF8&ASIN=B0BN1ZG1QZ,Good watch value of money,['https://m.media-amazon.com/images/I/71sJBdxy+JL._SY88.jpg'],2024-12-11,35,"Colour: Elite Silver, Style Name: Metal Strap",
3,Slightly costlier compaired with the features,R2L7WZV5TR6BCD,https://www.amazon.in/gp/customer-reviews/R2L7WZV5TR6BCD/ref=cm_cr_othr_d_rvw_ttl?ie=UTF8&ASIN=B0BN1ZG1QZ,"Many basic features are missing like calculator, calander. Also to set customised watchface you will again have to pay 199/yr.",['https://m.media-amazon.com/images/I/71NJIyUsQEL._SY88.jpg'],2025-01-30,36,"Colour: Vintage Brown, Style Name: Leather strap",
4,Good,R3PNFZ0ID4W0CM,https://www.amazon.in/gp/customer-reviews/R3PNFZ0ID4W0CM/ref=cm_cr_othr_d_rvw_ttl?ie=UTF8&ASIN=B0BN1ZG1QZ,Good,[],2024-12-07,37,"Colour: Statement Black, Style Name: Silicon Strap",
4,Best watch,R2IHBQTL847TT1,https://www.amazon.in/gp/customer-reviews/R2IHBQTL847TT1/ref=cm_cr_othr_d_rvw_ttl?ie=UTF8&ASIN=B0BN1ZG1QZ,The built quality of the watch is very good and the aap quality is also good loved the watch,['https://m.media-amazon.com/images/I/61rZdmQaSyL._SY88.jpg'],2024-12-02,38,"Colour: Vintage Brown, Style Name: Leather strap",
4,Product looks good,R2AGGNA0FTRH2P,https://www.amazon.in/gp/customer-reviews/R2AGGNA0FTRH2P/ref=cm_cr_othr_d_rvw_ttl?ie=UTF8&ASIN=B0BN1ZG1QZ,Satisfied with watch look and quality.  Touch screen looks nice and display is proper for hands.,['https://m.media-amazon.com/images/I/71OAsvsBbML._SY88.jpg'],2024-11-30,39,"Colour: Black, Style Name: Metal Strap",
3,.,R2QP3UGO7KXEQD,https://www.amazon.in/gp/customer-reviews/R2QP3UGO7KXEQD/ref=cm_cr_othr_d_rvw_ttl?ie=UTF8&ASIN=B0BN1ZG1QZ,Watch build quality and functionality is very good.Connecting app having fitness tracker records but very limited watch face n for any custom watch face need to pay :(,[],2025-01-22,40,"Colour: Black, Style Name: Metal Strap",
4,Good,R3PQT258SYDVGV,https://www.amazon.in/gp/customer-reviews/R3PQT258SYDVGV/ref=cm_cr_othr_d_rvw_ttl?ie=UTF8&ASIN=B0BN1ZG1QZ,Like the features,['https://m.media-amazon.com/images/I/61wP0HODGdL._SY88.jpg'],2024-10-31,65,"Colour: Elite Blue, Style Name: Metal Strap",
4,Quality,R68OKJ35NIS2X,https://www.amazon.in/gp/customer-reviews/R68OKJ35NIS2X/ref=cm_cr_othr_d_rvw_ttl?ie=UTF8&ASIN=B0BN1ZG1QZ,𝙄 𝙡𝙞𝙠𝙚𝙙 𝙩𝙝𝙚 𝙬𝙖𝙩𝙘𝙝 𝙬𝙞𝙩𝙝 𝙞𝙩𝙨 𝙥𝙧𝙞𝙢𝙚 𝙛𝙚𝙖𝙩𝙪𝙧𝙚𝙨. 𝙄𝙩'𝙨 𝙜𝙤𝙤𝙙 𝙚𝙭𝙥𝙚𝙧𝙞𝙚𝙣𝙘𝙚 𝙬𝙚𝙖𝙧𝙞𝙣𝙜 𝙩𝙝𝙞𝙨 𝙬𝙖𝙩𝙘𝙝,['https://m.media-amazon.com/images/I/71a9pn1RUkL._SY88.jpg'],2024-10-31,66,"Colour: Black, Style Name: Metal Strap",
4,Good watch,R2524T6O42R7MR,https://www.amazon.in/gp/customer-reviews/R2524T6O42R7MR/ref=cm_cr_othr_d_rvw_ttl?ie=UTF8&ASIN=B0BN1ZG1QZ,,['https://m.media-amazon.com/images/I/61KZ31+OzBL._SY88.jpg'],2024-10-30,67,"Colour: Black, Style Name: Metal Strap",
4,Good product,R1RCVBMQW9WTMS,https://www.amazon.in/gp/customer-reviews/R1RCVBMQW9WTMS/ref=cm_cr_othr_d_rvw_ttl?ie=UTF8&ASIN=B0BN1ZG1QZ,Good productSome Improvement required,['https://m.media-amazon.com/images/I/71pcnGiHoyL._SY88.jpg'],2024-10-29,68,"Colour: Black, Style Name: Metal Strap",
4,Value for money,R3K73P7BCOI7YR,https://www.amazon.in/gp/customer-reviews/R3K73P7BCOI7YR/ref=cm_cr_othr_d_rvw_ttl?ie=UTF8&ASIN=B0BN1ZG1QZ,"Good quality, looks premium",['https://m.media-amazon.com/images/I/71flDlE1oTL._SY88.jpg'],2024-10-31,69,"Colour: Black, Style Name: Metal Strap",
4,Good product,RT15278ZOVOH,https://www.amazon.in/gp/customer-reviews/RT15278ZOVOH/ref=cm_cr_othr_d_rvw_ttl?ie=UTF8&ASIN=B0BN1ZG1QZ,Amazing product with great durability,['https://m.media-amazon.com/images/I/71XL0XNG3LL._SY88.jpg'],2024-10-29,70,"Colour: Black, Style Name: Metal Strap",
5,Fantastic,RVUWF9S9ME2E5,https://www.amazon.in/gp/customer-reviews/RVUWF9S9ME2E5/ref=cm_cr_othr_d_rvw_ttl?ie=UTF8&ASIN=B0BN1ZG1QZ,Till now of using the watch is super good,[],2025-01-06,71,"Colour: Vintage Brown, Style Name: Leather strap",
5,Look is very premium,RVGOY6VDSEI4P,https://www.amazon.in/gp/customer-reviews/RVGOY6VDSEI4P/ref=cm_cr_othr_d_rvw_ttl?ie=UTF8&ASIN=B0BN1ZG1QZ,Nice watchGood metrialStrip is osmPehn ke luxury feeling ati hai,"['https://m.media-amazon.com/images/I/61Fv+uG2P0L._SY88.jpg', 'https://m.media-amazon.com/images/I/61lXMQVO6DL._SY88.jpg', 'https://m.media-amazon.com/images/I/71YSsD3-fgL._SY88.jpg']",2025-01-02,72,"Colour: Vintage Brown, Style Name: Leather strap",
4,Good,R300P3B7ASOLH9,https://www.amazon.in/gp/customer-reviews/R300P3B7ASOLH9/ref=cm_cr_othr_d_rvw_ttl?ie=UTF8&ASIN=B0BN1ZG1QZ,Good looking watch,['https://m.media-amazon.com/images/I/61GC54FTx4L._SY88.jpg'],2024-12-01,49,"Colour: Elite Silver, Style Name: Metal Strap",
4,Decent Watch | Value for Money,R3CA9Z11UJ7L0P,https://www.amazon.in/gp/customer-reviews/R3CA9Z11UJ7L0P/ref=cm_cr_othr_d_rvw_ttl?ie=UTF8&ASIN=B0BN1ZG1QZ,I liked Stylish design and Value for Money,['https://m.media-amazon.com/images/I/71Jix1ypcLL._SY88.jpg'],2024-12-01,50,"Colour: Elite Silver, Style Name: Metal Strap",
4,Good looking watch,R1V5OKJLEG3KDI,https://www.amazon.in/gp/customer-reviews/R1V5OKJLEG3KDI/ref=cm_cr_othr_d_rvw_ttl?ie=UTF8&ASIN=B0BN1ZG1QZ,Good looking watch but measurement of heart rate and other things not accurate.,['https://m.media-amazon.com/images/I/71OrN8KwGWL._SY88.jpg'],2024-12-01,51,"Colour: Elite Silver, Style Name: Metal Strap",
5,Excellent Product but noise pro should not be there!,R20Z1Q385S15G,https://www.amazon.in/gp/customer-reviews/R20Z1Q385S15G/ref=cm_cr_othr_d_rvw_ttl?ie=UTF8&ASIN=B0BN1ZG1QZ,Overall it’s a good product. I like the quality. Charging is also adorble. I’m just not liking subscription in noise mobile application for watch faces.People started using this watch for quality but now the app started looking for further funding and that’s not good point. Sorry ! I didn’t like that,"['https://m.media-amazon.com/images/I/61JWa0u1xSL._SY88.jpg', 'https://m.media-amazon.com/images/I/61L3F13NSBL._SY88.jpg', 'https://m.media-amazon.com/images/I/71NHXunfRtL._SY88.jpg']",2025-01-08,52,"Colour: Vintage Brown, Style Name: Leather strap",
4,Acha hai,R2OCZKJDTXUXBQ,https://www.amazon.in/gp/customer-reviews/R2OCZKJDTXUXBQ/ref=cm_cr_othr_d_rvw_ttl?ie=UTF8&ASIN=B0BN1ZG1QZ,Ok ok,[],2024-11-26,53,"Colour: Elite Silver, Style Name: Metal Strap",
4,Amazing product.,R2EJNEWNZXKL6H,https://www.amazon.in/gp/customer-reviews/R2EJNEWNZXKL6H/ref=cm_cr_othr_d_rvw_ttl?ie=UTF8&ASIN=B0BN1ZG1QZ,,['https://m.media-amazon.com/images/I/81Fr7z6EKQL._SY88.jpg'],2024-11-30,54,"Colour: Elite Blue, Style Name: Metal Strap",
4,Good watch,R62J740ZTXVIB,https://www.amazon.in/gp/customer-reviews/R62J740ZTXVIB/ref=cm_cr_othr_d_rvw_ttl?ie=UTF8&ASIN=B0BN1ZG1QZ,"Good product, app is fast",['https://m.media-amazon.com/images/I/71ArWVJ6KTL._SY88.jpg'],2024-11-25,55,"Colour: Vintage Brown, Style Name: Leather strap",
4,Very cool product,R30P6U0SQG2VTD,https://www.amazon.in/gp/customer-reviews/R30P6U0SQG2VTD/ref=cm_cr_othr_d_rvw_ttl?ie=UTF8&ASIN=B0BN1ZG1QZ,,['https://m.media-amazon.com/images/I/71w0KEFbmkL._SY88.jpg'],2024-11-26,56,"Colour: Black, Style Name: Metal Strap",
4,Good at the price range,R32KR3U1CVA34F,https://www.amazon.in/gp/customer-reviews/R32KR3U1CVA34F/ref=cm_cr_othr_d_rvw_ttl?ie=UTF8&ASIN=B0BN1ZG1QZ,"The quality is good but the charger always fall off, it was the best watch at the price range and the battery is soo good almost too good, but there is no calculator. And u need to subscribe to gold to make your own watch face its 99₹",['https://m.media-amazon.com/images/I/61lce+NzwfL._SY88.jpg'],2025-01-15,9,"Colour: Vintage Brown, Style Name: Leather strap",
4,Above Average,R2G92MHAAF58RE,https://www.amazon.in/gp/customer-reviews/R2G92MHAAF58RE/ref=cm_cr_othr_d_rvw_ttl?ie=UTF8&ASIN=B0BN1ZG1QZ,"It's a great fitness band for 2-3k. But, do not expect the accuracy to be like Samsung or Garmin smartwatches.Few cons: Noise started charging for custom watch faces, monthly or annual data. (In short, you need a subscription)It doesn't tracks and short naps or if you sleep anytime other than night, it's not gonna track.Doesn't track bhp in workouts very accurate.Pros: Look and screen resolution is awesome",[],2024-12-31,10,"Colour: Elite Silver, Style Name: Metal Strap",
4,Nice,R54IBHR6SWC8N,https://www.amazon.in/gp/customer-reviews/R54IBHR6SWC8N/ref=cm_cr_othr_d_rvw_ttl?ie=UTF8&ASIN=B0BN1ZG1QZ,good product,[],2025-01-28,11,"Colour: Vintage Brown, Style Name: Leather strap",
4,Average,R1Q8WRWJMSI50Q,https://www.amazon.in/gp/customer-reviews/R1Q8WRWJMSI50Q/ref=cm_cr_othr_d_rvw_ttl?ie=UTF8&ASIN=B0BN1ZG1QZ,"Battery is good, normal use",[],2025-01-25,12,"Colour: Jet Black, Style Name: Silicon Strap",
4,Really worth the price..Looks so premium,R2IGRTGN0C8G7J,https://www.amazon.in/gp/customer-reviews/R2IGRTGN0C8G7J/ref=cm_cr_othr_d_rvw_ttl?ie=UTF8&ASIN=B0BN1ZG1QZ,,['https://m.media-amazon.com/images/I/61IcucJesgL._SY88.jpg'],2025-01-24,13,"Colour: Black, Style Name: Metal Strap",
4,Its size is perfect to fit. Looking awesome. Battery capacity is more then 10 days.,R2NG4C639VF88G,https://www.amazon.in/gp/customer-reviews/R2NG4C639VF88G/ref=cm_cr_othr_d_rvw_ttl?ie=UTF8&ASIN=B0BN1ZG1QZ,,"['https://m.media-amazon.com/images/I/61G9y--lNVL._SY88.jpg', 'https://m.media-amazon.com/images/I/61n3Uh+oENL._SY88.jpg']",2025-01-23,14,"Colour: Black, Style Name: Metal Strap",
3,Look premium But no functionality,R20QSRWGZUH1SL,https://www.amazon.in/gp/customer-reviews/R20QSRWGZUH1SL/ref=cm_cr_othr_d_rvw_ttl?ie=UTF8&ASIN=B0BN1ZG1QZ,"The media could not be loaded.
                
            
                
            
            
        
    
    








  
  
     I am giving my review after 1 month of  use. Here is my thought and real life experiences....Positive veiw:1. It is pretty solid build , looks like premium watch and no major or visible scratch till I am using.2. Overall good software experience.3. Good Bluetooth calling connectivity and quality.4. Leather strap quality also make feel comfortable.5. Good battery backup upto 5-6 days after a full charge (without AOD) .Negative view:1. The  health measurements are fully inaccurate. It can measure hert rate of every object. I think all sensor etc gimmick only. You can not expect any aquricy from this watch. The main functionality of this watch absent.2. I faces lots of charging issue..sometime it not charging even it plugged.3. Battery drain quickly after 20% battery level.4. Charging pin magnetic attachment is very loose. It doesn't attach or fit easily.5. It's app watch face should be free but you have to pay for use some wtch faces.Final conclusion: If you need  only good looking and metal built watch, doesn't matter of fitness aqquracy or sensor...then you can go with it , either skip it.","['https://m.media-amazon.com/images/I/71BYQ7nTOzL._SY88.jpg', 'https://m.media-amazon.com/images/I/71CWfJRXXQL._SY88.jpg']",2025-01-28,15,"Colour: Vintage Brown, Style Name: Leather strap",
4,Good,R2N5DYPVI3IUTD,https://www.amazon.in/gp/customer-reviews/R2N5DYPVI3IUTD/ref=cm_cr_othr_d_rvw_ttl?ie=UTF8&ASIN=B0BN1ZG1QZ,,['https://m.media-amazon.com/images/I/71hds1RVVbL._SY88.jpg'],2025-01-21,16,"Colour: Vintage Brown, Style Name: Leather strap",
4,Good one,R36MXCBT41P1ES,https://www.amazon.in/gp/customer-reviews/R36MXCBT41P1ES/ref=cm_cr_othr_d_rvw_ttl?ie=UTF8&ASIN=B0BN1ZG1QZ,Watch is good in that price bracket bur few things that i don't like 1st is watch strap which is average quality it could be more better and 2nd watch faces only 1 watch face you can add in watch like they say that 100+watch faces but you can only keep 1 face at 1 time if you want to add more face so you have to first dwld watch face from it's app than you upload that watch face in your watch and than you can change the watch face and in that your last watch face get auto deleted.So every time you have to do same thing if you want to change watch faces.,"['https://m.media-amazon.com/images/I/61164h18qnL._SY88.jpg', 'https://m.media-amazon.com/images/I/61XbDMvA5LL._SY88.jpg', 'https://m.media-amazon.com/images/I/61ioIWc509L._SY88.jpg']",2024-11-20,25,"Colour: Vintage Brown, Style Name: Leather strap",
5,One of the best budget watches,R1R9XM9E4OGOLU,https://www.amazon.in/gp/customer-reviews/R1R9XM9E4OGOLU/ref=cm_cr_othr_d_rvw_ttl?ie=UTF8&ASIN=B0BN1ZG1QZ,"The **Noise Halo Smartwatch** is an absolute game-changer! Its sleek and modern design instantly catches the eye, making it a stylish accessory for any occasion. The AMOLED display is bright, vibrant, and incredibly responsive, offering an excellent user experience.The health and fitness tracking features are top-notch, with accurate heart rate monitoring, SpO2 measurement, and sleep tracking. I particularly love the wide range of sports modes, which cater to all types of activities. The battery life is impressive, lasting several days on a single charge, even with continuous usage.What sets the Noise Halo apart is its seamless connectivity. Notifications, calls, and music control work flawlessly, and the companion app is intuitive and user-friendly. It's packed with features but remains lightweight and comfortable to wear all day.Overall, the Noise Halo smartwatch offers premium features at an affordable price point. Whether you're a fitness enthusiast or someone looking for a stylish smartwatch with advanced functionality, this is a fantastic choice. Highly recommended!",[],2025-01-11,26,"Colour: Jet Black, Style Name: Silicon Strap",
4,Good product,R3565CJOQ4I6BI,https://www.amazon.in/gp/customer-reviews/R3565CJOQ4I6BI/ref=cm_cr_othr_d_rvw_ttl?ie=UTF8&ASIN=B0BN1ZG1QZ,The product is good and also looks classy. After using it for 7 days i m posting this review.  The battery stays for 5 days without connecting Bluetooth nd after connecting it stays for around 2 days.,[],2024-12-12,27,"Colour: Vintage Brown, Style Name: Leather strap",
4,"Mixed Experience, But Happy at the End with a Replacement",R20TWG5VCU5XJ5,https://www.amazon.in/gp/customer-reviews/R20TWG5VCU5XJ5/ref=cm_cr_othr_d_rvw_ttl?ie=UTF8&ASIN=B0BN1ZG1QZ,"At first, this smartwatch Noise Halo Elite impressed me with sleek designs and advanced features, but I had to face many problems. Sometimes sleep was not tracked properly and was not consistent, and at some instances, the heart rate was detected incorrectly. In addition, connectivity drop-offs with my phone kept happening very frequently. Its problems persisted even after restarting it several times, and at times, the touch response was quite lagging.After contacting the customer service department, they sent me a replacement. All issues that the previous ones had were solved by this new one. It is now perfectly tracking my health, especially my sleep patterns. The customer service is fast, and the new one seems to be stable. I am content with this watch and the seriousness with which Noise is willing to solve issues.","['https://m.media-amazon.com/images/I/615Tti1XHxL._SY88.jpg', 'https://m.media-amazon.com/images/I/61TQKLYNXrL._SY88.jpg', 'https://m.media-amazon.com/images/I/61r-MkN+CGL._SY88.jpg']",2024-11-01,28,"Colour: Elite Silver, Style Name: Metal Strap",
4,Decent watch for it's price,RMRKIO7VJRYR1,https://www.amazon.in/gp/customer-reviews/RMRKIO7VJRYR1/ref=cm_cr_othr_d_rvw_ttl?ie=UTF8&ASIN=B0BN1ZG1QZ,"Overal build quality is nice. Sleep tracking works poorly. Annoying sound notifications on phone to Subscribe to gold, but when you click on subscribe button nothing happens, just loads for  one ms and nothing changes. Basically you cant subscribe. And i have no idea where its picking weather info from. Cause the weather on my phone is completely different. But in general I like it. Nice watch for this price.",['https://m.media-amazon.com/images/I/71O5TIUQAJL._SY88.jpg'],2024-11-21,29,"Colour: Vintage Brown, Style Name: Leather strap",
4,Mini Extension of phone -,R3B0WUQEDZ9JLX,https://www.amazon.in/gp/customer-reviews/R3B0WUQEDZ9JLX/ref=cm_cr_othr_d_rvw_ttl?ie=UTF8&ASIN=B0BN1ZG1QZ,"The media could not be loaded.
                
            
                
            
            
        
    
    








  
  
     (After 30 days of use, they remove the month and year records of step. You have to pay 99 / year to access this again - Also, you cannot make your own watchface unless you subscribe to ""Gold""). I have not even explored how many other features they have removed and are charging for it.This watch fullfilled all my requirements, however there are some cons. Used this smart watch for 6 days and here's my view.Pros:1. Battery life survived for 6 days with continuous usage2. Amoled screen display is good (AOD feature helps in showing time on locked screen too)3. Notification from your gmail calendar4. Heath - heart rate, steps, breathing exercise, SPO2, all good!5. Response time of the touch screen is good.6. Find my device7. Torch8. Call connect is good, you can take calls, or just have a feature for call notification or reject calls.Cons1. The speaker of the watch is not that great, you have to keep the watch close to your ears to listen to call2. The steps count are not accurate (you just move your hands and it counts)3. The Watchface are limited to 4 on watch (out of which 3 are noisefit default- so you get only one); which also takes quite a lot of time to load from the phone. (not very happy)4. If you are controlling the music, the music application is not easily accessible. you have to go to the location where the application is on the phone.5. The watch is NOT waterproof - do not put it in water. the watch can take some few drizzle drops of rain... but ensure it wiped (some buttons are lose from where water can go in)6. The health fitness records could have been a bit better in the software application on phone.",[],2024-09-04,30,"Colour: Vintage Brown, Style Name: Leather strap",
5,Best Smartwatch,R1MY6YKBIIF25F,https://www.amazon.in/gp/customer-reviews/R1MY6YKBIIF25F/ref=cm_cr_othr_d_rvw_ttl?ie=UTF8&ASIN=B0BN1ZG1QZ,"The NoiseFit Halo smartwatch offers a compelling blend of premium aesthetics and practical functionality at an affordable price point.Design and DisplayThe Halo features a robust metallic build, providing a premium look uncommon in its price range. It comes with a 1.43-inch AMOLED circular display boasting a 466x466 pixel resolution. The screen is vibrant and bright, ensuring comfortable outdoor usage. Additionally, it supports gestures like Tap to Wake and Hold with Palm to turn off the screen.Performance and FeaturesEquipped with health monitoring tools such as a heart rate monitor, SpO2 sensor, sleep tracker, and step tracker, the Halo ensures seamless performance without noticeable lags. It supports Bluetooth calling with the Tru Sync feature, allowing quick pairing and stable connectivity. The device offers over 100 watch faces through the NoiseFit app, enabling extensive customization.Battery LifeNoise claims a 7-day battery life without extensive Bluetooth calling. However, with Bluetooth calling active for several hours daily, users might experience a reduction in battery longevity.ConclusionThe NoiseFit Halo stands out for its premium design and comprehensive features at a budget-friendly price of ₹3,999. It's an excellent choice for those seeking a stylish and functional smartwatch without a premium price tag.For a more in-depth look at the NoiseFit Halo, you might find this video review helpful:",[],2025-01-05,31,"Colour: Black, Style Name: Metal Strap",
4,A good product at this price range,R2G5BS44ED7XIY,https://www.amazon.in/gp/customer-reviews/R2G5BS44ED7XIY/ref=cm_cr_othr_d_rvw_ttl?ie=UTF8&ASIN=B0BN1ZG1QZ,The watch is great in terms of its health monitoring accuracy and display quality. The built quality and look feels good. There is just an issue of not having continuous stress monitoring which would have been the only thing missing.,[],2024-12-04,32,"Colour: Leather Classic Black, Style Name: Leather strap",
4,Really Good,R2UOB55Z5HUQ64,https://www.amazon.in/gp/customer-reviews/R2UOB55Z5HUQ64/ref=cm_cr_othr_d_rvw_ttl?ie=UTF8&ASIN=B0BN1ZG1QZ,very stylish and classy looking with amazing features,[],2024-11-20,57,"Colour: Vintage Brown, Style Name: Leather strap",
4,Good,ROUGN4699OCZY,https://www.amazon.in/gp/customer-reviews/ROUGN4699OCZY/ref=cm_cr_othr_d_rvw_ttl?ie=UTF8&ASIN=B0BN1ZG1QZ,"The media could not be loaded.
                
            
                
            
            
        
    
    








  
  
     1) Sleep tracking - It is somewhat good and they show light, moderate,REM and awake in sleep data.2) Sports modes - there is dedicated button for sports and we can update sports in app and allowes upto 10 sports modes to save in watch.3) Call - it is good and we can set custom reply using app. And Notification is good.4) App - All control in app. All data will be here and update from here. We can connect with our friends who have the noise app. I faced data sync issue for 2-3 days now it's sync correctly.Cons:I dont like this in this watch is it's bezel, because this bezel is attached with some gum and that is come out in sides of bezels and it not good for watch. I don't like noise's notification bar.Pros:It's looking good on seeing wearing in the hand",[],2024-08-24,58,"Colour: Statement Black, Style Name: Silicon Strap",
5,Thank you,R1IQ0NVCCGRX9,https://www.amazon.in/gp/customer-reviews/R1IQ0NVCCGRX9/ref=cm_cr_othr_d_rvw_ttl?ie=UTF8&ASIN=B0BN1ZG1QZ,I Love this watch thank you Amazon for this product and delayed at on time,[],2025-01-26,59,"Colour: Vintage Brown, Style Name: Leather strap",
4,Best,R3J2WLPE522XOB,https://www.amazon.in/gp/customer-reviews/R3J2WLPE522XOB/ref=cm_cr_othr_d_rvw_ttl?ie=UTF8&ASIN=B0BN1ZG1QZ,Good product,['https://m.media-amazon.com/images/I/51smbKCCMqL._SY88.jpg'],2024-12-01,60,"Colour: Vintage Brown, Style Name: Leather strap",
4,First Impression for this product is very good,R2CM9PTONY3BPZ,https://www.amazon.in/gp/customer-reviews/R2CM9PTONY3BPZ/ref=cm_cr_othr_d_rvw_ttl?ie=UTF8&ASIN=B0BN1ZG1QZ,Looks and feel is good. Voice calling function is very good,['https://m.media-amazon.com/images/I/81ZlWinviDL._SY88.jpg'],2024-11-23,61,"Colour: Vintage Brown, Style Name: Leather strap",
5,Best Smart watch,R3C3M8RORYZOTV,https://www.amazon.in/gp/customer-reviews/R3C3M8RORYZOTV/ref=cm_cr_othr_d_rvw_ttl?ie=UTF8&ASIN=B0BN1ZG1QZ,I am searching smart watch from very long time and find this. The design and look is very premium. Its long last more than 5 days on normal usage once fully Charged.Only consnis that we cannot have more than 5 watch faces at same time and every time we have to use app to change the watch faces. Over all good product.,[],2024-12-27,62,"Colour: Black, Style Name: Metal Strap",
4,Value for money,R33PZLCIIZL9K5,https://www.amazon.in/gp/customer-reviews/R33PZLCIIZL9K5/ref=cm_cr_othr_d_rvw_ttl?ie=UTF8&ASIN=B0BN1ZG1QZ,"The quality of the product is very good, Watch looks sturdy and  expensive one. Touch feel is good and app is very user friendly. By calling working perfectly, both microphone and speaker in Watch are of good quality.",[],2024-11-04,63,"Colour: Jet Black, Style Name: Silicon Strap",
4,Nice product,R2K0R320EFLKIC,https://www.amazon.in/gp/customer-reviews/R2K0R320EFLKIC/ref=cm_cr_othr_d_rvw_ttl?ie=UTF8&ASIN=B0BN1ZG1QZ,First look is niceAnd review this product for claiming extra benefit 😉,[],2024-11-18,64,"Colour: Vintage Brown, Style Name: Leather strap",
