ratingScore,reviewTitle,reviewId,reviewUrl,reviewDescription,reviewImages,date,position,variant,totalCategoryRatings
5,Nice,R36J8PZ2AL2CCQ,https://www.amazon.in/gp/customer-reviews/R36J8PZ2AL2CCQ/ref=cm_cr_othr_d_rvw_ttl?ie=UTF8&ASIN=B0DM5J5J1S,"It's a nice watch with premium feel and good build quality, Seek design and display. Equipped with health monitoring and fitness tracking modes Bluetooth connectivity is good, Battery easily last 3-4 days, Easy to use and value of money.","['https://m.media-amazon.com/images/I/61EnLEldBvL._SY88.jpg', 'https://m.media-amazon.com/images/I/61EuUs61CeL._SY88.jpg', 'https://m.media-amazon.com/images/I/710o9skBwRL._SY88.jpg']",2025-01-09,1,Colour: Phantom Black,
5,Fantastic watch 👍🏼👍🏼,RUJ8WMKPN3166,https://www.amazon.in/gp/customer-reviews/RUJ8WMKPN3166/ref=cm_cr_othr_d_rvw_ttl?ie=UTF8&ASIN=B0DM5J5J1S,"The Boult Smartwatch is a stellar companion for fitness enthusiasts and tech lovers alike. With its sleek design, crisp display, and impressive tracking capabilities for steps, calories, and heart rate, it excels in style and functionality. Durable and lightweight, it delivers value, making it a great choice for everyday use.","['https://m.media-amazon.com/images/I/61m2d+8VGUL._SY88.jpg', 'https://m.media-amazon.com/images/I/71n1M6J4kKL._SY88.jpg']",2025-01-02,2,Colour: Silver,
5,Excellent Smartwatch! Highly Recommended!,R37FNQYUUY1OIB,https://www.amazon.in/gp/customer-reviews/R37FNQYUUY1OIB/ref=cm_cr_othr_d_rvw_ttl?ie=UTF8&ASIN=B0DM5J5J1S,"I'm absolutely thrilled with my new smartwatch! I purchased it from Amazon and received it within the estimated delivery time. The watch is sleek, stylish, and comfortable to wear.The features are amazing - it tracks my fitness goals, receives notifications, and even controls my music playlists. The battery life is impressive, lasting up to 5 days on a single charge.The setup process was seamless, and the companion app is user-friendly. I've been using it for more than a week now, and I'm loving every bit of it!Overall, I'm extremely satisfied with this purchase. If you're in the market for a reliable and feature-packed smartwatch, look no further!Pros:- Sleek design- Comfortable to wear- Excellent battery life- Feature-rich- Easy setupCons: None!Highly recommended!",[],2025-01-21,3,Colour: Blue,
5,Best purchase ever 😃,R2QIZLF4MGYZB9,https://www.amazon.in/gp/customer-reviews/R2QIZLF4MGYZB9/ref=cm_cr_othr_d_rvw_ttl?ie=UTF8&ASIN=B0DM5J5J1S,"Design and build quality is outstanding, very comfortable and light weight, metalic frame, display is top notch along with decent brightness calling quality is also good, easy connectivity, there are lots of sports modes and fitness mode Overall Best smart watch ever value for money.","['https://m.media-amazon.com/images/I/71C5JmtuPdL._SY88.jpg', 'https://m.media-amazon.com/images/I/71LdhYCj8rL._SY88.jpg', 'https://m.media-amazon.com/images/I/816sEXE8K8L._SY88.jpg']",2025-01-10,4,Colour: Phantom Black,
5,Perfect smart watch....,R2W684M9NAJQZV,https://www.amazon.in/gp/customer-reviews/R2W684M9NAJQZV/ref=cm_cr_othr_d_rvw_ttl?ie=UTF8&ASIN=B0DM5J5J1S,"I loved this smartwatch. It has such a good big screen and fast screen touch—I have never seen this in a smartwatch. A perfect blend of style and functionality, this smartwatch delivers exceptional performance with accurate fitness tracking, seamless smartphone integration, and long battery life.Moreover...the design is sleek and comfortable for everyday wear. I loved this more with its fast fitness tracking features and must suggest it for smart watch lovers.","['https://m.media-amazon.com/images/I/61x9MksIXlL._SY88.jpg', 'https://m.media-amazon.com/images/I/71piiLTFMQL._SY88.jpg']",2025-01-08,5,Colour: Phantom Black,
5,Perfect Smartwatch with Amazing Features.....,RCPGIV01F9HH,https://www.amazon.in/gp/customer-reviews/RCPGIV01F9HH/ref=cm_cr_othr_d_rvw_ttl?ie=UTF8&ASIN=B0DM5J5J1S,"The media could not be loaded.
                
            
                
            
            
        
    
    








  
  
     I recently purchased the Boult smartwatch, and I am extremely impressed with its performance and features!The 2.01"" AMOLED screen with 650 nits brightness is stunning, offering crystal-clear visuals even under sunlight. The Bluetooth 5.3 calling feature works seamlessly, making calls super convenient. With its working crown and 150+ cloud-based watch faces, customization feels endless!The health monitoring tools are top-notch, providing accurate heart rate, SpO2, blood pressure tracking, and even a menstrual cycle tracker. I especially love the reminders for drinking water and staying active. The 100+ sports modes are a game-changer for fitness enthusiasts like me.It’s also durable with its IP67 water resistance, and the additional features like the AI voice assistant and ""Find My Phone"" make it incredibly practical.Overall, this smartwatch is a perfect combination of style, technology, and affordability. Highly recommended for anyone looking for a feature-packed smartwatch!","['https://m.media-amazon.com/images/I/61cEeTXvLrL._SY88.jpg', 'https://m.media-amazon.com/images/I/715fGtvTyvL._SY88.jpg', 'https://m.media-amazon.com/images/I/71LPcBPafWL._SY88.jpg', 'https://m.media-amazon.com/images/I/71XkKTRIHNL._SY88.jpg']",2025-01-05,6,Colour: Phantom Black,
5,Exceptional Features at an Affordable Price,R3JNT5SBYW62LH,https://www.amazon.in/gp/customer-reviews/R3JNT5SBYW62LH/ref=cm_cr_othr_d_rvw_ttl?ie=UTF8&ASIN=B0DM5J5J1S,"The Crown Smart Watch is a true standout with its sleek 1.95'' display, delivering remarkable clarity and 900 nits brightness for easy outdoor viewing. The zinc alloy frame gives it a premium feel, and the working crown ensures smooth navigation. Its Bluetooth calling feature and AI voice assistant add unmatched convenience, while health tracking options like SpO2 monitoring and 100+ sports modes make it perfect for fitness enthusiasts. With a stylish design and outstanding functionality, this smartwatch is a fantastic value for its price—highly recommended!",[],2024-12-24,7,Colour: Black,
5,Awesome Watch,R2MZ00VFMMX5UZ,https://www.amazon.in/gp/customer-reviews/R2MZ00VFMMX5UZ/ref=cm_cr_othr_d_rvw_ttl?ie=UTF8&ASIN=B0DM5J5J1S,"The Boult Crown Pro Smart Watch impresses with its 2.01'' AMOLED display, vibrant 650 nits brightness, and premium zinc alloy frame, offering sleek aesthetics and functionality. With features like Bluetooth calling, SpO2 monitoring, AI voice assistance, and 120+ sports modes, it delivers excellent value for fitness and tech enthusiasts.",[],2025-01-09,8,Colour: Phantom Black,
4,Very good,R10Q8FKLIBUW5D,https://www.amazon.in/gp/customer-reviews/R10Q8FKLIBUW5D/ref=cm_cr_othr_d_rvw_ttl?ie=UTF8&ASIN=B0DM5J5J1S,"The media could not be loaded.
                
            
                
            
        
    
    








  
  
     Excellent",['https://m.media-amazon.com/images/I/81-w3YPCu8L._SY88.jpg'],2025-01-23,17,Colour: Black,
5,Decent watch at this price range,R2EZJO3STJMQN9,https://www.amazon.in/gp/customer-reviews/R2EZJO3STJMQN9/ref=cm_cr_othr_d_rvw_ttl?ie=UTF8&ASIN=B0DM5J5J1S,"I'm impressed with my Boult Smartwatch! I was blown away by the features, performance, and affordability of this smartwatch. It has a sleek, modern design that looks premium. The strap is comfortable, and the watch feels lightweight on my wrist. Overall a great experience.",[],2025-01-28,18,Colour: Phantom Black,
3,I m not comfortable with this stripe,R3SW2TM8SO3CKN,https://www.amazon.in/gp/customer-reviews/R3SW2TM8SO3CKN/ref=cm_cr_othr_d_rvw_ttl?ie=UTF8&ASIN=B0DM5J5J1S,No doubt item is best. I purchased newly launched Boult Drift Plus and now I purchased this smartwatch. Only I feel stripe not good it's rubber type. I am interested in steel stripe as I hv in boult Drift Plus. I hope u will send me smartwatch with metal stripe. Obliged me else I am thinking to return u.,[],2025-01-25,19,Colour: Phantom Black,
5,"Boult Newly Launched Crown Pro Smart Watch 2.01""..",RCKGTU81OEGOK,https://www.amazon.in/gp/customer-reviews/RCKGTU81OEGOK/ref=cm_cr_othr_d_rvw_ttl?ie=UTF8&ASIN=B0DM5J5J1S,"This watch is a wonderful combination of fashion and useful & smart watch. Its elegant appearance makes it ideal for daily use, and its user-friendly interface facilitates  navigation. It easily keeps up with a busy lifestyle thanks to its precise fitness monitoring, dependable notifications, long-lasting battery, and quick conversation features and that's Calling & message i.e what's up, facebook, Instagram, extra.. Whether you're tracking your health, staying connected, or working out. An excellent choice for anyone seeking a device that combines price and efficiency...",[],2025-01-06,20,Colour: Phantom Black,
5,Good product,RCIZ5MOCKMS6X,https://www.amazon.in/gp/customer-reviews/RCIZ5MOCKMS6X/ref=cm_cr_othr_d_rvw_ttl?ie=UTF8&ASIN=B0DM5J5J1S,"The built quality is very good  and functions are also good  but there were no 120 watch  faces inbuilt in the watch ,not there watch faces  as they said",['https://m.media-amazon.com/images/I/51Z+lCQFS3L._SY88.jpg'],2025-01-26,21,Colour: Blue,
5,Sleek and Sophisticated - A Stylish Smartwatch,RC886RK3O5C0R,https://www.amazon.in/gp/customer-reviews/RC886RK3O5C0R/ref=cm_cr_othr_d_rvw_ttl?ie=UTF8&ASIN=B0DM5J5J1S,"I'm loving the design of the Boult Crown Pro Smartwatch! The 2.01"" AMOLED display is stunning, with vibrant colors and crisp visuals. The rectangle design is sleek and modern, making it perfect for formal or casual wear. The overall build quality is solid, with a premium feel. The design is both functional and fashionable, making it a great choice for anyone looking for a stylish smartwatch","['https://m.media-amazon.com/images/I/614q8pIp1fL._SY88.jpg', 'https://m.media-amazon.com/images/I/61L12JUJseL._SY88.jpg', 'https://m.media-amazon.com/images/I/61TimC1fx3L._SY88.jpg', 'https://m.media-amazon.com/images/I/61xcuMi7mRL._SY88.jpg']",2025-01-10,22,Colour: Phantom Black,
5,GOOD FEATURES AND BEST PRODUCT,R14J9FAN9F3ND3,https://www.amazon.in/gp/customer-reviews/R14J9FAN9F3ND3/ref=cm_cr_othr_d_rvw_ttl?ie=UTF8&ASIN=B0DM5J5J1S,"I recently purchased this smartwatch from amazon, and thoroughly impressed! AMOLED Screen is vibrant and offers execellent clarity and also easily readable outdoors. Bluethooth calling and notification feature works seamlessly. SP02 monitoring and 120+ sports modes make it a great fitness companion.",['https://m.media-amazon.com/images/I/61awZHAGuWL._SY88.jpg'],2025-01-18,23,Colour: Phantom Black,
5,Better experience,R1RBP8TNGSSYZV,https://www.amazon.in/gp/customer-reviews/R1RBP8TNGSSYZV/ref=cm_cr_othr_d_rvw_ttl?ie=UTF8&ASIN=B0DM5J5J1S,"Best smart watch with a large display which gives us amazing view, Bluetooth calling is alsoo available in this watch it comes with one year warrenty, it can easily connect with your mobile phone it is of famous indian brand boult. it has many features. It alsoo has many health check features which take care your health like heart beat etc it is an amazing watch","['https://m.media-amazon.com/images/I/31Ab7xavN9L._SY88.jpg', 'https://m.media-amazon.com/images/I/41SWYElZ3uL._SY88.jpg', 'https://m.media-amazon.com/images/I/5179qRB7kmL._SY88.jpg']",2025-01-09,24,Colour: Phantom Black,
5,Nice build quality,R1UDBZD0BLQ1FT,https://www.amazon.in/gp/customer-reviews/R1UDBZD0BLQ1FT/ref=cm_cr_othr_d_rvw_ttl?ie=UTF8&ASIN=B0DM5J5J1S,The design is so cool and the build quality is amazing all the features are good in this watch,['https://m.media-amazon.com/images/I/71BPAeAZyoL._SY88.jpg'],2024-12-24,33,Colour: Black,
5,Smart Premium Boult Smartwatch,REYHPJ3J7JEOZ,https://www.amazon.in/gp/customer-reviews/REYHPJ3J7JEOZ/ref=cm_cr_othr_d_rvw_ttl?ie=UTF8&ASIN=B0DM5J5J1S,"I’ve been using the Boult Smartwatch for 3 days now, and the battery is still at 65% – super impressive! It notifies me of calls, and I can pick up, talk, or cut them directly from the watch. It tracks my steps, SpO2 levels, and even helps with alarms and finding my connected device by beeping it. The Boult app adds a personalized touch, making everything so seamless. It’s smart, premium, and perfect for everyday use!","['https://m.media-amazon.com/images/I/619Qqgza6BL._SY88.jpg', 'https://m.media-amazon.com/images/I/61By2rX0z9L._SY88.jpg', 'https://m.media-amazon.com/images/I/61YR+JF6G1L._SY88.jpg', 'https://m.media-amazon.com/images/I/61mDX9PVF3L._SY88.jpg']",2025-01-05,34,Colour: Phantom Black,
5,Beast watch,R3TXXGJ3SPBWZQ,https://www.amazon.in/gp/customer-reviews/R3TXXGJ3SPBWZQ/ref=cm_cr_othr_d_rvw_ttl?ie=UTF8&ASIN=B0DM5J5J1S,"I'm loving my new Crown Pro Smart Watch, looks very premium on the hands! The AMOLED display is super bright and clear. It's packed with features like Bluetooth calling, health monitoring, which are super handy. Overall, it's a great value for the price!",[],2025-01-16,35,Colour: Phantom Black,
5,Awesome Smartwatch!!,R1Z0SAIPZTZ19E,https://www.amazon.in/gp/customer-reviews/R1Z0SAIPZTZ19E/ref=cm_cr_othr_d_rvw_ttl?ie=UTF8&ASIN=B0DM5J5J1S,"The quality of smartwatch is very good and looks cool in my hand. It has all the features of smartwatch that one expects like good battery backup, quick charging speed, cool face and detachable belt. It also checks the oxygen level and heart beat accurately. Overall a good buy for me","['https://m.media-amazon.com/images/I/61gCmURwHxL._SY88.jpg', 'https://m.media-amazon.com/images/I/71TM0sUVCZL._SY88.jpg']",2025-01-07,36,Colour: Phantom Black,
5,Best Watch,R2OKYANW2NEME5,https://www.amazon.in/gp/customer-reviews/R2OKYANW2NEME5/ref=cm_cr_othr_d_rvw_ttl?ie=UTF8&ASIN=B0DM5J5J1S,"Best Watch at this price. I have been using this since 3 days and I loved this watch, and it's feature. This watch is amoled, and it has always on display feature which is awesome also there are many sport modes.Also, I can change it's wallpaper and fully customize it by my own from it's app support.","['https://m.media-amazon.com/images/I/51Nb5rKVrzL._SY88.jpg', 'https://m.media-amazon.com/images/I/611Kt7DnqsL._SY88.jpg', 'https://m.media-amazon.com/images/I/61C1IJ+F9hL._SY88.jpg', 'https://m.media-amazon.com/images/I/61rKkv6aAmL._SY88.jpg']",2025-01-11,37,Colour: Phantom Black,
5,Loved this product,R3MZ2YP93DB4H9,https://www.amazon.in/gp/customer-reviews/R3MZ2YP93DB4H9/ref=cm_cr_othr_d_rvw_ttl?ie=UTF8&ASIN=B0DM5J5J1S,"It's such a wonderful watch. Proper value for money. The functionality of this watch is accurate. The heart rate monitoring, notifications on screen, connectivity is top notch.I am so happy with this purchase. It looks very classy on wrist as well. The zig zag strap gives a premium look.","['https://m.media-amazon.com/images/I/610SrZQoNPL._SY88.jpg', 'https://m.media-amazon.com/images/I/61e6jylCIlL._SY88.jpg', 'https://m.media-amazon.com/images/I/71-McCY3lOL._SY88.jpg']",2025-01-12,38,Colour: Phantom Black,
5,Premium Smartwatch,R23IMCK08A4FU5,https://www.amazon.in/gp/customer-reviews/R23IMCK08A4FU5/ref=cm_cr_othr_d_rvw_ttl?ie=UTF8&ASIN=B0DM5J5J1S,"This Boult 1.95 smartwatch offers good value for the price. The 1.95-inch display is vibrant and easy to read. I appreciate the inclusion of a crown for easy navigation, and the sports modes provide a good range of tracking options. Battery life is decent, and the watch is comfortable to wearAll in All A solid choice for those looking for an affordable smartwatch with basic features.",['https://m.media-amazon.com/images/I/715ZHfZBOgL._SY88.jpg'],2024-12-30,39,Colour: Black,
5,good to see,R3S7WXLHQZL4JO,https://www.amazon.in/gp/customer-reviews/R3S7WXLHQZL4JO/ref=cm_cr_othr_d_rvw_ttl?ie=UTF8&ASIN=B0DM5J5J1S,Really eye pleasing design i went to a party and everyone noticed it it feels really good and gave you the confidence of wearing watches i use it only for parties it feels a premium product and ui is really good and connects with my iphone easily great design,[],2025-01-10,40,Colour: Phantom Black,
5,design,RDI76N8MB6XVE,https://www.amazon.in/gp/customer-reviews/RDI76N8MB6XVE/ref=cm_cr_othr_d_rvw_ttl?ie=UTF8&ASIN=B0DM5J5J1S,The Crown Pro feels premium with its metal frame and modern design.It's fantastic watch with stylish look.Boult Crown Pro is stylish and durable with its zinc alloy frame Amolded display is bright and Bluetooth calling works smoothlyIt has Features like SpO2 monitoringThe phantom black strap gives it a premium look,['https://m.media-amazon.com/images/I/61TqNhFqDaL._SY88.jpg'],2025-01-06,73,Colour: Phantom Black,
5,Stylish and Trendy,R3LY23IYV0OQ8Z,https://www.amazon.in/gp/customer-reviews/R3LY23IYV0OQ8Z/ref=cm_cr_othr_d_rvw_ttl?ie=UTF8&ASIN=B0DM5J5J1S,"Finding steps, workout and calls is the best, trust me it works perfect and looks great too, buy this if you think of a stylish smart watch. I bought it during the lunch price and it is awesome and budget friendly..",['https://m.media-amazon.com/images/I/61L61ByWI3L._SY88.jpg'],2025-01-07,74,Colour: Black,
5,Wonderful,R2A091BC89DSR7,https://www.amazon.in/gp/customer-reviews/R2A091BC89DSR7/ref=cm_cr_othr_d_rvw_ttl?ie=UTF8&ASIN=B0DM5J5J1S,"Nice watch. Big display, calling feature, lots of wallpaper, fast charging, health monitoring and what not. It has all the premium features that a smart watch need","['https://m.media-amazon.com/images/I/51sOlRHoMFL._SY88.jpg', 'https://m.media-amazon.com/images/I/61ZpKIdEANL._SY88.jpg']",2025-01-07,75,Colour: Phantom Black,
5,Product is extremely good,RHRNK8OFQNFLW,https://www.amazon.in/gp/customer-reviews/RHRNK8OFQNFLW/ref=cm_cr_othr_d_rvw_ttl?ie=UTF8&ASIN=B0DM5J5J1S,"The product is extremely good with less costI bought it for my brother he liked it so muchWhen comes to its features connectivity is fast, very easy to use, size is perfect, and its water resistantOverall product is amazing with best price","['https://m.media-amazon.com/images/I/61Jrz0Y6R6L._SY88.jpg', 'https://m.media-amazon.com/images/I/61kA4YV-CUL._SY88.jpg', 'https://m.media-amazon.com/images/I/7101tbowc7L._SY88.jpg', 'https://m.media-amazon.com/images/I/71CY7qfjG6L._SY88.jpg', 'https://m.media-amazon.com/images/I/71vlG8tz8RL._SY88.jpg']",2025-01-09,76,Colour: Phantom Black,
5,Best smartwatch,R2MSNRXOI0YJMS,https://www.amazon.in/gp/customer-reviews/R2MSNRXOI0YJMS/ref=cm_cr_othr_d_rvw_ttl?ie=UTF8&ASIN=B0DM5J5J1S,I got this watch few day ago and really quality and smoothness is too good and also built is totally premium.,"['https://m.media-amazon.com/images/I/71XbMTxj6yL._SY88.jpg', 'https://m.media-amazon.com/images/I/71zV2Cfj-nL._SY88.jpg']",2025-01-07,77,Colour: Phantom Black,
5,Amazing watch,REPAWYV3W71WP,https://www.amazon.in/gp/customer-reviews/REPAWYV3W71WP/ref=cm_cr_othr_d_rvw_ttl?ie=UTF8&ASIN=B0DM5J5J1S,"I appreciate the watch's attractive design with a large HD display and clear sound. I find it offers a variety of features, including step tracking and fitness modes, as well as fun ones.i just love this watch..",[],2025-01-02,78,Colour: Black,
5,Good.,R16QGWD9MD4F0E,https://www.amazon.in/gp/customer-reviews/R16QGWD9MD4F0E/ref=cm_cr_othr_d_rvw_ttl?ie=UTF8&ASIN=B0DM5J5J1S,Good.,[],2025-01-08,79,Colour: Black,
5,Value for money watch,R25YYQ4SWCQKL5,https://www.amazon.in/gp/customer-reviews/R25YYQ4SWCQKL5/ref=cm_cr_othr_d_rvw_ttl?ie=UTF8&ASIN=B0DM5J5J1S,Best smartwatch in this price range. Tried many watches but its look well build and with lots of features,"['https://m.media-amazon.com/images/I/61RyUNsdzZL._SY88.jpg', 'https://m.media-amazon.com/images/I/61peKHKGw3L._SY88.jpg', 'https://m.media-amazon.com/images/I/71qrBdVmx6L._SY88.jpg']",2024-12-29,80,Colour: Black,
5,Great features and cost effective,R13VP28CQ5CZV8,https://www.amazon.in/gp/customer-reviews/R13VP28CQ5CZV8/ref=cm_cr_othr_d_rvw_ttl?ie=UTF8&ASIN=B0DM5J5J1S,"Bought this watch for my daily routine purpose. I most liked the battery backup in it.2.01 screen is high quality, quick touch response and gives good look. It also has regular fitness monitoring as mentioned on the product to track the steps, SPo2, hearth rate, gym activity etc.",['https://m.media-amazon.com/images/I/61Fs3-ws2kL._SY88.jpg'],2025-01-07,57,Colour: Phantom Black,
5,Premium features that enhance the user experience,R390LA6GSJ013U,https://www.amazon.in/gp/customer-reviews/R390LA6GSJ013U/ref=cm_cr_othr_d_rvw_ttl?ie=UTF8&ASIN=B0DM5J5J1S,"The Boult Crown Pro Smartwatch is a fantastic all-rounder, offering a premium display, versatile health and fitness features, and smart connectivity. The AMOLED screen, Bluetooth calling, and AI voice assistant are standout features at this price point, and the working crown adds a layer of sophistication that's rare in this category.",['https://m.media-amazon.com/images/I/81EGDQ2MgnL._SY88.jpg'],2025-01-09,58,Colour: Phantom Black,
5,Classic product,R29Z4ZP8J4AFXE,https://www.amazon.in/gp/customer-reviews/R29Z4ZP8J4AFXE/ref=cm_cr_othr_d_rvw_ttl?ie=UTF8&ASIN=B0DM5J5J1S,This watch has sleek and splender design charging speed is really fast stunning amoled display which gives stunning outcome perfect to wear,[],2025-01-08,59,Colour: Phantom Black,
5,Beautiful,R1PRB4WTH5LGQT,https://www.amazon.in/gp/customer-reviews/R1PRB4WTH5LGQT/ref=cm_cr_othr_d_rvw_ttl?ie=UTF8&ASIN=B0DM5J5J1S,Good quality productI like it so muchI gifted this to my colleague on his birthdayBest gift forever,[],2025-01-10,60,Colour: Phantom Black,
5,The watch is amazing and affordable,RK9HGQZ95LYZV,https://www.amazon.in/gp/customer-reviews/RK9HGQZ95LYZV/ref=cm_cr_othr_d_rvw_ttl?ie=UTF8&ASIN=B0DM5J5J1S,"The watch quality is very good and satisfying.It purchased it for my brother and he loved itHe can connect this watch with his mobile ,it is very useful for him","['https://m.media-amazon.com/images/I/61hfkS9LdnL._SY88.jpg', 'https://m.media-amazon.com/images/I/61kcOcioV7L._SY88.jpg']",2025-01-08,61,Colour: Phantom Black,
5,Rigid quality,R1OWK5Y0OWGVGB,https://www.amazon.in/gp/customer-reviews/R1OWK5Y0OWGVGB/ref=cm_cr_othr_d_rvw_ttl?ie=UTF8&ASIN=B0DM5J5J1S,"I have a very rough use, the watch is holding pretty good woth its metal frame, charging speed is decent and backup is good, i can track my sleep and workout cycles in the app too, overall value for money",['https://m.media-amazon.com/images/I/71NcPJz+huL._SY88.jpg'],2025-01-02,62,Colour: Black,
5,Good and budget friendly,R2UBLFBHLPBZV7,https://www.amazon.in/gp/customer-reviews/R2UBLFBHLPBZV7/ref=cm_cr_othr_d_rvw_ttl?ie=UTF8&ASIN=B0DM5J5J1S,This product is so good. I wear this watch everyday and in sunlight display is visible . It charges very fast . All the sports mode are amazing and the step counter is also accurate build quality is also good,[],2025-01-08,63,Colour: Phantom Black,
5,Comfort and Features at a Best Price,R3AXOQIJV7JGBF,https://www.amazon.in/gp/customer-reviews/R3AXOQIJV7JGBF/ref=cm_cr_othr_d_rvw_ttl?ie=UTF8&ASIN=B0DM5J5J1S,The Boult Crown Pro Smart Watch 2.01 is comfortable and has a bright screen. You can get calls and track health easily. It's good value for money,['https://m.media-amazon.com/images/I/511WmrSPCJL._SY88.jpg'],2025-01-08,64,Colour: Phantom Black,
5,Badhiya Watch !!!,R19BY0GXZEJCEL,https://www.amazon.in/gp/customer-reviews/R19BY0GXZEJCEL/ref=cm_cr_othr_d_rvw_ttl?ie=UTF8&ASIN=B0DM5J5J1S,"It's amazing. The battery backup lets up to 10 Days. The feathers are also excellent and latest. At this price, I've tried many watches, but this one seems the best to me. Connection process is easy. Calling and notification work perfectly.","['https://m.media-amazon.com/images/I/61gMIFisFVL._SY88.jpg', 'https://m.media-amazon.com/images/I/61x2ejRcbJL._SY88.jpg']",2025-01-16,41,Colour: Phantom Black,
5,Cool design,R2F30EKLHPV5RY,https://www.amazon.in/gp/customer-reviews/R2F30EKLHPV5RY/ref=cm_cr_othr_d_rvw_ttl?ie=UTF8&ASIN=B0DM5J5J1S,Very impressive smart watch at this price. All the features work so perfectly. Accuracy and all sensors working perfectly. display quality is very good and the watch looks very premium and impressive.,"['https://m.media-amazon.com/images/I/61KwsKjRLoL._SY88.jpg', 'https://m.media-amazon.com/images/I/81USLlA7sXL._SY88.jpg']",2025-01-11,42,Colour: Phantom Black,
5,Good,R1I6DGRLS25BUW,https://www.amazon.in/gp/customer-reviews/R1I6DGRLS25BUW/ref=cm_cr_othr_d_rvw_ttl?ie=UTF8&ASIN=B0DM5J5J1S,"The **Boult Crown Pro Smart Watch** is a feature-packed device with a stunning 2.01'' AMOLED display and 650 nits brightness for crystal-clear visuals. Its sleek zinc alloy frame and working crown add a premium touch, while the always-on display (AOD) ensures convenience. With Bluetooth calling, AI voice assistant, SpO2 monitoring, and 120+ sports modes, it’s perfect for fitness and tech enthusiasts alike. A stylish and functional companion for everyday use.",['https://m.media-amazon.com/images/I/61IOLp74FXL._SY88.jpg'],2025-01-04,43,Colour: Phantom Black,
5,Good battery backup,R1S434LPV5GD18,https://www.amazon.in/gp/customer-reviews/R1S434LPV5GD18/ref=cm_cr_othr_d_rvw_ttl?ie=UTF8&ASIN=B0DM5J5J1S,I have been using this watch daily and must say the battery backup and features are just amazing Step counter is also accurate  best watch in this price range other sports mode are also good display is also a plus point,[],2025-01-12,44,Colour: Phantom Black,
5,Simply awesome,R1T0NW6SDU3TGE,https://www.amazon.in/gp/customer-reviews/R1T0NW6SDU3TGE/ref=cm_cr_othr_d_rvw_ttl?ie=UTF8&ASIN=B0DM5J5J1S,"I like made in india product. Watch design is looking smart. Always on display feature in nice, and this price range amoled display is wow, bluetooth connectivity is superb, crown working fine. Overall i am fully satisfied with this watch",['https://m.media-amazon.com/images/I/71m+xfsgddL._SY88.jpg'],2025-01-12,45,Colour: Phantom Black,
5,Classi watch,R2WBRNNMVHKH6V,https://www.amazon.in/gp/customer-reviews/R2WBRNNMVHKH6V/ref=cm_cr_othr_d_rvw_ttl?ie=UTF8&ASIN=B0DM5J5J1S,It is having amazing styleLooks good on handGet easily connect with phoneTouch is also goodCharging stay longOverall it's good watch,[],2025-01-19,46,Colour: Phantom Black,
5,Premium product,R2J2FHO52ZA12,https://www.amazon.in/gp/customer-reviews/R2J2FHO52ZA12/ref=cm_cr_othr_d_rvw_ttl?ie=UTF8&ASIN=B0DM5J5J1S,"Reviewing after use it for some days.Such A premium watch from boult with big amoulate display. Very happy with its battery backup, 100+ sports mood and Bluetooth calling fetures, it's look very styleilesh when I am wareing it and nicely fitting on hand. Happy with it.","['https://m.media-amazon.com/images/I/51Upe2J4o4L._SY88.jpg', 'https://m.media-amazon.com/images/I/51uzSTE6SPL._SY88.jpg']",2025-01-11,47,Colour: Phantom Black,
5,Very nice watch!!!,RF7PVRDDIAVDT,https://www.amazon.in/gp/customer-reviews/RF7PVRDDIAVDT/ref=cm_cr_othr_d_rvw_ttl?ie=UTF8&ASIN=B0DM5J5J1S,In watch there is speaker so we can make a call quickly which is very nice. Very good Bluetooth connectivity. Band is also good in quality. There is wheel rotation to see the list of apps which is good thing.,[],2025-01-15,48,Colour: Black,
5,Affordable product,R1LCDB7IB2322S,https://www.amazon.in/gp/customer-reviews/R1LCDB7IB2322S/ref=cm_cr_othr_d_rvw_ttl?ie=UTF8&ASIN=B0DM5J5J1S,Stylish design watch is bright in the touch respond smooth. It takes perfectly perfect heart rate and sleep accuracy. battery life is very good. Bluetooth calling and notification work properly. It's a perfect budget friendly Smartwatch.,['https://m.media-amazon.com/images/I/51Kye7eSXWL._SY88.jpg'],2025-01-15,49,Colour: Phantom Black,
5,Very beautiful smartwatch,R1A4Y8KSUII0QV,https://www.amazon.in/gp/customer-reviews/R1A4Y8KSUII0QV/ref=cm_cr_othr_d_rvw_ttl?ie=UTF8&ASIN=B0DM5J5J1S,"I really like the design of the smartwatch. It looks very beautiful when you wear it. I bought the newer version with 2.01 inch amoled screen. Honestly, the amoled screen is very clear and looks pretty. It has a lot of sports tracking modes. The sound quality is also nice for BT Calling. It comes with a lot of beautiful watch faces. It was a decent purchase.","['https://m.media-amazon.com/images/I/71+FZ0NpDlL._SY88.jpg', 'https://m.media-amazon.com/images/I/71UO6nyr2PL._SY88.jpg', 'https://m.media-amazon.com/images/I/71dr5UCvjwL._SY88.jpg']",2025-01-04,50,Colour: Phantom Black,
5,Cool Smart watch,R1XDAOXSX18KNI,https://www.amazon.in/gp/customer-reviews/R1XDAOXSX18KNI/ref=cm_cr_othr_d_rvw_ttl?ie=UTF8&ASIN=B0DM5J5J1S,"Cool,This watch is so good and easy to use. The screen is big, so don't have to squint. It is lightweight and comfortable for daily use. Bass performance is excellent for music.","['https://m.media-amazon.com/images/I/614CIGrNDsL._SY88.jpg', 'https://m.media-amazon.com/images/I/61Hm6NK0nnL._SY88.jpg', 'https://m.media-amazon.com/images/I/61Jg2nMm0-L._SY88.jpg', 'https://m.media-amazon.com/images/I/61Xe9pHFYYL._SY88.jpg', 'https://m.media-amazon.com/images/I/61ZDn3rdwbL._SY88.jpg']",2025-01-08,51,Colour: Phantom Black,
5,Display quality is Amazing,R1HPB74L6TKUTS,https://www.amazon.in/gp/customer-reviews/R1HPB74L6TKUTS/ref=cm_cr_othr_d_rvw_ttl?ie=UTF8&ASIN=B0DM5J5J1S,I have being using this watch from last few days and I can say that it's Amoled Display Quality is amazing. All colours look super bright. Its design look stunning.Also it has good battery backup,"['https://m.media-amazon.com/images/I/71fysLNQTpL._SY88.jpg', 'https://m.media-amazon.com/images/I/81Q37xGEHrL._SY88.jpg']",2025-01-08,52,Colour: Phantom Black,
5,Wonderful!!!,R1QB8GW9BYLOZY,https://www.amazon.in/gp/customer-reviews/R1QB8GW9BYLOZY/ref=cm_cr_othr_d_rvw_ttl?ie=UTF8&ASIN=B0DM5J5J1S,1.95' display provides premium quality. Bluetooth calling feature and AI voice assistant work perfectly. Fast bluetooth connectivity. Colour provides premium look. Touch working smoothly. Value for money,"['https://m.media-amazon.com/images/I/61fUApJCUuL._SY88.jpg', 'https://m.media-amazon.com/images/I/714CWiMHwkL._SY88.jpg', 'https://m.media-amazon.com/images/I/81mW9kzWv6L._SY88.jpg']",2024-12-31,53,Colour: Black,
5,Very Nice,R1V7CFXD07ZZEK,https://www.amazon.in/gp/customer-reviews/R1V7CFXD07ZZEK/ref=cm_cr_othr_d_rvw_ttl?ie=UTF8&ASIN=B0DM5J5J1S,"The Crown Pro Smart Watch looks stylish with its zinc alloy frame. Its 2.01"" AMOLED screen is bright and clear, even in sunlight. It has Bluetooth calling, SpO2 monitoring, and an AI voice assistant. With 120+ sports modes, it is perfect for fitness lovers.",['https://m.media-amazon.com/images/I/81AoMeX4DxL._SY88.jpg'],2025-01-08,54,Colour: Phantom Black,
5,Good performance,R269B4AFAPVDG4,https://www.amazon.in/gp/customer-reviews/R269B4AFAPVDG4/ref=cm_cr_othr_d_rvw_ttl?ie=UTF8&ASIN=B0DM5J5J1S,"I purchased this Boult watch and I impressed with his display size and I have many other features like heart rate, and sports mode, etc. Battery backup is good and charging also fast. Overall value for money product.",['https://m.media-amazon.com/images/I/71Uyy1--pwL._SY88.jpg'],2025-01-11,55,Colour: Phantom Black,
5,delivers everything it's promises,RLG6HIJ6XV3TP,https://www.amazon.in/gp/customer-reviews/RLG6HIJ6XV3TP/ref=cm_cr_othr_d_rvw_ttl?ie=UTF8&ASIN=B0DM5J5J1S,"This smartwatch is truly amazing!❤️ It delivers everything it promises, from apps to sports modes. Even at low brightness, the display maintains vibrant colors. A great combination of performance and quality totally worth it!😍❤️",['https://m.media-amazon.com/images/I/71fHv6Z4XHL._SY88.jpg'],2025-01-04,56,Colour: Phantom Black,
5,Super quality,RVURRSU6W26TH,https://www.amazon.in/gp/customer-reviews/RVURRSU6W26TH/ref=cm_cr_othr_d_rvw_ttl?ie=UTF8&ASIN=B0DM5J5J1S,"At this price its a must buy product. Big size Amoled display, bluetooth connectivity is superb, good touch response, the sound is very loud. And battery life is very good. This is quite lightweight and easy to wear. Boult always great",['https://m.media-amazon.com/images/I/71YDL2NHDUL._SY88.jpg'],2025-01-18,25,Colour: Phantom Black,
5,"Good quality , value for money",R2QBQE7A0RYQ0Q,https://www.amazon.in/gp/customer-reviews/R2QBQE7A0RYQ0Q/ref=cm_cr_othr_d_rvw_ttl?ie=UTF8&ASIN=B0DM5J5J1S,"I love this product, it so good comfortable, , good working display touch screen,fast charging and battery backup longValue for money, display size good comfortable",['https://m.media-amazon.com/images/I/616eTuIWWlL._SY88.jpg'],2025-01-25,26,Colour: Phantom Black,
5,BOULT SMART WATCH,R2GZP9ZZFG85Y6,https://www.amazon.in/gp/customer-reviews/R2GZP9ZZFG85Y6/ref=cm_cr_othr_d_rvw_ttl?ie=UTF8&ASIN=B0DM5J5J1S,"A very beautiful watch worth its price. Good for professionals. features and look Gud. Very Gud wrist watch, my dream watch.","['https://m.media-amazon.com/images/I/5178sMnF1FL._SY88.jpg', 'https://m.media-amazon.com/images/I/61MpFt71D9L._SY88.jpg']",2024-12-26,27,Colour: Black,
5,Good  feature,R1SK3S8L1S7L05,https://www.amazon.in/gp/customer-reviews/R1SK3S8L1S7L05/ref=cm_cr_othr_d_rvw_ttl?ie=UTF8&ASIN=B0DM5J5J1S,"This watch has seek disign , long lasting battery life  4 to 5 days easily, grip of watch strip comfortable, design is very decent, it's comes with many sensor So2, Heart Beat , many sport mode, I most like always on display.","['https://m.media-amazon.com/images/I/61C30ugg8fL._SY88.jpg', 'https://m.media-amazon.com/images/I/61Jt01iu4vL._SY88.jpg', 'https://m.media-amazon.com/images/I/61iHOmHlyrL._SY88.jpg', 'https://m.media-amazon.com/images/I/71NE46s3w6L._SY88.jpg', 'https://m.media-amazon.com/images/I/71O1R9zZs6L._SY88.jpg', 'https://m.media-amazon.com/images/I/818LgjI+DIL._SY88.jpg']",2025-01-12,28,Colour: Phantom Black,
5,My New Favorite Accessory,R2HL1ADQZ00K6A,https://www.amazon.in/gp/customer-reviews/R2HL1ADQZ00K6A/ref=cm_cr_othr_d_rvw_ttl?ie=UTF8&ASIN=B0DM5J5J1S,I'm absolutely loving my Boult Smartwatch! The stylish design and vibrant display are a perfect combo. It tracks my fitness goals with precision and is super durable - a fantastic value for the price.,"['https://m.media-amazon.com/images/I/617VoY4ljGL._SY88.jpg', 'https://m.media-amazon.com/images/I/61g3ty1Iz3L._SY88.jpg']",2025-01-09,29,Colour: Phantom Black,
5,Attractive,R3VSGYOHLDU0D2,https://www.amazon.in/gp/customer-reviews/R3VSGYOHLDU0D2/ref=cm_cr_othr_d_rvw_ttl?ie=UTF8&ASIN=B0DM5J5J1S,Fabulous. It is really very attractive. And also very useful. Arrived on time. Packing is also very good and the brand name is enough. Battery life is also good. Looking premium.,[],2024-12-22,30,Colour: Black,
5,Wonderful,RTQ7NJSQ61CLA,https://www.amazon.in/gp/customer-reviews/RTQ7NJSQ61CLA/ref=cm_cr_othr_d_rvw_ttl?ie=UTF8&ASIN=B0DM5J5J1S,Build quality 4/5Display 5/5Battery 5/5Calling audio quality 4.5/5It has highest brightness displayLots of sports modesIt looks like ab apple ultra smart watchProduct in the price segment of 1500 is great.,['https://m.media-amazon.com/images/I/61sXbKoF72L._SY88.jpg'],2025-01-09,31,Colour: Black,
5,Very unique smartwatch,RLB7Y3NRHKZ7M,https://www.amazon.in/gp/customer-reviews/RLB7Y3NRHKZ7M/ref=cm_cr_othr_d_rvw_ttl?ie=UTF8&ASIN=B0DM5J5J1S,"The Boult Crown Pro SmartWatch boasts a luxurious design, excellent brightness, and a comfortably soft yet durable strap, creating a premium feel.  Its aesthetic is both beautiful and stylish.⌚️👌I liked this smartwatch very much","['https://m.media-amazon.com/images/I/71BfMelye8L._SY88.jpg', 'https://m.media-amazon.com/images/I/71KfromfyLL._SY88.jpg']",2025-01-08,32,Colour: Phantom Black,
5,Best price range best product,RFAOCN71WM76H,https://www.amazon.in/gp/customer-reviews/RFAOCN71WM76H/ref=cm_cr_othr_d_rvw_ttl?ie=UTF8&ASIN=B0DM5J5J1S,I am shocked  and very happy after buying this watch . It look so cool and fashionable that anyone who see it praise and want to order the same one for their own use.,"['https://m.media-amazon.com/images/I/61ZM+cILU-L._SY88.jpg', 'https://m.media-amazon.com/images/I/71s10v+oG4L._SY88.jpg']",2025-01-09,65,Colour: Phantom Black,
5,Attractive amoled display,R3URBFZRUW2MS,https://www.amazon.in/gp/customer-reviews/R3URBFZRUW2MS/ref=cm_cr_othr_d_rvw_ttl?ie=UTF8&ASIN=B0DM5J5J1S,"Good battery backup ,fast wireless charging, and the premium packaging give it a premium look .Such  price range is very effective that anyone who wish to have a smart watch and smart health monitoring can buy it easily .","['https://m.media-amazon.com/images/I/61gc1j6e2YL._SY88.jpg', 'https://m.media-amazon.com/images/I/717phRo0JXL._SY88.jpg']",2025-01-09,66,Colour: Phantom Black,
5,Quality is good,R2JCG8HUQ0997S,https://www.amazon.in/gp/customer-reviews/R2JCG8HUQ0997S/ref=cm_cr_othr_d_rvw_ttl?ie=UTF8&ASIN=B0DM5J5J1S,Display is very good.Battery backup and charging speed is also works good.Overall a good package of features.,['https://m.media-amazon.com/images/I/717yjSs3idL._SY88.jpg'],2025-01-07,67,Colour: Phantom Black,
5,Good,R1R4BPQXQXKB53,https://www.amazon.in/gp/customer-reviews/R1R4BPQXQXKB53/ref=cm_cr_othr_d_rvw_ttl?ie=UTF8&ASIN=B0DM5J5J1S,"After three days of usage the watch quality & feel with hands are good, for this price it’s really value.Design & durability are good, packing also done as per premium quality. Bluetooth calling is perfectly working speaker volume is good  Recommend for daily usage.","['https://m.media-amazon.com/images/I/61-EheT6tgL._SY88.jpg', 'https://m.media-amazon.com/images/I/61646X1dEML._SY88.jpg', 'https://m.media-amazon.com/images/I/71AXfXqhJpL._SY88.jpg', 'https://m.media-amazon.com/images/I/71Y2NZp1GtL._SY88.jpg']",2024-12-28,68,Colour: Black,
5,Best premium look,R1ZUI2CQPU4ZX8,https://www.amazon.in/gp/customer-reviews/R1ZUI2CQPU4ZX8/ref=cm_cr_othr_d_rvw_ttl?ie=UTF8&ASIN=B0DM5J5J1S,This is the best watch under this price. It have all the features. Battery life is also good. Totally value for money.,"['https://m.media-amazon.com/images/I/417rVs31O4L._SY88.jpg', 'https://m.media-amazon.com/images/I/61U7uV47n4L._SY88.jpg', 'https://m.media-amazon.com/images/I/61b469WanHL._SY88.jpg', 'https://m.media-amazon.com/images/I/61l-NlJz+EL._SY88.jpg']",2025-01-10,69,Colour: Phantom Black,
5,Very stylish,R2E15JB6AVJB25,https://www.amazon.in/gp/customer-reviews/R2E15JB6AVJB25/ref=cm_cr_othr_d_rvw_ttl?ie=UTF8&ASIN=B0DM5J5J1S,"I recently bought this smartwatch with variety of features including great battery backup, sleep tracking and fitness modes,its 2,01"" amoled screen has an attractive design and clear sound quality for calling, overall this is a great deal in this price range","['https://m.media-amazon.com/images/I/71M7j6lSlRL._SY88.jpg', 'https://m.media-amazon.com/images/I/71PIt5E03eL._SY88.jpg']",2025-01-05,70,Colour: Phantom Black,
5,Awesome,R2G2C1SFMGL7AD,https://www.amazon.in/gp/customer-reviews/R2G2C1SFMGL7AD/ref=cm_cr_othr_d_rvw_ttl?ie=UTF8&ASIN=B0DM5J5J1S,"Smart watch with good looks too.Very useful for aged people as one can measure bp, pulse , spo2 in this watch. Can monitor all your sports activities. Blue tooth calling & AI assistance available. Display is good & dial size is big. Very good charging speed , comes with a magnetic charger.","['https://m.media-amazon.com/images/I/615vHGSx-nL._SY88.jpg', 'https://m.media-amazon.com/images/I/61gBPIMHoiL._SY88.jpg', 'https://m.media-amazon.com/images/I/71IefU1ZKzL._SY88.jpg']",2025-01-06,71,Colour: Phantom Black,
5,Outstanding performance,R2XAHDJP96IMP0,https://www.amazon.in/gp/customer-reviews/R2XAHDJP96IMP0/ref=cm_cr_othr_d_rvw_ttl?ie=UTF8&ASIN=B0DM5J5J1S,A premium watch. It looks so good.Screen is so damn.It's touch is really good and I love the build quality.It looks super stylish to wear.I gifted this to my father and he is soo happy.Worth buying,"['https://m.media-amazon.com/images/I/61jVxzNQWiL._SY88.jpg', 'https://m.media-amazon.com/images/I/71gHpJZoRyL._SY88.jpg']",2025-01-10,72,Colour: Phantom Black,
4,I want Silver metal frame with blue strap.. But received black frame,R1Q0HWTTIVMWOR,https://www.amazon.in/gp/customer-reviews/R1Q0HWTTIVMWOR/ref=cm_cr_othr_d_rvw_ttl?ie=UTF8&ASIN=B0DM5J5J1S,The watch is good. But raise to wake up screen little bit slow and some time not working. I want sliver metal frame. But I have received black metal frame. So I have returned it. Seller pls send me silver metal frame with good one. Thank you.,[],2025-01-19,9,Colour: Skyline Blue,
4,Nice,R1AC2KG9S0GPHL,https://www.amazon.in/gp/customer-reviews/R1AC2KG9S0GPHL/ref=cm_cr_othr_d_rvw_ttl?ie=UTF8&ASIN=B0DM5J5J1S,Good,['https://m.media-amazon.com/images/I/71gUdE5nNjL._SY88.jpg'],2025-01-25,10,Colour: Phantom Black,
5,This AMOLED Smartwatch is A Stylish and Feature Packed Companion,RLQX8CNJCOUI1,https://www.amazon.in/gp/customer-reviews/RLQX8CNJCOUI1/ref=cm_cr_othr_d_rvw_ttl?ie=UTF8&ASIN=B0DM5J5J1S,"The Boult 2.01 AMOLED smartwatch with crown is a fantastic option for those seeking a stylish and feature-rich wearable. Its standout features include:Stunning AMOLED Display: The vibrant AMOLED display is a real treat, offering excellent clarity and responsiveness. Elegant Design: The watch boasts a sleek and modern design, with the physical crown adding a touch of sophistication.  Comprehensive Health Tracking: It accurately monitors various health metrics, including heart rate, blood pressure, SpO2, and sleep patterns. Robust Fitness Features: The smartwatch is a fitness enthusiast's dream, with features like step tracking, multiple sports modes, and sedentary reminders.Long Battery Life: The battery life is impressive, allowing for several days of use on a single charge. Smooth Performance: The smartwatch operates smoothly and efficiently, with minimal lag or glitches. Value for Money: Considering its impressive features and stylish design, the Boult Smartwatch offers excellent value for money.",['https://m.media-amazon.com/images/I/61MTSSvkPmL._SY88.jpg'],2025-01-20,11,Colour: Phantom Black,
4,Writing review after a week.....it's going good ...,R2GXQGCR4BYKOB,https://www.amazon.in/gp/customer-reviews/R2GXQGCR4BYKOB/ref=cm_cr_othr_d_rvw_ttl?ie=UTF8&ASIN=B0DM5J5J1S,just utube if u can't understand some new features settings or u can simply assist customer care service...,[],2025-01-15,12,Colour: Skyline Blue,
5,Boult Crown - Nice watch and accurate sensors,R1HOQDK38J2O7I,https://www.amazon.in/gp/customer-reviews/R1HOQDK38J2O7I/ref=cm_cr_othr_d_rvw_ttl?ie=UTF8&ASIN=B0DM5J5J1S,"Don't buy the Crown Pro (black version) as that watch's app is buggy and not accurate. Does not sync well. This model is excellent! The sensors are accurate - I have measured BP with the watch and a professional machine and results were super close. Same with heart rate and O2. Although cannot be 100% relied on, I'm sure this would give a good idea when to consult a doctor for further medical advice. Highly recommend this watch. The Boult Fit app is nice and no bugs or issues. Smooth installation of the app and great features. Although would have expected some more customization on the watch faces, for this price, no complaints. Hopefully the smart watches can add blood sugar measurement in the future as well. Thanks Boult and Amazon. Don't buy from any other place. Amazon has great customer service and return/refund policy.",[],2025-01-16,13,Colour: Black,
4,Looks,R1GSI1W4I0RLO3,https://www.amazon.in/gp/customer-reviews/R1GSI1W4I0RLO3/ref=cm_cr_othr_d_rvw_ttl?ie=UTF8&ASIN=B0DM5J5J1S,"Hi nice in looks ,but I have not got charger with watchThat's why I want to return it.",[],2025-01-03,14,Colour: Silver,
4,Decent,R25FRLQ54AJWAT,https://www.amazon.in/gp/customer-reviews/R25FRLQ54AJWAT/ref=cm_cr_othr_d_rvw_ttl?ie=UTF8&ASIN=B0DM5J5J1S,The media could not be loaded.,['https://m.media-amazon.com/images/I/61jLlHCft0L._SY88.jpg'],2025-01-29,15,Colour: Black,
5,Amoled display,R3GXYAP9W5MZXZ,https://www.amazon.in/gp/customer-reviews/R3GXYAP9W5MZXZ/ref=cm_cr_othr_d_rvw_ttl?ie=UTF8&ASIN=B0DM5J5J1S,"Recently have purchased boult  smartwatch and I'm impressed with the Boat Smartwatch! This affordable timepiece packs a punch with features like heart rate monitoring, GPS, and water resistance. The 2.1-inch curved touchscreen display is vibrant and responsive. Battery life is long lasting While app selection is limited, its fitness tracking and notification features shine. A great value-for-money option for fitness enthusiasts and budget-conscious buyers. The strength of the watch is very good. And the watch gives u perfect looks on your hands. Is sinus quality is awesome and feels comfortable on your hands","['https://m.media-amazon.com/images/I/515mC0NgB8L._SY88.jpg', 'https://m.media-amazon.com/images/I/51QZaoZD4RL._SY88.jpg']",2025-01-10,16,Colour: Phantom Black,
