Unnamed: 0,0
0,https://www.amazon.in//Noise-Launched-Bluetooth-Calling-Tracking/dp/B0BJ72WZQ7/ref=zg_bs_g_5605728031_d_sccl_1/258-0776632-7362957?psc=1
1,https://www.amazon.in//boAt-Lunar-Discovery-Navigation-Bluetooth/dp/B0DFYL4635/ref=zg_bs_g_5605728031_d_sccl_2/258-0776632-7362957?psc=1
2,https://www.amazon.in//Noise-Bluetooth-Calling-Tracking-Detection/dp/B0B5LW5DFQ/ref=zg_bs_g_5605728031_d_sccl_3/258-0776632-7362957?psc=1
3,https://www.amazon.in//Noise-Advanced-Bluetooth-Brightness-Smartwatch/dp/B0B6BLTGTT/ref=zg_bs_g_5605728031_d_sccl_4/258-0776632-7362957?psc=1
4,https://www.amazon.in//Noise-Smartwatch-Calling-Tracking-Monitoring/dp/B0CQ4HSR2D/ref=zg_bs_g_5605728031_d_sccl_5/258-0776632-7362957?psc=1
5,https://www.amazon.in//Fire-Boltt-Launched-Display-Bluetooth-Assistance/dp/B0C497MSQN/ref=zg_bs_g_5605728031_d_sccl_6/258-0776632-7362957?psc=1
6,https://www.amazon.in//Fire-Boltt-Bluetooth-Calling-Assistance-Resolution/dp/B0BF57RN3K/ref=zg_bs_g_5605728031_d_sccl_7/258-0776632-7362957?psc=1
7,https://www.amazon.in//Noise-Launched-Display-Calling-Battery/dp/B0CG1Y3336/ref=zg_bs_g_5605728031_d_sccl_8/258-0776632-7362957?psc=1
8,https://www.amazon.in//Fire-Boltt-Stainless-Bluetooth-Smartwatch-Monitoring/dp/B0BY2PWDFQ/ref=zg_bs_g_5605728031_d_sccl_9/258-0776632-7362957?psc=1
9,https://www.amazon.in//Noise-Launched-Bluetooth-Calling-Tracking/dp/B0BJ6ZWPX5/ref=zg_bs_g_5605728031_d_sccl_10/258-0776632-7362957?psc=1
10,https://www.amazon.in//Noise-Bluetooth-Calling-Tracking-Detection/dp/B0B5LVS732/ref=zg_bs_g_5605728031_d_sccl_11/258-0776632-7362957?psc=1
11,https://www.amazon.in//Noise-Advanced-Bluetooth-Brightness-Smartwatch/dp/B0B6BPTFT5/ref=zg_bs_g_5605728031_d_sccl_12/258-0776632-7362957?psc=1
12,https://www.amazon.in//Noise-Bluetooth-Tracking-Detection-Midnight/dp/B0B5LWP12T/ref=zg_bs_g_5605728031_d_sccl_13/258-0776632-7362957?psc=1
13,https://www.amazon.in//Fire-Boltt-Bluetooth-Smartwatch-Assistant-Monitoring/dp/B0BRKXXPZ7/ref=zg_bs_g_5605728031_d_sccl_14/258-0776632-7362957?psc=1
14,https://www.amazon.in//Boult-Bluetooth-Brightness-Assistant-Monitoring/dp/B0DM5J5J1S/ref=zg_bs_g_5605728031_d_sccl_15/258-0776632-7362957?psc=1
15,https://www.amazon.in//boAt-Storm-Call-Navigation-Bluetooth/dp/B0D5LRGSCR/ref=zg_bs_g_5605728031_d_sccl_16/258-0776632-7362957?psc=1
16,https://www.amazon.in//Boult-Watchfaces-Brightness-Assistant-Monitoring/dp/B0DM5GVXJ9/ref=zg_bs_g_5605728031_d_sccl_17/258-0776632-7362957?psc=1
17,https://www.amazon.in//Fire-Boltt-BSW215-Brillia-Black/dp/B0D2KK3DW4/ref=zg_bs_g_5605728031_d_sccl_18/258-0776632-7362957?psc=1
18,https://www.amazon.in//Boult-Bluetooth-Watchfaces-Brightness-Monitoring/dp/B0DM5JDVCC/ref=zg_bs_g_5605728031_d_sccl_19/258-0776632-7362957?psc=1
19,https://www.amazon.in//Noise-Bluetooth-Calling-Tracking-Detection/dp/B0B5LSDT8W/ref=zg_bs_g_5605728031_d_sccl_20/258-0776632-7362957?psc=1
20,https://www.amazon.in//Boult-8906133851606-Drift/dp/B0CQLZ7W1N/ref=zg_bs_g_5605728031_d_sccl_21/258-0776632-7362957?psc=1
21,https://www.amazon.in//Boult-Bluetooth-Brightness-Assistant-Monitoring/dp/B0DM5RD6M6/ref=zg_bs_g_5605728031_d_sccl_22/258-0776632-7362957?psc=1
22,https://www.amazon.in//Noise-Bluetooth-Calling-Tracking-Detection/dp/B0B5LT655H/ref=zg_bs_g_5605728031_d_sccl_23/258-0776632-7362957?psc=1
23,https://www.amazon.in//Noise-Display-Functional-Premium-Metallic/dp/B0D6GK2871/ref=zg_bs_g_5605728031_d_sccl_24/258-0776632-7362957?psc=1
24,https://www.amazon.in//Noise-Smartwatch-Calling-Tracking-Monitoring/dp/B0CQ4J4YFL/ref=zg_bs_g_5605728031_d_sccl_25/258-0776632-7362957?psc=1
25,https://www.amazon.in//NoiseFit-Display-Bluetooth-Calling-Metallic/dp/B0BN1ZG1QZ/ref=zg_bs_g_5605728031_d_sccl_26/258-0776632-7362957?psc=1
26,https://www.amazon.in//Fire-Boltt-Calling-Display-Nano-SIM-Battery/dp/B0CXXDG3LS/ref=zg_bs_g_5605728031_d_sccl_27/258-0776632-7362957?psc=1
27,https://www.amazon.in//Boult-Smartwatch-Brightness-Watchfaces-Assistant/dp/B0DSLQRWWS/ref=zg_bs_g_5605728031_d_sccl_28/258-0776632-7362957?psc=1
28,https://www.amazon.in//Noise-Launched-Bluetooth-Detection-Smartwatch/dp/B0CQRQK8L8/ref=zg_bs_g_5605728031_d_sccl_29/258-0776632-7362957?psc=1
29,https://www.amazon.in//boAt-Navigation-Display-Bluetooth-Emergency/dp/B0CVQG14RR/ref=zg_bs_g_5605728031_d_sccl_30/258-0776632-7362957?psc=1
30,https://www.amazon.in//Noise-Advanced-Bluetooth-Brightness-Smartwatch/dp/B0B6BQ711Q/ref=zg_bs_g_5605728031_d_sccl_1/258-6888058-4683712?psc=1
31,https://www.amazon.in//Fire-Boltt-BSW069-Rise/dp/B0D2K6JJNX/ref=zg_bs_g_5605728031_d_sccl_2/258-6888058-4683712?psc=1
32,https://www.amazon.in//Noise-Launched-Bluetooth-Tracking-Midnight/dp/B0BJ74PQK6/ref=zg_bs_g_5605728031_d_sccl_3/258-6888058-4683712?psc=1
33,https://www.amazon.in//Boult-Watchfaces-Brightness-Assistant-Monitoring/dp/B0DM5KTM8K/ref=zg_bs_g_5605728031_d_sccl_4/258-6888058-4683712?psc=1
34,https://www.amazon.in//Fastrack-Resolution-SingleSync-Assistant-Smartwatch/dp/B0DGGVHMDS/ref=zg_bs_g_5605728031_d_sccl_5/258-6888058-4683712?psc=1
35,https://www.amazon.in//Noise-Display-Metallic-Functional-Tracking/dp/B0CP9NZXLF/ref=zg_bs_g_5605728031_d_sccl_6/258-6888058-4683712?psc=1
36,https://www.amazon.in//Fire-Boltt-Bluetooth-Calling-Assistance-Resolution/dp/B0BF54LXW6/ref=zg_bs_g_5605728031_d_sccl_7/258-6888058-4683712?psc=1
37,https://www.amazon.in//Fire-Boltt-Phoenix-Bluetooth-Calling-Monitoring/dp/B0B3RS9DNF/ref=zg_bs_g_5605728031_d_sccl_8/258-6888058-4683712?psc=1
38,https://www.amazon.in//Noise-Fashion-Smart-Watch-Women/dp/B0D7QK57R7/ref=zg_bs_g_5605728031_d_sccl_9/258-6888058-4683712?psc=1
39,https://www.amazon.in//Boult-Bluetooth-Brightness-Assistant-Monitoring/dp/B0DM5KP711/ref=zg_bs_g_5605728031_d_sccl_10/258-6888058-4683712?psc=1
40,https://www.amazon.in//Fire-Boltt-BSW215-Brillia-Dark-Grey/dp/B0D2KGBVX4/ref=zg_bs_g_5605728031_d_sccl_11/258-6888058-4683712?psc=1
41,https://www.amazon.in//boAt-Wave-Call-Plus-Bilingual/dp/B0DMF4LP99/ref=zg_bs_g_5605728031_d_sccl_12/258-6888058-4683712?psc=1
42,https://www.amazon.in//boAt-Lunar-Discovery-Navigation-Bluetooth/dp/B0DFYKMR8T/ref=zg_bs_g_5605728031_d_sccl_13/258-6888058-4683712?psc=1
43,https://www.amazon.in//Redmi-Watch-Lite-Connectivity-FemaleHealth/dp/B0DH2SPVZC/ref=zg_bs_g_5605728031_d_sccl_14/258-6888058-4683712?psc=1
44,https://www.amazon.in//Noise-Smartwatch-Calling-Tracking-Monitoring/dp/B0CQ4L4JHY/ref=zg_bs_g_5605728031_d_sccl_15/258-6888058-4683712?psc=1
45,https://www.amazon.in//Fastrack-Assistance-Functional-SingleSync-Smartwatch/dp/B0DB5XSKLJ/ref=zg_bs_g_5605728031_d_sccl_16/258-6888058-4683712?psc=1
46,https://www.amazon.in//Fire-Boltt-Stainless-Bluetooth-Smartwatch-Monitoring/dp/B0BY2NN719/ref=zg_bs_g_5605728031_d_sccl_17/258-6888058-4683712?psc=1
47,https://www.amazon.in//Fire-Boltt-BSW215-Brillia-Blue/dp/B0D2K9SBZ5/ref=zg_bs_g_5605728031_d_sccl_18/258-6888058-4683712?psc=1
48,https://www.amazon.in//Boult-8906133851330-Drift/dp/B0CQM2D5JF/ref=zg_bs_g_5605728031_d_sccl_19/258-6888058-4683712?psc=1
49,https://www.amazon.in//Boult-Smartwatch-Brightness-Watchfaces-Assistant/dp/B0DSLRYYKL/ref=zg_bs_g_5605728031_d_sccl_20/258-6888058-4683712?psc=1
50,https://www.amazon.in//Boult-Brightness-Watchfaces-Monitoring-Smartwatch/dp/B0DM5J4B52/ref=zg_bs_g_5605728031_d_sccl_21/258-6888058-4683712?psc=1
51,https://www.amazon.in//Boult-Newly-Launched-Dire-Smartwatch/dp/B0DS26M972/ref=zg_bs_g_5605728031_d_sccl_22/258-6888058-4683712?psc=1
52,https://www.amazon.in//Fire-Boltt-Calling-Display-Nano-SIM-Battery/dp/B0CXXDW4XG/ref=zg_bs_g_5605728031_d_sccl_23/258-6888058-4683712?psc=1
53,https://www.amazon.in//NoiseFit-Bluetooth-Functional-Assistance-Tracker/dp/B0BMVT1R78/ref=zg_bs_g_5605728031_d_sccl_24/258-6888058-4683712?psc=1
54,https://www.amazon.in//Bouncefit-D20-Fitness-Band-Smartwatch/dp/B0C6F1GT12/ref=zg_bs_g_5605728031_d_sccl_25/258-6888058-4683712?psc=1
55,https://www.amazon.in//MARVIK-D20-Plus-Waterproof-Activity/dp/B0DS13WMCT/ref=zg_bs_g_5605728031_d_sccl_26/258-6888058-4683712?psc=1
56,https://www.amazon.in//Fire-Boltt-BSW215-Brillia-Champagne/dp/B0D2KGZZ4R/ref=zg_bs_g_5605728031_d_sccl_27/258-6888058-4683712?psc=1
57,https://www.amazon.in//Amazfit-Active-Smart-Watch-Temperature/dp/B0CR3C4GNW/ref=zg_bs_g_5605728031_d_sccl_28/258-6888058-4683712?psc=1
58,https://www.amazon.in//Noise-ColorFit-Bluetooth-Metallic-Functional/dp/B0BVR4DSGB/ref=zg_bs_g_5605728031_d_sccl_29/258-6888058-4683712?psc=1
59,https://www.amazon.in//Fire-Boltt-Asteroid-Bluetooth-Resolution-Assistance/dp/B0C5D3KZ38/ref=zg_bs_g_5605728031_d_sccl_30/258-6888058-4683712?psc=1
