ratingScore,reviewTitle,reviewId,reviewUrl,reviewDescription,reviewImages,date,position,variant,totalCategoryRatings
5,Highly recommended!,R1ZV3AWCG1Q0NZ,https://www.amazon.in/gp/customer-reviews/R1ZV3AWCG1Q0NZ/ref=cm_cr_othr_d_rvw_ttl?ie=UTF8&ASIN=B0D7QK57R7,"The design is absolutely stunning with its metallic finish and sleek 1.1” AMOLED display, which is clear and vibrant. It looks like a premium piece of jewelry rather than just a smartwatch, making it a perfect accessory for any occasion.The features are also fantastic. It tracks all my essential fitness stats like steps, heart rate, and sleep, helping me stay on top of my health. The battery life is commendable, easily lasting several days without needing a charge. Additionally, it’s very easy to navigate through the watch’s interface, making it user-friendly.Overall, if you’re looking for a combination of style, functionality, and comfort, the NoiseFit Diva is an excellent choice. Highly recommended!",[],2024-10-27,1,Colour: Gold Link,
4,Amazing Product and Looks is ver richness feel.,R1XT4Z0MA8XEMG,https://www.amazon.in/gp/customer-reviews/R1XT4Z0MA8XEMG/ref=cm_cr_othr_d_rvw_ttl?ie=UTF8&ASIN=B0D7QK57R7,HiI brought this watch in 8days ago and regularly using.  Sizes and Asiatic looking so beautyAnd internal features is very well and it's accurate shown.Battery capacity is amazing..still i don't connect charger. bcoz it's running properly and nice batteries backup... It's really values of money this product..Daily activities and tracker are also accurately and faster and covered all activities feature.  Level of notification🔔 are cool and as like wowow.Please go with this watch..,"['https://m.media-amazon.com/images/I/71bsvDgV5zL._SY88.jpg', 'https://m.media-amazon.com/images/I/71hHGVE+xCL._SY88.jpg']",2024-11-06,2,Colour: Gold Link,
5,Good Quality,R25FOQWHLLBZCE,https://www.amazon.in/gp/customer-reviews/R25FOQWHLLBZCE/ref=cm_cr_othr_d_rvw_ttl?ie=UTF8&ASIN=B0D7QK57R7,The design is really good and product itself has all the necessary features for a smartwatch. Its been almost a year since purchase and it doesn't show any lag while in use as well.,[],2025-01-16,3,Colour: Black Link - NoiseFit Diva,
5,Nice product,R1A93RXELG8E9,https://www.amazon.in/gp/customer-reviews/R1A93RXELG8E9/ref=cm_cr_othr_d_rvw_ttl?ie=UTF8&ASIN=B0D7QK57R7,I am writing this review after 2 weeks of purchase.. Production is value for money.. performance wise it’s good.. battery life is awesome.. it looks like part of the jewellery you are wearing,"['https://m.media-amazon.com/images/I/61qaYvM3sVL._SY88.jpg', 'https://m.media-amazon.com/images/I/61wIMxMw4JL._SY88.jpg']",2024-12-23,4,Colour: Rose Link,
4,Elegant,R1LRK9HM8SIV60,https://www.amazon.in/gp/customer-reviews/R1LRK9HM8SIV60/ref=cm_cr_othr_d_rvw_ttl?ie=UTF8&ASIN=B0D7QK57R7,"Bought this for my wife birthday. Elegant design, good quality watch. Value for money.magnetic charging is not very comfortable sometimes.",[],2024-12-28,5,Colour: Rose Link,
5,Best smart watch in this range,R3Q1WFOBLEMDCM,https://www.amazon.in/gp/customer-reviews/R3Q1WFOBLEMDCM/ref=cm_cr_othr_d_rvw_ttl?ie=UTF8&ASIN=B0D7QK57R7,Best smart watch in this range,[],2025-01-04,6,Colour: Black Link - NoiseFit Diva,
5,Fabulous,R34NNSXZARI8O7,https://www.amazon.in/gp/customer-reviews/R34NNSXZARI8O7/ref=cm_cr_othr_d_rvw_ttl?ie=UTF8&ASIN=B0D7QK57R7,"The media could not be loaded.
                
            
                
            
            
        
    
    








  
  
     Certainly! Let's dive into the **NoiseFit Diva Smartwatch** and highlight its key features. 🌟The **NoiseFit Diva** is a budget-friendly smartwatch designed for women. Here's what you need to know:1. **Design**:  - The smartwatch features a diamond-cut pattern and a glossy metallic finish.  - It comes with two strap options: leather and metallic mesh.  - Leather strap colors include rose gold and pearl white, while metallic mesh straps come in black, silver, and gold¹.2. **Display Quality**:  - The **1.1-inch AMOLED display** is stunning, offering vibrant colors and sharp visuals.3. **Performance**:  - The smartwatch includes sensors for blood oxygen, heart rate, sleep tracking, and step counting.  - While accuracy is decent, it's not suitable for serious health monitoring.  - The user interface is intuitive, and the app support is smooth, with features like camera shutter control and women's health tracking.4. **Calling Feature**:  - The smartwatch can display call history, contacts, and incoming calls.  - It has a microphone and speaker, but the speaker quality is low, and the volume isn't very loud.5. **Battery Life**:  - With heavy usage, it lasts around 4 days; with moderate usage, it can go up to 7-8 days.  - The battery size is 230 mAh, but the charging time isn't specified.6. **Pros and Cons**:  - **Pros**:  - Decent battery life  - Elegant design  - Quick pairing with Bluetooth 5.0  - **Cons**:  - Thick bezels  - Low speaker qualityIn summary, if you're looking for a budget-friendly smartwatch with a great display and design, the NoiseFit Diva could be a good choice. Just keep in mind the speaker limitations. 😊👍","['https://m.media-amazon.com/images/I/61oqHuQBaVL._SY88.jpg', 'https://m.media-amazon.com/images/I/61s-dQ5hUVL._SY88.jpg']",2024-08-09,7,Colour: Gold Link,
4,Wonderful,R3HPL0P9AD77W,https://www.amazon.in/gp/customer-reviews/R3HPL0P9AD77W/ref=cm_cr_othr_d_rvw_ttl?ie=UTF8&ASIN=B0D7QK57R7,Beautiful design and at very best price also its has so many functions,[],2024-11-27,8,Colour: Gold Link,
4,Look,R22EYJ9E9U04ZT,https://www.amazon.in/gp/customer-reviews/R22EYJ9E9U04ZT/ref=cm_cr_othr_d_rvw_ttl?ie=UTF8&ASIN=B0D7QK57R7,Nice look.....,['https://m.media-amazon.com/images/I/71mDuuph34L._SY88.jpg'],2024-11-08,49,Colour: Gold Link,
4,Nice Product,R2A44E49CJI8GL,https://www.amazon.in/gp/customer-reviews/R2A44E49CJI8GL/ref=cm_cr_othr_d_rvw_ttl?ie=UTF8&ASIN=B0D7QK57R7,Looks superb and classy.Easy to wear and with lots of features.Deducting 1 star as there was no extra  leather strap as mentioned in the description while ordering.,['https://m.media-amazon.com/images/I/71UVT8tva9L._SY88.jpg'],2024-10-24,50,Colour: Gold Link,
4,Value for money,R3UMH65QDK1X9K,https://www.amazon.in/gp/customer-reviews/R3UMH65QDK1X9K/ref=cm_cr_othr_d_rvw_ttl?ie=UTF8&ASIN=B0D7QK57R7,Nice look and comfortable to wear.Battery performance is very good.,['https://m.media-amazon.com/images/I/714fwqzCEvL._SY88.jpg'],2024-10-30,51,Colour: Gold Link,
4,Good haptic feedback,R2XLMWK3C582IS,https://www.amazon.in/gp/customer-reviews/R2XLMWK3C582IS/ref=cm_cr_othr_d_rvw_ttl?ie=UTF8&ASIN=B0D7QK57R7,,['https://m.media-amazon.com/images/I/71y39fJu5QL._SY88.jpg'],2024-11-10,52,Colour: Gold Link,
4,Great Product,R2KDNS6N4MCCNV,https://www.amazon.in/gp/customer-reviews/R2KDNS6N4MCCNV/ref=cm_cr_othr_d_rvw_ttl?ie=UTF8&ASIN=B0D7QK57R7,Value for money!,[],2024-11-04,53,Colour: Gold Link,
4,Very good watch,RG7J3SJK3P04E,https://www.amazon.in/gp/customer-reviews/RG7J3SJK3P04E/ref=cm_cr_othr_d_rvw_ttl?ie=UTF8&ASIN=B0D7QK57R7,Very good watch specially for ladies. Loved by my sister.,['https://m.media-amazon.com/images/I/51Zegk7ARgL._SY88.jpg'],2024-11-04,54,Colour: Gold Link,
4,Looks great,R2F462KH9TQ3CM,https://www.amazon.in/gp/customer-reviews/R2F462KH9TQ3CM/ref=cm_cr_othr_d_rvw_ttl?ie=UTF8&ASIN=B0D7QK57R7,"Feminine look, Amazing strap with magnetic lock, dial is a little bigger for my thin hand.","['https://m.media-amazon.com/images/I/61GUhLbH3ZL._SY88.jpg', 'https://m.media-amazon.com/images/I/61T-lgDtYZL._SY88.jpg']",2024-10-26,55,Colour: Gold Link,
5,It's water proof?,R21VLACAVJR17,https://www.amazon.in/gp/customer-reviews/R21VLACAVJR17/ref=cm_cr_othr_d_rvw_ttl?ie=UTF8&ASIN=B0D7QK57R7,"Looking good, value for money money.",['https://m.media-amazon.com/images/I/61YG+tXUCDL._SY88.jpg'],2025-01-08,56,Colour: Gold Link,
4,Good product,RTAYOKY8GUYOH,https://www.amazon.in/gp/customer-reviews/RTAYOKY8GUYOH/ref=cm_cr_othr_d_rvw_ttl?ie=UTF8&ASIN=B0D7QK57R7,I likes the interesting strap. Looks classy as a watch as wellWas very happy with my earlier Noise fit and had to replace only because I lost it. Looking forward to great experience of this product,['https://m.media-amazon.com/images/I/61DR1S1D83L._SY88.jpg'],2024-11-03,41,Colour: Black Link - NoiseFit Diva,
4,Very good,R1DQS3SEFIVDOW,https://www.amazon.in/gp/customer-reviews/R1DQS3SEFIVDOW/ref=cm_cr_othr_d_rvw_ttl?ie=UTF8&ASIN=B0D7QK57R7,Packing is good and product is very good,[],2024-11-10,42,Colour: Gold Link,
4,Very nice product,R10XA2LYYW0IZH,https://www.amazon.in/gp/customer-reviews/R10XA2LYYW0IZH/ref=cm_cr_othr_d_rvw_ttl?ie=UTF8&ASIN=B0D7QK57R7,"Display is top notch, accuracy I have yet to see but the design was instantly liked by my mom. I have bought other devices from noise before and this too was a smooth experience to buy. Yet to really test but this is a brand that I trust.",[],2024-10-22,43,Colour: Gold Link,
4,Good,R30AQNS7HS4J9M,https://www.amazon.in/gp/customer-reviews/R30AQNS7HS4J9M/ref=cm_cr_othr_d_rvw_ttl?ie=UTF8&ASIN=B0D7QK57R7,Elegant and of good quality,"['https://m.media-amazon.com/images/I/61GyBpkujML._SY88.jpg', 'https://m.media-amazon.com/images/I/61p3xaqm8KL._SY88.jpg']",2024-11-05,44,Colour: Gold Link,
4,Good product and Good looking,R2WWIAP0GEDRUM,https://www.amazon.in/gp/customer-reviews/R2WWIAP0GEDRUM/ref=cm_cr_othr_d_rvw_ttl?ie=UTF8&ASIN=B0D7QK57R7,,['https://m.media-amazon.com/images/I/81p5MMGQL1L._SY88.jpg'],2024-11-16,45,Colour: Rose Link,
4,Sleek and elegant,R1DHMXDBQ7EE82,https://www.amazon.in/gp/customer-reviews/R1DHMXDBQ7EE82/ref=cm_cr_othr_d_rvw_ttl?ie=UTF8&ASIN=B0D7QK57R7,"Like the quality. Music cannot be played on the watch. Design, display and size are pretty good. Charging is little complicated.",['https://m.media-amazon.com/images/I/81+oDLbTmTL._SY88.jpg'],2024-11-10,46,Colour: Rose Link,
4,Sleek and stylish watch,R3FS019ZJVRJX5,https://www.amazon.in/gp/customer-reviews/R3FS019ZJVRJX5/ref=cm_cr_othr_d_rvw_ttl?ie=UTF8&ASIN=B0D7QK57R7,"It is a nice looking watch, looks quite good on the women's wrist.",[],2024-11-07,47,Colour: Black Link,
4,Excellent Product 😍,R2RXBXWA24TY3A,https://www.amazon.in/gp/customer-reviews/R2RXBXWA24TY3A/ref=cm_cr_othr_d_rvw_ttl?ie=UTF8&ASIN=B0D7QK57R7,Superb Smartwatch for Girl's,['https://m.media-amazon.com/images/I/61Vvsv8yatL._SY88.jpg'],2024-11-12,48,Colour: Gold Link,
4,Good product,R1XAVC9GSIOG23,https://www.amazon.in/gp/customer-reviews/R1XAVC9GSIOG23/ref=cm_cr_othr_d_rvw_ttl?ie=UTF8&ASIN=B0D7QK57R7,,['https://m.media-amazon.com/images/I/71R+7NdFXaL._SY88.jpg'],2024-11-25,33,Colour: Rose Link,
4,Nice looking watch.,R2U517Y5JYRJQF,https://www.amazon.in/gp/customer-reviews/R2U517Y5JYRJQF/ref=cm_cr_othr_d_rvw_ttl?ie=UTF8&ASIN=B0D7QK57R7,The watch looks very premium. Light in weight. Good brightness,"['https://m.media-amazon.com/images/I/71Msrzz3B-L._SY88.jpg', 'https://m.media-amazon.com/images/I/81pRSYO-PjL._SY88.jpg']",2024-11-22,34,Colour: Rose Link,
4,Excellent watch,R196VMMJULOP4A,https://www.amazon.in/gp/customer-reviews/R196VMMJULOP4A/ref=cm_cr_othr_d_rvw_ttl?ie=UTF8&ASIN=B0D7QK57R7,Nice watch..birthday gift to my better half. She liked it very much.,[],2024-11-18,35,Colour: Gold Link,
4,Good,R17QXFZ2FRCEAY,https://www.amazon.in/gp/customer-reviews/R17QXFZ2FRCEAY/ref=cm_cr_othr_d_rvw_ttl?ie=UTF8&ASIN=B0D7QK57R7,Must be better .But it is ok .,[],2024-11-25,36,Colour: Gold Link,
4,A sleek design and good specifications,R1B4X9FW8A7YX0,https://www.amazon.in/gp/customer-reviews/R1B4X9FW8A7YX0/ref=cm_cr_othr_d_rvw_ttl?ie=UTF8&ASIN=B0D7QK57R7,"Nothing much to complain, everything's on point. Though the screen size could've been a little more bigger and the refresh rate heigher. Other than that. Good product.",[],2024-11-08,37,Colour: Gold Link,
4,Beautiful Watch!,R3TZYIPRLSR30H,https://www.amazon.in/gp/customer-reviews/R3TZYIPRLSR30H/ref=cm_cr_othr_d_rvw_ttl?ie=UTF8&ASIN=B0D7QK57R7,Must buy for girls...sleek elegant design..Best in the market,['https://m.media-amazon.com/images/I/61HwxYPBHQL._SY88.jpg'],2024-11-16,38,Colour: Rose Link,
4,Awesome product I used,R1EUNH1Z03UGY0,https://www.amazon.in/gp/customer-reviews/R1EUNH1Z03UGY0/ref=cm_cr_othr_d_rvw_ttl?ie=UTF8&ASIN=B0D7QK57R7,"Display quality _ super, sleep tracking _ awesome,  charging speed _ super fast, fit _ correcty given, overall good product must try.,",['https://m.media-amazon.com/images/I/61aFSK5GoFL._SY88.jpg'],2024-11-07,39,Colour: Gold Link,
5,Bad product 😭 bhul ke v mt lena,R3OOWE5S8XI5YB,https://www.amazon.in/gp/customer-reviews/R3OOWE5S8XI5YB/ref=cm_cr_othr_d_rvw_ttl?ie=UTF8&ASIN=B0D7QK57R7,Bad product 😭 bhul ke koi mt ligiyga,['https://m.media-amazon.com/images/I/61a-rSL2jDL._SY88.jpg'],2025-01-10,40,Colour: Gold Link,
4,Good product,R29BKELNZBUUVT,https://www.amazon.in/gp/customer-reviews/R29BKELNZBUUVT/ref=cm_cr_othr_d_rvw_ttl?ie=UTF8&ASIN=B0D7QK57R7,,['https://m.media-amazon.com/images/I/716UUcsQ1iL._SY88.jpg'],2024-10-29,65,Colour: Gold Link,
5,Perfect Gift,R3O3EKI8YB1WG5,https://www.amazon.in/gp/customer-reviews/R3O3EKI8YB1WG5/ref=cm_cr_othr_d_rvw_ttl?ie=UTF8&ASIN=B0D7QK57R7,Everything you expect from smart watch..its value for money.. calling is also good.. touch is a bit slow..easy to use.. connection with bt is getting disconnected occasionally while updating screen face and it's functions well..thanks,[],2024-12-22,66,Colour: Rose Link,
4,Noise Diva Smart Watch,R1Z2CQQF314183,https://www.amazon.in/gp/customer-reviews/R1Z2CQQF314183/ref=cm_cr_othr_d_rvw_ttl?ie=UTF8&ASIN=B0D7QK57R7,"The Noise Diva Smart Watch is a perfect blend of style and functionality for women. Its sleek design, vibrant display, and customizable watch faces make it a chic accessory for any outfit. It excels in health tracking, offering features like heart rate monitoring, sleep analysis, and menstrual cycle tracking, all tailored for women. With impressive battery life and convenient Bluetooth calling, it’s more than just a smart watch—it’s a versatile companion for your daily life. Stylish, practical, and highly recommended!","['https://m.media-amazon.com/images/I/51dQpHu7EHL._SY88.jpg', 'https://m.media-amazon.com/images/I/61UGQBrhkZL._SY88.jpg', 'https://m.media-amazon.com/images/I/710ly60CE6L._SY88.jpg']",2024-08-21,67,Colour: Gold Link,
5,Nice,R22XJID3JUSZOA,https://www.amazon.in/gp/customer-reviews/R22XJID3JUSZOA/ref=cm_cr_othr_d_rvw_ttl?ie=UTF8&ASIN=B0D7QK57R7,Nice,[],2024-12-31,68,Colour: Rose Link,
4,Very nice watch,R9UWXZKCM9MZN,https://www.amazon.in/gp/customer-reviews/R9UWXZKCM9MZN/ref=cm_cr_othr_d_rvw_ttl?ie=UTF8&ASIN=B0D7QK57R7,Very nice watch in this price range,[],2024-10-23,69,Colour: Gold Link,
4,Good,R2Z5YD7WQEBD8T,https://www.amazon.in/gp/customer-reviews/R2Z5YD7WQEBD8T/ref=cm_cr_othr_d_rvw_ttl?ie=UTF8&ASIN=B0D7QK57R7,Seems to be good.. light weighted..,[],2024-10-24,70,Colour: Gold Link,
4,All rounder watch on budget,R24YWYIT2QCUEB,https://www.amazon.in/gp/customer-reviews/R24YWYIT2QCUEB/ref=cm_cr_othr_d_rvw_ttl?ie=UTF8&ASIN=B0D7QK57R7,The display is awesome. Great UI. No lagging,['https://m.media-amazon.com/images/I/618GiMSp2XL._SY88.jpg'],2024-10-22,71,Colour: Gold Link,
4,Amazing tiny Smartwatch,R25SEXZZ5DYN7X,https://www.amazon.in/gp/customer-reviews/R25SEXZZ5DYN7X/ref=cm_cr_othr_d_rvw_ttl?ie=UTF8&ASIN=B0D7QK57R7,"Looks amazing on Amazon website, felt a great purchase.😊",[],2024-10-20,72,Colour: Gold Link,
4,Good,R1FQDTXUXBLGWJ,https://www.amazon.in/gp/customer-reviews/R1FQDTXUXBLGWJ/ref=cm_cr_othr_d_rvw_ttl?ie=UTF8&ASIN=B0D7QK57R7,Some improvements are made in the UI compared to previous products,['https://m.media-amazon.com/images/I/61wDvYPwbnL._SY88.jpg'],2024-10-31,57,Colour: Silver Link,
4,Good one,R2YEFOEZL473CV,https://www.amazon.in/gp/customer-reviews/R2YEFOEZL473CV/ref=cm_cr_othr_d_rvw_ttl?ie=UTF8&ASIN=B0D7QK57R7,,['https://m.media-amazon.com/images/I/61NRrjgOy3L._SY88.jpg'],2024-11-04,58,Colour: Black Link - NoiseFit Diva,
5,Loveable,R1LR4LRAEOLI1X,https://www.amazon.in/gp/customer-reviews/R1LR4LRAEOLI1X/ref=cm_cr_othr_d_rvw_ttl?ie=UTF8&ASIN=B0D7QK57R7,I like this watch the face of the watch and the features are so nice and the strap is beautiful. Color of dial is good and good watch for this price. Noise is a nice brand i have my friends having noise products last long life.,['https://m.media-amazon.com/images/I/710VdfI-1-L._SY88.jpg'],2024-12-15,59,Colour: Gold Link,
4,Good product,R9ZT8A8ZLPWM0,https://www.amazon.in/gp/customer-reviews/R9ZT8A8ZLPWM0/ref=cm_cr_othr_d_rvw_ttl?ie=UTF8&ASIN=B0D7QK57R7,Looks elegant,['https://m.media-amazon.com/images/I/71NkwHg30pL._SY88.jpg'],2024-10-31,60,Colour: Gold Link,
4,Very stylish looking,R37DS4JIDFAWOX,https://www.amazon.in/gp/customer-reviews/R37DS4JIDFAWOX/ref=cm_cr_othr_d_rvw_ttl?ie=UTF8&ASIN=B0D7QK57R7,The product is very nice and it looks pretty stylish.,[],2024-10-27,61,Colour: Gold Link,
4,God looks & superb battery life,R2XLMU5N5I4K66,https://www.amazon.in/gp/customer-reviews/R2XLMU5N5I4K66/ref=cm_cr_othr_d_rvw_ttl?ie=UTF8&ASIN=B0D7QK57R7,Looks good on palm with all essential features. Great BT connectivity & light weightI am loving this product. This has a good metal strap with good body.,['https://m.media-amazon.com/images/I/61z+OZKT4yL._SY88.jpg'],2024-10-13,62,Colour: Gold Link,
5,Good,R3EQPVSJ7Z6KLP,https://www.amazon.in/gp/customer-reviews/R3EQPVSJ7Z6KLP/ref=cm_cr_othr_d_rvw_ttl?ie=UTF8&ASIN=B0D7QK57R7,Bought it for my sister and she loves it,[],2024-12-30,63,Colour: Gold Link,
4,Noisefit Diva,R1NXXVOQWRC40Z,https://www.amazon.in/gp/customer-reviews/R1NXXVOQWRC40Z/ref=cm_cr_othr_d_rvw_ttl?ie=UTF8&ASIN=B0D7QK57R7,Overall good quality. The chain strap is loosing the color gradually and the menstrual tracking system is also not working properly. Other than that the basic functionality is good.,['https://m.media-amazon.com/images/I/51QQixmCyGL._SY88.jpg'],2024-10-13,64,Colour: Gold Link,
4,Awesome display and design.,RYO57FHTFW07M,https://www.amazon.in/gp/customer-reviews/RYO57FHTFW07M/ref=cm_cr_othr_d_rvw_ttl?ie=UTF8&ASIN=B0D7QK57R7,I like the diamond cut dial and its quite nice product.,['https://m.media-amazon.com/images/I/61WK28MOreL._SY88.jpg'],2024-10-20,73,Colour: Silver Link,
5,Great impressive Design,R1X5QTNH9P3T3P,https://www.amazon.in/gp/customer-reviews/R1X5QTNH9P3T3P/ref=cm_cr_othr_d_rvw_ttl?ie=UTF8&ASIN=B0D7QK57R7,The edges on gives premium look. Happy with design and performance,[],2024-12-23,74,Colour: Gold Link,
4,Looks good,R1IKDWW7WXFL7,https://www.amazon.in/gp/customer-reviews/R1IKDWW7WXFL7/ref=cm_cr_othr_d_rvw_ttl?ie=UTF8&ASIN=B0D7QK57R7,So far looks well,[],2024-10-23,75,Colour: Silver Link,
5,"Features , aesthetic presentation",R2O0KTEWQ1HE71,https://www.amazon.in/gp/customer-reviews/R2O0KTEWQ1HE71/ref=cm_cr_othr_d_rvw_ttl?ie=UTF8&ASIN=B0D7QK57R7,"The NoiseFit Diva Smartwatch is a stylish and functional wearable designed specifically for women. Its sleek, feminine design immediately stands out, with a slim, lightweight frame and a variety of attractive strap options, making it an elegant accessory for both casual and formal outfits.In terms of features, the Diva smartwatch comes with an array of health tracking tools. It includes a heart rate monitor, SpO2 sensor, and sleep tracking, which makes it a comprehensive wellness companion. Additionally, its menstrual cycle tracking is a thoughtful feature catering specifically to women's health needs. The watch also supports multiple sports modes, making it suitable for fitness enthusiasts.The 1.4-inch full touch display is crisp and bright, providing good visibility even in outdoor settings. The user interface is intuitive, allowing easy navigation between various functions, and the watch supports notifications for calls, messages, and apps, keeping you connected on the go.Battery life is another strong point, lasting up to a week on a single charge depending on usage, which makes it convenient for daily wear without constant recharging.Overall, the NoiseFit Diva Smartwatch is not just aesthetically pleasing but also highly functional, making it a great choice for women seeking a stylish smartwatch with robust health and fitness features.","['https://m.media-amazon.com/images/I/71sT9dUAh4L._SY88.jpg', 'https://m.media-amazon.com/images/I/81maRSoaIiL._SY88.jpg']",2024-09-20,76,Colour: Gold Link,
4,Good Product,R389N24T7FRARQ,https://www.amazon.in/gp/customer-reviews/R389N24T7FRARQ/ref=cm_cr_othr_d_rvw_ttl?ie=UTF8&ASIN=B0D7QK57R7,The product is of good quality,['https://m.media-amazon.com/images/I/71CYBnvzg0L._SY88.jpg'],2024-10-19,77,Colour: Gold Link,
4,Noise fit diva,R3BNNSYGUWPUO6,https://www.amazon.in/gp/customer-reviews/R3BNNSYGUWPUO6/ref=cm_cr_othr_d_rvw_ttl?ie=UTF8&ASIN=B0D7QK57R7,Great product as per specifications,['https://m.media-amazon.com/images/I/71nJDFq0sRL._SY88.jpg'],2024-10-19,78,Colour: Gold Link,
5,Excellent product,RW3DKI55CZ0IY,https://www.amazon.in/gp/customer-reviews/RW3DKI55CZ0IY/ref=cm_cr_othr_d_rvw_ttl?ie=UTF8&ASIN=B0D7QK57R7,Nice audio quality of call loaded with features,[],2024-12-24,79,Colour: Rose Pink,
4,Noise smartwatch,RY2VHWMLEFYBG,https://www.amazon.in/gp/customer-reviews/RY2VHWMLEFYBG/ref=cm_cr_othr_d_rvw_ttl?ie=UTF8&ASIN=B0D7QK57R7,Good product.,['https://m.media-amazon.com/images/I/61G8+hn1jCL._SY88.jpg'],2024-10-20,80,Colour: Gold Link,
4,Looks premium,R1HKTW741ZUU83,https://www.amazon.in/gp/customer-reviews/R1HKTW741ZUU83/ref=cm_cr_othr_d_rvw_ttl?ie=UTF8&ASIN=B0D7QK57R7,Watch looks premium. AMOLED display resolution and brightness good enough. Yet to test battery backup time. The charging cable lenth is too short. Could have 1 meter in length. Magnetic Charging cable pin base could have been bigger. Difficult to attach charging cable pin and watch charging pin.,[],2024-11-13,17,Colour: Rose Link,
5,Nice look,R1HPLCQE73MV4,https://www.amazon.in/gp/customer-reviews/R1HPLCQE73MV4/ref=cm_cr_othr_d_rvw_ttl?ie=UTF8&ASIN=B0D7QK57R7,Very light weight. Stulish look.,[],2025-01-23,18,Colour: Gold Link,
4,Watch looks good,R8CKWQAD3X5K1,https://www.amazon.in/gp/customer-reviews/R8CKWQAD3X5K1/ref=cm_cr_othr_d_rvw_ttl?ie=UTF8&ASIN=B0D7QK57R7,Looks good and stylish,[],2024-11-28,19,Colour: Gold Link,
4,As good as designed,RQ3EDP42XM6LU,https://www.amazon.in/gp/customer-reviews/RQ3EDP42XM6LU/ref=cm_cr_othr_d_rvw_ttl?ie=UTF8&ASIN=B0D7QK57R7,"I just got today as it's pretty. And as designed l, let's see for functionality and quality, will get know after using few months. Hoping for best.",['https://m.media-amazon.com/images/I/51Ex+RglcWL._SY88.jpg'],2024-11-17,20,Colour: Gold Link,
4,Connecting issue,R13F68A4Q4JXBK,https://www.amazon.in/gp/customer-reviews/R13F68A4Q4JXBK/ref=cm_cr_othr_d_rvw_ttl?ie=UTF8&ASIN=B0D7QK57R7,Today's date ..21.11.24Very nice go for itBut costly,['https://m.media-amazon.com/images/I/61Vw-B3+J6L._SY88.jpg'],2024-11-21,21,Colour: Rose Link,
4,Best in budget smart watch,R3GR7LPTZQKI79,https://www.amazon.in/gp/customer-reviews/R3GR7LPTZQKI79/ref=cm_cr_othr_d_rvw_ttl?ie=UTF8&ASIN=B0D7QK57R7,This ia the best in budget smart watch so far in the market with all basic features.Happy to use,['https://m.media-amazon.com/images/I/61krzjt7ZEL._SY88.jpg'],2024-11-20,22,Colour: Gold Link,
4,Noisefit Diva,RGZUIO7NHFX1A,https://www.amazon.in/gp/customer-reviews/RGZUIO7NHFX1A/ref=cm_cr_othr_d_rvw_ttl?ie=UTF8&ASIN=B0D7QK57R7,Nice watch. And good display.,['https://m.media-amazon.com/images/I/71vPGNC32CL._SY88.jpg'],2024-11-26,23,Colour: Gold Link,
5,Watch,R266B9B2SAO8F6,https://www.amazon.in/gp/customer-reviews/R266B9B2SAO8F6/ref=cm_cr_othr_d_rvw_ttl?ie=UTF8&ASIN=B0D7QK57R7,Good,[],2025-01-24,24,Colour: Gold Link,
4,Very beautiful Look,RJRG14VE1W0YD,https://www.amazon.in/gp/customer-reviews/RJRG14VE1W0YD/ref=cm_cr_othr_d_rvw_ttl?ie=UTF8&ASIN=B0D7QK57R7,Very beautiful look and desigine. Touch not smoot as expected. Call function good display good . I'll use some days and I'll give rewive later others features.,"['https://m.media-amazon.com/images/I/71gzuPnvSfL._SY88.jpg', 'https://m.media-amazon.com/images/I/91lWKTANT8L._SY88.jpg']",2025-01-10,9,Colour: Gold Link,
4,Starting it was charging properly. Today after a month it's not getting charged at all.,R2FGKXHL9PX4V3,https://www.amazon.in/gp/customer-reviews/R2FGKXHL9PX4V3/ref=cm_cr_othr_d_rvw_ttl?ie=UTF8&ASIN=B0D7QK57R7,Was using for brisk walking.I am totally disappointed since only a month has passed. How to rectify it?,['https://m.media-amazon.com/images/I/718AFK3BAzL._SY88.jpg'],2024-12-21,10,Colour: Rose Link,
3,Charging the watch and noise fit app are hopeless,R2T7LOMC4S5NAQ,https://www.amazon.in/gp/customer-reviews/R2T7LOMC4S5NAQ/ref=cm_cr_othr_d_rvw_ttl?ie=UTF8&ASIN=B0D7QK57R7,"Charging the watch is an event in itself. The magnetic charger keeps flipping. It takes a long time to charge. The magnetic strap is a hindrance if you are working on laptops.The noise fit app is horrible. They have included badminton, outdoor running, football, and some other activities already. It doesn't allow changes to these activities. I don't know why they assumed everyone plays football on all days. The app drains the watch faster.Rather than spending the money on Kohli to advertise it, it would have been better if they spent it on the software development.",[],2025-01-02,11,Colour: Rose Link,
4,Charger cable,R1VR4GN77NFSLX,https://www.amazon.in/gp/customer-reviews/R1VR4GN77NFSLX/ref=cm_cr_othr_d_rvw_ttl?ie=UTF8&ASIN=B0D7QK57R7,Is this Charger cable is not on purchase,[],2024-12-13,12,Colour: Gold Link,
4,Good Quality watch.,R3NR8F8JCB5RHL,https://www.amazon.in/gp/customer-reviews/R3NR8F8JCB5RHL/ref=cm_cr_othr_d_rvw_ttl?ie=UTF8&ASIN=B0D7QK57R7,Good Quality watch. But problem is there is no any option of strap change because this 16mm size starps are not available on any shop nor online.,['https://m.media-amazon.com/images/I/61OwQltUt8L._SY88.jpg'],2024-12-01,13,Colour: Gold Link,
4,Good looking watch,RZCZX18WRMHXE,https://www.amazon.in/gp/customer-reviews/RZCZX18WRMHXE/ref=cm_cr_othr_d_rvw_ttl?ie=UTF8&ASIN=B0D7QK57R7,Good watch. Looks really good. And good interface as well.,[],2024-11-28,14,Colour: Rose Link,
4,Good Product,REUFYZU26D7AP,https://www.amazon.in/gp/customer-reviews/REUFYZU26D7AP/ref=cm_cr_othr_d_rvw_ttl?ie=UTF8&ASIN=B0D7QK57R7,Good Product,[],2024-12-02,15,Colour: Rose Link,
4,Good daily wearable,R2RTY1NBR6IL1U,https://www.amazon.in/gp/customer-reviews/R2RTY1NBR6IL1U/ref=cm_cr_othr_d_rvw_ttl?ie=UTF8&ASIN=B0D7QK57R7,Good daily wearable watch especially for working women. Health features are awesome,['https://m.media-amazon.com/images/I/61ZFFkbzj0L._SY88.jpg'],2024-12-01,16,Colour: Gold Link,
4,Ok,R3OL5MUQM4TGYC,https://www.amazon.in/gp/customer-reviews/R3OL5MUQM4TGYC/ref=cm_cr_othr_d_rvw_ttl?ie=UTF8&ASIN=B0D7QK57R7,Nice.... good one,[],2024-11-27,25,Colour: Silver Link,
4,Nice Watch,R1TMPXW2G93A4S,https://www.amazon.in/gp/customer-reviews/R1TMPXW2G93A4S/ref=cm_cr_othr_d_rvw_ttl?ie=UTF8&ASIN=B0D7QK57R7,Good one to wear,['https://m.media-amazon.com/images/I/61PV4l1N6VL._SY88.jpg'],2024-11-23,26,Colour: Black Link,
4,Nice watch,RBAUM553PPC64,https://www.amazon.in/gp/customer-reviews/RBAUM553PPC64/ref=cm_cr_othr_d_rvw_ttl?ie=UTF8&ASIN=B0D7QK57R7,Love it.,['https://m.media-amazon.com/images/I/71uuXzYUxpL._SY88.jpg'],2024-11-28,27,Colour: Gold Link,
4,Very good value for money product,R1FHF9VTP2NZ2K,https://www.amazon.in/gp/customer-reviews/R1FHF9VTP2NZ2K/ref=cm_cr_othr_d_rvw_ttl?ie=UTF8&ASIN=B0D7QK57R7,,['https://m.media-amazon.com/images/I/71NKqs70-gL._SY88.jpg'],2024-11-27,28,Colour: Gold Link,
4,Noise diva smartwatch,R2ZYBMB7O0YC4,https://www.amazon.in/gp/customer-reviews/R2ZYBMB7O0YC4/ref=cm_cr_othr_d_rvw_ttl?ie=UTF8&ASIN=B0D7QK57R7,Nice product....Many features are available,['https://m.media-amazon.com/images/I/710xAdh4mlL._SY88.jpg'],2024-11-25,29,Colour: Gold Link,
4,Nice product,R319TEXSTPBHHN,https://www.amazon.in/gp/customer-reviews/R319TEXSTPBHHN/ref=cm_cr_othr_d_rvw_ttl?ie=UTF8&ASIN=B0D7QK57R7,"It's a very nice looking watch, only minor concern would be the delicate metal strap,that needs to be taken care,",[],2024-11-17,30,Colour: Gold Link,
4,Fantastic looks,R16ZX4RS83B0TD,https://www.amazon.in/gp/customer-reviews/R16ZX4RS83B0TD/ref=cm_cr_othr_d_rvw_ttl?ie=UTF8&ASIN=B0D7QK57R7,"Bought it for my wifeLooks are fantabulous and feel premiumFew things missing are1. Ability to configure Always On Display just like watch faces, its fixed right now2. You need to press the button to activate /start the watch, just touching the screen should have been so easierYet to test the battery life but seems would last enough",['https://m.media-amazon.com/images/I/71FnleONXIL._SY88.jpg'],2024-10-22,31,Colour: Gold Link,
4,Excellent product,RCD7V3KKIC9CO,https://www.amazon.in/gp/customer-reviews/RCD7V3KKIC9CO/ref=cm_cr_othr_d_rvw_ttl?ie=UTF8&ASIN=B0D7QK57R7,As it is in the pictures and as promised in the promo videos. user friendly and also very stylish. Any woman will like it,"['https://m.media-amazon.com/images/I/610VTxwrlHL._SY88.jpg', 'https://m.media-amazon.com/images/I/71Z1tshh4eL._SY88.jpg', 'https://m.media-amazon.com/images/I/81G2CF5kYJL._SY88.jpg']",2024-11-15,32,Colour: Gold Link,
