ratingScore,reviewTitle,reviewId,reviewUrl,reviewDescription,reviewImages,date,position,variant,totalCategoryRatings
1,The worst smart watch from Firebolt,RGIJGZL73Q3F9,https://www.amazon.in/gp/customer-reviews/RGIJGZL73Q3F9/ref=cm_cr_othr_d_rvw_ttl?ie=UTF8&ASIN=B0CXXDG3LS,"The media could not be loaded.
                
            
                
            
        
    
    








  
  
     I was using various smart watches from Firebolt and I ordered this model with high expectation. But though it looks good, it failed impress me from day one. The battery life is extremly poor compared to their earlier models and within few weeks its health monitors failed to work! Though there is a 1 year warranty I am not able to get any proper guidance from Amazon in this regard. I wouldnt recommend this product any more.This product first stopped its health monitoring functions with in few weeks and now it does not even switch on. The warranty request is another big pain as they need video to be made with in 20 mb yet show all what they want. I had so far purchased about 5 smart watches from them through amazon but last three are the worst. Poor battery and over heating and now it stopped working in less than a month. Dont buy this product",[],2024-11-26,1,Colour: Black,
5,A high quality game changer cellular watch,R3VOP607BQUKLE,https://www.amazon.in/gp/customer-reviews/R3VOP607BQUKLE/ref=cm_cr_othr_d_rvw_ttl?ie=UTF8&ASIN=B0CXXDG3LS,If one is  clear about their  requirements and the budget .....most of the the times one is able to get a good value for money deal.If you want an effective cellular calling watch with a health suite with made in india 1 year warranty and nothing more this is the one for you .The battery is good and compared with 250 mah bt phones it is way much better .The tft screen is rather impressive and smooth .The extra cost here is an independent new connection and a nano simThe only negative is the first time set up and it takes several reboots but once it is synced ...it is solid performance .As for the app it must be scanned from the watches qr code by the mobile phone ...the FM active act is useless and does not bind to the watch .Final verdict ....just go for this high quality cellular watch ...it is a game changer at 2000 .7 Jan 2025 my second purchase ....highly recommended for those who want a non android calling watch with health suite. As for customer service they have tech support team that responds and assists very well via email only .,[],2024-12-01,2,Colour: Black,
1,Smartwatch touch issues within couple of weeks of purchase,R2458HIZD1CKQZ,https://www.amazon.in/gp/customer-reviews/R2458HIZD1CKQZ/ref=cm_cr_othr_d_rvw_ttl?ie=UTF8&ASIN=B0CXXDG3LS,"Purchased the Fire Boltt 4G Pro Volte Calling Smartwatch from Amazon on 29th November 2024 (delivered 30th Nov).In less than 1 month after purchasing the watch, there are issues with it including:  1. Primary and big issue: Touch screen not working correctly. It does not work in some parts of the screen and the touch response is unpredictable. As a result, simple operations are diffficult to do, e.g., not possible to pick up incoming calls by pressing the green call-accept button, and not possible to disconnect calls by pressing the red call-disconnect button. Touch reponse not working in some parts of the screen (except on the sides).  2. SIM stopped getting recognised, even though it worked fine for the first 2 weeks or so. It is now recognised again, but stops working in between - behaviour is erratic.I tried contacting Fire Boltt Customer Care on 3 different numbers (including the one provided on product packaging, plus 2 other numbers found on the internet), as well as emailed to the support email address provided on product packaging. None of these methods worked. I then got an email saying I need to register the concern on their complaint portal, which I did. Overall, this has been a poor experience.",[],2025-01-06,3,Colour: Gray,
4,Best watch for calling with sim,R3SFX9TT293XKV,https://www.amazon.in/gp/customer-reviews/R3SFX9TT293XKV/ref=cm_cr_othr_d_rvw_ttl?ie=UTF8&ASIN=B0CXXDG3LS,"I am very happy to have it , with lowest price among all and very satisfied with this watch . All functions are good , no hang while using","['https://m.media-amazon.com/images/I/61+r6gAWT+L._SY88.jpg', 'https://m.media-amazon.com/images/I/61ye0eCCm4L._SY88.jpg']",2025-01-28,4,Colour: Gray,
5,Firebolt 4g pro smartwatch,R1GQLPEZ527FOU,https://www.amazon.in/gp/customer-reviews/R1GQLPEZ527FOU/ref=cm_cr_othr_d_rvw_ttl?ie=UTF8&ASIN=B0CXXDG3LS,"Impressive Budget Smartwatch Firebolt 4G .The Firebolt 4G Pro Smart Watch is an impressive budget-friendly option that packs a punch. With its vibrant 1.7-inch display, responsive touchscreen interface, and sleek design, it's hard to believe it's priced  The 4G connectivity and SIM card functionality make it a convenient option for those who want to stay connected without their phone.Battery life is impressive, lasting up to 5 days on a single charge. The water-resistant design provides peace of mind, and the watch's fitness tracking features, including step tracking and calorie counting, are useful.However, the limited app selection and lack of built-in GPS tracking for workouts are notable drawbacks. Heart rate monitoring accuracy can also be inconsistent.The Firebolt 4G Pro Smart Watch is an excellent value-for-money option for those seeking a basic smartwatch experience. While it may not rival high-end smartwatches, it's a solid choice for those on a budget.If you're looking for an affordable smartwatch with basic features, the Firebolt 4G Pro is worth considering. However, if you prioritize advanced fitness tracking or a wider app selection, you may want to explore other options.","['https://m.media-amazon.com/images/I/616A2jhjpvL._SY88.jpg', 'https://m.media-amazon.com/images/I/61H+2SbvUyL._SY88.jpg', 'https://m.media-amazon.com/images/I/61sHU8uqfIL._SY88.jpg', 'https://m.media-amazon.com/images/I/71nownMqCiL._SY88.jpg']",2024-10-07,5,Colour: Black,
1,Waste of money,R14JE26DA47GBO,https://www.amazon.in/gp/customer-reviews/R14JE26DA47GBO/ref=cm_cr_othr_d_rvw_ttl?ie=UTF8&ASIN=B0CXXDG3LS,Product is very bad. My worst purchase of 2024.. battery backup is pathetic not even lasts for single day. They sent me used product bcoz when I tried to connect with my phone it's showing watch is already connected with another device.. I tried so many times to connect with My phone but it is not even connecting.. I raised a complaint to fire bolt next day of purchase but no response.. no customer care support.. so! The product is Full waste of money.. I already Boat smart watch and experience with boat is just amazing.. they providing same all features with low price and battery lasts atleast for a week.. so won't suggest anyone to waste ur money in this fire bolt pathetic watch.. Go for Boat instead.. very disappointed with fire bolt and amazon.. they have sent me used product,['https://m.media-amazon.com/images/I/710NOohiU5L._SY88.jpg'],2025-01-04,6,Colour: Green,
3,Affordable and nice quality 😉👍🏼,R2WZY9LQPZ7H9H,https://www.amazon.in/gp/customer-reviews/R2WZY9LQPZ7H9H/ref=cm_cr_othr_d_rvw_ttl?ie=UTF8&ASIN=B0CXXDG3LS,An good product very affordable to buy👍🏼.Nice quality and finishing up good product 👍🏼😊No problem or complaint about the productSuch a nice product and I am very happy 😁,[],2025-01-26,7,Colour: Black,
3,Supports 4G calling only. No Bluetooth or wifi,R8HL71CHBHE3D,https://www.amazon.in/gp/customer-reviews/R8HL71CHBHE3D/ref=cm_cr_othr_d_rvw_ttl?ie=UTF8&ASIN=B0CXXDG3LS,"Hugely disappointed with this 4G SIM supported smart watch.It does support 4G volte calling. Nothing else, apart from other smart watch functions.It is just like a small feature phone with basic smart watch functions like SPO2, blood pressure monitoring etc.For phone calling functions, you will have to use the watch itself. No Bluetooth or wifi support.To see weather etc, you will have to connect your phone with the app.After first recharging, battery found discharging quite fast. 15% in 30 -40 minutes.Wrist band is quite good.Various display faces are available. In some display face, you can see the mobile signal strength bars.",['https://m.media-amazon.com/images/I/61lzi1cVtbL._SY88.jpg'],2024-10-27,8,Colour: Black,
3,Sim,R3OZTBB33MC8VK,https://www.amazon.in/gp/customer-reviews/R3OZTBB33MC8VK/ref=cm_cr_othr_d_rvw_ttl?ie=UTF8&ASIN=B0CXXDG3LS,Sim card nhi chal raha hai,[],2024-11-03,49,Colour: Blue,
3,Happyness,R15R8B2H9RAM2H,https://www.amazon.in/gp/customer-reviews/R15R8B2H9RAM2H/ref=cm_cr_othr_d_rvw_ttl?ie=UTF8&ASIN=B0CXXDG3LS,Great product,[],2024-11-05,50,Colour: Black,
3,Sim card not working,R2NTSWQCM00KZ2,https://www.amazon.in/gp/customer-reviews/R2NTSWQCM00KZ2/ref=cm_cr_othr_d_rvw_ttl?ie=UTF8&ASIN=B0CXXDG3LS,Sim card not working,[],2024-11-04,51,Colour: Black,
3,Should update this feature,R17PR5LUPNMLKI,https://www.amazon.in/gp/customer-reviews/R17PR5LUPNMLKI/ref=cm_cr_othr_d_rvw_ttl?ie=UTF8&ASIN=B0CXXDG3LS,It's display is ok but touchscreen is really slow,[],2024-11-03,52,Colour: Black,
3,Fantastic,R6ZGHF6M5S7QS,https://www.amazon.in/gp/customer-reviews/R6ZGHF6M5S7QS/ref=cm_cr_othr_d_rvw_ttl?ie=UTF8&ASIN=B0CXXDG3LS,It's very good and easy to handle it.It is worthfull to the price.It is performing very good and had the very good functions.,[],2024-10-14,53,Colour: Gray,
4,Average,R3TE0GG51ZRI48,https://www.amazon.in/gp/customer-reviews/R3TE0GG51ZRI48/ref=cm_cr_othr_d_rvw_ttl?ie=UTF8&ASIN=B0CXXDG3LS,Good sim compatibility,[],2024-12-21,54,Colour: Black,
2,Ready 4g Sim smart watch,R2NRD2QRJK3TJX,https://www.amazon.in/gp/customer-reviews/R2NRD2QRJK3TJX/ref=cm_cr_othr_d_rvw_ttl?ie=UTF8&ASIN=B0CXXDG3LS,Product bohot acha nahi bohot Sara khami hai sabse bada storage ka wallpaper bhi store nahi hota,['https://m.media-amazon.com/images/I/61lsAoCS0rL._SY88.jpg'],2025-01-24,55,Colour: Blue,
3,Useful smart watch,RV0YL94ZP9J5I,https://www.amazon.in/gp/customer-reviews/RV0YL94ZP9J5I/ref=cm_cr_othr_d_rvw_ttl?ie=UTF8&ASIN=B0CXXDG3LS,"New product look like good, make me crazy after get it. 4G calling network make it better than others.","['https://m.media-amazon.com/images/I/61LHzlW0i0L._SY88.jpg', 'https://m.media-amazon.com/images/I/61NOiP+y2ZL._SY88.jpg', 'https://m.media-amazon.com/images/I/61RB-klnOzL._SY88.jpg']",2024-10-23,56,Colour: Gray,
3,Nice,R3RCGXY09FYXD,https://www.amazon.in/gp/customer-reviews/R3RCGXY09FYXD/ref=cm_cr_othr_d_rvw_ttl?ie=UTF8&ASIN=B0CXXDG3LS,Good,[],2024-11-03,57,Colour: Black,
1,DO NOT BUY THIS PRODUCT AT ALL.,RO9B9C945E651,https://www.amazon.in/gp/customer-reviews/RO9B9C945E651/ref=cm_cr_othr_d_rvw_ttl?ie=UTF8&ASIN=B0CXXDG3LS,"I purchased the Fireboltt smartwatch 4G pro on October 14, 2024, and it was delivered the next day, October 15, 2024. Despite being a brand-new product, the smartwatch stopped working within just a few days of use, not even lasting 15 days. I reported the issue on their portal on November 5, 2024, under Ticket ID: 3774887, and since then, I have been persistently following up to resolve this matter. I am extremely disappointed with both your product and customer service. Despite the smartwatch being under a one-year warranty, my request for a replacement has been denied. To make matters worse, there are no call centers, and all communication is handled via email. However, it seems that my emails are not even being read, as I consistently receive generic, copy-pasted responses that do not address my specific concerns.I strongly advise others NOT TO PURCHASE Fireboltt products.",['https://m.media-amazon.com/images/I/613pdX6aSSL._SY88.jpg'],2024-12-25,58,Colour: Black,
4,Good SmartWatch according to price,R1A34I55EJZVEE,https://www.amazon.in/gp/customer-reviews/R1A34I55EJZVEE/ref=cm_cr_othr_d_rvw_ttl?ie=UTF8&ASIN=B0CXXDG3LS,I like in ₹2000 you get a 4g calling but it would be better if it had a Bluetooth calling and amoled display or if possible ip 68 rating but other thing are good so I rate it 4 stars.,[],2024-11-25,59,Colour: Black,
4,Good product,R3K7NFMD69L1ZS,https://www.amazon.in/gp/customer-reviews/R3K7NFMD69L1ZS/ref=cm_cr_othr_d_rvw_ttl?ie=UTF8&ASIN=B0CXXDG3LS,"Good product but after inserting sim, network not working","['https://m.media-amazon.com/images/I/61mnZWWsrcL._SY88.jpg', 'https://m.media-amazon.com/images/I/61rKScxaHEL._SY88.jpg']",2024-12-14,60,Colour: Blue,
3,App is not compatible,R3O4XX3R0SCQ66,https://www.amazon.in/gp/customer-reviews/R3O4XX3R0SCQ66/ref=cm_cr_othr_d_rvw_ttl?ie=UTF8&ASIN=B0CXXDG3LS,Not user friendly and not connecting to app,[],2024-10-21,61,Colour: Blue,
3,Gps tracking,R7MFSZTKE4UZ4,https://www.amazon.in/gp/customer-reviews/R7MFSZTKE4UZ4/ref=cm_cr_othr_d_rvw_ttl?ie=UTF8&ASIN=B0CXXDG3LS,"Overall good , but unable to find gps tracking of watch from my phone",[],2024-10-14,62,Colour: Gray,
3,Ok,R1YUZXKG7PGK0P,https://www.amazon.in/gp/customer-reviews/R1YUZXKG7PGK0P/ref=cm_cr_othr_d_rvw_ttl?ie=UTF8&ASIN=B0CXXDG3LS,Nice,[],2024-10-29,63,Colour: Blue,
3,About the product,R398AFG742TZ2N,https://www.amazon.in/gp/customer-reviews/R398AFG742TZ2N/ref=cm_cr_othr_d_rvw_ttl?ie=UTF8&ASIN=B0CXXDG3LS,It is good,[],2024-10-29,64,Colour: Gray,
4,Product book is small,R3RF9WQ95RBOG0,https://www.amazon.in/gp/customer-reviews/R3RF9WQ95RBOG0/ref=cm_cr_othr_d_rvw_ttl?ie=UTF8&ASIN=B0CXXDG3LS,Excellent product,[],2025-01-21,17,Colour: Black,
3,Simcard in watch,RVRKR19GE6MRO,https://www.amazon.in/gp/customer-reviews/RVRKR19GE6MRO/ref=cm_cr_othr_d_rvw_ttl?ie=UTF8&ASIN=B0CXXDG3LS,Some features are not working without simcard.Simcard is necessary in watch,[],2024-12-11,18,Colour: Black,
3,Clunky but functional,R3BONC83792EKX,https://www.amazon.in/gp/customer-reviews/R3BONC83792EKX/ref=cm_cr_othr_d_rvw_ttl?ie=UTF8&ASIN=B0CXXDG3LS,Ordered it for my son. Took a few tries to setup the SIM and pair with app. The correct app is FB Fit and not FB Active. Had to watch a YouTube video to setup the watch as the font in the manual is too small to decipher.,[],2024-11-09,19,Colour: Blue,
3,It's good!,R3B98T1XL0S4OC,https://www.amazon.in/gp/customer-reviews/R3B98T1XL0S4OC/ref=cm_cr_othr_d_rvw_ttl?ie=UTF8&ASIN=B0CXXDG3LS,I ordered this product about 1-2 months ago and I found myself using this regularly. It has a good charging speed and lasts for a good amount of time! I really like the fitness tracker to keepy health up.,[],2024-11-05,20,Colour: Black,
4,Very nice product,R22Q8WX74M5U7Z,https://www.amazon.in/gp/customer-reviews/R22Q8WX74M5U7Z/ref=cm_cr_othr_d_rvw_ttl?ie=UTF8&ASIN=B0CXXDG3LS,I loved the product and the sale price I have gotten .,[],2025-01-04,21,Colour: Gray,
3,Watch updation,R1CRK8D5ZVBKEF,https://www.amazon.in/gp/customer-reviews/R1CRK8D5ZVBKEF/ref=cm_cr_othr_d_rvw_ttl?ie=UTF8&ASIN=B0CXXDG3LS,"Company should improve calling option in watch as directly responding from watch is not available, customised wallpaper option not available on app",[],2024-11-19,22,Colour: Gray,
3,Okay,R1963UXBAYXAYZ,https://www.amazon.in/gp/customer-reviews/R1963UXBAYXAYZ/ref=cm_cr_othr_d_rvw_ttl?ie=UTF8&ASIN=B0CXXDG3LS,Can’t text.Just calling .Display quality is okayConnectivity is not so good and voice quality is also not that good.,[],2024-11-19,23,Colour: Green,
3,"Good, nice smart wach",RIIHBR37I3YCN,https://www.amazon.in/gp/customer-reviews/RIIHBR37I3YCN/ref=cm_cr_othr_d_rvw_ttl?ie=UTF8&ASIN=B0CXXDG3LS,"Good, accurate nice smart wach",['https://m.media-amazon.com/images/I/61V1TEQyTbL._SY88.jpg'],2024-12-03,24,Colour: Black,
3,Watch Sound,R2KV5MWF6YJ8F4,https://www.amazon.in/gp/customer-reviews/R2KV5MWF6YJ8F4/ref=cm_cr_othr_d_rvw_ttl?ie=UTF8&ASIN=B0CXXDG3LS,"I had a watch in the past which is not sounding good, it's speaker volume is going down.",[],2024-10-31,41,Colour: Black,
3,airtel Sim work,RH4P4DS21WATZ,https://www.amazon.in/gp/customer-reviews/RH4P4DS21WATZ/ref=cm_cr_othr_d_rvw_ttl?ie=UTF8&ASIN=B0CXXDG3LS,এয়ারটেল সিম ওয়াকিং প্রপারলি বাট এনি আন্ডার সিম নট ওয়ার্ক,[],2024-11-09,42,Colour: Gray,
3,Getting charging issues after using for a week,RQ7AYRF33H47S,https://www.amazon.in/gp/customer-reviews/RQ7AYRF33H47S/ref=cm_cr_othr_d_rvw_ttl?ie=UTF8&ASIN=B0CXXDG3LS,Nice looks and budget friendly watch,[],2024-11-10,43,Colour: Black,
3,Nice product,R23AAUA51D3ST6,https://www.amazon.in/gp/customer-reviews/R23AAUA51D3ST6/ref=cm_cr_othr_d_rvw_ttl?ie=UTF8&ASIN=B0CXXDG3LS,Nice one,['https://m.media-amazon.com/images/I/71CYLGF9yxL._SY88.jpg'],2024-11-12,44,Colour: Green,
3,Average,R1RQEMIJUH10I1,https://www.amazon.in/gp/customer-reviews/R1RQEMIJUH10I1/ref=cm_cr_othr_d_rvw_ttl?ie=UTF8&ASIN=B0CXXDG3LS,Average quality,[],2024-11-08,45,Colour: Black,
3,Nice product,R3BEO3PD7MF8JZ,https://www.amazon.in/gp/customer-reviews/R3BEO3PD7MF8JZ/ref=cm_cr_othr_d_rvw_ttl?ie=UTF8&ASIN=B0CXXDG3LS,"Proper packed,display quality good","['https://m.media-amazon.com/images/I/619gHoAc7pL._SY88.jpg', 'https://m.media-amazon.com/images/I/71+-kXH+mdL._SY88.jpg']",2024-11-15,46,Colour: Gray,
2,Delicate and not worth spending the money,R3QX0LC0MB3IPV,https://www.amazon.in/gp/customer-reviews/R3QX0LC0MB3IPV/ref=cm_cr_othr_d_rvw_ttl?ie=UTF8&ASIN=B0CXXDG3LS,After 2 months of usage following are the pros and cons of thisPros:Battery is decent for usageSim card features are okThe gui has multiple screens which u can keep animation is decentCalling snd voice is supported via simConsExtremely delicate one minor fall led to edge of the screen Crack and device is now not charging due to screen leakWarranty claim is pain taking don't have any support on the website and customer supprt no are not responded.Am struggling to find customer crevice center.When u try to register on their portal it forces to give a good rating first to get warranty support. Not sure thud is ethical to force a customer to give good ratingSim card detection takes time and voice clarity on Sim is not that greatNo geo tracking is not accurateMobile app setup u need to download from a direct link not on playstore reasonable tech people can only install.,['https://m.media-amazon.com/images/I/616Dh06PxUL._SY88.jpg'],2024-09-06,47,Colour: Blue,
4,About the product,RXXHXDZUMVMU5,https://www.amazon.in/gp/customer-reviews/RXXHXDZUMVMU5/ref=cm_cr_othr_d_rvw_ttl?ie=UTF8&ASIN=B0CXXDG3LS,A nice product to buy. Loved it 😌😌,[],2024-12-15,48,Colour: Black,
3,Nice watch for the cost,RLZOA5UMCTDI5,https://www.amazon.in/gp/customer-reviews/RLZOA5UMCTDI5/ref=cm_cr_othr_d_rvw_ttl?ie=UTF8&ASIN=B0CXXDG3LS,Nice watch for this price range,[],2024-11-29,25,Colour: Blue,
3,Basic functions,R11HN2L3TNYYA4,https://www.amazon.in/gp/customer-reviews/R11HN2L3TNYYA4/ref=cm_cr_othr_d_rvw_ttl?ie=UTF8&ASIN=B0CXXDG3LS,"This is an average product, if you just need the call feature - making & receiving calls are easy and mic & speaker working good. But, you will be disappointed if you want more from this product. The charge doesn't last for even a day. The app is also basic with nothing much to add to the value of the smart watch.",[],2024-10-23,26,Colour: Black,
3,Not intrested,R27PEIN77LWTJZ,https://www.amazon.in/gp/customer-reviews/R27PEIN77LWTJZ/ref=cm_cr_othr_d_rvw_ttl?ie=UTF8&ASIN=B0CXXDG3LS,Very bad,['https://m.media-amazon.com/images/I/719wpCnaSCL._SY88.jpg'],2024-12-06,27,Colour: Green,
4,Voice assistant,R3W0XHLT8NFEKF,https://www.amazon.in/gp/customer-reviews/R3W0XHLT8NFEKF/ref=cm_cr_othr_d_rvw_ttl?ie=UTF8&ASIN=B0CXXDG3LS,There is no voice assistant infact it is written on the box that there is voice assistant but it is a very very good product,[],2024-12-25,28,Colour: Black,
3,👌👍,RKEI428HE8ULT,https://www.amazon.in/gp/customer-reviews/RKEI428HE8ULT/ref=cm_cr_othr_d_rvw_ttl?ie=UTF8&ASIN=B0CXXDG3LS,After 7day use... Product aacha hai charging bhi mast jarahahai... But calling use karoge to continue 2 hrs baat karoge toh battery 100% bhi zero hojayega..Emergency call keliye  thik thak hai rating 6.5 out of 10,[],2024-10-27,29,Colour: Black,
4,Good,R2X4LFUZ5XT8TX,https://www.amazon.in/gp/customer-reviews/R2X4LFUZ5XT8TX/ref=cm_cr_othr_d_rvw_ttl?ie=UTF8&ASIN=B0CXXDG3LS,Good,[],2025-01-06,30,Colour: Black,
4,Good,R3IE5PX1W72WLS,https://www.amazon.in/gp/customer-reviews/R3IE5PX1W72WLS/ref=cm_cr_othr_d_rvw_ttl?ie=UTF8&ASIN=B0CXXDG3LS,Some echo in call. But looks fine,[],2024-12-31,31,Colour: Black,
4,About the divice,R22WXGOEN49AF9,https://www.amazon.in/gp/customer-reviews/R22WXGOEN49AF9/ref=cm_cr_othr_d_rvw_ttl?ie=UTF8&ASIN=B0CXXDG3LS,divice is good,[],2025-01-01,32,Colour: Black,
3,Product Quality is good,R1XFWS4T13UOCS,https://www.amazon.in/gp/customer-reviews/R1XFWS4T13UOCS/ref=cm_cr_othr_d_rvw_ttl?ie=UTF8&ASIN=B0CXXDG3LS,Product Quality is good but its screen is damaged,['https://m.media-amazon.com/images/I/61jAHnSSYuL._SY88.jpg'],2024-11-21,33,Colour: Gray,
3,At first it didn't connected,R2D8LYA4Z1M5BI,https://www.amazon.in/gp/customer-reviews/R2D8LYA4Z1M5BI/ref=cm_cr_othr_d_rvw_ttl?ie=UTF8&ASIN=B0CXXDG3LS,Still trying to connect it with phone,['https://m.media-amazon.com/images/I/81JH4pSjNaL._SY88.jpg'],2024-11-23,34,Colour: Gray,
3,Smart watch,R13FFX73U5MHBE,https://www.amazon.in/gp/customer-reviews/R13FFX73U5MHBE/ref=cm_cr_othr_d_rvw_ttl?ie=UTF8&ASIN=B0CXXDG3LS,This product is very nice but the given photo of that watch is another and they send the watch another to return or refund these product it has an long proccess of returning...,[],2024-10-22,35,Colour: Gray,
4,good product,R1WQQZGFB1W3B5,https://www.amazon.in/gp/customer-reviews/R1WQQZGFB1W3B5/ref=cm_cr_othr_d_rvw_ttl?ie=UTF8&ASIN=B0CXXDG3LS,good,[],2024-12-31,36,Colour: Green,
3,Battery down,RRBXE171142QJ,https://www.amazon.in/gp/customer-reviews/RRBXE171142QJ/ref=cm_cr_othr_d_rvw_ttl?ie=UTF8&ASIN=B0CXXDG3LS,Battery down,[],2024-11-25,37,Colour: Black,
2,Waste of money product,RR8AHQP96P720,https://www.amazon.in/gp/customer-reviews/RR8AHQP96P720/ref=cm_cr_othr_d_rvw_ttl?ie=UTF8&ASIN=B0CXXDG3LS,This is very very poor watch I don't no why fireboltt make such watches.I fully charge my watch and within 1 hour my battery percentage was 12 percent there are many better companies so consider that don't go with fireboltt's any watch at all.,[],2025-01-08,38,Colour: Blue,
3,"After enabling VoLTE, the SIM range did not appear. It returned automatically after two days",RP06U0I35268Y,https://www.amazon.in/gp/customer-reviews/RP06U0I35268Y/ref=cm_cr_othr_d_rvw_ttl?ie=UTF8&ASIN=B0CXXDG3LS,"After enabling VoLTE, the SIM range did not appear. It returned automatically after two days. I am also having issues installing themes on watch from my mobile; it shows 'downloading' for a few seconds and then disappears without changing the theme.""",['https://m.media-amazon.com/images/I/61z9nW1WGuL._SY88.jpg'],2024-10-11,39,Colour: Black,
3,Bad battery life,R33G0WEVQE9KS3,https://www.amazon.in/gp/customer-reviews/R33G0WEVQE9KS3/ref=cm_cr_othr_d_rvw_ttl?ie=UTF8&ASIN=B0CXXDG3LS,It barely charges to 20% and then the charge goes in half an hour,[],2024-11-04,40,Colour: Black,
1,Mobile se connect karne me dikkat aati h or bettry to sim dal ke 5/6 ghante hi rukti h,R1DX1GJ98PJJC7,https://www.amazon.in/gp/customer-reviews/R1DX1GJ98PJJC7/ref=cm_cr_othr_d_rvw_ttl?ie=UTF8&ASIN=B0CXXDG3LS,Mobile se jaldi connect nahi hoti battery bahut km chlti sim dalne pe or fire bolt ritarn bhi na le rahi kyuki wo unki website pe ticket request karo jo ki hoti nahi or bina ticket request ke centre bale kuch karenge na yahi frod kiya ja raha costomer ke sath jo bhi le apne risk pe,[],2025-01-26,9,Colour: Gray,
3,Battery backup,RC5XRZGU2M565,https://www.amazon.in/gp/customer-reviews/RC5XRZGU2M565/ref=cm_cr_othr_d_rvw_ttl?ie=UTF8&ASIN=B0CXXDG3LS,Cellular usage battery backup is poor not upto the mark.,[],2025-01-11,10,Colour: Gray,
3,Good not thare games,RR7H3DSIT4N1T,https://www.amazon.in/gp/customer-reviews/RR7H3DSIT4N1T/ref=cm_cr_othr_d_rvw_ttl?ie=UTF8&ASIN=B0CXXDG3LS,Sim,"['https://m.media-amazon.com/images/I/71Iy8s8hOrL._SY88.jpg', 'https://m.media-amazon.com/images/I/71ZFLAs5fuL._SY88.jpg', 'https://m.media-amazon.com/images/I/71iM5Io8dRL._SY88.jpg']",2025-01-14,11,Colour: Black,
3,Useful watch,R2UNX38D44E0DF,https://www.amazon.in/gp/customer-reviews/R2UNX38D44E0DF/ref=cm_cr_othr_d_rvw_ttl?ie=UTF8&ASIN=B0CXXDG3LS,"The watch is useful for spo2 n heart rate monitoring.However BP results are inaccurate. For all BP patients, pls do not buy it if you are considering it to monitor BP",[],2024-12-08,12,Colour: Black,
3,Charging is quite less rest is good,R2TIXURAOOVGJ2,https://www.amazon.in/gp/customer-reviews/R2TIXURAOOVGJ2/ref=cm_cr_othr_d_rvw_ttl?ie=UTF8&ASIN=B0CXXDG3LS,Call quality is very good.Exercise part some time it’s bad but most of the times it will work good no problem  with rest .Alarm is loud and clear.Charging happens quite fast but battery life is very poor. If kept without shut down no than 3 to 4hours it will not last.,[],2024-11-24,13,Colour: Blue,
4,Good,R2KJITVHQCDS8H,https://www.amazon.in/gp/customer-reviews/R2KJITVHQCDS8H/ref=cm_cr_othr_d_rvw_ttl?ie=UTF8&ASIN=B0CXXDG3LS,Satisfied,[],2025-01-21,14,Colour: Black,
3,It is neither good nor bad....,R2PP5IB06QF9H2,https://www.amazon.in/gp/customer-reviews/R2PP5IB06QF9H2/ref=cm_cr_othr_d_rvw_ttl?ie=UTF8&ASIN=B0CXXDG3LS,"Got this watch on 9 oct 2024, from this day...i started facing issues, the watch battery drains faster than usual, asking about sim card, it can work, thats good quality, the battery is not accurate i think, i couldn't connect to my phone, (bruh) had to set time manually, yes you can call ppls from the sim using the watch. Durability is good, splashing water, raining doesnt do anything :), i will say....just dont buy it if you dont wanna throw your money to trashbin or smh.",[],2024-10-09,15,Colour: Black,
3,Settings bit complicated,R10UFCO6B2Q5UW,https://www.amazon.in/gp/customer-reviews/R10UFCO6B2Q5UW/ref=cm_cr_othr_d_rvw_ttl?ie=UTF8&ASIN=B0CXXDG3LS,Still trying to figure out the settings,['https://m.media-amazon.com/images/I/61dUlOxjdaL._SY88.jpg'],2024-12-17,16,Colour: Blue,
2,Sim slot,R1YBXJFUZCSQ64,https://www.amazon.in/gp/customer-reviews/R1YBXJFUZCSQ64/ref=cm_cr_othr_d_rvw_ttl?ie=UTF8&ASIN=B0CXXDG3LS,"I would say that the product is all okay but have battery life problem, app connection problem,  simslot problem..Hope fireboltt team helps me to solve this out",[],2025-01-02,73,Colour: Black,
1,"Pathetic product, very low quality",RYXJFZZ0DNAWX,https://www.amazon.in/gp/customer-reviews/RYXJFZZ0DNAWX/ref=cm_cr_othr_d_rvw_ttl?ie=UTF8&ASIN=B0CXXDG3LS,"My ordered product was faulty and its screen had visible lines. After complain with Firebolt, they changed the product. The replacement was also faulty and its side buttons were not working.Again I complained and they fixed the product. Today on Sep 23, 2024 repaired product has heating problem and had temperature of 42 Degree Celsius.DONT BUY THIS PRODUCTHere is the response from them, they are expecting to forget money and keep faulty product.-------------------------------------------------------------------------------------------------------------------------BolttNov 12, 2024, 12:47 PM (5 days ago)to meDear Valued Customer,Greetings of the day!!Thank you for contacting Fire-Boltt.Thank you for reaching out to us regarding the replacement of the product you previously received. We appreciate your continued trust in our company and our products.After carefully reviewing your request and considering our company policies, we regret to inform you that we are unable to proceed with the replacement of the previously replaced product. Our company policy dictates that replacements are offered only in cases where the original product is found to be defective or fails to meet quality standards upon initial receipt.We understand your disappointment and frustration with the situation, and we sincerely apologize for any inconvenience this may cause. Please know that we take your feedback seriously, and we are continuously striving to improve our products and services.If you have any further questions or concerns, please do not hesitate to reach out to us. We value your business and are here to assist you in any way we can.Thank you for your understanding.","['https://m.media-amazon.com/images/I/51DY53LrS4L._SY88.jpg', 'https://m.media-amazon.com/images/I/61sAda292dL._SY88.jpg']",2024-09-23,74,Colour: Black,
4,Calling and location tracking,R30VMOKDVPNBUE,https://www.amazon.in/gp/customer-reviews/R30VMOKDVPNBUE/ref=cm_cr_othr_d_rvw_ttl?ie=UTF8&ASIN=B0CXXDG3LS,"Calling is the main feature I was looking for, and it is working fine. I am also interested in the location tracking feature since I am giving this watch to my son. I could not find the details in the user manual, so if the concerned team could reply or call me with these details, it would be great.",[],2024-11-02,75,Colour: Black,
4,It's a good one,R19O46YCGDTYA4,https://www.amazon.in/gp/customer-reviews/R19O46YCGDTYA4/ref=cm_cr_othr_d_rvw_ttl?ie=UTF8&ASIN=B0CXXDG3LS,It's good and nice product main comes with sim slot,['https://m.media-amazon.com/images/I/61QsvNeJmgL._SY88.jpg'],2024-12-04,76,Colour: Black,
2,Worst feauture,R1JPTLCU5JKSP5,https://www.amazon.in/gp/customer-reviews/R1JPTLCU5JKSP5/ref=cm_cr_othr_d_rvw_ttl?ie=UTF8&ASIN=B0CXXDG3LS,Worst feauture hanging phone calls,['https://m.media-amazon.com/images/I/61xkdbwKgbL._SY88.jpg'],2025-01-10,77,Colour: Black,
3,Product is average,R3PQZ4Z3AXYT2J,https://www.amazon.in/gp/customer-reviews/R3PQZ4Z3AXYT2J/ref=cm_cr_othr_d_rvw_ttl?ie=UTF8&ASIN=B0CXXDG3LS,Watch is average. Automatically language turns to Chinese while charging,[],2024-10-05,78,Colour: Black,
1,Don't waste time money and efforts,R1WOS4DP42SV2Z,https://www.amazon.in/gp/customer-reviews/R1WOS4DP42SV2Z/ref=cm_cr_othr_d_rvw_ttl?ie=UTF8&ASIN=B0CXXDG3LS,"Watch doesn't work as in the sim card is not detected. Tried with various sim cards. It might be a manufacturing defect. Wanted to get a replacement but the process is lengthy and complicated. It can't be done through Amazon. Fireboltt s customer support number is not working, if you try to get a replacement through then their website doesn't show this model in their database so you are unable to proceed with the complaint. Only option left is visiting their service centre. So the overall experience is utter disappointment.",[],2025-01-30,79,Colour: Black,
4,Big display,R9H7SP0FHGW32,https://www.amazon.in/gp/customer-reviews/R9H7SP0FHGW32/ref=cm_cr_othr_d_rvw_ttl?ie=UTF8&ASIN=B0CXXDG3LS,"Good watch, worth of money, look is good ,all amenities features very nice",[],2024-12-09,80,Colour: Black,
3,Nice product but unable to add device and not working after 1 week,ROP29Z4GMKQTE,https://www.amazon.in/gp/customer-reviews/ROP29Z4GMKQTE/ref=cm_cr_othr_d_rvw_ttl?ie=UTF8&ASIN=B0CXXDG3LS,,['https://m.media-amazon.com/images/I/61hNlL5BOQL._SY88.jpg'],2024-10-29,65,Colour: Black,
4,Its looks is good . Apps are good. Sound quality is nice.,R23MPSLEDJ7N89,https://www.amazon.in/gp/customer-reviews/R23MPSLEDJ7N89/ref=cm_cr_othr_d_rvw_ttl?ie=UTF8&ASIN=B0CXXDG3LS,It has not voice assistant. Not a game install.It is not connecting with Bluetooth.,[],2024-12-06,66,Colour: Blue,
3,Battery Issue,R2EBUWZD2YW2JX,https://www.amazon.in/gp/customer-reviews/R2EBUWZD2YW2JX/ref=cm_cr_othr_d_rvw_ttl?ie=UTF8&ASIN=B0CXXDG3LS,Battery life is very less and causing more charge drain,[],2024-10-11,67,Colour: Blue,
3,FB 4G PRO,R3GUQEVC3XRB5G,https://www.amazon.in/gp/customer-reviews/R3GUQEVC3XRB5G/ref=cm_cr_othr_d_rvw_ttl?ie=UTF8&ASIN=B0CXXDG3LS,Product is lookwise good and i suggested more screens.I wll give usage review after the six months use,[],2024-10-07,68,Colour: Black,
3,nice but battery problem,R1LL8C0I1KGXK0,https://www.amazon.in/gp/customer-reviews/R1LL8C0I1KGXK0/ref=cm_cr_othr_d_rvw_ttl?ie=UTF8&ASIN=B0CXXDG3LS,nice but battery problem,[],2024-10-20,69,Colour: Black,
3,Battry back up,R9Z7Y2NA0DGTP,https://www.amazon.in/gp/customer-reviews/R9Z7Y2NA0DGTP/ref=cm_cr_othr_d_rvw_ttl?ie=UTF8&ASIN=B0CXXDG3LS,It is good looking,['https://m.media-amazon.com/images/I/61I0fzxbtuL._SY88.jpg'],2024-10-19,70,Colour: Black,
4,Nice Watch,R3ONUQTUDKT0KH,https://www.amazon.in/gp/customer-reviews/R3ONUQTUDKT0KH/ref=cm_cr_othr_d_rvw_ttl?ie=UTF8&ASIN=B0CXXDG3LS,Value for money,[],2024-12-14,71,Colour: Black,
4,Battery backup,R1B3JIZRHPTLE4,https://www.amazon.in/gp/customer-reviews/R1B3JIZRHPTLE4/ref=cm_cr_othr_d_rvw_ttl?ie=UTF8&ASIN=B0CXXDG3LS,Easily go for 2 days without charging which is truely useful for kids,['https://m.media-amazon.com/images/I/7122rJEBSJL._SY88.jpg'],2024-12-13,72,Colour: Black,
