ratingScore,reviewTitle,reviewId,reviewUrl,reviewDescription,reviewImages,date,position,variant,totalCategoryRatings
5,Good watch,R1AX8KJXEJGD8B,https://www.amazon.in/gp/customer-reviews/R1AX8KJXEJGD8B/ref=cm_cr_othr_d_rvw_ttl?ie=UTF8&ASIN=B0BF57RN3K,"The **Fire-Boltt Smart Watch (Model BSW053)** is an impressive, budget-friendly smartwatch that offers a range of features suitable for various age groups, from teens to senior citizens. Here's a detailed review based on its specifications:### Design and Build:The **Fire-Boltt BSW053** boasts a sleek, square-shaped design with a sophisticated **Gold Black** color scheme, making it stylish enough for both casual and formal occasions. Its lightweight construction (weighing just 50 grams) ensures comfort during prolonged use. The watch features a buckle closure, making it easy to adjust and secure on your wrist. Its dimensions (4.3 x 5 x 3.3 cm) are compact and ergonomic, providing a perfect fit for most wrist sizes.### Display:With an impressive **1.83-inch display**, the smartwatch provides a crisp and clear viewing experience, ideal for reading notifications, tracking fitness goals, and controlling media. The larger screen size is a definite plus for those who prefer a more readable interface, and it performs well under various lighting conditions.### Performance:The **Fire-Boltt BSW053** packs **2GB of RAM**, which is quite generous for a budget smartwatch. This ensures smooth performance when navigating through apps and features, providing a responsive user experience. The watch runs on **Bluetooth** wireless communication, which ensures seamless connectivity with both Android and iOS devices.### Features:This smartwatch includes an array of features suitable for a wide range of users:- **Health and Fitness Tracking**: It offers heart rate monitoring, step counting, and other health metrics, making it a great choice for those focused on their fitness journey.- **User-Friendly Interface**: The **touch control** functionality is responsive, allowing easy navigation through menus and settings.- **Convenience**: With the **included magnetic charger**, recharging the smartwatch is effortless. The **1-year warranty** further ensures peace of mind with manufacturing defects covered.### Battery Life:The Fire-Boltt smartwatch offers excellent battery life, ensuring it lasts for several days with moderate usage. While specific battery capacity details aren't provided, its performance in terms of power-saving features and long-lasting charge makes it reliable for daily wear.### Ideal For:This smartwatch is versatile, making it suitable for a variety of users:- **Teens**: Perfect for those looking for an affordable, stylish smartwatch with the essential features.- **Parents and Senior Citizens**: The simple interface and health tracking features make it ideal for those who want to stay connected and monitor their health.- **College Students**: A great balance between affordability and functionality, ideal for students who need a dependable wearable for managing notifications and fitness.### Conclusion:The **Fire-Boltt Smart Watch BSW053** offers an impressive combination of design, performance, and features at a competitive price point. It’s a great option for those seeking a reliable smartwatch for daily use without breaking the bank. Whether you're looking for fitness tracking, a stylish accessory, or a device to stay connected, this smartwatch does it all. With its solid build, user-friendly interface, and excellent battery life, the Fire-Boltt BSW053 proves to be a strong contender in the budget smartwatch market.",['https://m.media-amazon.com/images/I/81HO-WA1ExL._SY88.jpg'],2024-12-06,1,"Colour: Black, Size: 1.83""",
4,Worth with the price,R1Y86MSA1FH6US,https://www.amazon.in/gp/customer-reviews/R1Y86MSA1FH6US/ref=cm_cr_othr_d_rvw_ttl?ie=UTF8&ASIN=B0BF57RN3K,"Performance good,Battery life is 4-5days sound quality of speakers is good and the Comfort is good  overall its value for money with the price.",['https://m.media-amazon.com/images/I/71HrwoL1XrL._SY88.jpg'],2025-01-19,2,"Colour: Black, Size: 1.83""",
4,Budget friendly with necessary features,R2N8XXCEDMMBTX,https://www.amazon.in/gp/customer-reviews/R2N8XXCEDMMBTX/ref=cm_cr_othr_d_rvw_ttl?ie=UTF8&ASIN=B0BF57RN3K,"Title: Great Features for the Price!Review:I’ve been using the Fire-Boltt Smartwatch for last 2 months and I’m quite impressed with its performance. Here’s my detailed feedback:Pros:Design & Build: Sleek, lightweight, and comfortable to wear all day. The display is bright and easy to read even in sunlight.Features: Comprehensive fitness tracking, including steps, heart rate, SpO2, and sleep monitoring. TheBattery Life: Lasts [5-6days] on a single charge, which is great for a smartwatch in this range.Value for Money: Packed with features usually found in more expensive smartwatches.Cons:Accuracy: Some tracking metrics could be slightly off compared to premium brands.App Experience: The companion app is functional but could use a more polished interface and additional features.Water Resistance: While it claims to be water-resistant, I’ve noticed it's water loving.Overall, the Fire-Boltt Smartwatch is a fantastic choice for those looking for an affordable, feature-rich smartwatch. Perfect for casual users or fitness enthusiasts on a budget!Would definitely recommend this to friends and family",[],2024-12-05,3,"Colour: Black, Size: 1.83""",
4,Awesome Product,R1J2HJWRXTK1SL,https://www.amazon.in/gp/customer-reviews/R1J2HJWRXTK1SL/ref=cm_cr_othr_d_rvw_ttl?ie=UTF8&ASIN=B0BF57RN3K,This smartwatch is what we are looking for. It's loaded with features within most affordable price.,[],2025-01-22,4,"Colour: Gold Black, Size: 1.83""",
4,Decent,R2SDKMVXN38ONW,https://www.amazon.in/gp/customer-reviews/R2SDKMVXN38ONW/ref=cm_cr_othr_d_rvw_ttl?ie=UTF8&ASIN=B0BF57RN3K,The watch is good. My daughter is using it comfortably for last few months. The only concern is sudden battery drain out,[],2025-01-29,5,"Colour: Pink, Size: 1.83""",
4,Good watch in affordable price,RG5TVCF1471CJ,https://www.amazon.in/gp/customer-reviews/RG5TVCF1471CJ/ref=cm_cr_othr_d_rvw_ttl?ie=UTF8&ASIN=B0BF57RN3K,Nice display,[],2025-01-21,6,"Colour: Black, Size: 1.83""",
4,Smart watch,R1YAFXC60YF9LU,https://www.amazon.in/gp/customer-reviews/R1YAFXC60YF9LU/ref=cm_cr_othr_d_rvw_ttl?ie=UTF8&ASIN=B0BF57RN3K,This watch is full of features. It is waterproof. And good and smooth working. Battery is very best.Sound is also best.,['https://m.media-amazon.com/images/I/81PJruOHqiL._SY88.jpg'],2025-01-19,7,"Colour: Active Grey, Size: 2.01""",
4,Good quality,R17NMOB1DWBJ99,https://www.amazon.in/gp/customer-reviews/R17NMOB1DWBJ99/ref=cm_cr_othr_d_rvw_ttl?ie=UTF8&ASIN=B0BF57RN3K,Value for moneyNice quality,['https://m.media-amazon.com/images/I/81rKw7kItHL._SY88.jpg'],2025-01-27,8,"Colour: Active Black, Size: 2.01""",
4,Value for money,RSQG6UCDSJX4H,https://www.amazon.in/gp/customer-reviews/RSQG6UCDSJX4H/ref=cm_cr_othr_d_rvw_ttl?ie=UTF8&ASIN=B0BF57RN3K,Nyc watch,"['https://m.media-amazon.com/images/I/51NKUmFPn2L._SY88.jpg', 'https://m.media-amazon.com/images/I/617+eq6HDzL._SY88.jpg']",2025-01-10,49,"Colour: Active Pink, Size: 2.01""",
4,Strong pack,R19UVSWUWPN9T6,https://www.amazon.in/gp/customer-reviews/R19UVSWUWPN9T6/ref=cm_cr_othr_d_rvw_ttl?ie=UTF8&ASIN=B0BF57RN3K,Nice watch,[],2025-01-13,50,"Colour: Acive Blue, Size: 2.01""",
4,Call receive,R7GWVAH8RX3DM,https://www.amazon.in/gp/customer-reviews/R7GWVAH8RX3DM/ref=cm_cr_othr_d_rvw_ttl?ie=UTF8&ASIN=B0BF57RN3K,Worth or money,"['https://m.media-amazon.com/images/I/519iqzC1AnL._SY88.jpg', 'https://m.media-amazon.com/images/I/51i7NT9iwaL._SY88.jpg']",2025-01-10,51,"Colour: Active Black, Size: 2.01""",
4,I have used a 3 months it's so good 👍,R1UWV0567V44ZD,https://www.amazon.in/gp/customer-reviews/R1UWV0567V44ZD/ref=cm_cr_othr_d_rvw_ttl?ie=UTF8&ASIN=B0BF57RN3K,I have used a 3 months it's so good 👍,[],2025-01-22,52,"Colour: Active Grey, Size: 2.01""",
4,Nice,RS8EHJ4IRAKXV,https://www.amazon.in/gp/customer-reviews/RS8EHJ4IRAKXV/ref=cm_cr_othr_d_rvw_ttl?ie=UTF8&ASIN=B0BF57RN3K,Like this product,['https://m.media-amazon.com/images/I/61Cu6k0-l4L._SY88.jpg'],2025-01-15,53,"Colour: Black, Size: 1.83""",
4,Overall product is good,R25JOHP80K9DO7,https://www.amazon.in/gp/customer-reviews/R25JOHP80K9DO7/ref=cm_cr_othr_d_rvw_ttl?ie=UTF8&ASIN=B0BF57RN3K,"I am writing this review after using this watch for more than 2 month. The overall performance of this watch is good but there a chance of improvement in the sensor, the sensor of this watch is not working properly because of this If you have to see the time then you have to click on the side button. It cannot display time automatically.But the watch is good and value for money.",[],2024-12-31,54,"Colour: Active Black, Size: 2.01""",
4,Good product,R3D26YLHFD5NW8,https://www.amazon.in/gp/customer-reviews/R3D26YLHFD5NW8/ref=cm_cr_othr_d_rvw_ttl?ie=UTF8&ASIN=B0BF57RN3K,"Good performance, sound quality, comfort to wear but less amount of battery",[],2025-01-20,55,"Colour: Black, Size: 1.83""",
4,Nice,R24BOQQOOPT432,https://www.amazon.in/gp/customer-reviews/R24BOQQOOPT432/ref=cm_cr_othr_d_rvw_ttl?ie=UTF8&ASIN=B0BF57RN3K,Satisfied,[],2025-01-23,56,"Colour: Active Black, Size: 2.01""",
4,good looking,R30UWAD50282NN,https://www.amazon.in/gp/customer-reviews/R30UWAD50282NN/ref=cm_cr_othr_d_rvw_ttl?ie=UTF8&ASIN=B0BF57RN3K,Reasonable for price,[],2025-01-27,33,"Colour: Deep Black, Size: 1.69""",
4,Fire boltt smart watch,R361J6MTAL4A5G,https://www.amazon.in/gp/customer-reviews/R361J6MTAL4A5G/ref=cm_cr_othr_d_rvw_ttl?ie=UTF8&ASIN=B0BF57RN3K,It's lightweight and has many features for dat-to-day use. It's value for money buy.,[],2025-01-17,34,"Colour: Navy Blue, Size: 1.83""",
4,Watch is good,R1W9ET9RB4PM5U,https://www.amazon.in/gp/customer-reviews/R1W9ET9RB4PM5U/ref=cm_cr_othr_d_rvw_ttl?ie=UTF8&ASIN=B0BF57RN3K,"Watch is working as expected with respect time, sensors, notification and fitness details. Some improvement required in wrist raise sensor for improving battery level.",[],2025-01-03,35,"Colour: Black, Size: 1.83""",
4,Poor mic effect.,R34KNEWY8GWULS,https://www.amazon.in/gp/customer-reviews/R34KNEWY8GWULS/ref=cm_cr_othr_d_rvw_ttl?ie=UTF8&ASIN=B0BF57RN3K,"Nice product at this price, only the mic effect while bt calling is found to be poor",[],2025-01-06,36,"Colour: Active Black, Size: 2.01""",
4,Comfortable,RGNJT14CBWDDY,https://www.amazon.in/gp/customer-reviews/RGNJT14CBWDDY/ref=cm_cr_othr_d_rvw_ttl?ie=UTF8&ASIN=B0BF57RN3K,One of the most comfortable watches I have worn,['https://m.media-amazon.com/images/I/81ctrK7O2BL._SY88.jpg'],2025-01-24,37,"Colour: Black, Size: 1.83""",
4,Good items,RX4TZTVYL8UN1,https://www.amazon.in/gp/customer-reviews/RX4TZTVYL8UN1/ref=cm_cr_othr_d_rvw_ttl?ie=UTF8&ASIN=B0BF57RN3K,This items good working,[],2025-01-11,38,"Colour: Black, Size: 1.83""",
4,Nice product,R17IEPSMRAEG51,https://www.amazon.in/gp/customer-reviews/R17IEPSMRAEG51/ref=cm_cr_othr_d_rvw_ttl?ie=UTF8&ASIN=B0BF57RN3K,Superb,[],2025-01-29,39,"Colour: Deep Black, Size: 1.69""",
4,Smartwatch and budget friendly...,R2M6MQCKF43HHV,https://www.amazon.in/gp/customer-reviews/R2M6MQCKF43HHV/ref=cm_cr_othr_d_rvw_ttl?ie=UTF8&ASIN=B0BF57RN3K,Overall very good and budget friendly smartwatch...,[],2025-01-10,40,"Colour: Active Black, Size: 2.01""",
4,Good,R1I6IHPGTXPLFU,https://www.amazon.in/gp/customer-reviews/R1I6IHPGTXPLFU/ref=cm_cr_othr_d_rvw_ttl?ie=UTF8&ASIN=B0BF57RN3K,It's good worth price,[],2025-01-19,57,"Colour: Pink, Size: 1.83""",
4,Lot of features on a reasonable price,R1AMOWHZ537VXF,https://www.amazon.in/gp/customer-reviews/R1AMOWHZ537VXF/ref=cm_cr_othr_d_rvw_ttl?ie=UTF8&ASIN=B0BF57RN3K,"Many features at a low price.  N working good. Only didn't like the quality of color of the dial. Belt is good, only the  dial color  looks very artificial.",[],2025-01-11,58,"Colour: Pink, Size: 1.83""",
4,A good deal and product,R3PRJMXQIW6ZHJ,https://www.amazon.in/gp/customer-reviews/R3PRJMXQIW6ZHJ/ref=cm_cr_othr_d_rvw_ttl?ie=UTF8&ASIN=B0BF57RN3K,A very nice product,[],2025-01-20,59,"Colour: Black, Size: 1.83""",
4,Good for money,R2X5TJ2J9O1B8R,https://www.amazon.in/gp/customer-reviews/R2X5TJ2J9O1B8R/ref=cm_cr_othr_d_rvw_ttl?ie=UTF8&ASIN=B0BF57RN3K,Quality is good 👍,[],2025-01-20,60,"Colour: Black, Size: 1.83""",
4,nice watch,R2YQKVG7G929MZ,https://www.amazon.in/gp/customer-reviews/R2YQKVG7G929MZ/ref=cm_cr_othr_d_rvw_ttl?ie=UTF8&ASIN=B0BF57RN3K,"One of the Best Smartwatches I've bought and I've bought a few trying to find the right one and this one fits the bill! I was surprised at the Quality and Ease of Setup. Watch is the FIRST I've bought that was made in India and must say it far exceeds my Expectations and that says a lot! The watch looks good, feels great and ease of setup beats all! JimR",[],2024-12-09,61,"Colour: Active Grey, Size: 2.01""",
4,Good watch,R1BJQJD6GJO0VR,https://www.amazon.in/gp/customer-reviews/R1BJQJD6GJO0VR/ref=cm_cr_othr_d_rvw_ttl?ie=UTF8&ASIN=B0BF57RN3K,Good build quality and good features at that price im satisfied with the product,[],2025-01-15,62,"Colour: Black, Size: 1.83""",
4,Quality and design so nice 👍,R2JZ7DH111ZWP0,https://www.amazon.in/gp/customer-reviews/R2JZ7DH111ZWP0/ref=cm_cr_othr_d_rvw_ttl?ie=UTF8&ASIN=B0BF57RN3K,Comfort in quality is very good battery backup not good,[],2025-01-14,63,"Colour: Active G Black, Size: 2.01""",
4,product worth for billed value,RJGJIZ022F5BL,https://www.amazon.in/gp/customer-reviews/RJGJIZ022F5BL/ref=cm_cr_othr_d_rvw_ttl?ie=UTF8&ASIN=B0BF57RN3K,Product good,[],2025-01-21,64,"Colour: Black, Size: 1.83""",
4,Fire boltt smart watch,R34RAZEQ9NGM4F,https://www.amazon.in/gp/customer-reviews/R34RAZEQ9NGM4F/ref=cm_cr_othr_d_rvw_ttl?ie=UTF8&ASIN=B0BF57RN3K,"I am writing the review of smart watch after using 3 month.The Fireboltt smartwatch is an excellent option for users seeking a budget-friendly price. The HD display is bright and sharp, and it includes all the essential fitness features, such as a heart rate monitor, sleep tracking, and multiple sport modes. Speaking of Bluetooth calling, the feature works smoothly, allowing clear conversations directly from the watch. The design is sleek and modern, with customizable watch faces to suit your personal style.In my opinion it is a better choice to purchase this watch in this price range.",[],2025-01-07,9,"Colour: Deep Blue, Size: 1.69""",
4,Review,R1FSZF7H7QMD8O,https://www.amazon.in/gp/customer-reviews/R1FSZF7H7QMD8O/ref=cm_cr_othr_d_rvw_ttl?ie=UTF8&ASIN=B0BF57RN3K,I like the product. When I explored the product it looks better when I used the previous other brand,[],2025-01-29,10,"Colour: Active Black, Size: 2.01""",
4,Good looking watch,R12U71DN6F5HCD,https://www.amazon.in/gp/customer-reviews/R12U71DN6F5HCD/ref=cm_cr_othr_d_rvw_ttl?ie=UTF8&ASIN=B0BF57RN3K,"The Fire-Boltt Ninja Call Pro Plus is an excellent budget-friendly smartwatch offering great features. With Bluetooth calling, a large 1.83-inch display, and multiple health tracking options, it delivers impressive value. The battery life is decent, and its sleek design makes it stylish and functional for daily use.",[],2025-01-18,11,"Colour: Navy Blue, Size: 1.83""",
4,Best affordable smart watch,R1HYW7KCR748IH,https://www.amazon.in/gp/customer-reviews/R1HYW7KCR748IH/ref=cm_cr_othr_d_rvw_ttl?ie=UTF8&ASIN=B0BF57RN3K,"Watch looks great, 2.01 inch display has a great space which can display sufficient information, only one thing I see as negative is it has restriction to only one custom watch face.",['https://m.media-amazon.com/images/I/51qRaVAmZyL._SY88.jpg'],2025-01-21,12,"Colour: Active Black, Size: 2.01""",
4,Value for money,RGFKD1QTVDAZE,https://www.amazon.in/gp/customer-reviews/RGFKD1QTVDAZE/ref=cm_cr_othr_d_rvw_ttl?ie=UTF8&ASIN=B0BF57RN3K,"Used it for a week, all good so far. All features working well and good battery life. Easy to setup as well.",[],2025-01-24,13,"Colour: Black, Size: 1.83""",
4,Satisfied my friend as his wedding gift,R1WII4USR4S82Y,https://www.amazon.in/gp/customer-reviews/R1WII4USR4S82Y/ref=cm_cr_othr_d_rvw_ttl?ie=UTF8&ASIN=B0BF57RN3K,"The Fire-Boltt watch offers a sleek design, useful health tracking, and decent battery life, making it a great budget-friendly smartwatch option.",[],2025-01-23,14,"Colour: Active Black, Size: 2.01""",
4,Okayish,R4UQTEMEYLGO5,https://www.amazon.in/gp/customer-reviews/R4UQTEMEYLGO5/ref=cm_cr_othr_d_rvw_ttl?ie=UTF8&ASIN=B0BF57RN3K,"I got it and it worked quite well recently I have been somewhere for holiday and I forgot to bring the charger and eventually the power was low and it turned off I thought when I will charge it, it will start working again like usually but after it turned off it is not turning on and as for charging, in watch's screen it is showing that it is charging and it also shows fully charged but still it is not turning on.",[],2025-01-02,15,"Colour: Dark Gold Black, Size: 1.69""",
4,Classic looking watch,R2RI3RW3PFBK3S,https://www.amazon.in/gp/customer-reviews/R2RI3RW3PFBK3S/ref=cm_cr_othr_d_rvw_ttl?ie=UTF8&ASIN=B0BF57RN3K,Good watch in budget. It was delivered with clear packing. It has lot of features and the call option was nice.,[],2025-01-22,16,"Colour: Black, Size: 1.83""",
4,Good product,R2A0N40EJOK549,https://www.amazon.in/gp/customer-reviews/R2A0N40EJOK549/ref=cm_cr_othr_d_rvw_ttl?ie=UTF8&ASIN=B0BF57RN3K,Overally good feeling and I like watch straps so soft feeling,[],2025-01-06,73,"Colour: Active Black, Size: 2.01""",
4,Nice product,R1ET74ZLVR7C7E,https://www.amazon.in/gp/customer-reviews/R1ET74ZLVR7C7E/ref=cm_cr_othr_d_rvw_ttl?ie=UTF8&ASIN=B0BF57RN3K,Overall nice smartwatch but a little bit of battery issue. Need to submit work on battery health rest is awesome at this price.,['https://m.media-amazon.com/images/I/61txSInudKL._SY88.jpg'],2025-01-09,74,"Colour: Active Black, Size: 2.01""",
4,Good product,R5Y8SIRPM1HS1,https://www.amazon.in/gp/customer-reviews/R5Y8SIRPM1HS1/ref=cm_cr_othr_d_rvw_ttl?ie=UTF8&ASIN=B0BF57RN3K,Firebolt smart watch best price and many more features available so I bought this product,['https://m.media-amazon.com/images/I/61uMAuFcSvL._SY88.jpg'],2025-01-10,75,"Colour: Navy Blue, Size: 1.83""",
4,Product,R2Y7NP4DD8ZEU0,https://www.amazon.in/gp/customer-reviews/R2Y7NP4DD8ZEU0/ref=cm_cr_othr_d_rvw_ttl?ie=UTF8&ASIN=B0BF57RN3K,Good product,[],2025-01-06,76,"Colour: Active Black, Size: 2.01""",
4,Watch,R2BAV2D3KU522B,https://www.amazon.in/gp/customer-reviews/R2BAV2D3KU522B/ref=cm_cr_othr_d_rvw_ttl?ie=UTF8&ASIN=B0BF57RN3K,I really like this Watch and it is really easy to access .it's user friendly and it's fashionable,[],2024-12-27,77,"Colour: Active Black, Size: 2.01""",
4,I bought this because of MSD,R1WGF38NYE8FSY,https://www.amazon.in/gp/customer-reviews/R1WGF38NYE8FSY/ref=cm_cr_othr_d_rvw_ttl?ie=UTF8&ASIN=B0BF57RN3K,"Watch is good. It is value for money , display size is good , no games more than one and calculating wrong steps ,not measuring right BP . I faced these all issues after 1,2months.But it’s connectivity is good ,speaker is good .According to me I rate it 7/10 .It is not calculating steps ,not measuring BP, sleep monitoring ,stress monitoring these all are not measuring right","['https://m.media-amazon.com/images/I/619awiJjM4L._SY88.jpg', 'https://m.media-amazon.com/images/I/61HCdFfrPCL._SY88.jpg', 'https://m.media-amazon.com/images/I/61Xe9qQZSwL._SY88.jpg']",2024-12-26,78,"Colour: Black, Size: 1.83""",
4,Worth,RHJ10DB0Q2QJF,https://www.amazon.in/gp/customer-reviews/RHJ10DB0Q2QJF/ref=cm_cr_othr_d_rvw_ttl?ie=UTF8&ASIN=B0BF57RN3K,"Good quality, good features. Easy to use",[],2025-01-03,79,"Colour: Active Black, Size: 2.01""",
4,Firebolt product,RI08IS6EMWQME,https://www.amazon.in/gp/customer-reviews/RI08IS6EMWQME/ref=cm_cr_othr_d_rvw_ttl?ie=UTF8&ASIN=B0BF57RN3K,Nice product i loved it 😃,[],2024-12-27,80,"Colour: Navy Blue, Size: 1.83""",
4,First experience.,R3LIX8MPPX3ZYC,https://www.amazon.in/gp/customer-reviews/R3LIX8MPPX3ZYC/ref=cm_cr_othr_d_rvw_ttl?ie=UTF8&ASIN=B0BF57RN3K,It is my first watch as my choice. This watch really so good. This watch give me a great experience. Really this watch and this company both are good.,[],2024-12-31,65,"Colour: Active Black, Size: 2.01""",
4,This is very nice watch you have to purschase it it is very useful,RAGDO7HT5IF6V,https://www.amazon.in/gp/customer-reviews/RAGDO7HT5IF6V/ref=cm_cr_othr_d_rvw_ttl?ie=UTF8&ASIN=B0BF57RN3K,This is very nice watch. Ut helps in calling,['https://m.media-amazon.com/images/I/61QLNYuJpsL._SY88.jpg'],2025-01-04,66,"Colour: Black, Size: 1.83""",
4,Loving product😍,R3JJ4T1G25V97I,https://www.amazon.in/gp/customer-reviews/R3JJ4T1G25V97I/ref=cm_cr_othr_d_rvw_ttl?ie=UTF8&ASIN=B0BF57RN3K,Product is very nice😍 quality aslo nice in very low price i got most best product ❤️very very love it...,[],2024-12-30,67,"Colour: Grey, Size: 1.83""",
4,GENTS SMART WATCH,R1AMY51LQXI6QT,https://www.amazon.in/gp/customer-reviews/R1AMY51LQXI6QT/ref=cm_cr_othr_d_rvw_ttl?ie=UTF8&ASIN=B0BF57RN3K,LOOK GREAT. STYLE SUPER. BODY BUILD GOOD. BEST FOR ALL ROUND USE.,[],2025-01-16,68,"Colour: Deep Blue, Size: 1.69""",
4,Worthy,R2DA9JHCFZQ7YZ,https://www.amazon.in/gp/customer-reviews/R2DA9JHCFZQ7YZ/ref=cm_cr_othr_d_rvw_ttl?ie=UTF8&ASIN=B0BF57RN3K,Reasonable price,['https://m.media-amazon.com/images/I/61zK55ZiBVL._SY88.jpg'],2025-01-07,69,"Colour: Active Black, Size: 2.01""",
4,Nothing,R3MXVD2UDRVQ74,https://www.amazon.in/gp/customer-reviews/R3MXVD2UDRVQ74/ref=cm_cr_othr_d_rvw_ttl?ie=UTF8&ASIN=B0BF57RN3K,It is so good 👍🏻,['https://m.media-amazon.com/images/I/615TmvJUbRL._SY88.jpg'],2025-01-06,70,"Colour: Black, Size: 1.83""",
4,Valu of money,R15KX4W1RG5Y55,https://www.amazon.in/gp/customer-reviews/R15KX4W1RG5Y55/ref=cm_cr_othr_d_rvw_ttl?ie=UTF8&ASIN=B0BF57RN3K,It's really good product and valu of money...,[],2025-01-06,71,"Colour: Active Grey, Size: 2.01""",
4,Nice product with reasonable price,R1C26X8PI6PHP9,https://www.amazon.in/gp/customer-reviews/R1C26X8PI6PHP9/ref=cm_cr_othr_d_rvw_ttl?ie=UTF8&ASIN=B0BF57RN3K,"Comfortable belt, easy functioning.",['https://m.media-amazon.com/images/I/61atnG0m65L._SY88.jpg'],2025-01-08,72,"Colour: Gold Black, Size: 1.83""",
4,Product review,RY1KLQ5GALPR8,https://www.amazon.in/gp/customer-reviews/RY1KLQ5GALPR8/ref=cm_cr_othr_d_rvw_ttl?ie=UTF8&ASIN=B0BF57RN3K,The product is really awesome,[],2025-01-27,25,"Colour: Black, Size: 1.83""",
4,How is Shape and look?,RAFVYGO3H1SU6,https://www.amazon.in/gp/customer-reviews/RAFVYGO3H1SU6/ref=cm_cr_othr_d_rvw_ttl?ie=UTF8&ASIN=B0BF57RN3K,Look like a good,['https://m.media-amazon.com/images/I/71j6e+OZkZL._SY88.jpg'],2025-01-14,26,"Colour: Active Black, Size: 2.01""",
4,Good,R1MBECGHSOZ4X3,https://www.amazon.in/gp/customer-reviews/R1MBECGHSOZ4X3/ref=cm_cr_othr_d_rvw_ttl?ie=UTF8&ASIN=B0BF57RN3K,"Very good features at a lower price,worth it.",[],2025-01-22,27,"Colour: Black, Size: 1.83""",
4,it's a GOOD brand FIRE⚡BOLTT,R2EC8MXHEV9UNP,https://www.amazon.in/gp/customer-reviews/R2EC8MXHEV9UNP/ref=cm_cr_othr_d_rvw_ttl?ie=UTF8&ASIN=B0BF57RN3K,Quality - good (90%)Connecting - good (90%)Display - good (90%)Touch screen - good (90%)Body & Belt - Awesome (100%),"['https://m.media-amazon.com/images/I/719gAnoJbSL._SY88.jpg', 'https://m.media-amazon.com/images/I/71NKAh3RoQL._SY88.jpg', 'https://m.media-amazon.com/images/I/71RPANEF8CL._SY88.jpg']",2025-01-04,28,"Colour: Active G Black, Size: 2.01""",
4,Good Product,R1G55HSQIP1BVX,https://www.amazon.in/gp/customer-reviews/R1G55HSQIP1BVX/ref=cm_cr_othr_d_rvw_ttl?ie=UTF8&ASIN=B0BF57RN3K,"So far, good product on this price point",[],2025-01-22,29,"Colour: Dark Gold Black, Size: 1.69""",
4,Ok,R1JMGRHKDB54WA,https://www.amazon.in/gp/customer-reviews/R1JMGRHKDB54WA/ref=cm_cr_othr_d_rvw_ttl?ie=UTF8&ASIN=B0BF57RN3K,Ok,[],2025-01-30,30,"Colour: Deep Black, Size: 1.69""",
4,Bolt,R1161PDRNRSHC9,https://www.amazon.in/gp/customer-reviews/R1161PDRNRSHC9/ref=cm_cr_othr_d_rvw_ttl?ie=UTF8&ASIN=B0BF57RN3K,Nice product,[],2025-01-27,31,"Colour: Black, Size: 1.83""",
4,Review,R3MEAV1OG1Q7GC,https://www.amazon.in/gp/customer-reviews/R3MEAV1OG1Q7GC/ref=cm_cr_othr_d_rvw_ttl?ie=UTF8&ASIN=B0BF57RN3K,Nice product,[],2025-01-28,32,"Colour: Acive Blue, Size: 2.01""",
4,Light weight,R3VYY9FJPYN68L,https://www.amazon.in/gp/customer-reviews/R3VYY9FJPYN68L/ref=cm_cr_othr_d_rvw_ttl?ie=UTF8&ASIN=B0BF57RN3K,"Good charging speed,good quality",['https://m.media-amazon.com/images/I/61E1tRPIxXL._SY88.jpg'],2025-01-23,41,"Colour: Dark Gold Black, Size: 1.69""",
4,Good product,R3KJTIJT1APWK0,https://www.amazon.in/gp/customer-reviews/R3KJTIJT1APWK0/ref=cm_cr_othr_d_rvw_ttl?ie=UTF8&ASIN=B0BF57RN3K,Worthy product value for mony,['https://m.media-amazon.com/images/I/616Wxi3mAYL._SY88.jpg'],2025-01-25,42,"Colour: Deep Black, Size: 1.69""",
4,Nice look,R1BMK97OXO5FNL,https://www.amazon.in/gp/customer-reviews/R1BMK97OXO5FNL/ref=cm_cr_othr_d_rvw_ttl?ie=UTF8&ASIN=B0BF57RN3K,Nice quality,[],2025-01-18,43,"Colour: Active Black, Size: 2.01""",
4,Nice product,R2BJ43A6UPC96O,https://www.amazon.in/gp/customer-reviews/R2BJ43A6UPC96O/ref=cm_cr_othr_d_rvw_ttl?ie=UTF8&ASIN=B0BF57RN3K,Product is good.,[],2025-01-15,44,"Colour: Black, Size: 1.83""",
4,Nice product,R3TVCOBY964TVT,https://www.amazon.in/gp/customer-reviews/R3TVCOBY964TVT/ref=cm_cr_othr_d_rvw_ttl?ie=UTF8&ASIN=B0BF57RN3K,Good product,['https://m.media-amazon.com/images/I/61UUpXJofsL._SY88.jpg'],2025-01-15,45,"Colour: Active Grey, Size: 2.01""",
4,steps counting worng showing,R1PKO7O8DVHFBH,https://www.amazon.in/gp/customer-reviews/R1PKO7O8DVHFBH/ref=cm_cr_othr_d_rvw_ttl?ie=UTF8&ASIN=B0BF57RN3K,Good. every one can buy,"['https://m.media-amazon.com/images/I/61d52fbKLWL._SY88.jpg', 'https://m.media-amazon.com/images/I/61w8mSjeQ7L._SY88.jpg']",2025-01-23,46,"Colour: Black, Size: 1.83""",
4,Not good,R2JMK8VRFB4B56,https://www.amazon.in/gp/customer-reviews/R2JMK8VRFB4B56/ref=cm_cr_othr_d_rvw_ttl?ie=UTF8&ASIN=B0BF57RN3K,Charging cable battery not charging staying,"['https://m.media-amazon.com/images/I/61RhHXyx+RL._SY88.jpg', 'https://m.media-amazon.com/images/I/61un7TiLEQL._SY88.jpg']",2025-01-09,47,"Colour: Active Black, Size: 2.01""",
4,Good 👍,RLOIB9I9VF7FL,https://www.amazon.in/gp/customer-reviews/RLOIB9I9VF7FL/ref=cm_cr_othr_d_rvw_ttl?ie=UTF8&ASIN=B0BF57RN3K,Good 👍 one,[],2025-01-24,48,"Colour: Black, Size: 1.83""",
4,Good product,RYWJLGV64I01U,https://www.amazon.in/gp/customer-reviews/RYWJLGV64I01U/ref=cm_cr_othr_d_rvw_ttl?ie=UTF8&ASIN=B0BF57RN3K,All are good but lack in user interface touch,[],2025-01-27,17,"Colour: Gold Black, Size: 1.83""",
5,It's speakers is very good,R3K5LD1V3G99CP,https://www.amazon.in/gp/customer-reviews/R3K5LD1V3G99CP/ref=cm_cr_othr_d_rvw_ttl?ie=UTF8&ASIN=B0BF57RN3K,"I recently purchased the Fire Boltt Smart Watch Ninja Call Plus, and it has exceeded my expectations in multiple ways. Here’s an in-depth look at what makes this smartwatch a standout choice:#### Design and DisplayThe Fire Boltt Ninja Call Plus boasts a sleek and modern design that is both stylish and functional. With a 46.5mm dial, the display is large and easy to read, even in bright sunlight. The build quality feels premium, and the watch sits comfortably on the wrist, making it suitable for all-day wear.#### Bluetooth CallingOne of the standout features of the Ninja Call Plus is its Bluetooth calling functionality. The built-in mic and speaker deliver clear audio, allowing you to make and receive calls directly from your wrist. This feature is incredibly convenient, especially when you're on the go and don't want to reach for your phone.#### Health and Fitness TrackingThe smartwatch comes equipped with a comprehensive set of health and fitness tracking features. It includes heart rate monitoring, sleep tracking, and multiple sports modes. The accuracy of these metrics is impressive, and they provide valuable insights into your overall health and fitness levels.#### Battery LifeBattery life is always a crucial factor for smartwatches, and the Fire Boltt Ninja Call Plus does not disappoint. It offers a robust battery life that easily lasts for several days on a single charge, even with regular use of the Bluetooth calling feature. This means less time charging and more time enjoying the watch’s features.#### User Interface and ConnectivityThe user interface is intuitive and easy to navigate, making it accessible for users of all tech levels. The watch pairs seamlessly with both Android and iOS devices, and the companion app provides a detailed overview of your health metrics and other data.#### Additional FeaturesOther notable features include customizable watch faces, notification alerts, music control, and weather updates. These added functionalities make the watch not just a fitness tracker but a comprehensive smart companion.#### Pros:- Stylish and comfortable design- Excellent Bluetooth calling feature- Accurate health and fitness tracking- Long battery life- User-friendly interface- Wide range of additional features#### Cons:- Limited app ecosystem compared to some other smartwatches- Lack of third-party app support#### ConclusionOverall, the Fire Boltt Smart Watch Ninja Call Plus is an excellent choice for anyone looking for a feature-rich smartwatch with reliable performance. Its combination of stylish design, robust health tracking, and the standout Bluetooth calling feature make it a valuable addition to your tech collection. I highly recommend it to anyone in the market for a versatile and dependable smartwatch",[],2024-09-22,18,"Colour: Black, Size: 1.83""",
4,"Product as of now, its working fine and good",R1D2XXT1DHL1DV,https://www.amazon.in/gp/customer-reviews/R1D2XXT1DHL1DV/ref=cm_cr_othr_d_rvw_ttl?ie=UTF8&ASIN=B0BF57RN3K,Liked product functions and easy-to-use,[],2025-01-30,19,"Colour: Black, Size: 1.83""",
4,Good product,R1J1VY16SYN8P5,https://www.amazon.in/gp/customer-reviews/R1J1VY16SYN8P5/ref=cm_cr_othr_d_rvw_ttl?ie=UTF8&ASIN=B0BF57RN3K,Product I am using is good and performing well,[],2025-01-29,20,"Colour: Acive Blue, Size: 2.01""",
4,Good product,R2TJGG9WD4ONVR,https://www.amazon.in/gp/customer-reviews/R2TJGG9WD4ONVR/ref=cm_cr_othr_d_rvw_ttl?ie=UTF8&ASIN=B0BF57RN3K,Nice buy,[],2025-01-23,21,"Colour: Active Black, Size: 2.01""",
4,All ok but little low battery backup,RTOKX0BXHQOP0,https://www.amazon.in/gp/customer-reviews/RTOKX0BXHQOP0/ref=cm_cr_othr_d_rvw_ttl?ie=UTF8&ASIN=B0BF57RN3K,Good Product,[],2025-01-22,22,"Colour: Active Black, Size: 2.01""",
4,Worth it,R33CKDYVQ8Q6FR,https://www.amazon.in/gp/customer-reviews/R33CKDYVQ8Q6FR/ref=cm_cr_othr_d_rvw_ttl?ie=UTF8&ASIN=B0BF57RN3K,Worth the moneyDisplay can be improvised as AMOLED,['https://m.media-amazon.com/images/I/61USXzZudAL._SY88.jpg'],2025-01-11,23,"Colour: Active Black, Size: 2.01""",
4,Watch Display,R1HGEECWTDZB87,https://www.amazon.in/gp/customer-reviews/R1HGEECWTDZB87/ref=cm_cr_othr_d_rvw_ttl?ie=UTF8&ASIN=B0BF57RN3K,Nice product..Good quality,[],2025-01-21,24,"Colour: Black, Size: 1.83""",
