reviewedIn,userId,userProfileLink,ratingScore,reviewTitle,reviewId,reviewUrl,reviewReaction,reviewDescription,isVerified,isAmazonVine,reviewImages,date,position,variant,variantAttributes,totalCategoryRatings,totalCategoryReviews,reviewCategoryUrl,filterByRating,filterByKeyword,productAsin,productOriginalAsin,variantAsin,product,input,country,countryCode
Reviewed in India on 26 January 2025,amzn1.account.AHCZKAJVNAWWCPGFEZYYXX6YM7GQ,https://www.amazon.in/gp/profile/amzn1.account.AHCZKAJVNAWWCPGFEZYYXX6YM7GQ/ref=cm_cr_othr_d_gw_tr?ie=UTF8,5,Best casual smart watch ⌚,RFMX46INCJCK4,https://www.amazon.in/gp/customer-reviews/RFMX46INCJCK4/ref=cm_cr_othr_d_rvw_ttl?ie=UTF8&ASIN=B0B5LVS732,,"The media could not be loaded.
                
            
                
            
            
        
    
    








  
  
    I recently purchased the NoiseWatch, and I couldn't be more impressed. This smartwatch is sleek, lightweight, and comfortable to wear throughout the day. The display is sharp and vibrant, making it easy to read even in bright sunlight.The features are outstanding — fitness tracking, heart rate monitoring, and sleep analysis are all incredibly accurate. The seamless integration with my phone for notifications and calls is a game-changer, and the battery life is phenomenal, lasting several days on a single charge.Setup was a breeze, and the user interface is intuitive. Whether you’re a fitness enthusiast or someone looking for a reliable smartwatch, the NoiseWatch is an excellent choice. Highly recommended!This is surely worth for your money",True,False,"['https://m.media-amazon.com/images/I/61G1NwEciTL._SY88.jpg', 'https://m.media-amazon.com/images/I/71lYxBTo3EL._SY88.jpg']",2025-01-26,1,Colour: Jet Black,"[{'key': 'Colour', 'value': 'Jet Black'}]",,,https://www.amazon.in/product-reviews/B0B5LVS732?pageNumber=1&filterByStar=all_stars&sortBy=helpful&formatType=all_formats&asin=B0B5LVS732&reftag=cm_cr_arp_d_paging_btm_next_1&scope=reviewsAjax0,allStars,,B0B5LVS732,B0B5LVS732,B0B5LVS732,"{'price': None, 'listPrice': None}",https://www.amazon.in//Noise-Bluetooth-Calling-Tracking-Detection/dp/B0B5LVS732/ref=zg_bs_g_5605728031_d_sccl_11/258-0776632-7362957?psc=1,India,
Reviewed in India on 25 January 2025,amzn1.account.AE6JLEVEXG74YYEEDP6DY7ZLXALQ,https://www.amazon.in/gp/profile/amzn1.account.AE6JLEVEXG74YYEEDP6DY7ZLXALQ/ref=cm_cr_othr_d_gw_tr?ie=UTF8,4,Reliable and featured packed,R1X0KDWW7JV4PZ,https://www.amazon.in/gp/customer-reviews/R1X0KDWW7JV4PZ/ref=cm_cr_othr_d_rvw_ttl?ie=UTF8&ASIN=B0B5LVS732,,"5/5 stars""I'm really impressed with the Noise Pulse Go Buzz Smart Watch!Pros:- Sleek and stylish design- Easy to pair with my phone- Accurate fitness tracking and heart rate monitoring- Long battery life (up to 5 days)- Affordable price pointCons: None!Overall, I'd highly recommend the Noise Pulse Go Buzz Smart Watch to anyone looking for a reliable and feature-packed smartwatch without breaking the bank!""",True,False,[],2025-01-25,2,Colour: Jet Black,"[{'key': 'Colour', 'value': 'Jet Black'}]",,,https://www.amazon.in/product-reviews/B0B5LVS732?pageNumber=1&filterByStar=all_stars&sortBy=helpful&formatType=all_formats&asin=B0B5LVS732&reftag=cm_cr_arp_d_paging_btm_next_1&scope=reviewsAjax0,allStars,,B0B5LVS732,B0B5LVS732,B0B5LVS732,"{'price': None, 'listPrice': None}",https://www.amazon.in//Noise-Bluetooth-Calling-Tracking-Detection/dp/B0B5LVS732/ref=zg_bs_g_5605728031_d_sccl_11/258-0776632-7362957?psc=1,India,
Reviewed in India on 2 October 2024,amzn1.account.AHXNSVAF7QTO4L3A2XVRNNWKGM3A,https://www.amazon.in/gp/profile/amzn1.account.AHXNSVAF7QTO4L3A2XVRNNWKGM3A/ref=cm_cr_othr_d_gw_tr?ie=UTF8,5,Fantastic Smartwatch with Advanced Features at a Great Price!,R1Q509SBLI9K9X,https://www.amazon.in/gp/customer-reviews/R1Q509SBLI9K9X/ref=cm_cr_othr_d_rvw_ttl?ie=UTF8&ASIN=B0B5LVS732,6 people found this helpful,"I've been using the Noise Pulse Go Buzz Smart Watch for a couple of weeks now, and I’m thoroughly impressed with its performance. Here’s why it deserves 5 stars:1. Advanced Bluetooth Calling: The Bluetooth calling feature works seamlessly, allowing me to make and receive calls directly from the watch. The sound quality is clear, and the connection is stable, making it super convenient for hands-free calls on the go.2. Vibrant Display: The 1.69"" TFT display is bright and clear, even in outdoor settings. The touchscreen is responsive, and the interface is easy to navigate. It’s large enough to comfortably view notifications, messages, and fitness data.3. SpO2 Monitoring & Health Features: The SpO2 sensor is a great addition for tracking my blood oxygen levels. Combined with heart rate monitoring and sleep tracking, this watch offers comprehensive health tracking. It's particularly useful during workouts and ensuring overall well-being.4. 100 Sports Modes with Auto Detection: The watch offers a wide variety of sports modes, which is fantastic for someone like me who enjoys switching between different activities. The auto-detection feature is a nice touch, as it starts tracking without needing to manually set it up.5. Great Battery Life: The battery easily lasts up to 7 days with regular use, and about 2 days with heavy Bluetooth calling. For all the features it packs, this battery life is impressive and eliminates the need for frequent charging.6. Sleek Design: The Jet Black design is sleek and modern. It looks stylish on the wrist and feels comfortable to wear all day long. It's lightweight but feels durable.7. Value for Money: For the price, this smartwatch offers an amazing range of features typically found in higher-end models. It's a great value for anyone looking to track their fitness, manage calls, and stay connected.Overall, the Noise Pulse Go Buzz is an excellent smartwatch that packs premium features at an affordable price. Whether you need it for fitness tracking, calling, or just keeping up with notifications, it performs remarkably well. Highly recommended!",True,False,[],2024-10-02,3,Colour: Jet Black,"[{'key': 'Colour', 'value': 'Jet Black'}]",,,https://www.amazon.in/product-reviews/B0B5LVS732?pageNumber=1&filterByStar=all_stars&sortBy=helpful&formatType=all_formats&asin=B0B5LVS732&reftag=cm_cr_arp_d_paging_btm_next_1&scope=reviewsAjax0,allStars,,B0B5LVS732,B0B5LVS732,B0B5LVS732,"{'price': None, 'listPrice': None}",https://www.amazon.in//Noise-Bluetooth-Calling-Tracking-Detection/dp/B0B5LVS732/ref=zg_bs_g_5605728031_d_sccl_11/258-0776632-7362957?psc=1,India,
Reviewed in India on 1 January 2025,amzn1.account.AGTZD5ZVDXXFXAVW5HLPYWRZVIOA,https://www.amazon.in/gp/profile/amzn1.account.AGTZD5ZVDXXFXAVW5HLPYWRZVIOA/ref=cm_cr_othr_d_gw_tr?ie=UTF8,5,Advanced feature and budget friendly,R2N3JAHM9710RQ,https://www.amazon.in/gp/customer-reviews/R2N3JAHM9710RQ/ref=cm_cr_othr_d_rvw_ttl?ie=UTF8&ASIN=B0B5LVS732,One person found this helpful,"This is my first purchase from Noise brand. The watch is great with good display quality and advanced features, specially various sport modes. It is an ideal watch at such a great price. I'm impressed with Noise!",True,False,[],2025-01-01,4,Colour: Rose Pink,"[{'key': 'Colour', 'value': 'Rose Pink'}]",,,https://www.amazon.in/product-reviews/B0B5LVS732?pageNumber=1&filterByStar=all_stars&sortBy=helpful&formatType=all_formats&asin=B0B5LVS732&reftag=cm_cr_arp_d_paging_btm_next_1&scope=reviewsAjax0,allStars,,B0B5LVS732,B0B5LVS732,B0B5LVS732,"{'price': None, 'listPrice': None}",https://www.amazon.in//Noise-Bluetooth-Calling-Tracking-Detection/dp/B0B5LVS732/ref=zg_bs_g_5605728031_d_sccl_11/258-0776632-7362957?psc=1,India,
Reviewed in India on 15 October 2024,amzn1.account.AFUYNJZVJB4B5TWZS36LPMSZP7RA,https://www.amazon.in/gp/profile/amzn1.account.AFUYNJZVJB4B5TWZS36LPMSZP7RA/ref=cm_cr_othr_d_gw_tr?ie=UTF8,4,Budget friendly,R2LL7A1N9TBFGC,https://www.amazon.in/gp/customer-reviews/R2LL7A1N9TBFGC/ref=cm_cr_othr_d_rvw_ttl?ie=UTF8&ASIN=B0B5LVS732,20 people found this helpful,"Just got my hands on the Noise ColorFit Pulse Go Buzz, and I have to say, it’s pretty impressive for the price. The display is bright and clear, and all the fitness features—like heart rate tracking—seem accurate enough for everyday use. I love the Bluetooth calling; it’s surprisingly handy when I’m on the go. Battery life is decent; I can get about a week before needing a charge. The UI could be a bit more polished, but for a budget smartwatch, it gets the job done. Overall, it’s a solid pick if you want a good smartwatch without breaking the bank",True,False,"['https://m.media-amazon.com/images/I/61GqKJT7yzL._SY88.jpg', 'https://m.media-amazon.com/images/I/61sA1IrG0qL._SY88.jpg']",2024-10-15,5,Colour: Rose Pink,"[{'key': 'Colour', 'value': 'Rose Pink'}]",,,https://www.amazon.in/product-reviews/B0B5LVS732?pageNumber=1&filterByStar=all_stars&sortBy=helpful&formatType=all_formats&asin=B0B5LVS732&reftag=cm_cr_arp_d_paging_btm_next_1&scope=reviewsAjax0,allStars,,B0B5LVS732,B0B5LVS732,B0B5LVS732,"{'price': None, 'listPrice': None}",https://www.amazon.in//Noise-Bluetooth-Calling-Tracking-Detection/dp/B0B5LVS732/ref=zg_bs_g_5605728031_d_sccl_11/258-0776632-7362957?psc=1,India,
Reviewed in India on 29 January 2025,amzn1.account.AGOSX6F3LLMGACWUDFTM6CNNNHOA,https://www.amazon.in/gp/profile/amzn1.account.AGOSX6F3LLMGACWUDFTM6CNNNHOA/ref=cm_cr_othr_d_gw_tr?ie=UTF8,5,Very good........................,R15D5FA7UWE25I,https://www.amazon.in/gp/customer-reviews/R15D5FA7UWE25I/ref=cm_cr_othr_d_rvw_ttl?ie=UTF8&ASIN=B0B5LVS732,,This is my first smart watch.....❤️Really cool looking and easy to use.....Love it.🩷🩷🩷🩷🩷🩷🩷🩷🩷🩷🩷,True,False,['https://m.media-amazon.com/images/I/616T9pHDQTL._SY88.jpg'],2025-01-29,6,Colour: Midnight Blue,"[{'key': 'Colour', 'value': 'Midnight Blue'}]",,,https://www.amazon.in/product-reviews/B0B5LVS732?pageNumber=1&filterByStar=all_stars&sortBy=helpful&formatType=all_formats&asin=B0B5LVS732&reftag=cm_cr_arp_d_paging_btm_next_1&scope=reviewsAjax0,allStars,,B0B5LVS732,B0B5LVS732,B0B5LVS732,"{'price': None, 'listPrice': None}",https://www.amazon.in//Noise-Bluetooth-Calling-Tracking-Detection/dp/B0B5LVS732/ref=zg_bs_g_5605728031_d_sccl_11/258-0776632-7362957?psc=1,India,
Reviewed in India on 17 November 2024,amzn1.account.AFONRXXSNFYLXS72DVN3655YONTQ,https://www.amazon.in/gp/profile/amzn1.account.AFONRXXSNFYLXS72DVN3655YONTQ/ref=cm_cr_othr_d_gw_tr?ie=UTF8,3,"I got old piece, no proper noise packing",RVHMV4DZGQ3NR,https://www.amazon.in/gp/customer-reviews/RVHMV4DZGQ3NR/ref=cm_cr_othr_d_rvw_ttl?ie=UTF8&ASIN=B0B5LVS732,4 people found this helpful,"The media could not be loaded.
                
            
                
            
            
        
    
    








  
  
     Pros:1. No lag while operating .✅2. Smooth transitions .✅3. Display quality is good .✅4. Smooth calling option .✅5. Custom sms reply before calling .✅6. Wrist quality is good 👍🏻Cons:1. No games ❌2. Paid custom watch faces ❌3. Only music control ❌4. Battery leak ❌",True,False,['https://m.media-amazon.com/images/I/71XOXEOclOL._SY88.jpg'],2024-11-17,7,Colour: Midnight Blue,"[{'key': 'Colour', 'value': 'Midnight Blue'}]",,,https://www.amazon.in/product-reviews/B0B5LVS732?pageNumber=1&filterByStar=all_stars&sortBy=helpful&formatType=all_formats&asin=B0B5LVS732&reftag=cm_cr_arp_d_paging_btm_next_1&scope=reviewsAjax0,allStars,,B0B5LVS732,B0B5LVS732,B0B5LVS732,"{'price': None, 'listPrice': None}",https://www.amazon.in//Noise-Bluetooth-Calling-Tracking-Detection/dp/B0B5LVS732/ref=zg_bs_g_5605728031_d_sccl_11/258-0776632-7362957?psc=1,India,
Reviewed in India on 7 January 2025,amzn1.account.AFFLVVRRUTC7LJ7XSUQ42NGB56BQ,https://www.amazon.in/gp/profile/amzn1.account.AFFLVVRRUTC7LJ7XSUQ42NGB56BQ/ref=cm_cr_othr_d_gw_tr?ie=UTF8,4,Best smartwatch ever brought,R12707378MLAZU,https://www.amazon.in/gp/customer-reviews/R12707378MLAZU/ref=cm_cr_othr_d_rvw_ttl?ie=UTF8&ASIN=B0B5LVS732,,The strip lock want to cahnge,True,False,[],2025-01-07,8,Colour: Midnight Blue,"[{'key': 'Colour', 'value': 'Midnight Blue'}]",,,https://www.amazon.in/product-reviews/B0B5LVS732?pageNumber=1&filterByStar=all_stars&sortBy=helpful&formatType=all_formats&asin=B0B5LVS732&reftag=cm_cr_arp_d_paging_btm_next_1&scope=reviewsAjax0,allStars,,B0B5LVS732,B0B5LVS732,B0B5LVS732,"{'price': None, 'listPrice': None}",https://www.amazon.in//Noise-Bluetooth-Calling-Tracking-Detection/dp/B0B5LVS732/ref=zg_bs_g_5605728031_d_sccl_11/258-0776632-7362957?psc=1,India,
Reviewed in India on 24 December 2024,amzn1.account.AHOMFLYBJANZDR4ZJG5OG2R55OYA,https://www.amazon.in/gp/profile/amzn1.account.AHOMFLYBJANZDR4ZJG5OG2R55OYA/ref=cm_cr_othr_d_gw_tr?ie=UTF8,4,Nice,R2MPHT3H1A0E0X,https://www.amazon.in/gp/customer-reviews/R2MPHT3H1A0E0X/ref=cm_cr_othr_d_rvw_ttl?ie=UTF8&ASIN=B0B5LVS732,,Noce,True,False,[],2024-12-24,17,Colour: Jet Black,"[{'key': 'Colour', 'value': 'Jet Black'}]",,,https://www.amazon.in/product-reviews/B0B5LVS732?pageNumber=3&filterByStar=all_stars&sortBy=helpful&formatType=all_formats&asin=B0B5LVS732&reftag=cm_cr_arp_d_paging_btm_next_3&scope=reviewsAjax0,allStars,,B0B5LVS732,B0B5LVS732,B0B5LVS732,"{'price': None, 'listPrice': None}",https://www.amazon.in//Noise-Bluetooth-Calling-Tracking-Detection/dp/B0B5LVS732/ref=zg_bs_g_5605728031_d_sccl_11/258-0776632-7362957?psc=1,India,
Reviewed in India on 17 December 2024,amzn1.account.AHHFKDPXSGZN2ASVW6LOJ3R7DSRA,https://www.amazon.in/gp/profile/amzn1.account.AHHFKDPXSGZN2ASVW6LOJ3R7DSRA/ref=cm_cr_othr_d_gw_tr?ie=UTF8,4,Smart watch,R3SZ944EDMDQ7U,https://www.amazon.in/gp/customer-reviews/R3SZ944EDMDQ7U/ref=cm_cr_othr_d_rvw_ttl?ie=UTF8&ASIN=B0B5LVS732,,Product Is Very Good.💯👍,True,False,[],2024-12-17,18,Colour: Rose Pink,"[{'key': 'Colour', 'value': 'Rose Pink'}]",,,https://www.amazon.in/product-reviews/B0B5LVS732?pageNumber=3&filterByStar=all_stars&sortBy=helpful&formatType=all_formats&asin=B0B5LVS732&reftag=cm_cr_arp_d_paging_btm_next_3&scope=reviewsAjax0,allStars,,B0B5LVS732,B0B5LVS732,B0B5LVS732,"{'price': None, 'listPrice': None}",https://www.amazon.in//Noise-Bluetooth-Calling-Tracking-Detection/dp/B0B5LVS732/ref=zg_bs_g_5605728031_d_sccl_11/258-0776632-7362957?psc=1,India,
Reviewed in India on 29 January 2025,amzn1.account.AFHJFNAMZEH2ABRONMD4QN2K2W4Q,https://www.amazon.in/gp/profile/amzn1.account.AFHJFNAMZEH2ABRONMD4QN2K2W4Q/ref=cm_cr_othr_d_gw_tr?ie=UTF8,5,Worth buying,RF0XON7CS58IY,https://www.amazon.in/gp/customer-reviews/RF0XON7CS58IY/ref=cm_cr_othr_d_rvw_ttl?ie=UTF8&ASIN=B0B5LVS732,,The product is well and good working. The features are awesome. Good product with worth the price. A solid 5/5.,True,False,['https://m.media-amazon.com/images/I/71BPXNkV1sL._SY88.jpg'],2025-01-29,19,Colour: Jet Black,"[{'key': 'Colour', 'value': 'Jet Black'}]",,,https://www.amazon.in/product-reviews/B0B5LVS732?pageNumber=3&filterByStar=all_stars&sortBy=helpful&formatType=all_formats&asin=B0B5LVS732&reftag=cm_cr_arp_d_paging_btm_next_3&scope=reviewsAjax0,allStars,,B0B5LVS732,B0B5LVS732,B0B5LVS732,"{'price': None, 'listPrice': None}",https://www.amazon.in//Noise-Bluetooth-Calling-Tracking-Detection/dp/B0B5LVS732/ref=zg_bs_g_5605728031_d_sccl_11/258-0776632-7362957?psc=1,India,
Reviewed in India on 20 January 2025,amzn1.account.AHUNMPGJVLCX7IKKR66VFV7G34XQ,https://www.amazon.in/gp/profile/amzn1.account.AHUNMPGJVLCX7IKKR66VFV7G34XQ/ref=cm_cr_othr_d_gw_tr?ie=UTF8,5,Simply Cool,R2INM7HE8HPY14,https://www.amazon.in/gp/customer-reviews/R2INM7HE8HPY14/ref=cm_cr_othr_d_rvw_ttl?ie=UTF8&ASIN=B0B5LVS732,,Received in nice packing. I already have same model with green color. This time I bought white. I'm happy with what I got and its original. Got it at 999 during Republic day offer.,True,False,"['https://m.media-amazon.com/images/I/51FETucsaeL._SY88.jpg', 'https://m.media-amazon.com/images/I/51a0PvO0IFL._SY88.jpg']",2025-01-20,20,Colour: Mist Grey,"[{'key': 'Colour', 'value': 'Mist Grey'}]",,,https://www.amazon.in/product-reviews/B0B5LVS732?pageNumber=3&filterByStar=all_stars&sortBy=helpful&formatType=all_formats&asin=B0B5LVS732&reftag=cm_cr_arp_d_paging_btm_next_3&scope=reviewsAjax0,allStars,,B0B5LVS732,B0B5LVS732,B0B5LVS732,"{'price': None, 'listPrice': None}",https://www.amazon.in//Noise-Bluetooth-Calling-Tracking-Detection/dp/B0B5LVS732/ref=zg_bs_g_5605728031_d_sccl_11/258-0776632-7362957?psc=1,India,
Reviewed in India on 4 December 2024,amzn1.account.AHB3L6YS2FHMWWGQGYLJUUFXFPUA,https://www.amazon.in/gp/profile/amzn1.account.AHB3L6YS2FHMWWGQGYLJUUFXFPUA/ref=cm_cr_othr_d_gw_tr?ie=UTF8,4,Feature,R3VC9OMUQKQ21X,https://www.amazon.in/gp/customer-reviews/R3VC9OMUQKQ21X/ref=cm_cr_othr_d_rvw_ttl?ie=UTF8&ASIN=B0B5LVS732,One person found this helpful,It's good product,True,False,"['https://m.media-amazon.com/images/I/61UftqShpVL._SY88.jpg', 'https://m.media-amazon.com/images/I/61nF2mtOQUL._SY88.jpg', 'https://m.media-amazon.com/images/I/61npAscMTJL._SY88.jpg', 'https://m.media-amazon.com/images/I/61z-pU252aL._SY88.jpg']",2024-12-04,21,Colour: Midnight Blue,"[{'key': 'Colour', 'value': 'Midnight Blue'}]",,,https://www.amazon.in/product-reviews/B0B5LVS732?pageNumber=3&filterByStar=all_stars&sortBy=helpful&formatType=all_formats&asin=B0B5LVS732&reftag=cm_cr_arp_d_paging_btm_next_3&scope=reviewsAjax0,allStars,,B0B5LVS732,B0B5LVS732,B0B5LVS732,"{'price': None, 'listPrice': None}",https://www.amazon.in//Noise-Bluetooth-Calling-Tracking-Detection/dp/B0B5LVS732/ref=zg_bs_g_5605728031_d_sccl_11/258-0776632-7362957?psc=1,India,
Reviewed in India on 6 December 2024,amzn1.account.AGMXOWYZP4W5XYQSX27I2ME3RCSQ,https://www.amazon.in/gp/profile/amzn1.account.AGMXOWYZP4W5XYQSX27I2ME3RCSQ/ref=cm_cr_othr_d_gw_tr?ie=UTF8,4,Product,R175WCIIIL7S34,https://www.amazon.in/gp/customer-reviews/R175WCIIIL7S34/ref=cm_cr_othr_d_rvw_ttl?ie=UTF8&ASIN=B0B5LVS732,One person found this helpful,Nice product,True,False,[],2024-12-06,22,Colour: Olive Green,"[{'key': 'Colour', 'value': 'Olive Green'}]",,,https://www.amazon.in/product-reviews/B0B5LVS732?pageNumber=3&filterByStar=all_stars&sortBy=helpful&formatType=all_formats&asin=B0B5LVS732&reftag=cm_cr_arp_d_paging_btm_next_3&scope=reviewsAjax0,allStars,,B0B5LVS732,B0B5LVS732,B0B5LVS732,"{'price': None, 'listPrice': None}",https://www.amazon.in//Noise-Bluetooth-Calling-Tracking-Detection/dp/B0B5LVS732/ref=zg_bs_g_5605728031_d_sccl_11/258-0776632-7362957?psc=1,India,
Reviewed in India on 3 December 2024,amzn1.account.AGEAI6IAU24QZDWTFGGTN4HF7S5Q,https://www.amazon.in/gp/profile/amzn1.account.AGEAI6IAU24QZDWTFGGTN4HF7S5Q/ref=cm_cr_othr_d_gw_tr?ie=UTF8,4,Nice smart watch,R2X96V9VRPNT7Y,https://www.amazon.in/gp/customer-reviews/R2X96V9VRPNT7Y/ref=cm_cr_othr_d_rvw_ttl?ie=UTF8&ASIN=B0B5LVS732,One person found this helpful,Nice product overall quality is good,True,False,[],2024-12-03,23,Colour: Jet Black,"[{'key': 'Colour', 'value': 'Jet Black'}]",,,https://www.amazon.in/product-reviews/B0B5LVS732?pageNumber=3&filterByStar=all_stars&sortBy=helpful&formatType=all_formats&asin=B0B5LVS732&reftag=cm_cr_arp_d_paging_btm_next_3&scope=reviewsAjax0,allStars,,B0B5LVS732,B0B5LVS732,B0B5LVS732,"{'price': None, 'listPrice': None}",https://www.amazon.in//Noise-Bluetooth-Calling-Tracking-Detection/dp/B0B5LVS732/ref=zg_bs_g_5605728031_d_sccl_11/258-0776632-7362957?psc=1,India,
Reviewed in India on 2 December 2024,amzn1.account.AFADXCTFW4FY63EOFWEMYHODRYVA,https://www.amazon.in/gp/profile/amzn1.account.AFADXCTFW4FY63EOFWEMYHODRYVA/ref=cm_cr_othr_d_gw_tr?ie=UTF8,4,Very good product,R3JF4Q1QPDQYQZ,https://www.amazon.in/gp/customer-reviews/R3JF4Q1QPDQYQZ/ref=cm_cr_othr_d_rvw_ttl?ie=UTF8&ASIN=B0B5LVS732,3 people found this helpful,Very nice product I'm loving it.,True,False,['https://m.media-amazon.com/images/I/71MBsUAZYwL._SY88.jpg'],2024-12-02,24,Colour: Rose Pink,"[{'key': 'Colour', 'value': 'Rose Pink'}]",,,https://www.amazon.in/product-reviews/B0B5LVS732?pageNumber=3&filterByStar=all_stars&sortBy=helpful&formatType=all_formats&asin=B0B5LVS732&reftag=cm_cr_arp_d_paging_btm_next_3&scope=reviewsAjax0,allStars,,B0B5LVS732,B0B5LVS732,B0B5LVS732,"{'price': None, 'listPrice': None}",https://www.amazon.in//Noise-Bluetooth-Calling-Tracking-Detection/dp/B0B5LVS732/ref=zg_bs_g_5605728031_d_sccl_11/258-0776632-7362957?psc=1,India,
Reviewed in India on 26 January 2025,amzn1.account.AF3HUT6MF5YF6ZI34AQ45UKMXEIQ,https://www.amazon.in/gp/profile/amzn1.account.AF3HUT6MF5YF6ZI34AQ45UKMXEIQ/ref=cm_cr_othr_d_gw_tr?ie=UTF8,4,Very good,RM2C6PZOBJ5U8,https://www.amazon.in/gp/customer-reviews/RM2C6PZOBJ5U8/ref=cm_cr_othr_d_rvw_ttl?ie=UTF8&ASIN=B0B5LVS732,,Worth it,True,False,[],2025-01-26,9,Colour: Rose Pink,"[{'key': 'Colour', 'value': 'Rose Pink'}]",,,https://www.amazon.in/product-reviews/B0B5LVS732?pageNumber=2&filterByStar=all_stars&sortBy=helpful&formatType=all_formats&asin=B0B5LVS732&reftag=cm_cr_arp_d_paging_btm_next_2&scope=reviewsAjax0,allStars,,B0B5LVS732,B0B5LVS732,B0B5LVS732,"{'price': None, 'listPrice': None}",https://www.amazon.in//Noise-Bluetooth-Calling-Tracking-Detection/dp/B0B5LVS732/ref=zg_bs_g_5605728031_d_sccl_11/258-0776632-7362957?psc=1,India,
Reviewed in India on 24 January 2025,amzn1.account.AEDC6XD5NMCE2SJR3STZP5EZ2IPQ,https://www.amazon.in/gp/profile/amzn1.account.AEDC6XD5NMCE2SJR3STZP5EZ2IPQ/ref=cm_cr_othr_d_gw_tr?ie=UTF8,4,Ok ok product,R1ERU2BI7GMD5B,https://www.amazon.in/gp/customer-reviews/R1ERU2BI7GMD5B/ref=cm_cr_othr_d_rvw_ttl?ie=UTF8&ASIN=B0B5LVS732,,Typing option or hona chahiye tha,True,False,[],2025-01-24,10,Colour: Rose Pink,"[{'key': 'Colour', 'value': 'Rose Pink'}]",,,https://www.amazon.in/product-reviews/B0B5LVS732?pageNumber=2&filterByStar=all_stars&sortBy=helpful&formatType=all_formats&asin=B0B5LVS732&reftag=cm_cr_arp_d_paging_btm_next_2&scope=reviewsAjax0,allStars,,B0B5LVS732,B0B5LVS732,B0B5LVS732,"{'price': None, 'listPrice': None}",https://www.amazon.in//Noise-Bluetooth-Calling-Tracking-Detection/dp/B0B5LVS732/ref=zg_bs_g_5605728031_d_sccl_11/258-0776632-7362957?psc=1,India,
Reviewed in India on 1 January 2025,amzn1.account.AEXLUJMWJPTPV54EJVMMP2RCYWPA,https://www.amazon.in/gp/profile/amzn1.account.AEXLUJMWJPTPV54EJVMMP2RCYWPA/ref=cm_cr_othr_d_gw_tr?ie=UTF8,4,Noise pulse go wrist watch,RCEI4C7U0YD7R,https://www.amazon.in/gp/customer-reviews/RCEI4C7U0YD7R/ref=cm_cr_othr_d_rvw_ttl?ie=UTF8&ASIN=B0B5LVS732,,Everything perfect but i received a open the packaging so please next please check this otherwise good,True,False,[],2025-01-01,11,Colour: Jet Black,"[{'key': 'Colour', 'value': 'Jet Black'}]",,,https://www.amazon.in/product-reviews/B0B5LVS732?pageNumber=2&filterByStar=all_stars&sortBy=helpful&formatType=all_formats&asin=B0B5LVS732&reftag=cm_cr_arp_d_paging_btm_next_2&scope=reviewsAjax0,allStars,,B0B5LVS732,B0B5LVS732,B0B5LVS732,"{'price': None, 'listPrice': None}",https://www.amazon.in//Noise-Bluetooth-Calling-Tracking-Detection/dp/B0B5LVS732/ref=zg_bs_g_5605728031_d_sccl_11/258-0776632-7362957?psc=1,India,
Reviewed in India on 20 December 2024,amzn1.account.AE3HNQZ5R3EWBXGLVKUUHNTABYDA,https://www.amazon.in/gp/profile/amzn1.account.AE3HNQZ5R3EWBXGLVKUUHNTABYDA/ref=cm_cr_othr_d_gw_tr?ie=UTF8,4,Good one for sports and athlete people,RJ2Z0SPXR51OV,https://www.amazon.in/gp/customer-reviews/RJ2Z0SPXR51OV/ref=cm_cr_othr_d_rvw_ttl?ie=UTF8&ASIN=B0B5LVS732,,Actually if noise had game options and calculator I would recommend to buy this but it don't have so Actually big boat one they are good but if u really are a athlete or any sport it's a good one for sport lovers,True,False,[],2024-12-20,12,Colour: Jet Black,"[{'key': 'Colour', 'value': 'Jet Black'}]",,,https://www.amazon.in/product-reviews/B0B5LVS732?pageNumber=2&filterByStar=all_stars&sortBy=helpful&formatType=all_formats&asin=B0B5LVS732&reftag=cm_cr_arp_d_paging_btm_next_2&scope=reviewsAjax0,allStars,,B0B5LVS732,B0B5LVS732,B0B5LVS732,"{'price': None, 'listPrice': None}",https://www.amazon.in//Noise-Bluetooth-Calling-Tracking-Detection/dp/B0B5LVS732/ref=zg_bs_g_5605728031_d_sccl_11/258-0776632-7362957?psc=1,India,
Reviewed in India on 28 December 2024,amzn1.account.AHDZKFMRHSVLITR66YGEFE223P6A,https://www.amazon.in/gp/profile/amzn1.account.AHDZKFMRHSVLITR66YGEFE223P6A/ref=cm_cr_othr_d_gw_tr?ie=UTF8,4,Good,RTQBTMBCR3H59,https://www.amazon.in/gp/customer-reviews/RTQBTMBCR3H59/ref=cm_cr_othr_d_rvw_ttl?ie=UTF8&ASIN=B0B5LVS732,,This watch is one of the favourite,True,False,[],2024-12-28,13,Colour: Jet Black,"[{'key': 'Colour', 'value': 'Jet Black'}]",,,https://www.amazon.in/product-reviews/B0B5LVS732?pageNumber=2&filterByStar=all_stars&sortBy=helpful&formatType=all_formats&asin=B0B5LVS732&reftag=cm_cr_arp_d_paging_btm_next_2&scope=reviewsAjax0,allStars,,B0B5LVS732,B0B5LVS732,B0B5LVS732,"{'price': None, 'listPrice': None}",https://www.amazon.in//Noise-Bluetooth-Calling-Tracking-Detection/dp/B0B5LVS732/ref=zg_bs_g_5605728031_d_sccl_11/258-0776632-7362957?psc=1,India,
Reviewed in India on 27 December 2024,amzn1.account.AG4H7R3BABVRJPN2DU4W2OQILVJQ,https://www.amazon.in/gp/profile/amzn1.account.AG4H7R3BABVRJPN2DU4W2OQILVJQ/ref=cm_cr_othr_d_gw_tr?ie=UTF8,4,Beautiful,R2Y7RA1SFKYE75,https://www.amazon.in/gp/customer-reviews/R2Y7RA1SFKYE75/ref=cm_cr_othr_d_rvw_ttl?ie=UTF8&ASIN=B0B5LVS732,,I like color.,True,False,[],2024-12-27,14,Colour: Rose Pink,"[{'key': 'Colour', 'value': 'Rose Pink'}]",,,https://www.amazon.in/product-reviews/B0B5LVS732?pageNumber=2&filterByStar=all_stars&sortBy=helpful&formatType=all_formats&asin=B0B5LVS732&reftag=cm_cr_arp_d_paging_btm_next_2&scope=reviewsAjax0,allStars,,B0B5LVS732,B0B5LVS732,B0B5LVS732,"{'price': None, 'listPrice': None}",https://www.amazon.in//Noise-Bluetooth-Calling-Tracking-Detection/dp/B0B5LVS732/ref=zg_bs_g_5605728031_d_sccl_11/258-0776632-7362957?psc=1,India,
Reviewed in India on 25 December 2024,amzn1.account.AFDRCSCU4ZLJPFLUAWZVS36NC4LQ,https://www.amazon.in/gp/profile/amzn1.account.AFDRCSCU4ZLJPFLUAWZVS36NC4LQ/ref=cm_cr_othr_d_gw_tr?ie=UTF8,4,Good,RRANUCJOVP4G4,https://www.amazon.in/gp/customer-reviews/RRANUCJOVP4G4/ref=cm_cr_othr_d_rvw_ttl?ie=UTF8&ASIN=B0B5LVS732,,This price range it's good watch.,True,False,[],2024-12-25,15,Colour: Olive Green,"[{'key': 'Colour', 'value': 'Olive Green'}]",,,https://www.amazon.in/product-reviews/B0B5LVS732?pageNumber=2&filterByStar=all_stars&sortBy=helpful&formatType=all_formats&asin=B0B5LVS732&reftag=cm_cr_arp_d_paging_btm_next_2&scope=reviewsAjax0,allStars,,B0B5LVS732,B0B5LVS732,B0B5LVS732,"{'price': None, 'listPrice': None}",https://www.amazon.in//Noise-Bluetooth-Calling-Tracking-Detection/dp/B0B5LVS732/ref=zg_bs_g_5605728031_d_sccl_11/258-0776632-7362957?psc=1,India,
Reviewed in India on 25 December 2024,amzn1.account.AEJV2UW4UUL577TT5SHMSR7OWWSQ,https://www.amazon.in/gp/profile/amzn1.account.AEJV2UW4UUL577TT5SHMSR7OWWSQ/ref=cm_cr_othr_d_gw_tr?ie=UTF8,4,Worth for money,R16TAYUUTUBU3R,https://www.amazon.in/gp/customer-reviews/R16TAYUUTUBU3R/ref=cm_cr_othr_d_rvw_ttl?ie=UTF8&ASIN=B0B5LVS732,,Good features & battery life.,True,False,[],2024-12-25,16,Colour: Olive Green,"[{'key': 'Colour', 'value': 'Olive Green'}]",,,https://www.amazon.in/product-reviews/B0B5LVS732?pageNumber=2&filterByStar=all_stars&sortBy=helpful&formatType=all_formats&asin=B0B5LVS732&reftag=cm_cr_arp_d_paging_btm_next_2&scope=reviewsAjax0,allStars,,B0B5LVS732,B0B5LVS732,B0B5LVS732,"{'price': None, 'listPrice': None}",https://www.amazon.in//Noise-Bluetooth-Calling-Tracking-Detection/dp/B0B5LVS732/ref=zg_bs_g_5605728031_d_sccl_11/258-0776632-7362957?psc=1,India,
Reviewed in India on 18 January 2025,amzn1.account.AEXK25HYI62GGLC6VYDASVKDWHFQ,https://www.amazon.in/gp/profile/amzn1.account.AEXK25HYI62GGLC6VYDASVKDWHFQ/ref=cm_cr_othr_d_gw_tr?ie=UTF8,5,Design of this watch is perfect,R2JADY0PNRQNBF,https://www.amazon.in/gp/customer-reviews/R2JADY0PNRQNBF/ref=cm_cr_othr_d_rvw_ttl?ie=UTF8&ASIN=B0B5LVS732,,So beautifulSo elegantJust looking like a wow💝💝💝,True,False,['https://m.media-amazon.com/images/I/71Zk1ZZ+z4L._SY88.jpg'],2025-01-18,57,Colour: Mist Grey,"[{'key': 'Colour', 'value': 'Mist Grey'}]",,,https://www.amazon.in/product-reviews/B0B5LVS732?pageNumber=8&filterByStar=all_stars&sortBy=helpful&formatType=all_formats&asin=B0B5LVS732&reftag=cm_cr_arp_d_paging_btm_next_8&scope=reviewsAjax0,allStars,,B0B5LVS732,B0B5LVS732,B0B5LVS732,"{'price': None, 'listPrice': None}",https://www.amazon.in//Noise-Bluetooth-Calling-Tracking-Detection/dp/B0B5LVS732/ref=zg_bs_g_5605728031_d_sccl_11/258-0776632-7362957?psc=1,India,
Reviewed in India on 19 January 2025,amzn1.account.AEPFAMVDRSKIQSTU3AIFBYGNFL5A,https://www.amazon.in/gp/profile/amzn1.account.AEPFAMVDRSKIQSTU3AIFBYGNFL5A/ref=cm_cr_othr_d_gw_tr?ie=UTF8,5,Nice product,R219BJ7Q27SH96,https://www.amazon.in/gp/customer-reviews/R219BJ7Q27SH96/ref=cm_cr_othr_d_rvw_ttl?ie=UTF8&ASIN=B0B5LVS732,,Perfect and stylish watch,True,False,[],2025-01-19,58,Colour: Rose Pink,"[{'key': 'Colour', 'value': 'Rose Pink'}]",,,https://www.amazon.in/product-reviews/B0B5LVS732?pageNumber=8&filterByStar=all_stars&sortBy=helpful&formatType=all_formats&asin=B0B5LVS732&reftag=cm_cr_arp_d_paging_btm_next_8&scope=reviewsAjax0,allStars,,B0B5LVS732,B0B5LVS732,B0B5LVS732,"{'price': None, 'listPrice': None}",https://www.amazon.in//Noise-Bluetooth-Calling-Tracking-Detection/dp/B0B5LVS732/ref=zg_bs_g_5605728031_d_sccl_11/258-0776632-7362957?psc=1,India,
Reviewed in India on 13 January 2025,amzn1.account.AGUHSFTMKWASJS2W7O475LNTH44A,https://www.amazon.in/gp/profile/amzn1.account.AGUHSFTMKWASJS2W7O475LNTH44A/ref=cm_cr_othr_d_gw_tr?ie=UTF8,5,The product is good,R1J0J0ENCVNT7J,https://www.amazon.in/gp/customer-reviews/R1J0J0ENCVNT7J/ref=cm_cr_othr_d_rvw_ttl?ie=UTF8&ASIN=B0B5LVS732,,"The product is good and awsome ,but package is not good",True,False,[],2025-01-13,59,Colour: Rose Pink,"[{'key': 'Colour', 'value': 'Rose Pink'}]",,,https://www.amazon.in/product-reviews/B0B5LVS732?pageNumber=8&filterByStar=all_stars&sortBy=helpful&formatType=all_formats&asin=B0B5LVS732&reftag=cm_cr_arp_d_paging_btm_next_8&scope=reviewsAjax0,allStars,,B0B5LVS732,B0B5LVS732,B0B5LVS732,"{'price': None, 'listPrice': None}",https://www.amazon.in//Noise-Bluetooth-Calling-Tracking-Detection/dp/B0B5LVS732/ref=zg_bs_g_5605728031_d_sccl_11/258-0776632-7362957?psc=1,India,
Reviewed in India on 16 January 2025,amzn1.account.AHNZMZ5ILFJA7WVPW545JGNOMAMA,https://www.amazon.in/gp/profile/amzn1.account.AHNZMZ5ILFJA7WVPW545JGNOMAMA/ref=cm_cr_othr_d_gw_tr?ie=UTF8,5,Good for the price range,R31L24M44OKJ2V,https://www.amazon.in/gp/customer-reviews/R31L24M44OKJ2V/ref=cm_cr_othr_d_rvw_ttl?ie=UTF8&ASIN=B0B5LVS732,,It's functional and working as expected,True,False,[],2025-01-16,60,Colour: Jet Black,"[{'key': 'Colour', 'value': 'Jet Black'}]",,,https://www.amazon.in/product-reviews/B0B5LVS732?pageNumber=8&filterByStar=all_stars&sortBy=helpful&formatType=all_formats&asin=B0B5LVS732&reftag=cm_cr_arp_d_paging_btm_next_8&scope=reviewsAjax0,allStars,,B0B5LVS732,B0B5LVS732,B0B5LVS732,"{'price': None, 'listPrice': None}",https://www.amazon.in//Noise-Bluetooth-Calling-Tracking-Detection/dp/B0B5LVS732/ref=zg_bs_g_5605728031_d_sccl_11/258-0776632-7362957?psc=1,India,
Reviewed in India on 18 January 2025,amzn1.account.AFDSACM5GVMP7LNHAS6WL532SDMQ,https://www.amazon.in/gp/profile/amzn1.account.AFDSACM5GVMP7LNHAS6WL532SDMQ/ref=cm_cr_othr_d_gw_tr?ie=UTF8,5,Good,R3H65MT40DW2VB,https://www.amazon.in/gp/customer-reviews/R3H65MT40DW2VB/ref=cm_cr_othr_d_rvw_ttl?ie=UTF8&ASIN=B0B5LVS732,,Good,True,False,[],2025-01-18,61,Colour: Olive Green,"[{'key': 'Colour', 'value': 'Olive Green'}]",,,https://www.amazon.in/product-reviews/B0B5LVS732?pageNumber=8&filterByStar=all_stars&sortBy=helpful&formatType=all_formats&asin=B0B5LVS732&reftag=cm_cr_arp_d_paging_btm_next_8&scope=reviewsAjax0,allStars,,B0B5LVS732,B0B5LVS732,B0B5LVS732,"{'price': None, 'listPrice': None}",https://www.amazon.in//Noise-Bluetooth-Calling-Tracking-Detection/dp/B0B5LVS732/ref=zg_bs_g_5605728031_d_sccl_11/258-0776632-7362957?psc=1,India,
Reviewed in India on 30 November 2024,amzn1.account.AF4LOBCGDEYYTEVVOYOZTXENUUTA,https://www.amazon.in/gp/profile/amzn1.account.AF4LOBCGDEYYTEVVOYOZTXENUUTA/ref=cm_cr_othr_d_gw_tr?ie=UTF8,3,For this price it is ok ok product,R1U8MDENECGYID,https://www.amazon.in/gp/customer-reviews/R1U8MDENECGYID/ref=cm_cr_othr_d_rvw_ttl?ie=UTF8&ASIN=B0B5LVS732,,"This smartwatch has poor sensor performance. If I travel by bus, it will also count my steps. When I turn my hand towards myself, the lights come on after two seconds. Battery capacity is so good.  Sound quality is acceptable.",True,False,[],2024-11-30,62,Colour: Mist Grey,"[{'key': 'Colour', 'value': 'Mist Grey'}]",,,https://www.amazon.in/product-reviews/B0B5LVS732?pageNumber=8&filterByStar=all_stars&sortBy=helpful&formatType=all_formats&asin=B0B5LVS732&reftag=cm_cr_arp_d_paging_btm_next_8&scope=reviewsAjax0,allStars,,B0B5LVS732,B0B5LVS732,B0B5LVS732,"{'price': None, 'listPrice': None}",https://www.amazon.in//Noise-Bluetooth-Calling-Tracking-Detection/dp/B0B5LVS732/ref=zg_bs_g_5605728031_d_sccl_11/258-0776632-7362957?psc=1,India,
Reviewed in India on 6 November 2024,amzn1.account.AEJ2PMDHYS5YN5HIO4CPHV6KBZWQ,https://www.amazon.in/gp/profile/amzn1.account.AEJ2PMDHYS5YN5HIO4CPHV6KBZWQ/ref=cm_cr_othr_d_gw_tr?ie=UTF8,4,Amazing product,R1FEAKGQVOIU2H,https://www.amazon.in/gp/customer-reviews/R1FEAKGQVOIU2H/ref=cm_cr_othr_d_rvw_ttl?ie=UTF8&ASIN=B0B5LVS732,,,True,False,['https://m.media-amazon.com/images/I/519OOuiC3FL._SY88.jpg'],2024-11-06,63,Colour: Rose Pink,"[{'key': 'Colour', 'value': 'Rose Pink'}]",,,https://www.amazon.in/product-reviews/B0B5LVS732?pageNumber=8&filterByStar=all_stars&sortBy=helpful&formatType=all_formats&asin=B0B5LVS732&reftag=cm_cr_arp_d_paging_btm_next_8&scope=reviewsAjax0,allStars,,B0B5LVS732,B0B5LVS732,B0B5LVS732,"{'price': None, 'listPrice': None}",https://www.amazon.in//Noise-Bluetooth-Calling-Tracking-Detection/dp/B0B5LVS732/ref=zg_bs_g_5605728031_d_sccl_11/258-0776632-7362957?psc=1,India,
Reviewed in India on 22 December 2024,amzn1.account.AG7ZDUUTUIME2SG2U2PYNXOVW6XA,https://www.amazon.in/gp/profile/amzn1.account.AG7ZDUUTUIME2SG2U2PYNXOVW6XA/ref=cm_cr_othr_d_gw_tr?ie=UTF8,3,Looking like white colour. But I thought it's grey.,R1XJIWKTMHWJKZ,https://www.amazon.in/gp/customer-reviews/R1XJIWKTMHWJKZ/ref=cm_cr_othr_d_rvw_ttl?ie=UTF8&ASIN=B0B5LVS732,,Dislike it's colour. Wanna return and change the colour,True,False,['https://m.media-amazon.com/images/I/61szQhu1feL._SY88.jpg'],2024-12-22,64,Colour: Mist Grey,"[{'key': 'Colour', 'value': 'Mist Grey'}]",,,https://www.amazon.in/product-reviews/B0B5LVS732?pageNumber=8&filterByStar=all_stars&sortBy=helpful&formatType=all_formats&asin=B0B5LVS732&reftag=cm_cr_arp_d_paging_btm_next_8&scope=reviewsAjax0,allStars,,B0B5LVS732,B0B5LVS732,B0B5LVS732,"{'price': None, 'listPrice': None}",https://www.amazon.in//Noise-Bluetooth-Calling-Tracking-Detection/dp/B0B5LVS732/ref=zg_bs_g_5605728031_d_sccl_11/258-0776632-7362957?psc=1,India,
Reviewed in India on 9 November 2024,amzn1.account.AG4MVSJ4WAFARZZHV3UXMRI6XROQ,https://www.amazon.in/gp/profile/amzn1.account.AG4MVSJ4WAFARZZHV3UXMRI6XROQ/ref=cm_cr_othr_d_gw_tr?ie=UTF8,4,Good,R28AGZS57RIZZ2,https://www.amazon.in/gp/customer-reviews/R28AGZS57RIZZ2/ref=cm_cr_othr_d_rvw_ttl?ie=UTF8&ASIN=B0B5LVS732,,अच्छा प्रोडक्ट है,True,False,[],2024-11-09,49,Colour: Jet Black,"[{'key': 'Colour', 'value': 'Jet Black'}]",,,https://www.amazon.in/product-reviews/B0B5LVS732?pageNumber=7&filterByStar=all_stars&sortBy=helpful&formatType=all_formats&asin=B0B5LVS732&reftag=cm_cr_arp_d_paging_btm_next_7&scope=reviewsAjax0,allStars,,B0B5LVS732,B0B5LVS732,B0B5LVS732,"{'price': None, 'listPrice': None}",https://www.amazon.in//Noise-Bluetooth-Calling-Tracking-Detection/dp/B0B5LVS732/ref=zg_bs_g_5605728031_d_sccl_11/258-0776632-7362957?psc=1,India,
Reviewed in India on 17 December 2024,amzn1.account.AHPBEQ6POYDBFE73H7FZUGOCUXQA,https://www.amazon.in/gp/profile/amzn1.account.AHPBEQ6POYDBFE73H7FZUGOCUXQA/ref=cm_cr_othr_d_gw_tr?ie=UTF8,3,Good,R1F0KM4PN39C9V,https://www.amazon.in/gp/customer-reviews/R1F0KM4PN39C9V/ref=cm_cr_othr_d_rvw_ttl?ie=UTF8&ASIN=B0B5LVS732,,Its features are good but one thing I don't like that is its button features it doesn't off while i press power button other things is good.,True,False,[],2024-12-17,50,Colour: Olive Green,"[{'key': 'Colour', 'value': 'Olive Green'}]",,,https://www.amazon.in/product-reviews/B0B5LVS732?pageNumber=7&filterByStar=all_stars&sortBy=helpful&formatType=all_formats&asin=B0B5LVS732&reftag=cm_cr_arp_d_paging_btm_next_7&scope=reviewsAjax0,allStars,,B0B5LVS732,B0B5LVS732,B0B5LVS732,"{'price': None, 'listPrice': None}",https://www.amazon.in//Noise-Bluetooth-Calling-Tracking-Detection/dp/B0B5LVS732/ref=zg_bs_g_5605728031_d_sccl_11/258-0776632-7362957?psc=1,India,
Reviewed in India on 18 January 2025,amzn1.account.AGX5OA7VH5DKNAALJWO2YJVGJT4Q,https://www.amazon.in/gp/profile/amzn1.account.AGX5OA7VH5DKNAALJWO2YJVGJT4Q/ref=cm_cr_othr_d_gw_tr?ie=UTF8,5,1 year review,R1A5APPJW0JTL,https://www.amazon.in/gp/customer-reviews/R1A5APPJW0JTL/ref=cm_cr_othr_d_rvw_ttl?ie=UTF8&ASIN=B0B5LVS732,,Best watch I uss all year,True,False,[],2025-01-18,51,Colour: Midnight Blue,"[{'key': 'Colour', 'value': 'Midnight Blue'}]",,,https://www.amazon.in/product-reviews/B0B5LVS732?pageNumber=7&filterByStar=all_stars&sortBy=helpful&formatType=all_formats&asin=B0B5LVS732&reftag=cm_cr_arp_d_paging_btm_next_7&scope=reviewsAjax0,allStars,,B0B5LVS732,B0B5LVS732,B0B5LVS732,"{'price': None, 'listPrice': None}",https://www.amazon.in//Noise-Bluetooth-Calling-Tracking-Detection/dp/B0B5LVS732/ref=zg_bs_g_5605728031_d_sccl_11/258-0776632-7362957?psc=1,India,
Reviewed in India on 4 November 2024,amzn1.account.AEHG2R6SF5JOYDX22WNPGBP4IOHA,https://www.amazon.in/gp/profile/amzn1.account.AEHG2R6SF5JOYDX22WNPGBP4IOHA/ref=cm_cr_othr_d_gw_tr?ie=UTF8,4,Noise colorfit,RAKLIJ210RG8Z,https://www.amazon.in/gp/customer-reviews/RAKLIJ210RG8Z/ref=cm_cr_othr_d_rvw_ttl?ie=UTF8&ASIN=B0B5LVS732,,"Nice watch,good quality, worth for money",True,False,['https://m.media-amazon.com/images/I/61a2MMiItOL._SY88.jpg'],2024-11-04,52,Colour: Rose Pink,"[{'key': 'Colour', 'value': 'Rose Pink'}]",,,https://www.amazon.in/product-reviews/B0B5LVS732?pageNumber=7&filterByStar=all_stars&sortBy=helpful&formatType=all_formats&asin=B0B5LVS732&reftag=cm_cr_arp_d_paging_btm_next_7&scope=reviewsAjax0,allStars,,B0B5LVS732,B0B5LVS732,B0B5LVS732,"{'price': None, 'listPrice': None}",https://www.amazon.in//Noise-Bluetooth-Calling-Tracking-Detection/dp/B0B5LVS732/ref=zg_bs_g_5605728031_d_sccl_11/258-0776632-7362957?psc=1,India,
Reviewed in India on 6 November 2024,amzn1.account.AFLXIBUVTFAW7KBL72FTF7LFGDTA,https://www.amazon.in/gp/profile/amzn1.account.AFLXIBUVTFAW7KBL72FTF7LFGDTA/ref=cm_cr_othr_d_gw_tr?ie=UTF8,4,Good,RAH3V74KKPSRJ,https://www.amazon.in/gp/customer-reviews/RAH3V74KKPSRJ/ref=cm_cr_othr_d_rvw_ttl?ie=UTF8&ASIN=B0B5LVS732,,Good,True,False,['https://m.media-amazon.com/images/I/61BPCBqdx0L._SY88.jpg'],2024-11-06,53,Colour: Midnight Blue,"[{'key': 'Colour', 'value': 'Midnight Blue'}]",,,https://www.amazon.in/product-reviews/B0B5LVS732?pageNumber=7&filterByStar=all_stars&sortBy=helpful&formatType=all_formats&asin=B0B5LVS732&reftag=cm_cr_arp_d_paging_btm_next_7&scope=reviewsAjax0,allStars,,B0B5LVS732,B0B5LVS732,B0B5LVS732,"{'price': None, 'listPrice': None}",https://www.amazon.in//Noise-Bluetooth-Calling-Tracking-Detection/dp/B0B5LVS732/ref=zg_bs_g_5605728031_d_sccl_11/258-0776632-7362957?psc=1,India,
Reviewed in India on 25 January 2025,amzn1.account.AHYHBVTXBQVMIDUKW4G3KI42OHVA,https://www.amazon.in/gp/profile/amzn1.account.AHYHBVTXBQVMIDUKW4G3KI42OHVA/ref=cm_cr_othr_d_gw_tr?ie=UTF8,5,Amazing product ✨,R20NQ03KQ2HYVT,https://www.amazon.in/gp/customer-reviews/R20NQ03KQ2HYVT/ref=cm_cr_othr_d_rvw_ttl?ie=UTF8&ASIN=B0B5LVS732,,Good,True,False,[],2025-01-25,54,Colour: Rose Pink,"[{'key': 'Colour', 'value': 'Rose Pink'}]",,,https://www.amazon.in/product-reviews/B0B5LVS732?pageNumber=7&filterByStar=all_stars&sortBy=helpful&formatType=all_formats&asin=B0B5LVS732&reftag=cm_cr_arp_d_paging_btm_next_7&scope=reviewsAjax0,allStars,,B0B5LVS732,B0B5LVS732,B0B5LVS732,"{'price': None, 'listPrice': None}",https://www.amazon.in//Noise-Bluetooth-Calling-Tracking-Detection/dp/B0B5LVS732/ref=zg_bs_g_5605728031_d_sccl_11/258-0776632-7362957?psc=1,India,
Reviewed in India on 22 October 2024,amzn1.account.AFXJFSZRPOZTYQMEJTEQMW2NYBGQ,https://www.amazon.in/gp/profile/amzn1.account.AFXJFSZRPOZTYQMEJTEQMW2NYBGQ/ref=cm_cr_othr_d_gw_tr?ie=UTF8,4,"Genuine Review,Stopped Working after 2 Years; Otherwise good.",R174K3ZVOWDML2,https://www.amazon.in/gp/customer-reviews/R174K3ZVOWDML2/ref=cm_cr_othr_d_rvw_ttl?ie=UTF8&ASIN=B0B5LVS732,,Watch was good throught 2 years. Bought it for 1.5k or 2. Good on RoI as I have been offered to get exchange value of 1k to buy watch from a local shop.,True,False,[],2024-10-22,55,Colour: Midnight Blue,"[{'key': 'Colour', 'value': 'Midnight Blue'}]",,,https://www.amazon.in/product-reviews/B0B5LVS732?pageNumber=7&filterByStar=all_stars&sortBy=helpful&formatType=all_formats&asin=B0B5LVS732&reftag=cm_cr_arp_d_paging_btm_next_7&scope=reviewsAjax0,allStars,,B0B5LVS732,B0B5LVS732,B0B5LVS732,"{'price': None, 'listPrice': None}",https://www.amazon.in//Noise-Bluetooth-Calling-Tracking-Detection/dp/B0B5LVS732/ref=zg_bs_g_5605728031_d_sccl_11/258-0776632-7362957?psc=1,India,
Reviewed in India on 9 November 2024,amzn1.account.AHCYJQYEUEC3VRD6JE5AQVHRCMCA,https://www.amazon.in/gp/profile/amzn1.account.AHCYJQYEUEC3VRD6JE5AQVHRCMCA/ref=cm_cr_othr_d_gw_tr?ie=UTF8,4,Best product  but 6.69  display need gold en chain,R10GF7KS0RR68G,https://www.amazon.in/gp/customer-reviews/R10GF7KS0RR68G/ref=cm_cr_othr_d_rvw_ttl?ie=UTF8&ASIN=B0B5LVS732,,Display quality and colour,True,False,[],2024-11-09,56,Colour: Rose Pink,"[{'key': 'Colour', 'value': 'Rose Pink'}]",,,https://www.amazon.in/product-reviews/B0B5LVS732?pageNumber=7&filterByStar=all_stars&sortBy=helpful&formatType=all_formats&asin=B0B5LVS732&reftag=cm_cr_arp_d_paging_btm_next_7&scope=reviewsAjax0,allStars,,B0B5LVS732,B0B5LVS732,B0B5LVS732,"{'price': None, 'listPrice': None}",https://www.amazon.in//Noise-Bluetooth-Calling-Tracking-Detection/dp/B0B5LVS732/ref=zg_bs_g_5605728031_d_sccl_11/258-0776632-7362957?psc=1,India,
Reviewed in India on 21 November 2024,amzn1.account.AF35AQYGOTCDZ26TGTZFEITNQQMA,https://www.amazon.in/gp/profile/amzn1.account.AF35AQYGOTCDZ26TGTZFEITNQQMA/ref=cm_cr_othr_d_gw_tr?ie=UTF8,4,Good product,R3MN4AJIFHBQP1,https://www.amazon.in/gp/customer-reviews/R3MN4AJIFHBQP1/ref=cm_cr_othr_d_rvw_ttl?ie=UTF8&ASIN=B0B5LVS732,,"Good product, only suggestion - could've added better battery life.",True,False,[],2024-11-21,33,Colour: Jet Black,"[{'key': 'Colour', 'value': 'Jet Black'}]",,,https://www.amazon.in/product-reviews/B0B5LVS732?pageNumber=5&filterByStar=all_stars&sortBy=helpful&formatType=all_formats&asin=B0B5LVS732&reftag=cm_cr_arp_d_paging_btm_next_5&scope=reviewsAjax0,allStars,,B0B5LVS732,B0B5LVS732,B0B5LVS732,"{'price': None, 'listPrice': None}",https://www.amazon.in//Noise-Bluetooth-Calling-Tracking-Detection/dp/B0B5LVS732/ref=zg_bs_g_5605728031_d_sccl_11/258-0776632-7362957?psc=1,India,
Reviewed in India on 26 November 2024,amzn1.account.AEFNR5ARGGPETJOJM3KEITSZIOPQ,https://www.amazon.in/gp/profile/amzn1.account.AEFNR5ARGGPETJOJM3KEITSZIOPQ/ref=cm_cr_othr_d_gw_tr?ie=UTF8,4,Good,R1CU6W0BPXSWZX,https://www.amazon.in/gp/customer-reviews/R1CU6W0BPXSWZX/ref=cm_cr_othr_d_rvw_ttl?ie=UTF8&ASIN=B0B5LVS732,One person found this helpful,Good,True,False,[],2024-11-26,34,Colour: Jet Black,"[{'key': 'Colour', 'value': 'Jet Black'}]",,,https://www.amazon.in/product-reviews/B0B5LVS732?pageNumber=5&filterByStar=all_stars&sortBy=helpful&formatType=all_formats&asin=B0B5LVS732&reftag=cm_cr_arp_d_paging_btm_next_5&scope=reviewsAjax0,allStars,,B0B5LVS732,B0B5LVS732,B0B5LVS732,"{'price': None, 'listPrice': None}",https://www.amazon.in//Noise-Bluetooth-Calling-Tracking-Detection/dp/B0B5LVS732/ref=zg_bs_g_5605728031_d_sccl_11/258-0776632-7362957?psc=1,India,
Reviewed in India on 24 November 2024,amzn1.account.AEBPJ2TSZO26RZP4KTSGVBZUQKUQ,https://www.amazon.in/gp/profile/amzn1.account.AEBPJ2TSZO26RZP4KTSGVBZUQKUQ/ref=cm_cr_othr_d_gw_tr?ie=UTF8,4,Good product,R2Z3Z6XU69QOP9,https://www.amazon.in/gp/customer-reviews/R2Z3Z6XU69QOP9/ref=cm_cr_othr_d_rvw_ttl?ie=UTF8&ASIN=B0B5LVS732,2 people found this helpful,Very good product from noise,True,False,['https://m.media-amazon.com/images/I/51yDtVOBTNL._SY88.jpg'],2024-11-24,35,Colour: Rose Pink,"[{'key': 'Colour', 'value': 'Rose Pink'}]",,,https://www.amazon.in/product-reviews/B0B5LVS732?pageNumber=5&filterByStar=all_stars&sortBy=helpful&formatType=all_formats&asin=B0B5LVS732&reftag=cm_cr_arp_d_paging_btm_next_5&scope=reviewsAjax0,allStars,,B0B5LVS732,B0B5LVS732,B0B5LVS732,"{'price': None, 'listPrice': None}",https://www.amazon.in//Noise-Bluetooth-Calling-Tracking-Detection/dp/B0B5LVS732/ref=zg_bs_g_5605728031_d_sccl_11/258-0776632-7362957?psc=1,India,
Reviewed in India on 24 November 2024,amzn1.account.AFFHB6FH4V2IR2LOGYAS3ED2ZVRA,https://www.amazon.in/gp/profile/amzn1.account.AFFHB6FH4V2IR2LOGYAS3ED2ZVRA/ref=cm_cr_othr_d_gw_tr?ie=UTF8,4,Good,R3BF17I36YO6C3,https://www.amazon.in/gp/customer-reviews/R3BF17I36YO6C3/ref=cm_cr_othr_d_rvw_ttl?ie=UTF8&ASIN=B0B5LVS732,,Good,True,False,[],2024-11-24,36,Colour: Mist Grey,"[{'key': 'Colour', 'value': 'Mist Grey'}]",,,https://www.amazon.in/product-reviews/B0B5LVS732?pageNumber=5&filterByStar=all_stars&sortBy=helpful&formatType=all_formats&asin=B0B5LVS732&reftag=cm_cr_arp_d_paging_btm_next_5&scope=reviewsAjax0,allStars,,B0B5LVS732,B0B5LVS732,B0B5LVS732,"{'price': None, 'listPrice': None}",https://www.amazon.in//Noise-Bluetooth-Calling-Tracking-Detection/dp/B0B5LVS732/ref=zg_bs_g_5605728031_d_sccl_11/258-0776632-7362957?psc=1,India,
Reviewed in India on 19 November 2024,amzn1.account.AGOAJH3SSOSHFYRJISEJ7Y7WPFPQ,https://www.amazon.in/gp/profile/amzn1.account.AGOAJH3SSOSHFYRJISEJ7Y7WPFPQ/ref=cm_cr_othr_d_gw_tr?ie=UTF8,4,Simple and elegant,RIB035A99RZF4,https://www.amazon.in/gp/customer-reviews/RIB035A99RZF4/ref=cm_cr_othr_d_rvw_ttl?ie=UTF8&ASIN=B0B5LVS732,,Low weight and easy to wear,True,False,['https://m.media-amazon.com/images/I/71x9I7iPNIL._SY88.jpg'],2024-11-19,37,Colour: Mist Grey,"[{'key': 'Colour', 'value': 'Mist Grey'}]",,,https://www.amazon.in/product-reviews/B0B5LVS732?pageNumber=5&filterByStar=all_stars&sortBy=helpful&formatType=all_formats&asin=B0B5LVS732&reftag=cm_cr_arp_d_paging_btm_next_5&scope=reviewsAjax0,allStars,,B0B5LVS732,B0B5LVS732,B0B5LVS732,"{'price': None, 'listPrice': None}",https://www.amazon.in//Noise-Bluetooth-Calling-Tracking-Detection/dp/B0B5LVS732/ref=zg_bs_g_5605728031_d_sccl_11/258-0776632-7362957?psc=1,India,
Reviewed in India on 1 October 2024,amzn1.account.AETX7QTIACQM4YD2ZCFA4LFIYF5Q,https://www.amazon.in/gp/profile/amzn1.account.AETX7QTIACQM4YD2ZCFA4LFIYF5Q/ref=cm_cr_othr_d_gw_tr?ie=UTF8,4,Value for money,R1PTOUEFLITI9M,https://www.amazon.in/gp/customer-reviews/R1PTOUEFLITI9M/ref=cm_cr_othr_d_rvw_ttl?ie=UTF8&ASIN=B0B5LVS732,6 people found this helpful,"Build quality is great. Keep in mind that you will have to download the app to change the watch faces as the default faces are very ugly.It may not be the most accurate in the world but it does a pretty good job. So if you have very specific medical requirements, this may not be the item for you. Other than that, it's a great watch for daily use and even for running.The bottom bezel is very thick. Maybe this can be improved in newer models.",True,False,['https://m.media-amazon.com/images/I/61+Bghw+L+L._SY88.jpg'],2024-10-01,38,Colour: Jet Black,"[{'key': 'Colour', 'value': 'Jet Black'}]",,,https://www.amazon.in/product-reviews/B0B5LVS732?pageNumber=5&filterByStar=all_stars&sortBy=helpful&formatType=all_formats&asin=B0B5LVS732&reftag=cm_cr_arp_d_paging_btm_next_5&scope=reviewsAjax0,allStars,,B0B5LVS732,B0B5LVS732,B0B5LVS732,"{'price': None, 'listPrice': None}",https://www.amazon.in//Noise-Bluetooth-Calling-Tracking-Detection/dp/B0B5LVS732/ref=zg_bs_g_5605728031_d_sccl_11/258-0776632-7362957?psc=1,India,
Reviewed in India on 11 January 2025,amzn1.account.AFKAYLTKXZXIK6WKQYPWE6N7V52A,https://www.amazon.in/gp/profile/amzn1.account.AFKAYLTKXZXIK6WKQYPWE6N7V52A/ref=cm_cr_othr_d_gw_tr?ie=UTF8,3,Non scratch resistant,R1HWJ45TYWWTET,https://www.amazon.in/gp/customer-reviews/R1HWJ45TYWWTET/ref=cm_cr_othr_d_rvw_ttl?ie=UTF8&ASIN=B0B5LVS732,,It is getting scratches very fast,True,False,[],2025-01-11,39,Colour: Rose Pink,"[{'key': 'Colour', 'value': 'Rose Pink'}]",,,https://www.amazon.in/product-reviews/B0B5LVS732?pageNumber=5&filterByStar=all_stars&sortBy=helpful&formatType=all_formats&asin=B0B5LVS732&reftag=cm_cr_arp_d_paging_btm_next_5&scope=reviewsAjax0,allStars,,B0B5LVS732,B0B5LVS732,B0B5LVS732,"{'price': None, 'listPrice': None}",https://www.amazon.in//Noise-Bluetooth-Calling-Tracking-Detection/dp/B0B5LVS732/ref=zg_bs_g_5605728031_d_sccl_11/258-0776632-7362957?psc=1,India,
Reviewed in India on 14 November 2024,amzn1.account.AFQYSYMKMDAAZJDVNDL5WTV33HKA,https://www.amazon.in/gp/profile/amzn1.account.AFQYSYMKMDAAZJDVNDL5WTV33HKA/ref=cm_cr_othr_d_gw_tr?ie=UTF8,4,Good product,R17S63L879I73T,https://www.amazon.in/gp/customer-reviews/R17S63L879I73T/ref=cm_cr_othr_d_rvw_ttl?ie=UTF8&ASIN=B0B5LVS732,,Nice product small size the only downside is we cannot customise watch frontface only for paid  people,True,False,['https://m.media-amazon.com/images/I/71xbzP65b6L._SY88.jpg'],2024-11-14,40,Colour: Jet Black,"[{'key': 'Colour', 'value': 'Jet Black'}]",,,https://www.amazon.in/product-reviews/B0B5LVS732?pageNumber=5&filterByStar=all_stars&sortBy=helpful&formatType=all_formats&asin=B0B5LVS732&reftag=cm_cr_arp_d_paging_btm_next_5&scope=reviewsAjax0,allStars,,B0B5LVS732,B0B5LVS732,B0B5LVS732,"{'price': None, 'listPrice': None}",https://www.amazon.in//Noise-Bluetooth-Calling-Tracking-Detection/dp/B0B5LVS732/ref=zg_bs_g_5605728031_d_sccl_11/258-0776632-7362957?psc=1,India,
Reviewed in India on 31 October 2024,amzn1.account.AH3YY2HEXXODD6SU6BQ44GUZ3H3Q,https://www.amazon.in/gp/profile/amzn1.account.AH3YY2HEXXODD6SU6BQ44GUZ3H3Q/ref=cm_cr_othr_d_gw_tr?ie=UTF8,4,Good,R2KSNG8VJ0UJIZ,https://www.amazon.in/gp/customer-reviews/R2KSNG8VJ0UJIZ/ref=cm_cr_othr_d_rvw_ttl?ie=UTF8&ASIN=B0B5LVS732,,2 yr complete,True,False,[],2024-10-31,65,Colour: Jet Black,"[{'key': 'Colour', 'value': 'Jet Black'}]",,,https://www.amazon.in/product-reviews/B0B5LVS732?pageNumber=9&filterByStar=all_stars&sortBy=helpful&formatType=all_formats&asin=B0B5LVS732&reftag=cm_cr_arp_d_paging_btm_next_9&scope=reviewsAjax0,allStars,,B0B5LVS732,B0B5LVS732,B0B5LVS732,"{'price': None, 'listPrice': None}",https://www.amazon.in//Noise-Bluetooth-Calling-Tracking-Detection/dp/B0B5LVS732/ref=zg_bs_g_5605728031_d_sccl_11/258-0776632-7362957?psc=1,India,
Reviewed in India on 11 January 2025,amzn1.account.AHSNSZPC62N67TDDT7L7T4UY4IDQ,https://www.amazon.in/gp/profile/amzn1.account.AHSNSZPC62N67TDDT7L7T4UY4IDQ/ref=cm_cr_othr_d_gw_tr?ie=UTF8,5,Good Product,R17V2ML0GL02I7,https://www.amazon.in/gp/customer-reviews/R17V2ML0GL02I7/ref=cm_cr_othr_d_rvw_ttl?ie=UTF8&ASIN=B0B5LVS732,,this product is very nice.,True,False,[],2025-01-11,66,Colour: Jet Black,"[{'key': 'Colour', 'value': 'Jet Black'}]",,,https://www.amazon.in/product-reviews/B0B5LVS732?pageNumber=9&filterByStar=all_stars&sortBy=helpful&formatType=all_formats&asin=B0B5LVS732&reftag=cm_cr_arp_d_paging_btm_next_9&scope=reviewsAjax0,allStars,,B0B5LVS732,B0B5LVS732,B0B5LVS732,"{'price': None, 'listPrice': None}",https://www.amazon.in//Noise-Bluetooth-Calling-Tracking-Detection/dp/B0B5LVS732/ref=zg_bs_g_5605728031_d_sccl_11/258-0776632-7362957?psc=1,India,
Reviewed in India on 10 January 2025,amzn1.account.AEVCX7ARUM4GPWYYRQT7KDMTAZFA,https://www.amazon.in/gp/profile/amzn1.account.AEVCX7ARUM4GPWYYRQT7KDMTAZFA/ref=cm_cr_othr_d_gw_tr?ie=UTF8,5,Worth the price.,R1FSI7KPLJFMEE,https://www.amazon.in/gp/customer-reviews/R1FSI7KPLJFMEE/ref=cm_cr_othr_d_rvw_ttl?ie=UTF8&ASIN=B0B5LVS732,,It justified it's price. Good watch 💯,True,False,['https://m.media-amazon.com/images/I/611pYJ+WSTL._SY88.jpg'],2025-01-10,67,Colour: Jet Black,"[{'key': 'Colour', 'value': 'Jet Black'}]",,,https://www.amazon.in/product-reviews/B0B5LVS732?pageNumber=9&filterByStar=all_stars&sortBy=helpful&formatType=all_formats&asin=B0B5LVS732&reftag=cm_cr_arp_d_paging_btm_next_9&scope=reviewsAjax0,allStars,,B0B5LVS732,B0B5LVS732,B0B5LVS732,"{'price': None, 'listPrice': None}",https://www.amazon.in//Noise-Bluetooth-Calling-Tracking-Detection/dp/B0B5LVS732/ref=zg_bs_g_5605728031_d_sccl_11/258-0776632-7362957?psc=1,India,
Reviewed in India on 3 November 2024,amzn1.account.AH55BH6L222QDAF2FXPLKFF2DD5A,https://www.amazon.in/gp/profile/amzn1.account.AH55BH6L222QDAF2FXPLKFF2DD5A/ref=cm_cr_othr_d_gw_tr?ie=UTF8,4,Nice UI,R2NQI9SHGPX5YV,https://www.amazon.in/gp/customer-reviews/R2NQI9SHGPX5YV/ref=cm_cr_othr_d_rvw_ttl?ie=UTF8&ASIN=B0B5LVS732,,Looks good,True,False,['https://m.media-amazon.com/images/I/612EmMFc3oL._SY88.jpg'],2024-11-03,68,Colour: Olive Green,"[{'key': 'Colour', 'value': 'Olive Green'}]",,,https://www.amazon.in/product-reviews/B0B5LVS732?pageNumber=9&filterByStar=all_stars&sortBy=helpful&formatType=all_formats&asin=B0B5LVS732&reftag=cm_cr_arp_d_paging_btm_next_9&scope=reviewsAjax0,allStars,,B0B5LVS732,B0B5LVS732,B0B5LVS732,"{'price': None, 'listPrice': None}",https://www.amazon.in//Noise-Bluetooth-Calling-Tracking-Detection/dp/B0B5LVS732/ref=zg_bs_g_5605728031_d_sccl_11/258-0776632-7362957?psc=1,India,
Reviewed in India on 3 November 2024,amzn1.account.AFQSMPESLODYSVKSMW5XSKMDORPA,https://www.amazon.in/gp/profile/amzn1.account.AFQSMPESLODYSVKSMW5XSKMDORPA/ref=cm_cr_othr_d_gw_tr?ie=UTF8,4,Belt quality is good,R1BKBE44HY1D42,https://www.amazon.in/gp/customer-reviews/R1BKBE44HY1D42/ref=cm_cr_othr_d_rvw_ttl?ie=UTF8&ASIN=B0B5LVS732,,Amazing product 😍😍🥰,True,False,['https://m.media-amazon.com/images/I/81V-8GygSnL._SY88.jpg'],2024-11-03,69,Colour: Rose Pink,"[{'key': 'Colour', 'value': 'Rose Pink'}]",,,https://www.amazon.in/product-reviews/B0B5LVS732?pageNumber=9&filterByStar=all_stars&sortBy=helpful&formatType=all_formats&asin=B0B5LVS732&reftag=cm_cr_arp_d_paging_btm_next_9&scope=reviewsAjax0,allStars,,B0B5LVS732,B0B5LVS732,B0B5LVS732,"{'price': None, 'listPrice': None}",https://www.amazon.in//Noise-Bluetooth-Calling-Tracking-Detection/dp/B0B5LVS732/ref=zg_bs_g_5605728031_d_sccl_11/258-0776632-7362957?psc=1,India,
Reviewed in India on 29 October 2024,amzn1.account.AHVRABJ25LIHV6YUUC6OJPO2WZSQ,https://www.amazon.in/gp/profile/amzn1.account.AHVRABJ25LIHV6YUUC6OJPO2WZSQ/ref=cm_cr_othr_d_gw_tr?ie=UTF8,4,Very good,R3HSC3M6NY3WCC,https://www.amazon.in/gp/customer-reviews/R3HSC3M6NY3WCC/ref=cm_cr_othr_d_rvw_ttl?ie=UTF8&ASIN=B0B5LVS732,,Product was working fine but broke after few days but was replaced. Good customer service 👍,True,False,[],2024-10-29,70,Colour: Olive Green,"[{'key': 'Colour', 'value': 'Olive Green'}]",,,https://www.amazon.in/product-reviews/B0B5LVS732?pageNumber=9&filterByStar=all_stars&sortBy=helpful&formatType=all_formats&asin=B0B5LVS732&reftag=cm_cr_arp_d_paging_btm_next_9&scope=reviewsAjax0,allStars,,B0B5LVS732,B0B5LVS732,B0B5LVS732,"{'price': None, 'listPrice': None}",https://www.amazon.in//Noise-Bluetooth-Calling-Tracking-Detection/dp/B0B5LVS732/ref=zg_bs_g_5605728031_d_sccl_11/258-0776632-7362957?psc=1,India,
Reviewed in India on 30 December 2024,amzn1.account.AFWYMPBGXV46MUI7RA6UDOENS7GA,https://www.amazon.in/gp/profile/amzn1.account.AFWYMPBGXV46MUI7RA6UDOENS7GA/ref=cm_cr_othr_d_gw_tr?ie=UTF8,5,Good quality,R1AGLGHG0UV1V5,https://www.amazon.in/gp/customer-reviews/R1AGLGHG0UV1V5/ref=cm_cr_othr_d_rvw_ttl?ie=UTF8&ASIN=B0B5LVS732,,"The watch is very good,been using it since 2022 and still very good in use",True,False,[],2024-12-30,71,Colour: Olive Green,"[{'key': 'Colour', 'value': 'Olive Green'}]",,,https://www.amazon.in/product-reviews/B0B5LVS732?pageNumber=9&filterByStar=all_stars&sortBy=helpful&formatType=all_formats&asin=B0B5LVS732&reftag=cm_cr_arp_d_paging_btm_next_9&scope=reviewsAjax0,allStars,,B0B5LVS732,B0B5LVS732,B0B5LVS732,"{'price': None, 'listPrice': None}",https://www.amazon.in//Noise-Bluetooth-Calling-Tracking-Detection/dp/B0B5LVS732/ref=zg_bs_g_5605728031_d_sccl_11/258-0776632-7362957?psc=1,India,
Reviewed in India on 6 October 2024,amzn1.account.AHAIO2ZWSPX2GPYH3XZDPJQ4YM4A,https://www.amazon.in/gp/profile/amzn1.account.AHAIO2ZWSPX2GPYH3XZDPJQ4YM4A/ref=cm_cr_othr_d_gw_tr?ie=UTF8,4,Worth of price,R12FOBEVYXJWL0,https://www.amazon.in/gp/customer-reviews/R12FOBEVYXJWL0/ref=cm_cr_othr_d_rvw_ttl?ie=UTF8&ASIN=B0B5LVS732,,Very nice and color is amazing,True,False,['https://m.media-amazon.com/images/I/617Tkw7wCgL._SY88.jpg'],2024-10-06,72,Colour: Rose Pink,"[{'key': 'Colour', 'value': 'Rose Pink'}]",,,https://www.amazon.in/product-reviews/B0B5LVS732?pageNumber=9&filterByStar=all_stars&sortBy=helpful&formatType=all_formats&asin=B0B5LVS732&reftag=cm_cr_arp_d_paging_btm_next_9&scope=reviewsAjax0,allStars,,B0B5LVS732,B0B5LVS732,B0B5LVS732,"{'price': None, 'listPrice': None}",https://www.amazon.in//Noise-Bluetooth-Calling-Tracking-Detection/dp/B0B5LVS732/ref=zg_bs_g_5605728031_d_sccl_11/258-0776632-7362957?psc=1,India,
Reviewed in India on 3 December 2024,amzn1.account.AFZ5KRMQOSKOEDUPUWAC7EOGQUYQ,https://www.amazon.in/gp/profile/amzn1.account.AFZ5KRMQOSKOEDUPUWAC7EOGQUYQ/ref=cm_cr_othr_d_gw_tr?ie=UTF8,4,Nice,R5DJ3CWGRD1J,https://www.amazon.in/gp/customer-reviews/R5DJ3CWGRD1J/ref=cm_cr_othr_d_rvw_ttl?ie=UTF8&ASIN=B0B5LVS732,One person found this helpful,Nice product,True,False,[],2024-12-03,25,Colour: Jet Black,"[{'key': 'Colour', 'value': 'Jet Black'}]",,,https://www.amazon.in/product-reviews/B0B5LVS732?pageNumber=4&filterByStar=all_stars&sortBy=helpful&formatType=all_formats&asin=B0B5LVS732&reftag=cm_cr_arp_d_paging_btm_next_4&scope=reviewsAjax0,allStars,,B0B5LVS732,B0B5LVS732,B0B5LVS732,"{'price': None, 'listPrice': None}",https://www.amazon.in//Noise-Bluetooth-Calling-Tracking-Detection/dp/B0B5LVS732/ref=zg_bs_g_5605728031_d_sccl_11/258-0776632-7362957?psc=1,India,
Reviewed in India on 2 December 2024,amzn1.account.AHB3O337VDIB6WNGQL23IKQMP3JQ,https://www.amazon.in/gp/profile/amzn1.account.AHB3O337VDIB6WNGQL23IKQMP3JQ/ref=cm_cr_othr_d_gw_tr?ie=UTF8,4,Good Product,R12CMSFHU872L3,https://www.amazon.in/gp/customer-reviews/R12CMSFHU872L3/ref=cm_cr_othr_d_rvw_ttl?ie=UTF8&ASIN=B0B5LVS732,2 people found this helpful,Looks same as what I expected...Love this product 😍,True,False,['https://m.media-amazon.com/images/I/61bfTdV-zvL._SY88.jpg'],2024-12-02,26,Colour: Rose Pink,"[{'key': 'Colour', 'value': 'Rose Pink'}]",,,https://www.amazon.in/product-reviews/B0B5LVS732?pageNumber=4&filterByStar=all_stars&sortBy=helpful&formatType=all_formats&asin=B0B5LVS732&reftag=cm_cr_arp_d_paging_btm_next_4&scope=reviewsAjax0,allStars,,B0B5LVS732,B0B5LVS732,B0B5LVS732,"{'price': None, 'listPrice': None}",https://www.amazon.in//Noise-Bluetooth-Calling-Tracking-Detection/dp/B0B5LVS732/ref=zg_bs_g_5605728031_d_sccl_11/258-0776632-7362957?psc=1,India,
Reviewed in India on 30 November 2024,amzn1.account.AHEL2GP4WHXZMTFJBXNMVOVHLBRA,https://www.amazon.in/gp/profile/amzn1.account.AHEL2GP4WHXZMTFJBXNMVOVHLBRA/ref=cm_cr_othr_d_gw_tr?ie=UTF8,4,A everything-you-need budget watch,RU6A1SUE7EJ6,https://www.amazon.in/gp/customer-reviews/RU6A1SUE7EJ6/ref=cm_cr_othr_d_rvw_ttl?ie=UTF8&ASIN=B0B5LVS732,One person found this helpful,Ordered and delivered in perfect condition. Looks awesome.,True,False,['https://m.media-amazon.com/images/I/61o56WCazmL._SY88.jpg'],2024-11-30,27,Colour: Rose Pink,"[{'key': 'Colour', 'value': 'Rose Pink'}]",,,https://www.amazon.in/product-reviews/B0B5LVS732?pageNumber=4&filterByStar=all_stars&sortBy=helpful&formatType=all_formats&asin=B0B5LVS732&reftag=cm_cr_arp_d_paging_btm_next_4&scope=reviewsAjax0,allStars,,B0B5LVS732,B0B5LVS732,B0B5LVS732,"{'price': None, 'listPrice': None}",https://www.amazon.in//Noise-Bluetooth-Calling-Tracking-Detection/dp/B0B5LVS732/ref=zg_bs_g_5605728031_d_sccl_11/258-0776632-7362957?psc=1,India,
Reviewed in India on 2 December 2024,amzn1.account.AGNYP2QSQZNQOAIF3WTIWO2EZF6Q,https://www.amazon.in/gp/profile/amzn1.account.AGNYP2QSQZNQOAIF3WTIWO2EZF6Q/ref=cm_cr_othr_d_gw_tr?ie=UTF8,4,Awesome produt,R1GKBQ7J7AZVF0,https://www.amazon.in/gp/customer-reviews/R1GKBQ7J7AZVF0/ref=cm_cr_othr_d_rvw_ttl?ie=UTF8&ASIN=B0B5LVS732,2 people found this helpful,,True,False,['https://m.media-amazon.com/images/I/61Kdt-n+tdL._SY88.jpg'],2024-12-02,28,Colour: Jet Black,"[{'key': 'Colour', 'value': 'Jet Black'}]",,,https://www.amazon.in/product-reviews/B0B5LVS732?pageNumber=4&filterByStar=all_stars&sortBy=helpful&formatType=all_formats&asin=B0B5LVS732&reftag=cm_cr_arp_d_paging_btm_next_4&scope=reviewsAjax0,allStars,,B0B5LVS732,B0B5LVS732,B0B5LVS732,"{'price': None, 'listPrice': None}",https://www.amazon.in//Noise-Bluetooth-Calling-Tracking-Detection/dp/B0B5LVS732/ref=zg_bs_g_5605728031_d_sccl_11/258-0776632-7362957?psc=1,India,
Reviewed in India on 24 November 2024,amzn1.account.AFL26VXUELTAJZOZLNRJ7RBRTFIQ,https://www.amazon.in/gp/profile/amzn1.account.AFL26VXUELTAJZOZLNRJ7RBRTFIQ/ref=cm_cr_othr_d_gw_tr?ie=UTF8,4,Affordable smart watch,RYUBTS2Z2UWCC,https://www.amazon.in/gp/customer-reviews/RYUBTS2Z2UWCC/ref=cm_cr_othr_d_rvw_ttl?ie=UTF8&ASIN=B0B5LVS732,One person found this helpful,Nice product loved it!,True,False,['https://m.media-amazon.com/images/I/71wLiMhRF0L._SY88.jpg'],2024-11-24,29,Colour: Jet Black,"[{'key': 'Colour', 'value': 'Jet Black'}]",,,https://www.amazon.in/product-reviews/B0B5LVS732?pageNumber=4&filterByStar=all_stars&sortBy=helpful&formatType=all_formats&asin=B0B5LVS732&reftag=cm_cr_arp_d_paging_btm_next_4&scope=reviewsAjax0,allStars,,B0B5LVS732,B0B5LVS732,B0B5LVS732,"{'price': None, 'listPrice': None}",https://www.amazon.in//Noise-Bluetooth-Calling-Tracking-Detection/dp/B0B5LVS732/ref=zg_bs_g_5605728031_d_sccl_11/258-0776632-7362957?psc=1,India,
Reviewed in India on 26 January 2025,amzn1.account.AFOYYK76UC2VQ2N5B4TLX45JKRVA,https://www.amazon.in/gp/profile/amzn1.account.AFOYYK76UC2VQ2N5B4TLX45JKRVA/ref=cm_cr_othr_d_gw_tr?ie=UTF8,5,Noice watch,R1F66B51132MDB,https://www.amazon.in/gp/customer-reviews/R1F66B51132MDB/ref=cm_cr_othr_d_rvw_ttl?ie=UTF8&ASIN=B0B5LVS732,,Very nice and affordable product I liked it very much ☺️,True,False,['https://m.media-amazon.com/images/I/61qruu79XDL._SY88.jpg'],2025-01-26,30,Colour: Rose Pink,"[{'key': 'Colour', 'value': 'Rose Pink'}]",,,https://www.amazon.in/product-reviews/B0B5LVS732?pageNumber=4&filterByStar=all_stars&sortBy=helpful&formatType=all_formats&asin=B0B5LVS732&reftag=cm_cr_arp_d_paging_btm_next_4&scope=reviewsAjax0,allStars,,B0B5LVS732,B0B5LVS732,B0B5LVS732,"{'price': None, 'listPrice': None}",https://www.amazon.in//Noise-Bluetooth-Calling-Tracking-Detection/dp/B0B5LVS732/ref=zg_bs_g_5605728031_d_sccl_11/258-0776632-7362957?psc=1,India,
Reviewed in India on 20 November 2024,amzn1.account.AHWERV2HEK7EY2RHP3A3IMZIQZCQ,https://www.amazon.in/gp/profile/amzn1.account.AHWERV2HEK7EY2RHP3A3IMZIQZCQ/ref=cm_cr_othr_d_gw_tr?ie=UTF8,4,Good product,R3TNP49IHRDU4B,https://www.amazon.in/gp/customer-reviews/R3TNP49IHRDU4B/ref=cm_cr_othr_d_rvw_ttl?ie=UTF8&ASIN=B0B5LVS732,One person found this helpful,Nice product but where is the app drawer.Heart rate monitoring is good display size 👍,True,False,['https://m.media-amazon.com/images/I/71MeHtDmQTL._SY88.jpg'],2024-11-20,31,Colour: Mist Grey,"[{'key': 'Colour', 'value': 'Mist Grey'}]",,,https://www.amazon.in/product-reviews/B0B5LVS732?pageNumber=4&filterByStar=all_stars&sortBy=helpful&formatType=all_formats&asin=B0B5LVS732&reftag=cm_cr_arp_d_paging_btm_next_4&scope=reviewsAjax0,allStars,,B0B5LVS732,B0B5LVS732,B0B5LVS732,"{'price': None, 'listPrice': None}",https://www.amazon.in//Noise-Bluetooth-Calling-Tracking-Detection/dp/B0B5LVS732/ref=zg_bs_g_5605728031_d_sccl_11/258-0776632-7362957?psc=1,India,
Reviewed in India on 27 November 2024,amzn1.account.AFXESBLAH2LLVYTXH5VSCUWUNTJA,https://www.amazon.in/gp/profile/amzn1.account.AFXESBLAH2LLVYTXH5VSCUWUNTJA/ref=cm_cr_othr_d_gw_tr?ie=UTF8,4,Product is good,RQFO7PYI29EW2,https://www.amazon.in/gp/customer-reviews/RQFO7PYI29EW2/ref=cm_cr_othr_d_rvw_ttl?ie=UTF8&ASIN=B0B5LVS732,One person found this helpful,Good product at budget price,True,False,[],2024-11-27,32,Colour: Jet Black,"[{'key': 'Colour', 'value': 'Jet Black'}]",,,https://www.amazon.in/product-reviews/B0B5LVS732?pageNumber=4&filterByStar=all_stars&sortBy=helpful&formatType=all_formats&asin=B0B5LVS732&reftag=cm_cr_arp_d_paging_btm_next_4&scope=reviewsAjax0,allStars,,B0B5LVS732,B0B5LVS732,B0B5LVS732,"{'price': None, 'listPrice': None}",https://www.amazon.in//Noise-Bluetooth-Calling-Tracking-Detection/dp/B0B5LVS732/ref=zg_bs_g_5605728031_d_sccl_11/258-0776632-7362957?psc=1,India,
Reviewed in India on 9 October 2024,amzn1.account.AG3MZMZRRDSAVFLWNVZGA3MBG7WQ,https://www.amazon.in/gp/profile/amzn1.account.AG3MZMZRRDSAVFLWNVZGA3MBG7WQ/ref=cm_cr_othr_d_gw_tr?ie=UTF8,4,Noise Buzz,R2OM26HNYUTTIO,https://www.amazon.in/gp/customer-reviews/R2OM26HNYUTTIO/ref=cm_cr_othr_d_rvw_ttl?ie=UTF8&ASIN=B0B5LVS732,,Flexibility,True,False,['https://m.media-amazon.com/images/I/71VjfhYZEDL._SY88.jpg'],2024-10-09,73,Colour: Jet Black,"[{'key': 'Colour', 'value': 'Jet Black'}]",,,https://www.amazon.in/product-reviews/B0B5LVS732?pageNumber=10&filterByStar=all_stars&sortBy=helpful&formatType=all_formats&asin=B0B5LVS732&reftag=cm_cr_arp_d_paging_btm_next_10&scope=reviewsAjax0,allStars,,B0B5LVS732,B0B5LVS732,B0B5LVS732,"{'price': None, 'listPrice': None}",https://www.amazon.in//Noise-Bluetooth-Calling-Tracking-Detection/dp/B0B5LVS732/ref=zg_bs_g_5605728031_d_sccl_11/258-0776632-7362957?psc=1,India,
Reviewed in India on 27 December 2024,amzn1.account.AGCXBNLOJ5VJRWZGQH4VRP2GKE4Q,https://www.amazon.in/gp/profile/amzn1.account.AGCXBNLOJ5VJRWZGQH4VRP2GKE4Q/ref=cm_cr_othr_d_gw_tr?ie=UTF8,5,Worth it 😄,R23452BU5V38IW,https://www.amazon.in/gp/customer-reviews/R23452BU5V38IW/ref=cm_cr_othr_d_rvw_ttl?ie=UTF8&ASIN=B0B5LVS732,,Very nice I loved it the packaging was nice and also it works very smoothly ☺️,True,False,[],2024-12-27,74,Colour: Rose Pink,"[{'key': 'Colour', 'value': 'Rose Pink'}]",,,https://www.amazon.in/product-reviews/B0B5LVS732?pageNumber=10&filterByStar=all_stars&sortBy=helpful&formatType=all_formats&asin=B0B5LVS732&reftag=cm_cr_arp_d_paging_btm_next_10&scope=reviewsAjax0,allStars,,B0B5LVS732,B0B5LVS732,B0B5LVS732,"{'price': None, 'listPrice': None}",https://www.amazon.in//Noise-Bluetooth-Calling-Tracking-Detection/dp/B0B5LVS732/ref=zg_bs_g_5605728031_d_sccl_11/258-0776632-7362957?psc=1,India,
Reviewed in India on 4 January 2025,amzn1.account.AEDURZWAGJAFJ6HK3BS5X6TWQQSA,https://www.amazon.in/gp/profile/amzn1.account.AEDURZWAGJAFJ6HK3BS5X6TWQQSA/ref=cm_cr_othr_d_gw_tr?ie=UTF8,5,Good,R2VQ8BV3CAEO8C,https://www.amazon.in/gp/customer-reviews/R2VQ8BV3CAEO8C/ref=cm_cr_othr_d_rvw_ttl?ie=UTF8&ASIN=B0B5LVS732,,Battery 🔋 backup is not good,True,False,[],2025-01-04,75,Colour: Midnight Blue,"[{'key': 'Colour', 'value': 'Midnight Blue'}]",,,https://www.amazon.in/product-reviews/B0B5LVS732?pageNumber=10&filterByStar=all_stars&sortBy=helpful&formatType=all_formats&asin=B0B5LVS732&reftag=cm_cr_arp_d_paging_btm_next_10&scope=reviewsAjax0,allStars,,B0B5LVS732,B0B5LVS732,B0B5LVS732,"{'price': None, 'listPrice': None}",https://www.amazon.in//Noise-Bluetooth-Calling-Tracking-Detection/dp/B0B5LVS732/ref=zg_bs_g_5605728031_d_sccl_11/258-0776632-7362957?psc=1,India,
Reviewed in India on 29 October 2024,amzn1.account.AGJJPUJ5R2Z64UJHHBJTV62XSQTQ,https://www.amazon.in/gp/profile/amzn1.account.AGJJPUJ5R2Z64UJHHBJTV62XSQTQ/ref=cm_cr_othr_d_gw_tr?ie=UTF8,4,Good product,R13ZBGTK6XOLMN,https://www.amazon.in/gp/customer-reviews/R13ZBGTK6XOLMN/ref=cm_cr_othr_d_rvw_ttl?ie=UTF8&ASIN=B0B5LVS732,,Battery backup is very good,True,False,[],2024-10-29,76,Colour: Olive Green,"[{'key': 'Colour', 'value': 'Olive Green'}]",,,https://www.amazon.in/product-reviews/B0B5LVS732?pageNumber=10&filterByStar=all_stars&sortBy=helpful&formatType=all_formats&asin=B0B5LVS732&reftag=cm_cr_arp_d_paging_btm_next_10&scope=reviewsAjax0,allStars,,B0B5LVS732,B0B5LVS732,B0B5LVS732,"{'price': None, 'listPrice': None}",https://www.amazon.in//Noise-Bluetooth-Calling-Tracking-Detection/dp/B0B5LVS732/ref=zg_bs_g_5605728031_d_sccl_11/258-0776632-7362957?psc=1,India,
Reviewed in India on 5 October 2024,amzn1.account.AGVIIJWDYC2NSCVMJCBVRS6F3M2A,https://www.amazon.in/gp/profile/amzn1.account.AGVIIJWDYC2NSCVMJCBVRS6F3M2A/ref=cm_cr_othr_d_gw_tr?ie=UTF8,4,Value for money,R6Q20SSDYX7K9,https://www.amazon.in/gp/customer-reviews/R6Q20SSDYX7K9/ref=cm_cr_othr_d_rvw_ttl?ie=UTF8&ASIN=B0B5LVS732,,Good so far. Value for money. All features are functional.,True,False,['https://m.media-amazon.com/images/I/614Rbz1AqwL._SY88.jpg'],2024-10-05,77,Colour: Jet Black,"[{'key': 'Colour', 'value': 'Jet Black'}]",,,https://www.amazon.in/product-reviews/B0B5LVS732?pageNumber=10&filterByStar=all_stars&sortBy=helpful&formatType=all_formats&asin=B0B5LVS732&reftag=cm_cr_arp_d_paging_btm_next_10&scope=reviewsAjax0,allStars,,B0B5LVS732,B0B5LVS732,B0B5LVS732,"{'price': None, 'listPrice': None}",https://www.amazon.in//Noise-Bluetooth-Calling-Tracking-Detection/dp/B0B5LVS732/ref=zg_bs_g_5605728031_d_sccl_11/258-0776632-7362957?psc=1,India,
Reviewed in India on 31 October 2024,amzn1.account.AH5NQ6KZGOZMJM2D2H4CHDKMAEAQ,https://www.amazon.in/gp/profile/amzn1.account.AH5NQ6KZGOZMJM2D2H4CHDKMAEAQ/ref=cm_cr_othr_d_gw_tr?ie=UTF8,4,Best smartwatch,R1OT4JY5ZF80M6,https://www.amazon.in/gp/customer-reviews/R1OT4JY5ZF80M6/ref=cm_cr_othr_d_rvw_ttl?ie=UTF8&ASIN=B0B5LVS732,,,True,False,['https://m.media-amazon.com/images/I/516NLSv1elL._SY88.jpg'],2024-10-31,78,Colour: Jet Black,"[{'key': 'Colour', 'value': 'Jet Black'}]",,,https://www.amazon.in/product-reviews/B0B5LVS732?pageNumber=10&filterByStar=all_stars&sortBy=helpful&formatType=all_formats&asin=B0B5LVS732&reftag=cm_cr_arp_d_paging_btm_next_10&scope=reviewsAjax0,allStars,,B0B5LVS732,B0B5LVS732,B0B5LVS732,"{'price': None, 'listPrice': None}",https://www.amazon.in//Noise-Bluetooth-Calling-Tracking-Detection/dp/B0B5LVS732/ref=zg_bs_g_5605728031_d_sccl_11/258-0776632-7362957?psc=1,India,
Reviewed in India on 30 October 2024,amzn1.account.AHGZOSSARNNRZKVJNVOC4M7NLT4Q,https://www.amazon.in/gp/profile/amzn1.account.AHGZOSSARNNRZKVJNVOC4M7NLT4Q/ref=cm_cr_othr_d_gw_tr?ie=UTF8,4,Nice 👍,R3391HGHC7SKCY,https://www.amazon.in/gp/customer-reviews/R3391HGHC7SKCY/ref=cm_cr_othr_d_rvw_ttl?ie=UTF8&ASIN=B0B5LVS732,,,True,False,['https://m.media-amazon.com/images/I/71Ne10YgW3L._SY88.jpg'],2024-10-30,79,Colour: Rose Pink,"[{'key': 'Colour', 'value': 'Rose Pink'}]",,,https://www.amazon.in/product-reviews/B0B5LVS732?pageNumber=10&filterByStar=all_stars&sortBy=helpful&formatType=all_formats&asin=B0B5LVS732&reftag=cm_cr_arp_d_paging_btm_next_10&scope=reviewsAjax0,allStars,,B0B5LVS732,B0B5LVS732,B0B5LVS732,"{'price': None, 'listPrice': None}",https://www.amazon.in//Noise-Bluetooth-Calling-Tracking-Detection/dp/B0B5LVS732/ref=zg_bs_g_5605728031_d_sccl_11/258-0776632-7362957?psc=1,India,
Reviewed in India on 9 October 2024,amzn1.account.AFUDIUELTUPVEB3X5CFBPJ65257Q,https://www.amazon.in/gp/profile/amzn1.account.AFUDIUELTUPVEB3X5CFBPJ65257Q/ref=cm_cr_othr_d_gw_tr?ie=UTF8,4,Super,R37M53N5O51YWA,https://www.amazon.in/gp/customer-reviews/R37M53N5O51YWA/ref=cm_cr_othr_d_rvw_ttl?ie=UTF8&ASIN=B0B5LVS732,,Good,True,False,[],2024-10-09,80,Colour: Midnight Blue,"[{'key': 'Colour', 'value': 'Midnight Blue'}]",,,https://www.amazon.in/product-reviews/B0B5LVS732?pageNumber=10&filterByStar=all_stars&sortBy=helpful&formatType=all_formats&asin=B0B5LVS732&reftag=cm_cr_arp_d_paging_btm_next_10&scope=reviewsAjax0,allStars,,B0B5LVS732,B0B5LVS732,B0B5LVS732,"{'price': None, 'listPrice': None}",https://www.amazon.in//Noise-Bluetooth-Calling-Tracking-Detection/dp/B0B5LVS732/ref=zg_bs_g_5605728031_d_sccl_11/258-0776632-7362957?psc=1,India,
Reviewed in India on 28 January 2025,amzn1.account.AH5XEKOMIQ45S5G5V34KLXRHYU5A,https://www.amazon.in/gp/profile/amzn1.account.AH5XEKOMIQ45S5G5V34KLXRHYU5A/ref=cm_cr_othr_d_gw_tr?ie=UTF8,5,Best,R240PB10QWYQ9E,https://www.amazon.in/gp/customer-reviews/R240PB10QWYQ9E/ref=cm_cr_othr_d_rvw_ttl?ie=UTF8&ASIN=B0B5LVS732,,Good 👍,True,False,[],2025-01-28,41,Colour: Jet Black,"[{'key': 'Colour', 'value': 'Jet Black'}]",,,https://www.amazon.in/product-reviews/B0B5LVS732?pageNumber=6&filterByStar=all_stars&sortBy=helpful&formatType=all_formats&asin=B0B5LVS732&reftag=cm_cr_arp_d_paging_btm_next_6&scope=reviewsAjax0,allStars,,B0B5LVS732,B0B5LVS732,B0B5LVS732,"{'price': None, 'listPrice': None}",https://www.amazon.in//Noise-Bluetooth-Calling-Tracking-Detection/dp/B0B5LVS732/ref=zg_bs_g_5605728031_d_sccl_11/258-0776632-7362957?psc=1,India,
Reviewed in India on 19 November 2024,amzn1.account.AG3UF2AIT5TYDBT2XVOWSHGBLXIQ,https://www.amazon.in/gp/profile/amzn1.account.AG3UF2AIT5TYDBT2XVOWSHGBLXIQ/ref=cm_cr_othr_d_gw_tr?ie=UTF8,4,Worth the money,R1W26TVJUXXEL,https://www.amazon.in/gp/customer-reviews/R1W26TVJUXXEL/ref=cm_cr_othr_d_rvw_ttl?ie=UTF8&ASIN=B0B5LVS732,One person found this helpful,This product is awesome,True,False,['https://m.media-amazon.com/images/I/71JV9oS9ShL._SY88.jpg'],2024-11-19,42,Colour: Rose Pink,"[{'key': 'Colour', 'value': 'Rose Pink'}]",,,https://www.amazon.in/product-reviews/B0B5LVS732?pageNumber=6&filterByStar=all_stars&sortBy=helpful&formatType=all_formats&asin=B0B5LVS732&reftag=cm_cr_arp_d_paging_btm_next_6&scope=reviewsAjax0,allStars,,B0B5LVS732,B0B5LVS732,B0B5LVS732,"{'price': None, 'listPrice': None}",https://www.amazon.in//Noise-Bluetooth-Calling-Tracking-Detection/dp/B0B5LVS732/ref=zg_bs_g_5605728031_d_sccl_11/258-0776632-7362957?psc=1,India,
Reviewed in India on 26 January 2025,amzn1.account.AE7MIDBBLTGBQ65AAKZE2GXEUYUA,https://www.amazon.in/gp/profile/amzn1.account.AE7MIDBBLTGBQ65AAKZE2GXEUYUA/ref=cm_cr_othr_d_gw_tr?ie=UTF8,5,Nice product,R1Q4QMU0XNZE0T,https://www.amazon.in/gp/customer-reviews/R1Q4QMU0XNZE0T/ref=cm_cr_othr_d_rvw_ttl?ie=UTF8&ASIN=B0B5LVS732,,Amazing product.,True,False,[],2025-01-26,43,Colour: Rose Pink,"[{'key': 'Colour', 'value': 'Rose Pink'}]",,,https://www.amazon.in/product-reviews/B0B5LVS732?pageNumber=6&filterByStar=all_stars&sortBy=helpful&formatType=all_formats&asin=B0B5LVS732&reftag=cm_cr_arp_d_paging_btm_next_6&scope=reviewsAjax0,allStars,,B0B5LVS732,B0B5LVS732,B0B5LVS732,"{'price': None, 'listPrice': None}",https://www.amazon.in//Noise-Bluetooth-Calling-Tracking-Detection/dp/B0B5LVS732/ref=zg_bs_g_5605728031_d_sccl_11/258-0776632-7362957?psc=1,India,
Reviewed in India on 21 November 2024,amzn1.account.AGPWKAOKAEGYWFWLSL2ZHE2CLRXA,https://www.amazon.in/gp/profile/amzn1.account.AGPWKAOKAEGYWFWLSL2ZHE2CLRXA/ref=cm_cr_othr_d_gw_tr?ie=UTF8,4,Performance,R3QK3HOS3JED7G,https://www.amazon.in/gp/customer-reviews/R3QK3HOS3JED7G/ref=cm_cr_othr_d_rvw_ttl?ie=UTF8&ASIN=B0B5LVS732,2 people found this helpful,Nice product,True,False,['https://m.media-amazon.com/images/I/71d2V595mfL._SY88.jpg'],2024-11-21,44,Colour: Jet Black,"[{'key': 'Colour', 'value': 'Jet Black'}]",,,https://www.amazon.in/product-reviews/B0B5LVS732?pageNumber=6&filterByStar=all_stars&sortBy=helpful&formatType=all_formats&asin=B0B5LVS732&reftag=cm_cr_arp_d_paging_btm_next_6&scope=reviewsAjax0,allStars,,B0B5LVS732,B0B5LVS732,B0B5LVS732,"{'price': None, 'listPrice': None}",https://www.amazon.in//Noise-Bluetooth-Calling-Tracking-Detection/dp/B0B5LVS732/ref=zg_bs_g_5605728031_d_sccl_11/258-0776632-7362957?psc=1,India,
Reviewed in India on 30 January 2025,amzn1.account.AFF3DY3G5BFDUFDC3NVIRHNRZTKA,https://www.amazon.in/gp/profile/amzn1.account.AFF3DY3G5BFDUFDC3NVIRHNRZTKA/ref=cm_cr_othr_d_gw_tr?ie=UTF8,5,Good,R2NCT02M4SUKUC,https://www.amazon.in/gp/customer-reviews/R2NCT02M4SUKUC/ref=cm_cr_othr_d_rvw_ttl?ie=UTF8&ASIN=B0B5LVS732,,Good,True,False,[],2025-01-30,45,Colour: Jet Black,"[{'key': 'Colour', 'value': 'Jet Black'}]",,,https://www.amazon.in/product-reviews/B0B5LVS732?pageNumber=6&filterByStar=all_stars&sortBy=helpful&formatType=all_formats&asin=B0B5LVS732&reftag=cm_cr_arp_d_paging_btm_next_6&scope=reviewsAjax0,allStars,,B0B5LVS732,B0B5LVS732,B0B5LVS732,"{'price': None, 'listPrice': None}",https://www.amazon.in//Noise-Bluetooth-Calling-Tracking-Detection/dp/B0B5LVS732/ref=zg_bs_g_5605728031_d_sccl_11/258-0776632-7362957?psc=1,India,
Reviewed in India on 29 January 2025,amzn1.account.AHY6PS2PPIQK2MUTQ5FOMVCSWSZQ,https://www.amazon.in/gp/profile/amzn1.account.AHY6PS2PPIQK2MUTQ5FOMVCSWSZQ/ref=cm_cr_othr_d_gw_tr?ie=UTF8,5,Superb,R12ZJU3D8XIJQV,https://www.amazon.in/gp/customer-reviews/R12ZJU3D8XIJQV/ref=cm_cr_othr_d_rvw_ttl?ie=UTF8&ASIN=B0B5LVS732,,Superb,True,False,[],2025-01-29,46,Colour: Jet Black,"[{'key': 'Colour', 'value': 'Jet Black'}]",,,https://www.amazon.in/product-reviews/B0B5LVS732?pageNumber=6&filterByStar=all_stars&sortBy=helpful&formatType=all_formats&asin=B0B5LVS732&reftag=cm_cr_arp_d_paging_btm_next_6&scope=reviewsAjax0,allStars,,B0B5LVS732,B0B5LVS732,B0B5LVS732,"{'price': None, 'listPrice': None}",https://www.amazon.in//Noise-Bluetooth-Calling-Tracking-Detection/dp/B0B5LVS732/ref=zg_bs_g_5605728031_d_sccl_11/258-0776632-7362957?psc=1,India,
Reviewed in India on 15 January 2025,amzn1.account.AGZJDOMPUWPMV3LOZTE3LAQAKFQQ,https://www.amazon.in/gp/profile/amzn1.account.AGZJDOMPUWPMV3LOZTE3LAQAKFQQ/ref=cm_cr_othr_d_gw_tr?ie=UTF8,5,Excellent product,RPGL8L3GHW8YE,https://www.amazon.in/gp/customer-reviews/RPGL8L3GHW8YE/ref=cm_cr_othr_d_rvw_ttl?ie=UTF8&ASIN=B0B5LVS732,,"Excellent product I like it very much, it's charging speed is fast also display size color and looks are good also tuch screen",True,False,[],2025-01-15,47,Colour: Jet Black,"[{'key': 'Colour', 'value': 'Jet Black'}]",,,https://www.amazon.in/product-reviews/B0B5LVS732?pageNumber=6&filterByStar=all_stars&sortBy=helpful&formatType=all_formats&asin=B0B5LVS732&reftag=cm_cr_arp_d_paging_btm_next_6&scope=reviewsAjax0,allStars,,B0B5LVS732,B0B5LVS732,B0B5LVS732,"{'price': None, 'listPrice': None}",https://www.amazon.in//Noise-Bluetooth-Calling-Tracking-Detection/dp/B0B5LVS732/ref=zg_bs_g_5605728031_d_sccl_11/258-0776632-7362957?psc=1,India,
Reviewed in India on 25 January 2025,amzn1.account.AFUBC3YKQWNLUSQ2L5MF7SO535SA,https://www.amazon.in/gp/profile/amzn1.account.AFUBC3YKQWNLUSQ2L5MF7SO535SA/ref=cm_cr_othr_d_gw_tr?ie=UTF8,5,Amazing,RYFR1COD0S9VB,https://www.amazon.in/gp/customer-reviews/RYFR1COD0S9VB/ref=cm_cr_othr_d_rvw_ttl?ie=UTF8&ASIN=B0B5LVS732,,Amazing watch,True,False,[],2025-01-25,48,Colour: Jet Black,"[{'key': 'Colour', 'value': 'Jet Black'}]",,,https://www.amazon.in/product-reviews/B0B5LVS732?pageNumber=6&filterByStar=all_stars&sortBy=helpful&formatType=all_formats&asin=B0B5LVS732&reftag=cm_cr_arp_d_paging_btm_next_6&scope=reviewsAjax0,allStars,,B0B5LVS732,B0B5LVS732,B0B5LVS732,"{'price': None, 'listPrice': None}",https://www.amazon.in//Noise-Bluetooth-Calling-Tracking-Detection/dp/B0B5LVS732/ref=zg_bs_g_5605728031_d_sccl_11/258-0776632-7362957?psc=1,India,
