reviewedIn,userId,userProfileLink,ratingScore,reviewTitle,reviewId,reviewUrl,reviewReaction,reviewDescription,isVerified,isAmazonVine,reviewImages,date,position,variant,variantAttributes,totalCategoryRatings,totalCategoryReviews,reviewCategoryUrl,filterByRating,filterByKeyword,productAsin,productOriginalAsin,variantAsin,product,input,country,countryCode
Reviewed in India on 26 January 2025,amzn1.account.AG5NMZSXMB7GB7XFGKC3TRWVJTLA,https://www.amazon.in/gp/profile/amzn1.account.AG5NMZSXMB7GB7XFGKC3TRWVJTLA/ref=cm_cr_othr_d_gw_tr?ie=UTF8,5,The best smartwatch under 2000,R9V64AINLWLMS,https://www.amazon.in/gp/customer-reviews/R9V64AINLWLMS/ref=cm_cr_othr_d_rvw_ttl?ie=UTF8&ASIN=B0B6BQ711Q,One person found this helpful,"This is nice watch , battery 🔋 is good, I purchased it for foot steps and it works very nicely 🤠. 1 day 20,000 step .",True,False,[],2025-01-26,1,Colour: Jet Black,"[{'key': 'Colour', 'value': 'Jet Black'}]",,,https://www.amazon.in/product-reviews/B0B6BQ711Q?pageNumber=1&filterByStar=all_stars&sortBy=helpful&formatType=all_formats&asin=B0B6BQ711Q&reftag=cm_cr_arp_d_paging_btm_next_1&scope=reviewsAjax0,allStars,,B0B6BQ711Q,B0B6BQ711Q,B0B6BQ711Q,"{'price': None, 'listPrice': None}",https://www.amazon.in//Noise-Advanced-Bluetooth-Brightness-Smartwatch/dp/B0B6BQ711Q/ref=zg_bs_g_5605728031_d_sccl_1/258-6888058-4683712?psc=1,India,
Reviewed in India on 30 December 2024,amzn1.account.AFTQ2DMW76QWVX7LKAYSFXNROQ4Q,https://www.amazon.in/gp/profile/amzn1.account.AFTQ2DMW76QWVX7LKAYSFXNROQ4Q/ref=cm_cr_othr_d_gw_tr?ie=UTF8,4,It's feature,R3VRMT86MTP2W7,https://www.amazon.in/gp/customer-reviews/R3VRMT86MTP2W7/ref=cm_cr_othr_d_rvw_ttl?ie=UTF8&ASIN=B0B6BQ711Q,4 people found this helpful,"The watch is Working  proper , performing nicely and the quality is very good, looking beautiful I love the colour and the features given keypad,flash,contact .",True,False,"['https://m.media-amazon.com/images/I/61APHDl+eXL._SY88.jpg', 'https://m.media-amazon.com/images/I/61cU33gwANL._SY88.jpg', 'https://m.media-amazon.com/images/I/71jQ60HnIeL._SY88.jpg']",2024-12-30,2,Colour: Deep Wine,"[{'key': 'Colour', 'value': 'Deep Wine'}]",,,https://www.amazon.in/product-reviews/B0B6BQ711Q?pageNumber=1&filterByStar=all_stars&sortBy=helpful&formatType=all_formats&asin=B0B6BQ711Q&reftag=cm_cr_arp_d_paging_btm_next_1&scope=reviewsAjax0,allStars,,B0B6BQ711Q,B0B6BQ711Q,B0B6BQ711Q,"{'price': None, 'listPrice': None}",https://www.amazon.in//Noise-Advanced-Bluetooth-Brightness-Smartwatch/dp/B0B6BQ711Q/ref=zg_bs_g_5605728031_d_sccl_1/258-6888058-4683712?psc=1,India,
Reviewed in India on 28 December 2024,amzn1.account.AFPZAA3TW3MLB42GSL2QJZOH7VPA,https://www.amazon.in/gp/profile/amzn1.account.AFPZAA3TW3MLB42GSL2QJZOH7VPA/ref=cm_cr_othr_d_gw_tr?ie=UTF8,5,Good watch,R3VOLO0EVSV0QK,https://www.amazon.in/gp/customer-reviews/R3VOLO0EVSV0QK/ref=cm_cr_othr_d_rvw_ttl?ie=UTF8&ASIN=B0B6BQ711Q,6 people found this helpful,Everyone should take the sports someone are searching the watch to take so type colour with noise plus two maths or noise noise faith ultrapromax this watch will be helpful and very quality is very good and everyone will like this watch I am also taken this what I am using from 19 years also it is not broken truck or anything happened that's why I am telling for you to take this what I told in first term maths that is the very quality I am taking the things and I am not writing the views so from today onwards I will write use and I will give instructions to take the watch or speaker or anything views you should see only you my views and you should take the things in something I will not return the views in some things I not return the views you shoulsee others view and you should take the things you should not take that things that are very in come col,True,False,[],2024-12-28,3,Colour: Jet Black,"[{'key': 'Colour', 'value': 'Jet Black'}]",,,https://www.amazon.in/product-reviews/B0B6BQ711Q?pageNumber=1&filterByStar=all_stars&sortBy=helpful&formatType=all_formats&asin=B0B6BQ711Q&reftag=cm_cr_arp_d_paging_btm_next_1&scope=reviewsAjax0,allStars,,B0B6BQ711Q,B0B6BQ711Q,B0B6BQ711Q,"{'price': None, 'listPrice': None}",https://www.amazon.in//Noise-Advanced-Bluetooth-Brightness-Smartwatch/dp/B0B6BQ711Q/ref=zg_bs_g_5605728031_d_sccl_1/258-6888058-4683712?psc=1,India,
Reviewed in India on 16 November 2024,amzn1.account.AF5SEZVM7WPDUF7SCWDGTZDJLRHA,https://www.amazon.in/gp/profile/amzn1.account.AF5SEZVM7WPDUF7SCWDGTZDJLRHA/ref=cm_cr_othr_d_gw_tr?ie=UTF8,4,Great product,R2SS1IJGMIX6L4,https://www.amazon.in/gp/customer-reviews/R2SS1IJGMIX6L4/ref=cm_cr_othr_d_rvw_ttl?ie=UTF8&ASIN=B0B6BQ711Q,17 people found this helpful,Writing the review after using the watch almost for 30 days..battery is superb easily works for 5-6 days in a single charge...BT calling is also good activity and other features are also quite handy best part is it's price..got almost everything in a smart watch in less then 1.5K..overall a good product,True,False,['https://m.media-amazon.com/images/I/71ZjceEhcLL._SY88.jpg'],2024-11-16,4,Colour: Jet Black,"[{'key': 'Colour', 'value': 'Jet Black'}]",,,https://www.amazon.in/product-reviews/B0B6BQ711Q?pageNumber=1&filterByStar=all_stars&sortBy=helpful&formatType=all_formats&asin=B0B6BQ711Q&reftag=cm_cr_arp_d_paging_btm_next_1&scope=reviewsAjax0,allStars,,B0B6BQ711Q,B0B6BQ711Q,B0B6BQ711Q,"{'price': None, 'listPrice': None}",https://www.amazon.in//Noise-Advanced-Bluetooth-Brightness-Smartwatch/dp/B0B6BQ711Q/ref=zg_bs_g_5605728031_d_sccl_1/258-6888058-4683712?psc=1,India,
Reviewed in India on 2 January 2025,amzn1.account.AGKEJTL5EA4A5XVP4EF5JFLEI5IA,https://www.amazon.in/gp/profile/amzn1.account.AGKEJTL5EA4A5XVP4EF5JFLEI5IA/ref=cm_cr_othr_d_gw_tr?ie=UTF8,3,"Worth the price , although not much to boast about",R1TFBSWTRH6OJE,https://www.amazon.in/gp/customer-reviews/R1TFBSWTRH6OJE/ref=cm_cr_othr_d_rvw_ttl?ie=UTF8&ASIN=B0B6BQ711Q,One person found this helpful,"Decent screen, looks good , battery not more than 3 days with all functionalities on, Automatically changes steps , which anyways are exceptionally inaccurate, but  good for callsClear voice and call reception",True,False,[],2025-01-02,5,Colour: Gold Link,"[{'key': 'Colour', 'value': 'Gold Link'}]",,,https://www.amazon.in/product-reviews/B0B6BQ711Q?pageNumber=1&filterByStar=all_stars&sortBy=helpful&formatType=all_formats&asin=B0B6BQ711Q&reftag=cm_cr_arp_d_paging_btm_next_1&scope=reviewsAjax0,allStars,,B0B6BQ711Q,B0B6BQ711Q,B0B6BQ711Q,"{'price': None, 'listPrice': None}",https://www.amazon.in//Noise-Advanced-Bluetooth-Brightness-Smartwatch/dp/B0B6BQ711Q/ref=zg_bs_g_5605728031_d_sccl_1/258-6888058-4683712?psc=1,India,
Reviewed in India on 29 January 2025,amzn1.account.AHAF2RCDC3LVQSI6ODTCJ73PEUUQ,https://www.amazon.in/gp/profile/amzn1.account.AHAF2RCDC3LVQSI6ODTCJ73PEUUQ/ref=cm_cr_othr_d_gw_tr?ie=UTF8,5,Watch,R3P2G3FJWYMRRR,https://www.amazon.in/gp/customer-reviews/R3P2G3FJWYMRRR/ref=cm_cr_othr_d_rvw_ttl?ie=UTF8&ASIN=B0B6BQ711Q,,Excellent watch and it's very good to Use I loved it,True,False,[],2025-01-29,6,Colour: Jet Black,"[{'key': 'Colour', 'value': 'Jet Black'}]",,,https://www.amazon.in/product-reviews/B0B6BQ711Q?pageNumber=1&filterByStar=all_stars&sortBy=helpful&formatType=all_formats&asin=B0B6BQ711Q&reftag=cm_cr_arp_d_paging_btm_next_1&scope=reviewsAjax0,allStars,,B0B6BQ711Q,B0B6BQ711Q,B0B6BQ711Q,"{'price': None, 'listPrice': None}",https://www.amazon.in//Noise-Advanced-Bluetooth-Brightness-Smartwatch/dp/B0B6BQ711Q/ref=zg_bs_g_5605728031_d_sccl_1/258-6888058-4683712?psc=1,India,
Reviewed in India on 19 January 2025,amzn1.account.AGNRGTA5LSIZPVQN45OTKLU6VS2Q,https://www.amazon.in/gp/profile/amzn1.account.AGNRGTA5LSIZPVQN45OTKLU6VS2Q/ref=cm_cr_othr_d_gw_tr?ie=UTF8,5,It's design and fitness features,R1E0UF1PGLKC9K,https://www.amazon.in/gp/customer-reviews/R1E0UF1PGLKC9K/ref=cm_cr_othr_d_rvw_ttl?ie=UTF8&ASIN=B0B6BQ711Q,,"""I'm loving my Noise ColorFit Pulse 2 Max! The sleek design and vibrant display make it a stylish accessory. Tracking my fitness goals and receiving notifications on the go has been a game-changer. Great value for the price!""",True,False,['https://m.media-amazon.com/images/I/81CdgHYvhSL._SY88.jpg'],2025-01-19,7,Colour: Midnight Blue,"[{'key': 'Colour', 'value': 'Midnight Blue'}]",,,https://www.amazon.in/product-reviews/B0B6BQ711Q?pageNumber=1&filterByStar=all_stars&sortBy=helpful&formatType=all_formats&asin=B0B6BQ711Q&reftag=cm_cr_arp_d_paging_btm_next_1&scope=reviewsAjax0,allStars,,B0B6BQ711Q,B0B6BQ711Q,B0B6BQ711Q,"{'price': None, 'listPrice': None}",https://www.amazon.in//Noise-Advanced-Bluetooth-Brightness-Smartwatch/dp/B0B6BQ711Q/ref=zg_bs_g_5605728031_d_sccl_1/258-6888058-4683712?psc=1,India,
Reviewed in India on 19 January 2025,amzn1.account.AH6JMFRH6FAU3U22ERLNKXFL3FMA,https://www.amazon.in/gp/profile/amzn1.account.AH6JMFRH6FAU3U22ERLNKXFL3FMA/ref=cm_cr_othr_d_gw_tr?ie=UTF8,4,Disappointed 😞,R75HP45CSESJ0,https://www.amazon.in/gp/customer-reviews/R75HP45CSESJ0/ref=cm_cr_othr_d_rvw_ttl?ie=UTF8&ASIN=B0B6BQ711Q,,"The watch' was good but the only thing that disappoints me is that we can't set the image as a wallpaper on the watch ; we have to unlock it by buying .I was really look forward to set the image  for my wat ch ,but now I have to buy it with money 😞😔 which is really disappointing 😭😭",True,False,"['https://m.media-amazon.com/images/I/611mHWc1l9L._SY88.jpg', 'https://m.media-amazon.com/images/I/61SJNhJJBtL._SY88.jpg', 'https://m.media-amazon.com/images/I/61Xg2kGWEML._SY88.jpg', 'https://m.media-amazon.com/images/I/61yzMezU7QL._SY88.jpg']",2025-01-19,8,Colour: Deep Wine,"[{'key': 'Colour', 'value': 'Deep Wine'}]",,,https://www.amazon.in/product-reviews/B0B6BQ711Q?pageNumber=1&filterByStar=all_stars&sortBy=helpful&formatType=all_formats&asin=B0B6BQ711Q&reftag=cm_cr_arp_d_paging_btm_next_1&scope=reviewsAjax0,allStars,,B0B6BQ711Q,B0B6BQ711Q,B0B6BQ711Q,"{'price': None, 'listPrice': None}",https://www.amazon.in//Noise-Advanced-Bluetooth-Brightness-Smartwatch/dp/B0B6BQ711Q/ref=zg_bs_g_5605728031_d_sccl_1/258-6888058-4683712?psc=1,India,
Reviewed in India on 20 October 2024,amzn1.account.AFEAUAH2R5I7AB3AF3S3QPNPY6YA,https://www.amazon.in/gp/profile/amzn1.account.AFEAUAH2R5I7AB3AF3S3QPNPY6YA/ref=cm_cr_othr_d_gw_tr?ie=UTF8,4,Value for money,R3DN0VCX8WQJ6N,https://www.amazon.in/gp/customer-reviews/R3DN0VCX8WQJ6N/ref=cm_cr_othr_d_rvw_ttl?ie=UTF8&ASIN=B0B6BQ711Q,,"Good product at reasonable price, Value for money, Quality is also good",True,False,['https://m.media-amazon.com/images/I/61fCrK-CfLL._SY88.jpg'],2024-10-20,57,Colour: Jet Black,"[{'key': 'Colour', 'value': 'Jet Black'}]",,,https://www.amazon.in/product-reviews/B0B6BQ711Q?pageNumber=8&filterByStar=all_stars&sortBy=helpful&formatType=all_formats&asin=B0B6BQ711Q&reftag=cm_cr_arp_d_paging_btm_next_8&scope=reviewsAjax0,allStars,,B0B6BQ711Q,B0B6BQ711Q,B0B6BQ711Q,"{'price': None, 'listPrice': None}",https://www.amazon.in//Noise-Advanced-Bluetooth-Brightness-Smartwatch/dp/B0B6BQ711Q/ref=zg_bs_g_5605728031_d_sccl_1/258-6888058-4683712?psc=1,India,
Reviewed in India on 20 October 2024,amzn1.account.AEEUUCNM6GJDR4P5TDNVT5IFBPSA,https://www.amazon.in/gp/profile/amzn1.account.AEEUUCNM6GJDR4P5TDNVT5IFBPSA/ref=cm_cr_othr_d_gw_tr?ie=UTF8,4,Great Product,R1ESJKBPDE9NM,https://www.amazon.in/gp/customer-reviews/R1ESJKBPDE9NM/ref=cm_cr_othr_d_rvw_ttl?ie=UTF8&ASIN=B0B6BQ711Q,,Look wise is super. Light weighted and so far good performance,True,False,['https://m.media-amazon.com/images/I/81Z4oFhntyL._SY88.jpg'],2024-10-20,58,Colour: Jet Black,"[{'key': 'Colour', 'value': 'Jet Black'}]",,,https://www.amazon.in/product-reviews/B0B6BQ711Q?pageNumber=8&filterByStar=all_stars&sortBy=helpful&formatType=all_formats&asin=B0B6BQ711Q&reftag=cm_cr_arp_d_paging_btm_next_8&scope=reviewsAjax0,allStars,,B0B6BQ711Q,B0B6BQ711Q,B0B6BQ711Q,"{'price': None, 'listPrice': None}",https://www.amazon.in//Noise-Advanced-Bluetooth-Brightness-Smartwatch/dp/B0B6BQ711Q/ref=zg_bs_g_5605728031_d_sccl_1/258-6888058-4683712?psc=1,India,
Reviewed in India on 10 November 2024,amzn1.account.AEM5N22NT7MMOJFPBULJRELO2TCA,https://www.amazon.in/gp/profile/amzn1.account.AEM5N22NT7MMOJFPBULJRELO2TCA/ref=cm_cr_othr_d_gw_tr?ie=UTF8,4,Budget watch,R2SQ7AGH3NZGTY,https://www.amazon.in/gp/customer-reviews/R2SQ7AGH3NZGTY/ref=cm_cr_othr_d_rvw_ttl?ie=UTF8&ASIN=B0B6BQ711Q,One person found this helpful,,True,False,['https://m.media-amazon.com/images/I/61rpizVd5LL._SY88.jpg'],2024-11-10,59,Colour: Jet Black,"[{'key': 'Colour', 'value': 'Jet Black'}]",,,https://www.amazon.in/product-reviews/B0B6BQ711Q?pageNumber=8&filterByStar=all_stars&sortBy=helpful&formatType=all_formats&asin=B0B6BQ711Q&reftag=cm_cr_arp_d_paging_btm_next_8&scope=reviewsAjax0,allStars,,B0B6BQ711Q,B0B6BQ711Q,B0B6BQ711Q,"{'price': None, 'listPrice': None}",https://www.amazon.in//Noise-Advanced-Bluetooth-Brightness-Smartwatch/dp/B0B6BQ711Q/ref=zg_bs_g_5605728031_d_sccl_1/258-6888058-4683712?psc=1,India,
Reviewed in India on 4 November 2024,amzn1.account.AGYPGJ3JI6EHTDHPAMK72D7B3F5Q,https://www.amazon.in/gp/profile/amzn1.account.AGYPGJ3JI6EHTDHPAMK72D7B3F5Q/ref=cm_cr_othr_d_gw_tr?ie=UTF8,4,Good quality product,R20H7TS7W03LEE,https://www.amazon.in/gp/customer-reviews/R20H7TS7W03LEE/ref=cm_cr_othr_d_rvw_ttl?ie=UTF8&ASIN=B0B6BQ711Q,One person found this helpful,I like the product very much it has good quality and sound quality is also good,True,False,['https://m.media-amazon.com/images/I/71OJWlr5CFL._SY88.jpg'],2024-11-04,60,Colour: Jet Black,"[{'key': 'Colour', 'value': 'Jet Black'}]",,,https://www.amazon.in/product-reviews/B0B6BQ711Q?pageNumber=8&filterByStar=all_stars&sortBy=helpful&formatType=all_formats&asin=B0B6BQ711Q&reftag=cm_cr_arp_d_paging_btm_next_8&scope=reviewsAjax0,allStars,,B0B6BQ711Q,B0B6BQ711Q,B0B6BQ711Q,"{'price': None, 'listPrice': None}",https://www.amazon.in//Noise-Advanced-Bluetooth-Brightness-Smartwatch/dp/B0B6BQ711Q/ref=zg_bs_g_5605728031_d_sccl_1/258-6888058-4683712?psc=1,India,
Reviewed in India on 9 November 2024,amzn1.account.AHKP4SPHBNIPL7XLT22ULY7XLRNA,https://www.amazon.in/gp/profile/amzn1.account.AHKP4SPHBNIPL7XLT22ULY7XLRNA/ref=cm_cr_othr_d_gw_tr?ie=UTF8,4,Best Watch... Paise Wasul,R2G8GQYSXEK6GV,https://www.amazon.in/gp/customer-reviews/R2G8GQYSXEK6GV/ref=cm_cr_othr_d_rvw_ttl?ie=UTF8&ASIN=B0B6BQ711Q,One person found this helpful,Display Quality and Charging Speed is Excellent,True,False,[],2024-11-09,61,Colour: Jet Black,"[{'key': 'Colour', 'value': 'Jet Black'}]",,,https://www.amazon.in/product-reviews/B0B6BQ711Q?pageNumber=8&filterByStar=all_stars&sortBy=helpful&formatType=all_formats&asin=B0B6BQ711Q&reftag=cm_cr_arp_d_paging_btm_next_8&scope=reviewsAjax0,allStars,,B0B6BQ711Q,B0B6BQ711Q,B0B6BQ711Q,"{'price': None, 'listPrice': None}",https://www.amazon.in//Noise-Advanced-Bluetooth-Brightness-Smartwatch/dp/B0B6BQ711Q/ref=zg_bs_g_5605728031_d_sccl_1/258-6888058-4683712?psc=1,India,
Reviewed in India on 22 October 2024,amzn1.account.AH2OZF5XZAXBTX4EFC62TZGXUYOA,https://www.amazon.in/gp/profile/amzn1.account.AH2OZF5XZAXBTX4EFC62TZGXUYOA/ref=cm_cr_othr_d_gw_tr?ie=UTF8,4,Good,R25IH7DNIGUDR9,https://www.amazon.in/gp/customer-reviews/R25IH7DNIGUDR9/ref=cm_cr_othr_d_rvw_ttl?ie=UTF8&ASIN=B0B6BQ711Q,,Battery back up is good....nice one,True,False,[],2024-10-22,62,Colour: Jet Black,"[{'key': 'Colour', 'value': 'Jet Black'}]",,,https://www.amazon.in/product-reviews/B0B6BQ711Q?pageNumber=8&filterByStar=all_stars&sortBy=helpful&formatType=all_formats&asin=B0B6BQ711Q&reftag=cm_cr_arp_d_paging_btm_next_8&scope=reviewsAjax0,allStars,,B0B6BQ711Q,B0B6BQ711Q,B0B6BQ711Q,"{'price': None, 'listPrice': None}",https://www.amazon.in//Noise-Advanced-Bluetooth-Brightness-Smartwatch/dp/B0B6BQ711Q/ref=zg_bs_g_5605728031_d_sccl_1/258-6888058-4683712?psc=1,India,
Reviewed in India on 23 October 2024,amzn1.account.AGEYCZY2U2G5R45C75IPSQVXYMWQ,https://www.amazon.in/gp/profile/amzn1.account.AGEYCZY2U2G5R45C75IPSQVXYMWQ/ref=cm_cr_othr_d_gw_tr?ie=UTF8,4,Affordable at this price range.,RLEQV7UXVRRJ3,https://www.amazon.in/gp/customer-reviews/RLEQV7UXVRRJ3/ref=cm_cr_othr_d_rvw_ttl?ie=UTF8&ASIN=B0B6BQ711Q,2 people found this helpful,"Nice watch, battery life is good and tracking is much accurate.",True,False,"['https://m.media-amazon.com/images/I/61z14meYNnL._SY88.jpg', 'https://m.media-amazon.com/images/I/81fnVCNAAvL._SY88.jpg']",2024-10-23,63,Colour: Jet Black,"[{'key': 'Colour', 'value': 'Jet Black'}]",,,https://www.amazon.in/product-reviews/B0B6BQ711Q?pageNumber=8&filterByStar=all_stars&sortBy=helpful&formatType=all_formats&asin=B0B6BQ711Q&reftag=cm_cr_arp_d_paging_btm_next_8&scope=reviewsAjax0,allStars,,B0B6BQ711Q,B0B6BQ711Q,B0B6BQ711Q,"{'price': None, 'listPrice': None}",https://www.amazon.in//Noise-Advanced-Bluetooth-Brightness-Smartwatch/dp/B0B6BQ711Q/ref=zg_bs_g_5605728031_d_sccl_1/258-6888058-4683712?psc=1,India,
Reviewed in India on 16 November 2024,amzn1.account.AHULEDKC6QSTWKLHYN67FVOS5FXQ,https://www.amazon.in/gp/profile/amzn1.account.AHULEDKC6QSTWKLHYN67FVOS5FXQ/ref=cm_cr_othr_d_gw_tr?ie=UTF8,4,Nice product,R1ORWQ3P8EYJ3N,https://www.amazon.in/gp/customer-reviews/R1ORWQ3P8EYJ3N/ref=cm_cr_othr_d_rvw_ttl?ie=UTF8&ASIN=B0B6BQ711Q,,Nice Product,True,False,['https://m.media-amazon.com/images/I/81Lq1M48VRL._SY88.jpg'],2024-11-16,64,Colour: Jet Black,"[{'key': 'Colour', 'value': 'Jet Black'}]",,,https://www.amazon.in/product-reviews/B0B6BQ711Q?pageNumber=8&filterByStar=all_stars&sortBy=helpful&formatType=all_formats&asin=B0B6BQ711Q&reftag=cm_cr_arp_d_paging_btm_next_8&scope=reviewsAjax0,allStars,,B0B6BQ711Q,B0B6BQ711Q,B0B6BQ711Q,"{'price': None, 'listPrice': None}",https://www.amazon.in//Noise-Advanced-Bluetooth-Brightness-Smartwatch/dp/B0B6BQ711Q/ref=zg_bs_g_5605728031_d_sccl_1/258-6888058-4683712?psc=1,India,
Reviewed in India on 23 October 2024,amzn1.account.AEJU7SRRA5Y5KSNYUBWYWJE5RUTA,https://www.amazon.in/gp/profile/amzn1.account.AEJU7SRRA5Y5KSNYUBWYWJE5RUTA/ref=cm_cr_othr_d_gw_tr?ie=UTF8,4,Super,R3P2B8ATAE6CZR,https://www.amazon.in/gp/customer-reviews/R3P2B8ATAE6CZR/ref=cm_cr_othr_d_rvw_ttl?ie=UTF8&ASIN=B0B6BQ711Q,,All good,True,False,[],2024-10-23,65,Colour: Jet Black,"[{'key': 'Colour', 'value': 'Jet Black'}]",,,https://www.amazon.in/product-reviews/B0B6BQ711Q?pageNumber=9&filterByStar=all_stars&sortBy=helpful&formatType=all_formats&asin=B0B6BQ711Q&reftag=cm_cr_arp_d_paging_btm_next_9&scope=reviewsAjax0,allStars,,B0B6BQ711Q,B0B6BQ711Q,B0B6BQ711Q,"{'price': None, 'listPrice': None}",https://www.amazon.in//Noise-Advanced-Bluetooth-Brightness-Smartwatch/dp/B0B6BQ711Q/ref=zg_bs_g_5605728031_d_sccl_1/258-6888058-4683712?psc=1,India,
Reviewed in India on 22 October 2024,amzn1.account.AEOYJSXNJV5UOXISHAZJGCC2SDQA,https://www.amazon.in/gp/profile/amzn1.account.AEOYJSXNJV5UOXISHAZJGCC2SDQA/ref=cm_cr_othr_d_gw_tr?ie=UTF8,4,Nice product,R183DW1I1HQ08Z,https://www.amazon.in/gp/customer-reviews/R183DW1I1HQ08Z/ref=cm_cr_othr_d_rvw_ttl?ie=UTF8&ASIN=B0B6BQ711Q,,,True,False,['https://m.media-amazon.com/images/I/61T8MUl2rjL._SY88.jpg'],2024-10-22,66,Colour: Midnight Blue,"[{'key': 'Colour', 'value': 'Midnight Blue'}]",,,https://www.amazon.in/product-reviews/B0B6BQ711Q?pageNumber=9&filterByStar=all_stars&sortBy=helpful&formatType=all_formats&asin=B0B6BQ711Q&reftag=cm_cr_arp_d_paging_btm_next_9&scope=reviewsAjax0,allStars,,B0B6BQ711Q,B0B6BQ711Q,B0B6BQ711Q,"{'price': None, 'listPrice': None}",https://www.amazon.in//Noise-Advanced-Bluetooth-Brightness-Smartwatch/dp/B0B6BQ711Q/ref=zg_bs_g_5605728031_d_sccl_1/258-6888058-4683712?psc=1,India,
Reviewed in India on 12 November 2024,amzn1.account.AGDJH7FVSHXPSXDMPFZXLSZIYI3Q,https://www.amazon.in/gp/profile/amzn1.account.AGDJH7FVSHXPSXDMPFZXLSZIYI3Q/ref=cm_cr_othr_d_gw_tr?ie=UTF8,4,Nice product,R18ULTLUWVEBEG,https://www.amazon.in/gp/customer-reviews/R18ULTLUWVEBEG/ref=cm_cr_othr_d_rvw_ttl?ie=UTF8&ASIN=B0B6BQ711Q,,,True,False,['https://m.media-amazon.com/images/I/71ccBaipKyL._SY88.jpg'],2024-11-12,67,Colour: Deep Wine,"[{'key': 'Colour', 'value': 'Deep Wine'}]",,,https://www.amazon.in/product-reviews/B0B6BQ711Q?pageNumber=9&filterByStar=all_stars&sortBy=helpful&formatType=all_formats&asin=B0B6BQ711Q&reftag=cm_cr_arp_d_paging_btm_next_9&scope=reviewsAjax0,allStars,,B0B6BQ711Q,B0B6BQ711Q,B0B6BQ711Q,"{'price': None, 'listPrice': None}",https://www.amazon.in//Noise-Advanced-Bluetooth-Brightness-Smartwatch/dp/B0B6BQ711Q/ref=zg_bs_g_5605728031_d_sccl_1/258-6888058-4683712?psc=1,India,
Reviewed in India on 24 October 2024,amzn1.account.AEQTTPOTIBWCUYFUD5TY6QY7A56A,https://www.amazon.in/gp/profile/amzn1.account.AEQTTPOTIBWCUYFUD5TY6QY7A56A/ref=cm_cr_othr_d_gw_tr?ie=UTF8,4,Looks good.,R1QY3P79EFPZ80,https://www.amazon.in/gp/customer-reviews/R1QY3P79EFPZ80/ref=cm_cr_othr_d_rvw_ttl?ie=UTF8&ASIN=B0B6BQ711Q,,Worth buying,True,False,[],2024-10-24,68,Colour: Jet Black,"[{'key': 'Colour', 'value': 'Jet Black'}]",,,https://www.amazon.in/product-reviews/B0B6BQ711Q?pageNumber=9&filterByStar=all_stars&sortBy=helpful&formatType=all_formats&asin=B0B6BQ711Q&reftag=cm_cr_arp_d_paging_btm_next_9&scope=reviewsAjax0,allStars,,B0B6BQ711Q,B0B6BQ711Q,B0B6BQ711Q,"{'price': None, 'listPrice': None}",https://www.amazon.in//Noise-Advanced-Bluetooth-Brightness-Smartwatch/dp/B0B6BQ711Q/ref=zg_bs_g_5605728031_d_sccl_1/258-6888058-4683712?psc=1,India,
Reviewed in India on 22 October 2024,amzn1.account.AELXRU3VXLT72FZARL55J3IFWAXQ,https://www.amazon.in/gp/profile/amzn1.account.AELXRU3VXLT72FZARL55J3IFWAXQ/ref=cm_cr_othr_d_gw_tr?ie=UTF8,4,Product review,R1A86IPHZEI7R4,https://www.amazon.in/gp/customer-reviews/R1A86IPHZEI7R4/ref=cm_cr_othr_d_rvw_ttl?ie=UTF8&ASIN=B0B6BQ711Q,,Good product,True,False,['https://m.media-amazon.com/images/I/71+2WqbY2HL._SY88.jpg'],2024-10-22,69,Colour: Rose Pink,"[{'key': 'Colour', 'value': 'Rose Pink'}]",,,https://www.amazon.in/product-reviews/B0B6BQ711Q?pageNumber=9&filterByStar=all_stars&sortBy=helpful&formatType=all_formats&asin=B0B6BQ711Q&reftag=cm_cr_arp_d_paging_btm_next_9&scope=reviewsAjax0,allStars,,B0B6BQ711Q,B0B6BQ711Q,B0B6BQ711Q,"{'price': None, 'listPrice': None}",https://www.amazon.in//Noise-Advanced-Bluetooth-Brightness-Smartwatch/dp/B0B6BQ711Q/ref=zg_bs_g_5605728031_d_sccl_1/258-6888058-4683712?psc=1,India,
Reviewed in India on 12 November 2024,amzn1.account.AEKFC7HX2C7GRXVWH27ZQFMPFHPQ,https://www.amazon.in/gp/profile/amzn1.account.AEKFC7HX2C7GRXVWH27ZQFMPFHPQ/ref=cm_cr_othr_d_gw_tr?ie=UTF8,4,Beautiful,R4P8FYRNFYFDE,https://www.amazon.in/gp/customer-reviews/R4P8FYRNFYFDE/ref=cm_cr_othr_d_rvw_ttl?ie=UTF8&ASIN=B0B6BQ711Q,,Best quality,True,False,[],2024-11-12,70,Colour: Jet Black,"[{'key': 'Colour', 'value': 'Jet Black'}]",,,https://www.amazon.in/product-reviews/B0B6BQ711Q?pageNumber=9&filterByStar=all_stars&sortBy=helpful&formatType=all_formats&asin=B0B6BQ711Q&reftag=cm_cr_arp_d_paging_btm_next_9&scope=reviewsAjax0,allStars,,B0B6BQ711Q,B0B6BQ711Q,B0B6BQ711Q,"{'price': None, 'listPrice': None}",https://www.amazon.in//Noise-Advanced-Bluetooth-Brightness-Smartwatch/dp/B0B6BQ711Q/ref=zg_bs_g_5605728031_d_sccl_1/258-6888058-4683712?psc=1,India,
Reviewed in India on 11 November 2024,amzn1.account.AHQNAX3BRDJC5ODGFFMYFIHFNHAA,https://www.amazon.in/gp/profile/amzn1.account.AHQNAX3BRDJC5ODGFFMYFIHFNHAA/ref=cm_cr_othr_d_gw_tr?ie=UTF8,4,Money's worth,R29BOZK3C6QFUZ,https://www.amazon.in/gp/customer-reviews/R29BOZK3C6QFUZ/ref=cm_cr_othr_d_rvw_ttl?ie=UTF8&ASIN=B0B6BQ711Q,,Awesome product for the price,True,False,['https://m.media-amazon.com/images/I/71xktNNiDDL._SY88.jpg'],2024-11-11,71,Colour: Jet Black,"[{'key': 'Colour', 'value': 'Jet Black'}]",,,https://www.amazon.in/product-reviews/B0B6BQ711Q?pageNumber=9&filterByStar=all_stars&sortBy=helpful&formatType=all_formats&asin=B0B6BQ711Q&reftag=cm_cr_arp_d_paging_btm_next_9&scope=reviewsAjax0,allStars,,B0B6BQ711Q,B0B6BQ711Q,B0B6BQ711Q,"{'price': None, 'listPrice': None}",https://www.amazon.in//Noise-Advanced-Bluetooth-Brightness-Smartwatch/dp/B0B6BQ711Q/ref=zg_bs_g_5605728031_d_sccl_1/258-6888058-4683712?psc=1,India,
Reviewed in India on 20 October 2024,amzn1.account.AHNVKRRT2ONFQYBKTRHKQ7NYWQPQ,https://www.amazon.in/gp/profile/amzn1.account.AHNVKRRT2ONFQYBKTRHKQ7NYWQPQ/ref=cm_cr_othr_d_gw_tr?ie=UTF8,4,Good in budget,R2Z30WKX9D0GM0,https://www.amazon.in/gp/customer-reviews/R2Z30WKX9D0GM0/ref=cm_cr_othr_d_rvw_ttl?ie=UTF8&ASIN=B0B6BQ711Q,,Good in budget,True,False,['https://m.media-amazon.com/images/I/61+Eafi4FcL._SY88.jpg'],2024-10-20,72,Colour: Jet Black,"[{'key': 'Colour', 'value': 'Jet Black'}]",,,https://www.amazon.in/product-reviews/B0B6BQ711Q?pageNumber=9&filterByStar=all_stars&sortBy=helpful&formatType=all_formats&asin=B0B6BQ711Q&reftag=cm_cr_arp_d_paging_btm_next_9&scope=reviewsAjax0,allStars,,B0B6BQ711Q,B0B6BQ711Q,B0B6BQ711Q,"{'price': None, 'listPrice': None}",https://www.amazon.in//Noise-Advanced-Bluetooth-Brightness-Smartwatch/dp/B0B6BQ711Q/ref=zg_bs_g_5605728031_d_sccl_1/258-6888058-4683712?psc=1,India,
Reviewed in India on 11 November 2024,amzn1.account.AFAME4VMSQCRWZPES5SCMMBVYPSQ,https://www.amazon.in/gp/profile/amzn1.account.AFAME4VMSQCRWZPES5SCMMBVYPSQ/ref=cm_cr_othr_d_gw_tr?ie=UTF8,4,Comfortable to wear and weight is so less,R2T4N1AF5RC9AW,https://www.amazon.in/gp/customer-reviews/R2T4N1AF5RC9AW/ref=cm_cr_othr_d_rvw_ttl?ie=UTF8&ASIN=B0B6BQ711Q,,Overall good watch,True,False,['https://m.media-amazon.com/images/I/71IIwCBsUBL._SY88.jpg'],2024-11-11,49,Colour: Jet Black,"[{'key': 'Colour', 'value': 'Jet Black'}]",,,https://www.amazon.in/product-reviews/B0B6BQ711Q?pageNumber=7&filterByStar=all_stars&sortBy=helpful&formatType=all_formats&asin=B0B6BQ711Q&reftag=cm_cr_arp_d_paging_btm_next_7&scope=reviewsAjax0,allStars,,B0B6BQ711Q,B0B6BQ711Q,B0B6BQ711Q,"{'price': None, 'listPrice': None}",https://www.amazon.in//Noise-Advanced-Bluetooth-Brightness-Smartwatch/dp/B0B6BQ711Q/ref=zg_bs_g_5605728031_d_sccl_1/258-6888058-4683712?psc=1,India,
Reviewed in India on 14 December 2024,amzn1.account.AGYHD6PBSKRP22KDRNBLTK4OLAHQ,https://www.amazon.in/gp/profile/amzn1.account.AGYHD6PBSKRP22KDRNBLTK4OLAHQ/ref=cm_cr_othr_d_gw_tr?ie=UTF8,3,Screen view,R2BTRAAMOI3XU7,https://www.amazon.in/gp/customer-reviews/R2BTRAAMOI3XU7/ref=cm_cr_othr_d_rvw_ttl?ie=UTF8&ASIN=B0B6BQ711Q,5 people found this helpful,Pros-this watch definitely good in working well and 550 nits display looks brighter at Sunshine.Battery average and when you wear this get comfort.Cons-heart rate monitor green light always blinks thats feel uncomfortabland thats why battery drained fastly.,True,False,"['https://m.media-amazon.com/images/I/61FJF40GYEL._SY88.jpg', 'https://m.media-amazon.com/images/I/61WHqPxWUnL._SY88.jpg', 'https://m.media-amazon.com/images/I/71+kLQo68DL._SY88.jpg', 'https://m.media-amazon.com/images/I/71JhbKEhgsL._SY88.jpg']",2024-12-14,50,Colour: Jet Black,"[{'key': 'Colour', 'value': 'Jet Black'}]",,,https://www.amazon.in/product-reviews/B0B6BQ711Q?pageNumber=7&filterByStar=all_stars&sortBy=helpful&formatType=all_formats&asin=B0B6BQ711Q&reftag=cm_cr_arp_d_paging_btm_next_7&scope=reviewsAjax0,allStars,,B0B6BQ711Q,B0B6BQ711Q,B0B6BQ711Q,"{'price': None, 'listPrice': None}",https://www.amazon.in//Noise-Advanced-Bluetooth-Brightness-Smartwatch/dp/B0B6BQ711Q/ref=zg_bs_g_5605728031_d_sccl_1/258-6888058-4683712?psc=1,India,
Reviewed in India on 3 January 2025,amzn1.account.AGSTYT22LED47B5MXCZOBWEXFMEQ,https://www.amazon.in/gp/profile/amzn1.account.AGSTYT22LED47B5MXCZOBWEXFMEQ/ref=cm_cr_othr_d_gw_tr?ie=UTF8,3,Good,RC8CDGRGTFIYM,https://www.amazon.in/gp/customer-reviews/RC8CDGRGTFIYM/ref=cm_cr_othr_d_rvw_ttl?ie=UTF8&ASIN=B0B6BQ711Q,,Need more battery back up.,True,False,[],2025-01-03,51,Colour: Jet Black,"[{'key': 'Colour', 'value': 'Jet Black'}]",,,https://www.amazon.in/product-reviews/B0B6BQ711Q?pageNumber=7&filterByStar=all_stars&sortBy=helpful&formatType=all_formats&asin=B0B6BQ711Q&reftag=cm_cr_arp_d_paging_btm_next_7&scope=reviewsAjax0,allStars,,B0B6BQ711Q,B0B6BQ711Q,B0B6BQ711Q,"{'price': None, 'listPrice': None}",https://www.amazon.in//Noise-Advanced-Bluetooth-Brightness-Smartwatch/dp/B0B6BQ711Q/ref=zg_bs_g_5605728031_d_sccl_1/258-6888058-4683712?psc=1,India,
Reviewed in India on 21 November 2024,amzn1.account.AGI67KK3SVLOID3K4BC33IRGCKRQ,https://www.amazon.in/gp/profile/amzn1.account.AGI67KK3SVLOID3K4BC33IRGCKRQ/ref=cm_cr_othr_d_gw_tr?ie=UTF8,4,Good product,R1BGHVA5UIXINI,https://www.amazon.in/gp/customer-reviews/R1BGHVA5UIXINI/ref=cm_cr_othr_d_rvw_ttl?ie=UTF8&ASIN=B0B6BQ711Q,One person found this helpful,"Overall good performance, battery backup upto 7/8 days",True,False,[],2024-11-21,52,Colour: Midnight Blue,"[{'key': 'Colour', 'value': 'Midnight Blue'}]",,,https://www.amazon.in/product-reviews/B0B6BQ711Q?pageNumber=7&filterByStar=all_stars&sortBy=helpful&formatType=all_formats&asin=B0B6BQ711Q&reftag=cm_cr_arp_d_paging_btm_next_7&scope=reviewsAjax0,allStars,,B0B6BQ711Q,B0B6BQ711Q,B0B6BQ711Q,"{'price': None, 'listPrice': None}",https://www.amazon.in//Noise-Advanced-Bluetooth-Brightness-Smartwatch/dp/B0B6BQ711Q/ref=zg_bs_g_5605728031_d_sccl_1/258-6888058-4683712?psc=1,India,
Reviewed in India on 26 January 2025,amzn1.account.AHJBE7LQI5UVJJ47NBHMSQOYYWQA,https://www.amazon.in/gp/profile/amzn1.account.AHJBE7LQI5UVJJ47NBHMSQOYYWQA/ref=cm_cr_othr_d_gw_tr?ie=UTF8,5,Noise smartwatch is better👍,R36FOFK88CJ634,https://www.amazon.in/gp/customer-reviews/R36FOFK88CJ634/ref=cm_cr_othr_d_rvw_ttl?ie=UTF8&ASIN=B0B6BQ711Q,,Thank you amazon ❤️for Such a good watch to give ☺️...,True,False,"['https://m.media-amazon.com/images/I/51qVr2DQwDL._SY88.jpg', 'https://m.media-amazon.com/images/I/81BI8mc7PRL._SY88.jpg']",2025-01-26,53,Colour: Jet Black,"[{'key': 'Colour', 'value': 'Jet Black'}]",,,https://www.amazon.in/product-reviews/B0B6BQ711Q?pageNumber=7&filterByStar=all_stars&sortBy=helpful&formatType=all_formats&asin=B0B6BQ711Q&reftag=cm_cr_arp_d_paging_btm_next_7&scope=reviewsAjax0,allStars,,B0B6BQ711Q,B0B6BQ711Q,B0B6BQ711Q,"{'price': None, 'listPrice': None}",https://www.amazon.in//Noise-Advanced-Bluetooth-Brightness-Smartwatch/dp/B0B6BQ711Q/ref=zg_bs_g_5605728031_d_sccl_1/258-6888058-4683712?psc=1,India,
Reviewed in India on 18 November 2024,amzn1.account.AECMAFXX5OUOMYZCIHS3YZJJLW2A,https://www.amazon.in/gp/profile/amzn1.account.AECMAFXX5OUOMYZCIHS3YZJJLW2A/ref=cm_cr_othr_d_gw_tr?ie=UTF8,4,Price worth,R1SASVCSTL49C4,https://www.amazon.in/gp/customer-reviews/R1SASVCSTL49C4/ref=cm_cr_othr_d_rvw_ttl?ie=UTF8&ASIN=B0B6BQ711Q,One person found this helpful,Good product as of now good for price,True,False,[],2024-11-18,54,Colour: Jet Black,"[{'key': 'Colour', 'value': 'Jet Black'}]",,,https://www.amazon.in/product-reviews/B0B6BQ711Q?pageNumber=7&filterByStar=all_stars&sortBy=helpful&formatType=all_formats&asin=B0B6BQ711Q&reftag=cm_cr_arp_d_paging_btm_next_7&scope=reviewsAjax0,allStars,,B0B6BQ711Q,B0B6BQ711Q,B0B6BQ711Q,"{'price': None, 'listPrice': None}",https://www.amazon.in//Noise-Advanced-Bluetooth-Brightness-Smartwatch/dp/B0B6BQ711Q/ref=zg_bs_g_5605728031_d_sccl_1/258-6888058-4683712?psc=1,India,
Reviewed in India on 21 November 2024,amzn1.account.AFPGMKIUT73Z2XQAJBOVM7K7FW3A,https://www.amazon.in/gp/profile/amzn1.account.AFPGMKIUT73Z2XQAJBOVM7K7FW3A/ref=cm_cr_othr_d_gw_tr?ie=UTF8,4,Good,R2LBN5NEZDA2YI,https://www.amazon.in/gp/customer-reviews/R2LBN5NEZDA2YI/ref=cm_cr_othr_d_rvw_ttl?ie=UTF8&ASIN=B0B6BQ711Q,One person found this helpful,Good product,True,False,[],2024-11-21,55,Colour: Deep Wine,"[{'key': 'Colour', 'value': 'Deep Wine'}]",,,https://www.amazon.in/product-reviews/B0B6BQ711Q?pageNumber=7&filterByStar=all_stars&sortBy=helpful&formatType=all_formats&asin=B0B6BQ711Q&reftag=cm_cr_arp_d_paging_btm_next_7&scope=reviewsAjax0,allStars,,B0B6BQ711Q,B0B6BQ711Q,B0B6BQ711Q,"{'price': None, 'listPrice': None}",https://www.amazon.in//Noise-Advanced-Bluetooth-Brightness-Smartwatch/dp/B0B6BQ711Q/ref=zg_bs_g_5605728031_d_sccl_1/258-6888058-4683712?psc=1,India,
Reviewed in India on 24 October 2024,amzn1.account.AGQ22HPBYG77M6BGGD55W5P2Z3IA,https://www.amazon.in/gp/profile/amzn1.account.AGQ22HPBYG77M6BGGD55W5P2Z3IA/ref=cm_cr_othr_d_gw_tr?ie=UTF8,4,Ok good,R3HZQ1FZZM7RSB,https://www.amazon.in/gp/customer-reviews/R3HZQ1FZZM7RSB/ref=cm_cr_othr_d_rvw_ttl?ie=UTF8&ASIN=B0B6BQ711Q,,Ok good product,True,False,[],2024-10-24,56,Colour: Deep Wine,"[{'key': 'Colour', 'value': 'Deep Wine'}]",,,https://www.amazon.in/product-reviews/B0B6BQ711Q?pageNumber=7&filterByStar=all_stars&sortBy=helpful&formatType=all_formats&asin=B0B6BQ711Q&reftag=cm_cr_arp_d_paging_btm_next_7&scope=reviewsAjax0,allStars,,B0B6BQ711Q,B0B6BQ711Q,B0B6BQ711Q,"{'price': None, 'listPrice': None}",https://www.amazon.in//Noise-Advanced-Bluetooth-Brightness-Smartwatch/dp/B0B6BQ711Q/ref=zg_bs_g_5605728031_d_sccl_1/258-6888058-4683712?psc=1,India,
Reviewed in India on 10 December 2024,amzn1.account.AENODDPELVVMX5EIG7NJ5RVR62XA,https://www.amazon.in/gp/profile/amzn1.account.AENODDPELVVMX5EIG7NJ5RVR62XA/ref=cm_cr_othr_d_gw_tr?ie=UTF8,4,Like the Noice smart watch,RZGXHL2CV29ZN,https://www.amazon.in/gp/customer-reviews/RZGXHL2CV29ZN/ref=cm_cr_othr_d_rvw_ttl?ie=UTF8&ASIN=B0B6BQ711Q,One person found this helpful,"Must buy, quality, due and function are good with good brightness in morning day light u can seen the function on ☀️ light.",True,False,[],2024-12-10,25,Colour: Deep Wine,"[{'key': 'Colour', 'value': 'Deep Wine'}]",,,https://www.amazon.in/product-reviews/B0B6BQ711Q?pageNumber=4&filterByStar=all_stars&sortBy=helpful&formatType=all_formats&asin=B0B6BQ711Q&reftag=cm_cr_arp_d_paging_btm_next_4&scope=reviewsAjax0,allStars,,B0B6BQ711Q,B0B6BQ711Q,B0B6BQ711Q,"{'price': None, 'listPrice': None}",https://www.amazon.in//Noise-Advanced-Bluetooth-Brightness-Smartwatch/dp/B0B6BQ711Q/ref=zg_bs_g_5605728031_d_sccl_1/258-6888058-4683712?psc=1,India,
Reviewed in India on 29 November 2024,amzn1.account.AFKGXQGXDLHT7E22EG3J2KQVNKYA,https://www.amazon.in/gp/profile/amzn1.account.AFKGXQGXDLHT7E22EG3J2KQVNKYA/ref=cm_cr_othr_d_gw_tr?ie=UTF8,4,Pulse 2 Max,RJ058EIDIUK30,https://www.amazon.in/gp/customer-reviews/RJ058EIDIUK30/ref=cm_cr_othr_d_rvw_ttl?ie=UTF8&ASIN=B0B6BQ711Q,4 people found this helpful,The product is amazingAll features works smoothlyBut the battery life is not good it get delivered on 1 November but it was a gift so I unbox it now and get to know that its battery is decreasing very fastly. I'm using it let's see what will  happen ??,True,False,['https://m.media-amazon.com/images/I/71Cte4XQACL._SY88.jpg'],2024-11-29,26,Colour: Black Link,"[{'key': 'Colour', 'value': 'Black Link'}]",,,https://www.amazon.in/product-reviews/B0B6BQ711Q?pageNumber=4&filterByStar=all_stars&sortBy=helpful&formatType=all_formats&asin=B0B6BQ711Q&reftag=cm_cr_arp_d_paging_btm_next_4&scope=reviewsAjax0,allStars,,B0B6BQ711Q,B0B6BQ711Q,B0B6BQ711Q,"{'price': None, 'listPrice': None}",https://www.amazon.in//Noise-Advanced-Bluetooth-Brightness-Smartwatch/dp/B0B6BQ711Q/ref=zg_bs_g_5605728031_d_sccl_1/258-6888058-4683712?psc=1,India,
Reviewed in India on 11 December 2024,amzn1.account.AGLE7I7SPA65HGXCITJZDKAFAYBA,https://www.amazon.in/gp/profile/amzn1.account.AGLE7I7SPA65HGXCITJZDKAFAYBA/ref=cm_cr_othr_d_gw_tr?ie=UTF8,4,Nice,R3HYP6UANHL7JP,https://www.amazon.in/gp/customer-reviews/R3HYP6UANHL7JP/ref=cm_cr_othr_d_rvw_ttl?ie=UTF8&ASIN=B0B6BQ711Q,One person found this helpful,Nice product good 👍,True,False,[],2024-12-11,27,Colour: Jet Black,"[{'key': 'Colour', 'value': 'Jet Black'}]",,,https://www.amazon.in/product-reviews/B0B6BQ711Q?pageNumber=4&filterByStar=all_stars&sortBy=helpful&formatType=all_formats&asin=B0B6BQ711Q&reftag=cm_cr_arp_d_paging_btm_next_4&scope=reviewsAjax0,allStars,,B0B6BQ711Q,B0B6BQ711Q,B0B6BQ711Q,"{'price': None, 'listPrice': None}",https://www.amazon.in//Noise-Advanced-Bluetooth-Brightness-Smartwatch/dp/B0B6BQ711Q/ref=zg_bs_g_5605728031_d_sccl_1/258-6888058-4683712?psc=1,India,
Reviewed in India on 8 December 2024,amzn1.account.AGKTHJQDYE2TSPL5DE2RD7TUEUHQ,https://www.amazon.in/gp/profile/amzn1.account.AGKTHJQDYE2TSPL5DE2RD7TUEUHQ/ref=cm_cr_othr_d_gw_tr?ie=UTF8,4,Good value of money,RBISKQSZY19RP,https://www.amazon.in/gp/customer-reviews/RBISKQSZY19RP/ref=cm_cr_othr_d_rvw_ttl?ie=UTF8&ASIN=B0B6BQ711Q,,Good 👍,True,False,[],2024-12-08,28,Colour: Jet Black,"[{'key': 'Colour', 'value': 'Jet Black'}]",,,https://www.amazon.in/product-reviews/B0B6BQ711Q?pageNumber=4&filterByStar=all_stars&sortBy=helpful&formatType=all_formats&asin=B0B6BQ711Q&reftag=cm_cr_arp_d_paging_btm_next_4&scope=reviewsAjax0,allStars,,B0B6BQ711Q,B0B6BQ711Q,B0B6BQ711Q,"{'price': None, 'listPrice': None}",https://www.amazon.in//Noise-Advanced-Bluetooth-Brightness-Smartwatch/dp/B0B6BQ711Q/ref=zg_bs_g_5605728031_d_sccl_1/258-6888058-4683712?psc=1,India,
Reviewed in India on 1 December 2024,amzn1.account.AHJFHFKRMNST4IWICVM5FTBEVSFA,https://www.amazon.in/gp/profile/amzn1.account.AHJFHFKRMNST4IWICVM5FTBEVSFA/ref=cm_cr_othr_d_gw_tr?ie=UTF8,4,Excellent,R16FD11ZQUY36T,https://www.amazon.in/gp/customer-reviews/R16FD11ZQUY36T/ref=cm_cr_othr_d_rvw_ttl?ie=UTF8&ASIN=B0B6BQ711Q,2 people found this helpful,I like everything thing of the product .I bought as birthday to my sis worth buying it,True,False,['https://m.media-amazon.com/images/I/71MMFGivCSL._SY88.jpg'],2024-12-01,29,Colour: Rose Pink,"[{'key': 'Colour', 'value': 'Rose Pink'}]",,,https://www.amazon.in/product-reviews/B0B6BQ711Q?pageNumber=4&filterByStar=all_stars&sortBy=helpful&formatType=all_formats&asin=B0B6BQ711Q&reftag=cm_cr_arp_d_paging_btm_next_4&scope=reviewsAjax0,allStars,,B0B6BQ711Q,B0B6BQ711Q,B0B6BQ711Q,"{'price': None, 'listPrice': None}",https://www.amazon.in//Noise-Advanced-Bluetooth-Brightness-Smartwatch/dp/B0B6BQ711Q/ref=zg_bs_g_5605728031_d_sccl_1/258-6888058-4683712?psc=1,India,
Reviewed in India on 6 December 2024,amzn1.account.AEWQK2WXYWO3GWL2TAFKJUE5UEJA,https://www.amazon.in/gp/profile/amzn1.account.AEWQK2WXYWO3GWL2TAFKJUE5UEJA/ref=cm_cr_othr_d_gw_tr?ie=UTF8,4,Quality based,RC18E4EPROQ2I,https://www.amazon.in/gp/customer-reviews/RC18E4EPROQ2I/ref=cm_cr_othr_d_rvw_ttl?ie=UTF8&ASIN=B0B6BQ711Q,One person found this helpful,Good product,True,False,[],2024-12-06,30,Colour: Jet Black,"[{'key': 'Colour', 'value': 'Jet Black'}]",,,https://www.amazon.in/product-reviews/B0B6BQ711Q?pageNumber=4&filterByStar=all_stars&sortBy=helpful&formatType=all_formats&asin=B0B6BQ711Q&reftag=cm_cr_arp_d_paging_btm_next_4&scope=reviewsAjax0,allStars,,B0B6BQ711Q,B0B6BQ711Q,B0B6BQ711Q,"{'price': None, 'listPrice': None}",https://www.amazon.in//Noise-Advanced-Bluetooth-Brightness-Smartwatch/dp/B0B6BQ711Q/ref=zg_bs_g_5605728031_d_sccl_1/258-6888058-4683712?psc=1,India,
Reviewed in India on 26 November 2024,amzn1.account.AF3K7EEVLSDFXE4JSWNZNAXTEWOA,https://www.amazon.in/gp/profile/amzn1.account.AF3K7EEVLSDFXE4JSWNZNAXTEWOA/ref=cm_cr_othr_d_gw_tr?ie=UTF8,4,Looks,R1BRSGF9JBKM6C,https://www.amazon.in/gp/customer-reviews/R1BRSGF9JBKM6C/ref=cm_cr_othr_d_rvw_ttl?ie=UTF8&ASIN=B0B6BQ711Q,2 people found this helpful,Extremely affordable and best watch in this generation as i am using it from couple of month it has no disadvantage at all,True,False,[],2024-11-26,31,Colour: Jade Green,"[{'key': 'Colour', 'value': 'Jade Green'}]",,,https://www.amazon.in/product-reviews/B0B6BQ711Q?pageNumber=4&filterByStar=all_stars&sortBy=helpful&formatType=all_formats&asin=B0B6BQ711Q&reftag=cm_cr_arp_d_paging_btm_next_4&scope=reviewsAjax0,allStars,,B0B6BQ711Q,B0B6BQ711Q,B0B6BQ711Q,"{'price': None, 'listPrice': None}",https://www.amazon.in//Noise-Advanced-Bluetooth-Brightness-Smartwatch/dp/B0B6BQ711Q/ref=zg_bs_g_5605728031_d_sccl_1/258-6888058-4683712?psc=1,India,
Reviewed in India on 7 December 2024,amzn1.account.AHIFWEIJKJ23WBC6PQIO6MKSJZOA,https://www.amazon.in/gp/profile/amzn1.account.AHIFWEIJKJ23WBC6PQIO6MKSJZOA/ref=cm_cr_othr_d_gw_tr?ie=UTF8,4,Performance,RDKA030K7HII1,https://www.amazon.in/gp/customer-reviews/RDKA030K7HII1/ref=cm_cr_othr_d_rvw_ttl?ie=UTF8&ASIN=B0B6BQ711Q,One person found this helpful,Good as per cost (discounted).,True,False,[],2024-12-07,32,Colour: Jade Green,"[{'key': 'Colour', 'value': 'Jade Green'}]",,,https://www.amazon.in/product-reviews/B0B6BQ711Q?pageNumber=4&filterByStar=all_stars&sortBy=helpful&formatType=all_formats&asin=B0B6BQ711Q&reftag=cm_cr_arp_d_paging_btm_next_4&scope=reviewsAjax0,allStars,,B0B6BQ711Q,B0B6BQ711Q,B0B6BQ711Q,"{'price': None, 'listPrice': None}",https://www.amazon.in//Noise-Advanced-Bluetooth-Brightness-Smartwatch/dp/B0B6BQ711Q/ref=zg_bs_g_5605728031_d_sccl_1/258-6888058-4683712?psc=1,India,
Reviewed in India on 16 January 2025,amzn1.account.AEVAQFCIZJSVHMVVBHEX5BT5CFHA,https://www.amazon.in/gp/profile/amzn1.account.AEVAQFCIZJSVHMVVBHEX5BT5CFHA/ref=cm_cr_othr_d_gw_tr?ie=UTF8,4,Worth to money,R3U0HXW6LONNNG,https://www.amazon.in/gp/customer-reviews/R3U0HXW6LONNNG/ref=cm_cr_othr_d_rvw_ttl?ie=UTF8&ASIN=B0B6BQ711Q,,Easily trackable. Good looking.,True,False,[],2025-01-16,17,Colour: Deep Wine,"[{'key': 'Colour', 'value': 'Deep Wine'}]",,,https://www.amazon.in/product-reviews/B0B6BQ711Q?pageNumber=3&filterByStar=all_stars&sortBy=helpful&formatType=all_formats&asin=B0B6BQ711Q&reftag=cm_cr_arp_d_paging_btm_next_3&scope=reviewsAjax0,allStars,,B0B6BQ711Q,B0B6BQ711Q,B0B6BQ711Q,"{'price': None, 'listPrice': None}",https://www.amazon.in//Noise-Advanced-Bluetooth-Brightness-Smartwatch/dp/B0B6BQ711Q/ref=zg_bs_g_5605728031_d_sccl_1/258-6888058-4683712?psc=1,India,
Reviewed in India on 10 January 2025,amzn1.account.AH4UR46BBOTIPOIQKGZUPYC3ZLRA,https://www.amazon.in/gp/profile/amzn1.account.AH4UR46BBOTIPOIQKGZUPYC3ZLRA/ref=cm_cr_othr_d_gw_tr?ie=UTF8,4,Good quality product,R1W40HU6EN3DNJ,https://www.amazon.in/gp/customer-reviews/R1W40HU6EN3DNJ/ref=cm_cr_othr_d_rvw_ttl?ie=UTF8&ASIN=B0B6BQ711Q,,,True,False,['https://m.media-amazon.com/images/I/713f0dYNYCL._SY88.jpg'],2025-01-10,18,Colour: Jet Black,"[{'key': 'Colour', 'value': 'Jet Black'}]",,,https://www.amazon.in/product-reviews/B0B6BQ711Q?pageNumber=3&filterByStar=all_stars&sortBy=helpful&formatType=all_formats&asin=B0B6BQ711Q&reftag=cm_cr_arp_d_paging_btm_next_3&scope=reviewsAjax0,allStars,,B0B6BQ711Q,B0B6BQ711Q,B0B6BQ711Q,"{'price': None, 'listPrice': None}",https://www.amazon.in//Noise-Advanced-Bluetooth-Brightness-Smartwatch/dp/B0B6BQ711Q/ref=zg_bs_g_5605728031_d_sccl_1/258-6888058-4683712?psc=1,India,
Reviewed in India on 30 December 2024,amzn1.account.AGDQDJ376D6WLLYC6PYQQ2JUIYAA,https://www.amazon.in/gp/profile/amzn1.account.AGDQDJ376D6WLLYC6PYQQ2JUIYAA/ref=cm_cr_othr_d_gw_tr?ie=UTF8,4,Good experience,R1S7F3553DLY3V,https://www.amazon.in/gp/customer-reviews/R1S7F3553DLY3V/ref=cm_cr_othr_d_rvw_ttl?ie=UTF8&ASIN=B0B6BQ711Q,,Nice watch go for it 👍,True,False,[],2024-12-30,19,Colour: Midnight Blue,"[{'key': 'Colour', 'value': 'Midnight Blue'}]",,,https://www.amazon.in/product-reviews/B0B6BQ711Q?pageNumber=3&filterByStar=all_stars&sortBy=helpful&formatType=all_formats&asin=B0B6BQ711Q&reftag=cm_cr_arp_d_paging_btm_next_3&scope=reviewsAjax0,allStars,,B0B6BQ711Q,B0B6BQ711Q,B0B6BQ711Q,"{'price': None, 'listPrice': None}",https://www.amazon.in//Noise-Advanced-Bluetooth-Brightness-Smartwatch/dp/B0B6BQ711Q/ref=zg_bs_g_5605728031_d_sccl_1/258-6888058-4683712?psc=1,India,
Reviewed in India on 31 December 2024,amzn1.account.AHORJRHHFK4D5HM2GZIVUC6MB7AQ,https://www.amazon.in/gp/profile/amzn1.account.AHORJRHHFK4D5HM2GZIVUC6MB7AQ/ref=cm_cr_othr_d_gw_tr?ie=UTF8,4,Quality product,R14KWZM45KT2C7,https://www.amazon.in/gp/customer-reviews/R14KWZM45KT2C7/ref=cm_cr_othr_d_rvw_ttl?ie=UTF8&ASIN=B0B6BQ711Q,,Good,True,False,[],2024-12-31,20,Colour: Deep Wine,"[{'key': 'Colour', 'value': 'Deep Wine'}]",,,https://www.amazon.in/product-reviews/B0B6BQ711Q?pageNumber=3&filterByStar=all_stars&sortBy=helpful&formatType=all_formats&asin=B0B6BQ711Q&reftag=cm_cr_arp_d_paging_btm_next_3&scope=reviewsAjax0,allStars,,B0B6BQ711Q,B0B6BQ711Q,B0B6BQ711Q,"{'price': None, 'listPrice': None}",https://www.amazon.in//Noise-Advanced-Bluetooth-Brightness-Smartwatch/dp/B0B6BQ711Q/ref=zg_bs_g_5605728031_d_sccl_1/258-6888058-4683712?psc=1,India,
Reviewed in India on 28 December 2024,amzn1.account.AFFGGHAFRNP2A65XS7QBBVX5LHZQ,https://www.amazon.in/gp/profile/amzn1.account.AFFGGHAFRNP2A65XS7QBBVX5LHZQ/ref=cm_cr_othr_d_gw_tr?ie=UTF8,4,Good product,R2WN8NN985XT8R,https://www.amazon.in/gp/customer-reviews/R2WN8NN985XT8R/ref=cm_cr_othr_d_rvw_ttl?ie=UTF8&ASIN=B0B6BQ711Q,,Decent features.,True,False,[],2024-12-28,21,Colour: Rose Pink,"[{'key': 'Colour', 'value': 'Rose Pink'}]",,,https://www.amazon.in/product-reviews/B0B6BQ711Q?pageNumber=3&filterByStar=all_stars&sortBy=helpful&formatType=all_formats&asin=B0B6BQ711Q&reftag=cm_cr_arp_d_paging_btm_next_3&scope=reviewsAjax0,allStars,,B0B6BQ711Q,B0B6BQ711Q,B0B6BQ711Q,"{'price': None, 'listPrice': None}",https://www.amazon.in//Noise-Advanced-Bluetooth-Brightness-Smartwatch/dp/B0B6BQ711Q/ref=zg_bs_g_5605728031_d_sccl_1/258-6888058-4683712?psc=1,India,
Reviewed in India on 8 January 2025,amzn1.account.AHNYBKV744INXCK2XTQJJW7Y22JA,https://www.amazon.in/gp/profile/amzn1.account.AHNYBKV744INXCK2XTQJJW7Y22JA/ref=cm_cr_othr_d_gw_tr?ie=UTF8,4,Good,R1B3RRQGR542S,https://www.amazon.in/gp/customer-reviews/R1B3RRQGR542S/ref=cm_cr_othr_d_rvw_ttl?ie=UTF8&ASIN=B0B6BQ711Q,,Good,True,False,[],2025-01-08,22,Colour: Deep Wine,"[{'key': 'Colour', 'value': 'Deep Wine'}]",,,https://www.amazon.in/product-reviews/B0B6BQ711Q?pageNumber=3&filterByStar=all_stars&sortBy=helpful&formatType=all_formats&asin=B0B6BQ711Q&reftag=cm_cr_arp_d_paging_btm_next_3&scope=reviewsAjax0,allStars,,B0B6BQ711Q,B0B6BQ711Q,B0B6BQ711Q,"{'price': None, 'listPrice': None}",https://www.amazon.in//Noise-Advanced-Bluetooth-Brightness-Smartwatch/dp/B0B6BQ711Q/ref=zg_bs_g_5605728031_d_sccl_1/258-6888058-4683712?psc=1,India,
Reviewed in India on 28 December 2024,amzn1.account.AFPSCTZAW5BYD6NQJ5ID6IK7IWSQ,https://www.amazon.in/gp/profile/amzn1.account.AFPSCTZAW5BYD6NQJ5ID6IK7IWSQ/ref=cm_cr_othr_d_gw_tr?ie=UTF8,4,Goid,R2N1USOUCJ08QT,https://www.amazon.in/gp/customer-reviews/R2N1USOUCJ08QT/ref=cm_cr_othr_d_rvw_ttl?ie=UTF8&ASIN=B0B6BQ711Q,One person found this helpful,Good product,True,False,['https://m.media-amazon.com/images/I/71fGpY6d-4L._SY88.jpg'],2024-12-28,23,Colour: Jet Black,"[{'key': 'Colour', 'value': 'Jet Black'}]",,,https://www.amazon.in/product-reviews/B0B6BQ711Q?pageNumber=3&filterByStar=all_stars&sortBy=helpful&formatType=all_formats&asin=B0B6BQ711Q&reftag=cm_cr_arp_d_paging_btm_next_3&scope=reviewsAjax0,allStars,,B0B6BQ711Q,B0B6BQ711Q,B0B6BQ711Q,"{'price': None, 'listPrice': None}",https://www.amazon.in//Noise-Advanced-Bluetooth-Brightness-Smartwatch/dp/B0B6BQ711Q/ref=zg_bs_g_5605728031_d_sccl_1/258-6888058-4683712?psc=1,India,
Reviewed in India on 18 December 2024,amzn1.account.AGX5DVPZOKCRS4OTY6JVRXD5TN2Q,https://www.amazon.in/gp/profile/amzn1.account.AGX5DVPZOKCRS4OTY6JVRXD5TN2Q/ref=cm_cr_othr_d_gw_tr?ie=UTF8,4,Old design and  features,R2Q2HNUHQUBLSD,https://www.amazon.in/gp/customer-reviews/R2Q2HNUHQUBLSD/ref=cm_cr_othr_d_rvw_ttl?ie=UTF8&ASIN=B0B6BQ711Q,,Good looking 😍,True,False,[],2024-12-18,24,Colour: Jet Black,"[{'key': 'Colour', 'value': 'Jet Black'}]",,,https://www.amazon.in/product-reviews/B0B6BQ711Q?pageNumber=3&filterByStar=all_stars&sortBy=helpful&formatType=all_formats&asin=B0B6BQ711Q&reftag=cm_cr_arp_d_paging_btm_next_3&scope=reviewsAjax0,allStars,,B0B6BQ711Q,B0B6BQ711Q,B0B6BQ711Q,"{'price': None, 'listPrice': None}",https://www.amazon.in//Noise-Advanced-Bluetooth-Brightness-Smartwatch/dp/B0B6BQ711Q/ref=zg_bs_g_5605728031_d_sccl_1/258-6888058-4683712?psc=1,India,
Reviewed in India on 20 October 2024,amzn1.account.AFYIKW3KC3Z27EFPHDZF2FXIZ3NQ,https://www.amazon.in/gp/profile/amzn1.account.AFYIKW3KC3Z27EFPHDZF2FXIZ3NQ/ref=cm_cr_othr_d_gw_tr?ie=UTF8,4,This watch is incredible,R31070JY11C2VF,https://www.amazon.in/gp/customer-reviews/R31070JY11C2VF/ref=cm_cr_othr_d_rvw_ttl?ie=UTF8&ASIN=B0B6BQ711Q,,Good quality in lower prize.,True,False,[],2024-10-20,73,Colour: Rose Pink,"[{'key': 'Colour', 'value': 'Rose Pink'}]",,,https://www.amazon.in/product-reviews/B0B6BQ711Q?pageNumber=10&filterByStar=all_stars&sortBy=helpful&formatType=all_formats&asin=B0B6BQ711Q&reftag=cm_cr_arp_d_paging_btm_next_10&scope=reviewsAjax0,allStars,,B0B6BQ711Q,B0B6BQ711Q,B0B6BQ711Q,"{'price': None, 'listPrice': None}",https://www.amazon.in//Noise-Advanced-Bluetooth-Brightness-Smartwatch/dp/B0B6BQ711Q/ref=zg_bs_g_5605728031_d_sccl_1/258-6888058-4683712?psc=1,India,
Reviewed in India on 15 November 2024,amzn1.account.AF4I3WUGXZ2HM6HQBBO5XSQ3ECPQ,https://www.amazon.in/gp/profile/amzn1.account.AF4I3WUGXZ2HM6HQBBO5XSQ3ECPQ/ref=cm_cr_othr_d_gw_tr?ie=UTF8,4,Good,RJTNFAEBZBOFA,https://www.amazon.in/gp/customer-reviews/RJTNFAEBZBOFA/ref=cm_cr_othr_d_rvw_ttl?ie=UTF8&ASIN=B0B6BQ711Q,2 people found this helpful,Good,True,False,[],2024-11-15,74,Colour: Deep Wine,"[{'key': 'Colour', 'value': 'Deep Wine'}]",,,https://www.amazon.in/product-reviews/B0B6BQ711Q?pageNumber=10&filterByStar=all_stars&sortBy=helpful&formatType=all_formats&asin=B0B6BQ711Q&reftag=cm_cr_arp_d_paging_btm_next_10&scope=reviewsAjax0,allStars,,B0B6BQ711Q,B0B6BQ711Q,B0B6BQ711Q,"{'price': None, 'listPrice': None}",https://www.amazon.in//Noise-Advanced-Bluetooth-Brightness-Smartwatch/dp/B0B6BQ711Q/ref=zg_bs_g_5605728031_d_sccl_1/258-6888058-4683712?psc=1,India,
Reviewed in India on 13 January 2025,amzn1.account.AFYTZJZ7RLLRXZD3HT6A32Z5QYNA,https://www.amazon.in/gp/profile/amzn1.account.AFYTZJZ7RLLRXZD3HT6A32Z5QYNA/ref=cm_cr_othr_d_gw_tr?ie=UTF8,5,All good 😊 must buy,R3GFAHAGGXW89V,https://www.amazon.in/gp/customer-reviews/R3GFAHAGGXW89V/ref=cm_cr_othr_d_rvw_ttl?ie=UTF8&ASIN=B0B6BQ711Q,,I really love the product,True,False,[],2025-01-13,75,Colour: Deep Wine,"[{'key': 'Colour', 'value': 'Deep Wine'}]",,,https://www.amazon.in/product-reviews/B0B6BQ711Q?pageNumber=10&filterByStar=all_stars&sortBy=helpful&formatType=all_formats&asin=B0B6BQ711Q&reftag=cm_cr_arp_d_paging_btm_next_10&scope=reviewsAjax0,allStars,,B0B6BQ711Q,B0B6BQ711Q,B0B6BQ711Q,"{'price': None, 'listPrice': None}",https://www.amazon.in//Noise-Advanced-Bluetooth-Brightness-Smartwatch/dp/B0B6BQ711Q/ref=zg_bs_g_5605728031_d_sccl_1/258-6888058-4683712?psc=1,India,
Reviewed in India on 25 November 2024,amzn1.account.AGKOHHNRLKCO77VSJ7HIRUTEKQUQ,https://www.amazon.in/gp/profile/amzn1.account.AGKOHHNRLKCO77VSJ7HIRUTEKQUQ/ref=cm_cr_othr_d_gw_tr?ie=UTF8,3,Incoming call issues while BT calling is enabled,R3R8OZK537LH50,https://www.amazon.in/gp/customer-reviews/R3R8OZK537LH50/ref=cm_cr_othr_d_rvw_ttl?ie=UTF8&ASIN=B0B6BQ711Q,One person found this helpful,"I have enabled BT calling feature. When I get any incoming call on phone, after I received the call from phone it takes time to switch BT audio and also I cannot hear audio voice o lf other person. Due to this I have to keep BT calling off , and hence the feature is not useful for me",True,False,[],2024-11-25,76,Colour: Jet Black,"[{'key': 'Colour', 'value': 'Jet Black'}]",,,https://www.amazon.in/product-reviews/B0B6BQ711Q?pageNumber=10&filterByStar=all_stars&sortBy=helpful&formatType=all_formats&asin=B0B6BQ711Q&reftag=cm_cr_arp_d_paging_btm_next_10&scope=reviewsAjax0,allStars,,B0B6BQ711Q,B0B6BQ711Q,B0B6BQ711Q,"{'price': None, 'listPrice': None}",https://www.amazon.in//Noise-Advanced-Bluetooth-Brightness-Smartwatch/dp/B0B6BQ711Q/ref=zg_bs_g_5605728031_d_sccl_1/258-6888058-4683712?psc=1,India,
Reviewed in India on 12 November 2024,amzn1.account.AHMPIOEAFJEKV2V63QBT46YPWFNA,https://www.amazon.in/gp/profile/amzn1.account.AHMPIOEAFJEKV2V63QBT46YPWFNA/ref=cm_cr_othr_d_gw_tr?ie=UTF8,4,👍🏽,R3FZLFKAYHTQS9,https://www.amazon.in/gp/customer-reviews/R3FZLFKAYHTQS9/ref=cm_cr_othr_d_rvw_ttl?ie=UTF8&ASIN=B0B6BQ711Q,,Nice,True,False,[],2024-11-12,77,Colour: Midnight Blue,"[{'key': 'Colour', 'value': 'Midnight Blue'}]",,,https://www.amazon.in/product-reviews/B0B6BQ711Q?pageNumber=10&filterByStar=all_stars&sortBy=helpful&formatType=all_formats&asin=B0B6BQ711Q&reftag=cm_cr_arp_d_paging_btm_next_10&scope=reviewsAjax0,allStars,,B0B6BQ711Q,B0B6BQ711Q,B0B6BQ711Q,"{'price': None, 'listPrice': None}",https://www.amazon.in//Noise-Advanced-Bluetooth-Brightness-Smartwatch/dp/B0B6BQ711Q/ref=zg_bs_g_5605728031_d_sccl_1/258-6888058-4683712?psc=1,India,
Reviewed in India on 14 November 2024,amzn1.account.AHSFQ4VIWRNYVBB26EWI25SITPUQ,https://www.amazon.in/gp/profile/amzn1.account.AHSFQ4VIWRNYVBB26EWI25SITPUQ/ref=cm_cr_othr_d_gw_tr?ie=UTF8,4,Nice product,R3R5RJXX8KE5IB,https://www.amazon.in/gp/customer-reviews/R3R5RJXX8KE5IB/ref=cm_cr_othr_d_rvw_ttl?ie=UTF8&ASIN=B0B6BQ711Q,2 people found this helpful,"The media could not be loaded.
                
            
                
            
        
    
    








  
  
     It isa very good product.Value for money durability",True,False,['https://m.media-amazon.com/images/I/61sdi7NFOKL._SY88.jpg'],2024-11-14,78,Colour: Jet Black,"[{'key': 'Colour', 'value': 'Jet Black'}]",,,https://www.amazon.in/product-reviews/B0B6BQ711Q?pageNumber=10&filterByStar=all_stars&sortBy=helpful&formatType=all_formats&asin=B0B6BQ711Q&reftag=cm_cr_arp_d_paging_btm_next_10&scope=reviewsAjax0,allStars,,B0B6BQ711Q,B0B6BQ711Q,B0B6BQ711Q,"{'price': None, 'listPrice': None}",https://www.amazon.in//Noise-Advanced-Bluetooth-Brightness-Smartwatch/dp/B0B6BQ711Q/ref=zg_bs_g_5605728031_d_sccl_1/258-6888058-4683712?psc=1,India,
Reviewed in India on 16 January 2025,amzn1.account.AGWUOCDT3QSLNBLVBB4VRU2T56OQ,https://www.amazon.in/gp/profile/amzn1.account.AGWUOCDT3QSLNBLVBB4VRU2T56OQ/ref=cm_cr_othr_d_gw_tr?ie=UTF8,5,Caring,R1BV5CG57JX9YB,https://www.amazon.in/gp/customer-reviews/R1BV5CG57JX9YB/ref=cm_cr_othr_d_rvw_ttl?ie=UTF8&ASIN=B0B6BQ711Q,,It's nice,True,False,['https://m.media-amazon.com/images/I/61QwnfwgbGL._SY88.jpg'],2025-01-16,79,Colour: Jet Black,"[{'key': 'Colour', 'value': 'Jet Black'}]",,,https://www.amazon.in/product-reviews/B0B6BQ711Q?pageNumber=10&filterByStar=all_stars&sortBy=helpful&formatType=all_formats&asin=B0B6BQ711Q&reftag=cm_cr_arp_d_paging_btm_next_10&scope=reviewsAjax0,allStars,,B0B6BQ711Q,B0B6BQ711Q,B0B6BQ711Q,"{'price': None, 'listPrice': None}",https://www.amazon.in//Noise-Advanced-Bluetooth-Brightness-Smartwatch/dp/B0B6BQ711Q/ref=zg_bs_g_5605728031_d_sccl_1/258-6888058-4683712?psc=1,India,
Reviewed in India on 27 January 2025,amzn1.account.AFOOM6FXLV65KQ4JN6S7BTNA4GGQ,https://www.amazon.in/gp/profile/amzn1.account.AFOOM6FXLV65KQ4JN6S7BTNA4GGQ/ref=cm_cr_othr_d_gw_tr?ie=UTF8,5,Vikash shraff,R1P3VFVQ3VWCMM,https://www.amazon.in/gp/customer-reviews/R1P3VFVQ3VWCMM/ref=cm_cr_othr_d_rvw_ttl?ie=UTF8&ASIN=B0B6BQ711Q,,,True,False,"['https://m.media-amazon.com/images/I/61WsPQ+YuxL._SY88.jpg', 'https://m.media-amazon.com/images/I/61r-S7LGcWL._SY88.jpg']",2025-01-27,80,Colour: Jet Black,"[{'key': 'Colour', 'value': 'Jet Black'}]",,,https://www.amazon.in/product-reviews/B0B6BQ711Q?pageNumber=10&filterByStar=all_stars&sortBy=helpful&formatType=all_formats&asin=B0B6BQ711Q&reftag=cm_cr_arp_d_paging_btm_next_10&scope=reviewsAjax0,allStars,,B0B6BQ711Q,B0B6BQ711Q,B0B6BQ711Q,"{'price': None, 'listPrice': None}",https://www.amazon.in//Noise-Advanced-Bluetooth-Brightness-Smartwatch/dp/B0B6BQ711Q/ref=zg_bs_g_5605728031_d_sccl_1/258-6888058-4683712?psc=1,India,
Reviewed in India on 30 January 2025,amzn1.account.AEBU3VZNVDTEZBG6Q4355ECLRX4Q,https://www.amazon.in/gp/profile/amzn1.account.AEBU3VZNVDTEZBG6Q4355ECLRX4Q/ref=cm_cr_othr_d_gw_tr?ie=UTF8,4,Trendy colour,R12CA4Y0FCOIGV,https://www.amazon.in/gp/customer-reviews/R12CA4Y0FCOIGV/ref=cm_cr_othr_d_rvw_ttl?ie=UTF8&ASIN=B0B6BQ711Q,,Just wow with my hand and colour suited to all my colour dresses. This colour looks trendy one,True,False,[],2025-01-30,9,Colour: Jade Green,"[{'key': 'Colour', 'value': 'Jade Green'}]",,,https://www.amazon.in/product-reviews/B0B6BQ711Q?pageNumber=2&filterByStar=all_stars&sortBy=helpful&formatType=all_formats&asin=B0B6BQ711Q&reftag=cm_cr_arp_d_paging_btm_next_2&scope=reviewsAjax0,allStars,,B0B6BQ711Q,B0B6BQ711Q,B0B6BQ711Q,"{'price': None, 'listPrice': None}",https://www.amazon.in//Noise-Advanced-Bluetooth-Brightness-Smartwatch/dp/B0B6BQ711Q/ref=zg_bs_g_5605728031_d_sccl_1/258-6888058-4683712?psc=1,India,
Reviewed in India on 12 January 2025,amzn1.account.AHGDJGR2MT42MN75WPOBUPOM3EYA,https://www.amazon.in/gp/profile/amzn1.account.AHGDJGR2MT42MN75WPOBUPOM3EYA/ref=cm_cr_othr_d_gw_tr?ie=UTF8,4,How It seems like someone checked it before delivery?,R1APNL3WF7ZOHX,https://www.amazon.in/gp/customer-reviews/R1APNL3WF7ZOHX/ref=cm_cr_othr_d_rvw_ttl?ie=UTF8&ASIN=B0B6BQ711Q,,"Product is good but when I received the order its inner product  box looks like  someone already  had been opened it and it seems like it already connected with some other device,then I rebooted it and connected to my mobile.",True,False,[],2025-01-12,10,Colour: Midnight Blue,"[{'key': 'Colour', 'value': 'Midnight Blue'}]",,,https://www.amazon.in/product-reviews/B0B6BQ711Q?pageNumber=2&filterByStar=all_stars&sortBy=helpful&formatType=all_formats&asin=B0B6BQ711Q&reftag=cm_cr_arp_d_paging_btm_next_2&scope=reviewsAjax0,allStars,,B0B6BQ711Q,B0B6BQ711Q,B0B6BQ711Q,"{'price': None, 'listPrice': None}",https://www.amazon.in//Noise-Advanced-Bluetooth-Brightness-Smartwatch/dp/B0B6BQ711Q/ref=zg_bs_g_5605728031_d_sccl_1/258-6888058-4683712?psc=1,India,
Reviewed in India on 29 January 2025,amzn1.account.AG3BL6Y7CHRTJ55NMOQ7ZFWOIQSA,https://www.amazon.in/gp/profile/amzn1.account.AG3BL6Y7CHRTJ55NMOQ7ZFWOIQSA/ref=cm_cr_othr_d_gw_tr?ie=UTF8,4,Stylish,R3FYYTI7QGIV7E,https://www.amazon.in/gp/customer-reviews/R3FYYTI7QGIV7E/ref=cm_cr_othr_d_rvw_ttl?ie=UTF8&ASIN=B0B6BQ711Q,,Good one,True,False,[],2025-01-29,11,Colour: Black Link,"[{'key': 'Colour', 'value': 'Black Link'}]",,,https://www.amazon.in/product-reviews/B0B6BQ711Q?pageNumber=2&filterByStar=all_stars&sortBy=helpful&formatType=all_formats&asin=B0B6BQ711Q&reftag=cm_cr_arp_d_paging_btm_next_2&scope=reviewsAjax0,allStars,,B0B6BQ711Q,B0B6BQ711Q,B0B6BQ711Q,"{'price': None, 'listPrice': None}",https://www.amazon.in//Noise-Advanced-Bluetooth-Brightness-Smartwatch/dp/B0B6BQ711Q/ref=zg_bs_g_5605728031_d_sccl_1/258-6888058-4683712?psc=1,India,
Reviewed in India on 25 January 2025,amzn1.account.AFNZ7NFCHM2J3Y2FEH7GUKRPT6PQ,https://www.amazon.in/gp/profile/amzn1.account.AFNZ7NFCHM2J3Y2FEH7GUKRPT6PQ/ref=cm_cr_othr_d_gw_tr?ie=UTF8,4,Very Nice,RHSIJLWGZ4Q59,https://www.amazon.in/gp/customer-reviews/RHSIJLWGZ4Q59/ref=cm_cr_othr_d_rvw_ttl?ie=UTF8&ASIN=B0B6BQ711Q,,It's useful,True,False,[],2025-01-25,12,Colour: Jet Black,"[{'key': 'Colour', 'value': 'Jet Black'}]",,,https://www.amazon.in/product-reviews/B0B6BQ711Q?pageNumber=2&filterByStar=all_stars&sortBy=helpful&formatType=all_formats&asin=B0B6BQ711Q&reftag=cm_cr_arp_d_paging_btm_next_2&scope=reviewsAjax0,allStars,,B0B6BQ711Q,B0B6BQ711Q,B0B6BQ711Q,"{'price': None, 'listPrice': None}",https://www.amazon.in//Noise-Advanced-Bluetooth-Brightness-Smartwatch/dp/B0B6BQ711Q/ref=zg_bs_g_5605728031_d_sccl_1/258-6888058-4683712?psc=1,India,
Reviewed in India on 21 January 2025,amzn1.account.AHYBGSHC5LOF4S27ERRYSW4X7ENQ,https://www.amazon.in/gp/profile/amzn1.account.AHYBGSHC5LOF4S27ERRYSW4X7ENQ/ref=cm_cr_othr_d_gw_tr?ie=UTF8,4,Best smart watch in this segment,R11TVJXIBBS5MA,https://www.amazon.in/gp/customer-reviews/R11TVJXIBBS5MA/ref=cm_cr_othr_d_rvw_ttl?ie=UTF8&ASIN=B0B6BQ711Q,,Awesome product,True,False,['https://m.media-amazon.com/images/I/71ow-zqC5IL._SY88.jpg'],2025-01-21,13,Colour: Deep Wine,"[{'key': 'Colour', 'value': 'Deep Wine'}]",,,https://www.amazon.in/product-reviews/B0B6BQ711Q?pageNumber=2&filterByStar=all_stars&sortBy=helpful&formatType=all_formats&asin=B0B6BQ711Q&reftag=cm_cr_arp_d_paging_btm_next_2&scope=reviewsAjax0,allStars,,B0B6BQ711Q,B0B6BQ711Q,B0B6BQ711Q,"{'price': None, 'listPrice': None}",https://www.amazon.in//Noise-Advanced-Bluetooth-Brightness-Smartwatch/dp/B0B6BQ711Q/ref=zg_bs_g_5605728031_d_sccl_1/258-6888058-4683712?psc=1,India,
Reviewed in India on 17 January 2025,amzn1.account.AHM3AG3SKUGCT3J2VDHGZ23FZQ2A,https://www.amazon.in/gp/profile/amzn1.account.AHM3AG3SKUGCT3J2VDHGZ23FZQ2A/ref=cm_cr_othr_d_gw_tr?ie=UTF8,4,Nice watch,R4V2AX65YDXY1,https://www.amazon.in/gp/customer-reviews/R4V2AX65YDXY1/ref=cm_cr_othr_d_rvw_ttl?ie=UTF8&ASIN=B0B6BQ711Q,,Nice watch,True,False,[],2025-01-17,14,Colour: Midnight Blue,"[{'key': 'Colour', 'value': 'Midnight Blue'}]",,,https://www.amazon.in/product-reviews/B0B6BQ711Q?pageNumber=2&filterByStar=all_stars&sortBy=helpful&formatType=all_formats&asin=B0B6BQ711Q&reftag=cm_cr_arp_d_paging_btm_next_2&scope=reviewsAjax0,allStars,,B0B6BQ711Q,B0B6BQ711Q,B0B6BQ711Q,"{'price': None, 'listPrice': None}",https://www.amazon.in//Noise-Advanced-Bluetooth-Brightness-Smartwatch/dp/B0B6BQ711Q/ref=zg_bs_g_5605728031_d_sccl_1/258-6888058-4683712?psc=1,India,
Reviewed in India on 19 January 2025,amzn1.account.AHD5BL5UTODSVT6N6UNPTZG7BR7Q,https://www.amazon.in/gp/profile/amzn1.account.AHD5BL5UTODSVT6N6UNPTZG7BR7Q/ref=cm_cr_othr_d_gw_tr?ie=UTF8,4,Good,R33P4B1AAJIFBS,https://www.amazon.in/gp/customer-reviews/R33P4B1AAJIFBS/ref=cm_cr_othr_d_rvw_ttl?ie=UTF8&ASIN=B0B6BQ711Q,,Nice watch must buy,True,False,['https://m.media-amazon.com/images/I/61XCkY01MbL._SY88.jpg'],2025-01-19,15,Colour: Jade Green,"[{'key': 'Colour', 'value': 'Jade Green'}]",,,https://www.amazon.in/product-reviews/B0B6BQ711Q?pageNumber=2&filterByStar=all_stars&sortBy=helpful&formatType=all_formats&asin=B0B6BQ711Q&reftag=cm_cr_arp_d_paging_btm_next_2&scope=reviewsAjax0,allStars,,B0B6BQ711Q,B0B6BQ711Q,B0B6BQ711Q,"{'price': None, 'listPrice': None}",https://www.amazon.in//Noise-Advanced-Bluetooth-Brightness-Smartwatch/dp/B0B6BQ711Q/ref=zg_bs_g_5605728031_d_sccl_1/258-6888058-4683712?psc=1,India,
Reviewed in India on 12 January 2025,amzn1.account.AFGSA5K4IWTV5VMETNWVHG7TQI5Q,https://www.amazon.in/gp/profile/amzn1.account.AFGSA5K4IWTV5VMETNWVHG7TQI5Q/ref=cm_cr_othr_d_gw_tr?ie=UTF8,4,Very good watch,R3W1RHL6LBBI86,https://www.amazon.in/gp/customer-reviews/R3W1RHL6LBBI86/ref=cm_cr_othr_d_rvw_ttl?ie=UTF8&ASIN=B0B6BQ711Q,,The watch help me to focus on my health and it is smooth. I loved it.,True,False,[],2025-01-12,16,Colour: Rose Pink,"[{'key': 'Colour', 'value': 'Rose Pink'}]",,,https://www.amazon.in/product-reviews/B0B6BQ711Q?pageNumber=2&filterByStar=all_stars&sortBy=helpful&formatType=all_formats&asin=B0B6BQ711Q&reftag=cm_cr_arp_d_paging_btm_next_2&scope=reviewsAjax0,allStars,,B0B6BQ711Q,B0B6BQ711Q,B0B6BQ711Q,"{'price': None, 'listPrice': None}",https://www.amazon.in//Noise-Advanced-Bluetooth-Brightness-Smartwatch/dp/B0B6BQ711Q/ref=zg_bs_g_5605728031_d_sccl_1/258-6888058-4683712?psc=1,India,
Reviewed in India on 23 November 2024,amzn1.account.AH3HC4VC7WKWI6G5NUHLU7T5YLKA,https://www.amazon.in/gp/profile/amzn1.account.AH3HC4VC7WKWI6G5NUHLU7T5YLKA/ref=cm_cr_othr_d_gw_tr?ie=UTF8,4,Decent,R3EB2YJQKC60AO,https://www.amazon.in/gp/customer-reviews/R3EB2YJQKC60AO/ref=cm_cr_othr_d_rvw_ttl?ie=UTF8&ASIN=B0B6BQ711Q,One person found this helpful,Good product as per pricing. Go for it.,True,False,[],2024-11-23,41,Colour: Jet Black,"[{'key': 'Colour', 'value': 'Jet Black'}]",,,https://www.amazon.in/product-reviews/B0B6BQ711Q?pageNumber=6&filterByStar=all_stars&sortBy=helpful&formatType=all_formats&asin=B0B6BQ711Q&reftag=cm_cr_arp_d_paging_btm_next_6&scope=reviewsAjax0,allStars,,B0B6BQ711Q,B0B6BQ711Q,B0B6BQ711Q,"{'price': None, 'listPrice': None}",https://www.amazon.in//Noise-Advanced-Bluetooth-Brightness-Smartwatch/dp/B0B6BQ711Q/ref=zg_bs_g_5605728031_d_sccl_1/258-6888058-4683712?psc=1,India,
Reviewed in India on 28 November 2024,amzn1.account.AF2HXAXZ2HQKT4ZOV7GRHEJS6HIA,https://www.amazon.in/gp/profile/amzn1.account.AF2HXAXZ2HQKT4ZOV7GRHEJS6HIA/ref=cm_cr_othr_d_gw_tr?ie=UTF8,4,Good product,R3V2U89MDQ6ZHG,https://www.amazon.in/gp/customer-reviews/R3V2U89MDQ6ZHG/ref=cm_cr_othr_d_rvw_ttl?ie=UTF8&ASIN=B0B6BQ711Q,3 people found this helpful,It’s looking good & performed good.,True,False,['https://m.media-amazon.com/images/I/71Ck9L-cINL._SY88.jpg'],2024-11-28,42,Colour: Jet Black,"[{'key': 'Colour', 'value': 'Jet Black'}]",,,https://www.amazon.in/product-reviews/B0B6BQ711Q?pageNumber=6&filterByStar=all_stars&sortBy=helpful&formatType=all_formats&asin=B0B6BQ711Q&reftag=cm_cr_arp_d_paging_btm_next_6&scope=reviewsAjax0,allStars,,B0B6BQ711Q,B0B6BQ711Q,B0B6BQ711Q,"{'price': None, 'listPrice': None}",https://www.amazon.in//Noise-Advanced-Bluetooth-Brightness-Smartwatch/dp/B0B6BQ711Q/ref=zg_bs_g_5605728031_d_sccl_1/258-6888058-4683712?psc=1,India,
Reviewed in India on 29 November 2024,amzn1.account.AGTLFS33F3Y4K52IRAP64APNKBIQ,https://www.amazon.in/gp/profile/amzn1.account.AGTLFS33F3Y4K52IRAP64APNKBIQ/ref=cm_cr_othr_d_gw_tr?ie=UTF8,4,Good,R313CIFNCKSK0H,https://www.amazon.in/gp/customer-reviews/R313CIFNCKSK0H/ref=cm_cr_othr_d_rvw_ttl?ie=UTF8&ASIN=B0B6BQ711Q,,Good,True,False,[],2024-11-29,43,Colour: Midnight Blue,"[{'key': 'Colour', 'value': 'Midnight Blue'}]",,,https://www.amazon.in/product-reviews/B0B6BQ711Q?pageNumber=6&filterByStar=all_stars&sortBy=helpful&formatType=all_formats&asin=B0B6BQ711Q&reftag=cm_cr_arp_d_paging_btm_next_6&scope=reviewsAjax0,allStars,,B0B6BQ711Q,B0B6BQ711Q,B0B6BQ711Q,"{'price': None, 'listPrice': None}",https://www.amazon.in//Noise-Advanced-Bluetooth-Brightness-Smartwatch/dp/B0B6BQ711Q/ref=zg_bs_g_5605728031_d_sccl_1/258-6888058-4683712?psc=1,India,
Reviewed in India on 24 November 2024,amzn1.account.AFDKYIBCRGCG3WUOWOPYPI5DDM6A,https://www.amazon.in/gp/profile/amzn1.account.AFDKYIBCRGCG3WUOWOPYPI5DDM6A/ref=cm_cr_othr_d_gw_tr?ie=UTF8,4,Fabulous,RRZQTIP8ORND4,https://www.amazon.in/gp/customer-reviews/RRZQTIP8ORND4/ref=cm_cr_othr_d_rvw_ttl?ie=UTF8&ASIN=B0B6BQ711Q,One person found this helpful,Brilliant watch,True,False,[],2024-11-24,44,Colour: Rose Pink,"[{'key': 'Colour', 'value': 'Rose Pink'}]",,,https://www.amazon.in/product-reviews/B0B6BQ711Q?pageNumber=6&filterByStar=all_stars&sortBy=helpful&formatType=all_formats&asin=B0B6BQ711Q&reftag=cm_cr_arp_d_paging_btm_next_6&scope=reviewsAjax0,allStars,,B0B6BQ711Q,B0B6BQ711Q,B0B6BQ711Q,"{'price': None, 'listPrice': None}",https://www.amazon.in//Noise-Advanced-Bluetooth-Brightness-Smartwatch/dp/B0B6BQ711Q/ref=zg_bs_g_5605728031_d_sccl_1/258-6888058-4683712?psc=1,India,
Reviewed in India on 29 November 2024,amzn1.account.AFWNDZSLGZNL2UNQ7UOLH2RB7DCQ,https://www.amazon.in/gp/profile/amzn1.account.AFWNDZSLGZNL2UNQ7UOLH2RB7DCQ/ref=cm_cr_othr_d_gw_tr?ie=UTF8,4,Product is good,RUJJMJX2GE4BT,https://www.amazon.in/gp/customer-reviews/RUJJMJX2GE4BT/ref=cm_cr_othr_d_rvw_ttl?ie=UTF8&ASIN=B0B6BQ711Q,One person found this helpful,Worth the money.,True,False,[],2024-11-29,45,Colour: Midnight Blue,"[{'key': 'Colour', 'value': 'Midnight Blue'}]",,,https://www.amazon.in/product-reviews/B0B6BQ711Q?pageNumber=6&filterByStar=all_stars&sortBy=helpful&formatType=all_formats&asin=B0B6BQ711Q&reftag=cm_cr_arp_d_paging_btm_next_6&scope=reviewsAjax0,allStars,,B0B6BQ711Q,B0B6BQ711Q,B0B6BQ711Q,"{'price': None, 'listPrice': None}",https://www.amazon.in//Noise-Advanced-Bluetooth-Brightness-Smartwatch/dp/B0B6BQ711Q/ref=zg_bs_g_5605728031_d_sccl_1/258-6888058-4683712?psc=1,India,
Reviewed in India on 16 November 2024,amzn1.account.AFI7QRKZJGLNAGADA3HR4XS4HZQQ,https://www.amazon.in/gp/profile/amzn1.account.AFI7QRKZJGLNAGADA3HR4XS4HZQQ/ref=cm_cr_othr_d_gw_tr?ie=UTF8,4,Noise Smart watch broken,R3G9T7Z5U41B9W,https://www.amazon.in/gp/customer-reviews/R3G9T7Z5U41B9W/ref=cm_cr_othr_d_rvw_ttl?ie=UTF8&ASIN=B0B6BQ711Q,2 people found this helpful,Noise smart watch pin connector hole is beoken hence dial has no use finally watch is required to be changed in warranty period on priority...Thanks,True,False,['https://m.media-amazon.com/images/I/619VKz8FDDL._SY88.jpg'],2024-11-16,46,Colour: Midnight Blue,"[{'key': 'Colour', 'value': 'Midnight Blue'}]",,,https://www.amazon.in/product-reviews/B0B6BQ711Q?pageNumber=6&filterByStar=all_stars&sortBy=helpful&formatType=all_formats&asin=B0B6BQ711Q&reftag=cm_cr_arp_d_paging_btm_next_6&scope=reviewsAjax0,allStars,,B0B6BQ711Q,B0B6BQ711Q,B0B6BQ711Q,"{'price': None, 'listPrice': None}",https://www.amazon.in//Noise-Advanced-Bluetooth-Brightness-Smartwatch/dp/B0B6BQ711Q/ref=zg_bs_g_5605728031_d_sccl_1/258-6888058-4683712?psc=1,India,
Reviewed in India on 10 November 2024,amzn1.account.AHBMAVJBDNQCUOCZY66NYCUZTWYA,https://www.amazon.in/gp/profile/amzn1.account.AHBMAVJBDNQCUOCZY66NYCUZTWYA/ref=cm_cr_othr_d_gw_tr?ie=UTF8,4,Impressed,R1MVUIFC0DRR0I,https://www.amazon.in/gp/customer-reviews/R1MVUIFC0DRR0I/ref=cm_cr_othr_d_rvw_ttl?ie=UTF8&ASIN=B0B6BQ711Q,,"Very bright display , used it in daylight condition and it was easily visible and accurate",True,False,['https://m.media-amazon.com/images/I/81HTAN5cfRL._SY88.jpg'],2024-11-10,47,Colour: Jet Black,"[{'key': 'Colour', 'value': 'Jet Black'}]",,,https://www.amazon.in/product-reviews/B0B6BQ711Q?pageNumber=6&filterByStar=all_stars&sortBy=helpful&formatType=all_formats&asin=B0B6BQ711Q&reftag=cm_cr_arp_d_paging_btm_next_6&scope=reviewsAjax0,allStars,,B0B6BQ711Q,B0B6BQ711Q,B0B6BQ711Q,"{'price': None, 'listPrice': None}",https://www.amazon.in//Noise-Advanced-Bluetooth-Brightness-Smartwatch/dp/B0B6BQ711Q/ref=zg_bs_g_5605728031_d_sccl_1/258-6888058-4683712?psc=1,India,
Reviewed in India on 18 November 2024,amzn1.account.AGWCD2HYMTHZ32YYTDUQLBDTLW3A,https://www.amazon.in/gp/profile/amzn1.account.AGWCD2HYMTHZ32YYTDUQLBDTLW3A/ref=cm_cr_othr_d_gw_tr?ie=UTF8,4,Good,R2Y0GJ5TB8DJ1M,https://www.amazon.in/gp/customer-reviews/R2Y0GJ5TB8DJ1M/ref=cm_cr_othr_d_rvw_ttl?ie=UTF8&ASIN=B0B6BQ711Q,One person found this helpful,Good.,True,False,['https://m.media-amazon.com/images/I/61cI-L10xoL._SY88.jpg'],2024-11-18,48,Colour: Deep Wine,"[{'key': 'Colour', 'value': 'Deep Wine'}]",,,https://www.amazon.in/product-reviews/B0B6BQ711Q?pageNumber=6&filterByStar=all_stars&sortBy=helpful&formatType=all_formats&asin=B0B6BQ711Q&reftag=cm_cr_arp_d_paging_btm_next_6&scope=reviewsAjax0,allStars,,B0B6BQ711Q,B0B6BQ711Q,B0B6BQ711Q,"{'price': None, 'listPrice': None}",https://www.amazon.in//Noise-Advanced-Bluetooth-Brightness-Smartwatch/dp/B0B6BQ711Q/ref=zg_bs_g_5605728031_d_sccl_1/258-6888058-4683712?psc=1,India,
Reviewed in India on 18 January 2025,amzn1.account.AFSLOXVCPLK6WTRMD33BLJ6FAWYQ,https://www.amazon.in/gp/profile/amzn1.account.AFSLOXVCPLK6WTRMD33BLJ6FAWYQ/ref=cm_cr_othr_d_gw_tr?ie=UTF8,3,Super,R3IP2TD7835AX4,https://www.amazon.in/gp/customer-reviews/R3IP2TD7835AX4/ref=cm_cr_othr_d_rvw_ttl?ie=UTF8&ASIN=B0B6BQ711Q,,Super watch. Nice product,True,False,['https://m.media-amazon.com/images/I/61rP9ee7NZL._SY88.jpg'],2025-01-18,33,Colour: Gold Link,"[{'key': 'Colour', 'value': 'Gold Link'}]",,,https://www.amazon.in/product-reviews/B0B6BQ711Q?pageNumber=5&filterByStar=all_stars&sortBy=helpful&formatType=all_formats&asin=B0B6BQ711Q&reftag=cm_cr_arp_d_paging_btm_next_5&scope=reviewsAjax0,allStars,,B0B6BQ711Q,B0B6BQ711Q,B0B6BQ711Q,"{'price': None, 'listPrice': None}",https://www.amazon.in//Noise-Advanced-Bluetooth-Brightness-Smartwatch/dp/B0B6BQ711Q/ref=zg_bs_g_5605728031_d_sccl_1/258-6888058-4683712?psc=1,India,
Reviewed in India on 10 November 2024,amzn1.account.AF664DNR7ASLRYS7TAJ73RNWKUGQ,https://www.amazon.in/gp/profile/amzn1.account.AF664DNR7ASLRYS7TAJ73RNWKUGQ/ref=cm_cr_othr_d_gw_tr?ie=UTF8,4,Worth price watch,R1G6WYZPPWU7TM,https://www.amazon.in/gp/customer-reviews/R1G6WYZPPWU7TM/ref=cm_cr_othr_d_rvw_ttl?ie=UTF8&ASIN=B0B6BQ711Q,One person found this helpful,"This watch is quite good at it's price i hink display quality is good I don't think that it's fitness tracker is very effective,watch face customisation is good charging is very good it already over a month and I charged it only twice worth it's price",True,False,[],2024-11-10,34,Colour: Deep Wine,"[{'key': 'Colour', 'value': 'Deep Wine'}]",,,https://www.amazon.in/product-reviews/B0B6BQ711Q?pageNumber=5&filterByStar=all_stars&sortBy=helpful&formatType=all_formats&asin=B0B6BQ711Q&reftag=cm_cr_arp_d_paging_btm_next_5&scope=reviewsAjax0,allStars,,B0B6BQ711Q,B0B6BQ711Q,B0B6BQ711Q,"{'price': None, 'listPrice': None}",https://www.amazon.in//Noise-Advanced-Bluetooth-Brightness-Smartwatch/dp/B0B6BQ711Q/ref=zg_bs_g_5605728031_d_sccl_1/258-6888058-4683712?psc=1,India,
Reviewed in India on 21 November 2024,amzn1.account.AFDAVZ47LNBB2IL7GVQW7ZZLQP3Q,https://www.amazon.in/gp/profile/amzn1.account.AFDAVZ47LNBB2IL7GVQW7ZZLQP3Q/ref=cm_cr_othr_d_gw_tr?ie=UTF8,4,Good,R951X9C9AG068,https://www.amazon.in/gp/customer-reviews/R951X9C9AG068/ref=cm_cr_othr_d_rvw_ttl?ie=UTF8&ASIN=B0B6BQ711Q,One person found this helpful,"Good product , not able to connect to Google fit. Other than that everything is value for money product.",True,False,[],2024-11-21,35,Colour: Jet Black,"[{'key': 'Colour', 'value': 'Jet Black'}]",,,https://www.amazon.in/product-reviews/B0B6BQ711Q?pageNumber=5&filterByStar=all_stars&sortBy=helpful&formatType=all_formats&asin=B0B6BQ711Q&reftag=cm_cr_arp_d_paging_btm_next_5&scope=reviewsAjax0,allStars,,B0B6BQ711Q,B0B6BQ711Q,B0B6BQ711Q,"{'price': None, 'listPrice': None}",https://www.amazon.in//Noise-Advanced-Bluetooth-Brightness-Smartwatch/dp/B0B6BQ711Q/ref=zg_bs_g_5605728031_d_sccl_1/258-6888058-4683712?psc=1,India,
Reviewed in India on 1 December 2024,amzn1.account.AHM6QU2JKI2SYSXAGH35QMXMJVWQ,https://www.amazon.in/gp/profile/amzn1.account.AHM6QU2JKI2SYSXAGH35QMXMJVWQ/ref=cm_cr_othr_d_gw_tr?ie=UTF8,4,Smart watch,R3V2K4NFR1JDR1,https://www.amazon.in/gp/customer-reviews/R3V2K4NFR1JDR1/ref=cm_cr_othr_d_rvw_ttl?ie=UTF8&ASIN=B0B6BQ711Q,2 people found this helpful,Good product 👍,True,False,['https://m.media-amazon.com/images/I/61o8HB1XSqL._SY88.jpg'],2024-12-01,36,Colour: Jet Black,"[{'key': 'Colour', 'value': 'Jet Black'}]",,,https://www.amazon.in/product-reviews/B0B6BQ711Q?pageNumber=5&filterByStar=all_stars&sortBy=helpful&formatType=all_formats&asin=B0B6BQ711Q&reftag=cm_cr_arp_d_paging_btm_next_5&scope=reviewsAjax0,allStars,,B0B6BQ711Q,B0B6BQ711Q,B0B6BQ711Q,"{'price': None, 'listPrice': None}",https://www.amazon.in//Noise-Advanced-Bluetooth-Brightness-Smartwatch/dp/B0B6BQ711Q/ref=zg_bs_g_5605728031_d_sccl_1/258-6888058-4683712?psc=1,India,
Reviewed in India on 23 November 2024,amzn1.account.AGORKX5D4I2FAFWBFMORYGPY4VBA,https://www.amazon.in/gp/profile/amzn1.account.AGORKX5D4I2FAFWBFMORYGPY4VBA/ref=cm_cr_othr_d_gw_tr?ie=UTF8,4,Product review,R1JHXZGMKTCF0C,https://www.amazon.in/gp/customer-reviews/R1JHXZGMKTCF0C/ref=cm_cr_othr_d_rvw_ttl?ie=UTF8&ASIN=B0B6BQ711Q,,Good & stylish Product,True,False,[],2024-11-23,37,Colour: Black Link,"[{'key': 'Colour', 'value': 'Black Link'}]",,,https://www.amazon.in/product-reviews/B0B6BQ711Q?pageNumber=5&filterByStar=all_stars&sortBy=helpful&formatType=all_formats&asin=B0B6BQ711Q&reftag=cm_cr_arp_d_paging_btm_next_5&scope=reviewsAjax0,allStars,,B0B6BQ711Q,B0B6BQ711Q,B0B6BQ711Q,"{'price': None, 'listPrice': None}",https://www.amazon.in//Noise-Advanced-Bluetooth-Brightness-Smartwatch/dp/B0B6BQ711Q/ref=zg_bs_g_5605728031_d_sccl_1/258-6888058-4683712?psc=1,India,
Reviewed in India on 11 January 2025,amzn1.account.AHRF3CU2HZ4LTQH3XCWBRRFYX6AQ,https://www.amazon.in/gp/profile/amzn1.account.AHRF3CU2HZ4LTQH3XCWBRRFYX6AQ/ref=cm_cr_othr_d_gw_tr?ie=UTF8,3,Good product,R3816H62223HTJ,https://www.amazon.in/gp/customer-reviews/R3816H62223HTJ/ref=cm_cr_othr_d_rvw_ttl?ie=UTF8&ASIN=B0B6BQ711Q,,All are good high in price,True,False,[],2025-01-11,38,Colour: Deep Wine,"[{'key': 'Colour', 'value': 'Deep Wine'}]",,,https://www.amazon.in/product-reviews/B0B6BQ711Q?pageNumber=5&filterByStar=all_stars&sortBy=helpful&formatType=all_formats&asin=B0B6BQ711Q&reftag=cm_cr_arp_d_paging_btm_next_5&scope=reviewsAjax0,allStars,,B0B6BQ711Q,B0B6BQ711Q,B0B6BQ711Q,"{'price': None, 'listPrice': None}",https://www.amazon.in//Noise-Advanced-Bluetooth-Brightness-Smartwatch/dp/B0B6BQ711Q/ref=zg_bs_g_5605728031_d_sccl_1/258-6888058-4683712?psc=1,India,
Reviewed in India on 1 November 2024,amzn1.account.AGEJ6WCYZSN5I66SNADBUAWSTJMA,https://www.amazon.in/gp/profile/amzn1.account.AGEJ6WCYZSN5I66SNADBUAWSTJMA/ref=cm_cr_othr_d_gw_tr?ie=UTF8,4,Great value for money.,R1G4LYRDY33I40,https://www.amazon.in/gp/customer-reviews/R1G4LYRDY33I40/ref=cm_cr_othr_d_rvw_ttl?ie=UTF8&ASIN=B0B6BQ711Q,One person found this helpful,"I bought this smartwatch Today.The watch has very sleek and soft design, and comfortable on wrist. Smooth touch experience.Bluetooth calling option works well, with clear audio.But Noisefit app has fewer watch faces and is not user friendly.For the price under 1200, it's definitely value for money.",True,False,['https://m.media-amazon.com/images/I/71vbK6AScSL._SY88.jpg'],2024-11-01,39,Colour: Jet Black,"[{'key': 'Colour', 'value': 'Jet Black'}]",,,https://www.amazon.in/product-reviews/B0B6BQ711Q?pageNumber=5&filterByStar=all_stars&sortBy=helpful&formatType=all_formats&asin=B0B6BQ711Q&reftag=cm_cr_arp_d_paging_btm_next_5&scope=reviewsAjax0,allStars,,B0B6BQ711Q,B0B6BQ711Q,B0B6BQ711Q,"{'price': None, 'listPrice': None}",https://www.amazon.in//Noise-Advanced-Bluetooth-Brightness-Smartwatch/dp/B0B6BQ711Q/ref=zg_bs_g_5605728031_d_sccl_1/258-6888058-4683712?psc=1,India,
Reviewed in India on 10 November 2024,amzn1.account.AHCGYZOGLM7KFPDAEXEZOLJV2ZXQ,https://www.amazon.in/gp/profile/amzn1.account.AHCGYZOGLM7KFPDAEXEZOLJV2ZXQ/ref=cm_cr_othr_d_gw_tr?ie=UTF8,4,Good Product,R19ED5J3XP3WJ5,https://www.amazon.in/gp/customer-reviews/R19ED5J3XP3WJ5/ref=cm_cr_othr_d_rvw_ttl?ie=UTF8&ASIN=B0B6BQ711Q,,Product is got but custom watch faces needs subscription feature are great,True,False,[],2024-11-10,40,Colour: Jet Black,"[{'key': 'Colour', 'value': 'Jet Black'}]",,,https://www.amazon.in/product-reviews/B0B6BQ711Q?pageNumber=5&filterByStar=all_stars&sortBy=helpful&formatType=all_formats&asin=B0B6BQ711Q&reftag=cm_cr_arp_d_paging_btm_next_5&scope=reviewsAjax0,allStars,,B0B6BQ711Q,B0B6BQ711Q,B0B6BQ711Q,"{'price': None, 'listPrice': None}",https://www.amazon.in//Noise-Advanced-Bluetooth-Brightness-Smartwatch/dp/B0B6BQ711Q/ref=zg_bs_g_5605728031_d_sccl_1/258-6888058-4683712?psc=1,India,
