reviewedIn,userId,userProfileLink,ratingScore,reviewTitle,reviewId,reviewUrl,reviewReaction,reviewDescription,isVerified,isAmazonVine,reviewImages,date,position,variant,variantAttributes,totalCategoryRatings,totalCategoryReviews,reviewCategoryUrl,filterByRating,filterByKeyword,productAsin,productOriginalAsin,variantAsin,product,input,country,countryCode
Reviewed in India on 29 January 2025,amzn1.account.AFNAOXRQRPJHRIFA4Y2MNGERGXJA,https://www.amazon.in/gp/profile/amzn1.account.AFNAOXRQRPJHRIFA4Y2MNGERGXJA/ref=cm_cr_othr_d_gw_tr?ie=UTF8,5,Good buy,R1TAW3DUMWU3DL,https://www.amazon.in/gp/customer-reviews/R1TAW3DUMWU3DL/ref=cm_cr_othr_d_rvw_ttl?ie=UTF8&ASIN=B0D2KGBVX4,,"Absolutely love this smartwatch! The design is sleek and comfortable to wear all day. The battery life is impressive, lasting much longer than I expected. The features are fantastic—accurate fitness tracking, smooth notifications, and easy connectivity with my phone. It’s a great value for the price. Highly recommended for anyone looking for a reliable and stylish smartwatch",True,False,[],2025-01-29,1,Colour: Black,"[{'key': 'Colour', 'value': 'Black'}]",,,https://www.amazon.in/product-reviews/B0D2KGBVX4?pageNumber=1&filterByStar=all_stars&sortBy=helpful&formatType=all_formats&asin=B0D2KGBVX4&reftag=cm_cr_arp_d_paging_btm_next_1&scope=reviewsAjax0,allStars,,B0D2KGBVX4,B0D2KGBVX4,B0D2KGBVX4,"{'price': None, 'listPrice': None}",https://www.amazon.in//Fire-Boltt-BSW215-Brillia-Dark-Grey/dp/B0D2KGBVX4/ref=zg_bs_g_5605728031_d_sccl_11/258-6888058-4683712?psc=1,India,
Reviewed in India on 26 January 2025,amzn1.account.AFNQMH26HW2FW2A53QYR4BXQVSBA,https://www.amazon.in/gp/profile/amzn1.account.AFNQMH26HW2FW2A53QYR4BXQVSBA/ref=cm_cr_othr_d_gw_tr?ie=UTF8,5,"Fire-Boltt Brillia Smartwatch: Style, Performance, and Health at Your Wrist",RHA8W4HNKJ9BQ,https://www.amazon.in/gp/customer-reviews/RHA8W4HNKJ9BQ/ref=cm_cr_othr_d_rvw_ttl?ie=UTF8&ASIN=B0D2KGBVX4,One person found this helpful,"The Fire-Boltt Brillia Smartwatch is a game-changer! With its large, vibrant 2.02-inch display, navigating through apps and notifications is a breeze. It’s packed with useful features like fitness tracking, heart rate monitoring, and sleep analysis. Battery life is impressive, lasting 5-7 days. It’s comfortable, stylish, and perfect for anyone looking for a smart, reliable watch that keeps you connected and helps track your health. A must-buy for tech lovers!",True,False,['https://m.media-amazon.com/images/I/61otUMkpb1L._SY88.jpg'],2025-01-26,2,Colour: Dark Grey,"[{'key': 'Colour', 'value': 'Dark Grey'}]",,,https://www.amazon.in/product-reviews/B0D2KGBVX4?pageNumber=1&filterByStar=all_stars&sortBy=helpful&formatType=all_formats&asin=B0D2KGBVX4&reftag=cm_cr_arp_d_paging_btm_next_1&scope=reviewsAjax0,allStars,,B0D2KGBVX4,B0D2KGBVX4,B0D2KGBVX4,"{'price': None, 'listPrice': None}",https://www.amazon.in//Fire-Boltt-BSW215-Brillia-Dark-Grey/dp/B0D2KGBVX4/ref=zg_bs_g_5605728031_d_sccl_11/258-6888058-4683712?psc=1,India,
Reviewed in India on 22 January 2025,amzn1.account.AGOFDRQEHQJC7UMHTZBLHIR6KYPQ,https://www.amazon.in/gp/profile/amzn1.account.AGOFDRQEHQJC7UMHTZBLHIR6KYPQ/ref=cm_cr_othr_d_gw_tr?ie=UTF8,4,Value for money package !,RXX8GEBTXVZ6M,https://www.amazon.in/gp/customer-reviews/RXX8GEBTXVZ6M/ref=cm_cr_othr_d_rvw_ttl?ie=UTF8&ASIN=B0D2KGBVX4,,Smartwatch is looking Very Attractive & Beautiful Build quality is also good. Features of Smartwatch are Amazing. A complete Value for money package.,True,False,"['https://m.media-amazon.com/images/I/7111DdrHNrL._SY88.jpg', 'https://m.media-amazon.com/images/I/71a4mFDvnlL._SY88.jpg']",2025-01-22,3,Colour: Champagne,"[{'key': 'Colour', 'value': 'Champagne'}]",,,https://www.amazon.in/product-reviews/B0D2KGBVX4?pageNumber=1&filterByStar=all_stars&sortBy=helpful&formatType=all_formats&asin=B0D2KGBVX4&reftag=cm_cr_arp_d_paging_btm_next_1&scope=reviewsAjax0,allStars,,B0D2KGBVX4,B0D2KGBVX4,B0D2KGBVX4,"{'price': None, 'listPrice': None}",https://www.amazon.in//Fire-Boltt-BSW215-Brillia-Dark-Grey/dp/B0D2KGBVX4/ref=zg_bs_g_5605728031_d_sccl_11/258-6888058-4683712?psc=1,India,
Reviewed in India on 21 January 2025,amzn1.account.AGKSMDMKN4QM62GUWJHTS4RAWLAQ,https://www.amazon.in/gp/profile/amzn1.account.AGKSMDMKN4QM62GUWJHTS4RAWLAQ/ref=cm_cr_othr_d_gw_tr?ie=UTF8,5,Features and looking wise,R15HAYQT0E40XK,https://www.amazon.in/gp/customer-reviews/R15HAYQT0E40XK/ref=cm_cr_othr_d_rvw_ttl?ie=UTF8&ASIN=B0D2KGBVX4,One person found this helpful,"I would like to share the review for the watch its completely awesome and stylish...have features like B.P check, foot steps and other options like we all having in our phones.Battery is good and all over is the best. Budget friendly as well. I gift the watch to my brother and he lovedd it!!!!",True,False,[],2025-01-21,4,Colour: Dark Grey,"[{'key': 'Colour', 'value': 'Dark Grey'}]",,,https://www.amazon.in/product-reviews/B0D2KGBVX4?pageNumber=1&filterByStar=all_stars&sortBy=helpful&formatType=all_formats&asin=B0D2KGBVX4&reftag=cm_cr_arp_d_paging_btm_next_1&scope=reviewsAjax0,allStars,,B0D2KGBVX4,B0D2KGBVX4,B0D2KGBVX4,"{'price': None, 'listPrice': None}",https://www.amazon.in//Fire-Boltt-BSW215-Brillia-Dark-Grey/dp/B0D2KGBVX4/ref=zg_bs_g_5605728031_d_sccl_11/258-6888058-4683712?psc=1,India,
Reviewed in India on 29 January 2025,amzn1.account.AERXEMBXBCECRG5DYMKOTLQDDXCQ,https://www.amazon.in/gp/profile/amzn1.account.AERXEMBXBCECRG5DYMKOTLQDDXCQ/ref=cm_cr_othr_d_gw_tr?ie=UTF8,5,Just go for it!,R33Z5XLEO9YJD6,https://www.amazon.in/gp/customer-reviews/R33Z5XLEO9YJD6/ref=cm_cr_othr_d_rvw_ttl?ie=UTF8&ASIN=B0D2KGBVX4,,"Fire boltt brillia is my birthday gift for myself, best Smart watch in this price range with numerous functions. Display size and quality is superb, good connectivity and easy to handle.",True,False,[],2025-01-29,5,Colour: Black,"[{'key': 'Colour', 'value': 'Black'}]",,,https://www.amazon.in/product-reviews/B0D2KGBVX4?pageNumber=1&filterByStar=all_stars&sortBy=helpful&formatType=all_formats&asin=B0D2KGBVX4&reftag=cm_cr_arp_d_paging_btm_next_1&scope=reviewsAjax0,allStars,,B0D2KGBVX4,B0D2KGBVX4,B0D2KGBVX4,"{'price': None, 'listPrice': None}",https://www.amazon.in//Fire-Boltt-BSW215-Brillia-Dark-Grey/dp/B0D2KGBVX4/ref=zg_bs_g_5605728031_d_sccl_11/258-6888058-4683712?psc=1,India,
Reviewed in India on 28 January 2025,amzn1.account.AE5EFQ7YIFEPPTUQ7TUKPRV2UC5Q,https://www.amazon.in/gp/profile/amzn1.account.AE5EFQ7YIFEPPTUQ7TUKPRV2UC5Q/ref=cm_cr_othr_d_gw_tr?ie=UTF8,5,Awesome product in a reasonable price 👌,RQL0NLEXI8ZI5,https://www.amazon.in/gp/customer-reviews/RQL0NLEXI8ZI5/ref=cm_cr_othr_d_rvw_ttl?ie=UTF8&ASIN=B0D2KGBVX4,,Amazing product. Display is awesome. Smooth touch Display. Battery performance is very good. Reasonable price,True,False,[],2025-01-28,6,Colour: Blue,"[{'key': 'Colour', 'value': 'Blue'}]",,,https://www.amazon.in/product-reviews/B0D2KGBVX4?pageNumber=1&filterByStar=all_stars&sortBy=helpful&formatType=all_formats&asin=B0D2KGBVX4&reftag=cm_cr_arp_d_paging_btm_next_1&scope=reviewsAjax0,allStars,,B0D2KGBVX4,B0D2KGBVX4,B0D2KGBVX4,"{'price': None, 'listPrice': None}",https://www.amazon.in//Fire-Boltt-BSW215-Brillia-Dark-Grey/dp/B0D2KGBVX4/ref=zg_bs_g_5605728031_d_sccl_11/258-6888058-4683712?psc=1,India,
Reviewed in India on 29 January 2025,amzn1.account.AFV3LUDH5URQJHTBBBHT3CKQFQKA,https://www.amazon.in/gp/profile/amzn1.account.AFV3LUDH5URQJHTBBBHT3CKQFQKA/ref=cm_cr_othr_d_gw_tr?ie=UTF8,5,Bestest watch in this rate,R30UH0UW7NLQP3,https://www.amazon.in/gp/customer-reviews/R30UH0UW7NLQP3/ref=cm_cr_othr_d_rvw_ttl?ie=UTF8&ASIN=B0D2KGBVX4,,"Its d bestest in this price works very smoothly bluetooth connectivity is good,display size is big n it looks very stylish on the hands..thnk u amazon❤️",True,False,[],2025-01-29,7,Colour: Blue,"[{'key': 'Colour', 'value': 'Blue'}]",,,https://www.amazon.in/product-reviews/B0D2KGBVX4?pageNumber=1&filterByStar=all_stars&sortBy=helpful&formatType=all_formats&asin=B0D2KGBVX4&reftag=cm_cr_arp_d_paging_btm_next_1&scope=reviewsAjax0,allStars,,B0D2KGBVX4,B0D2KGBVX4,B0D2KGBVX4,"{'price': None, 'listPrice': None}",https://www.amazon.in//Fire-Boltt-BSW215-Brillia-Dark-Grey/dp/B0D2KGBVX4/ref=zg_bs_g_5605728031_d_sccl_11/258-6888058-4683712?psc=1,India,
Reviewed in India on 14 January 2025,amzn1.account.AF2RZXQYYPRTNS2HYGHABEBLUH2Q,https://www.amazon.in/gp/profile/amzn1.account.AF2RZXQYYPRTNS2HYGHABEBLUH2Q/ref=cm_cr_othr_d_gw_tr?ie=UTF8,4,fabulous,R1L9IVFQ3L7HCN,https://www.amazon.in/gp/customer-reviews/R1L9IVFQ3L7HCN/ref=cm_cr_othr_d_rvw_ttl?ie=UTF8&ASIN=B0D2KGBVX4,2 people found this helpful,this product ia good and amazingit is good compared to my last smartwatch gladoatiorit is accurate and touch response is accurateVAUE FOR MONEYsound is goodlooks is good,True,False,['https://m.media-amazon.com/images/I/61orDLST9mL._SY88.jpg'],2025-01-14,8,Colour: Black,"[{'key': 'Colour', 'value': 'Black'}]",,,https://www.amazon.in/product-reviews/B0D2KGBVX4?pageNumber=1&filterByStar=all_stars&sortBy=helpful&formatType=all_formats&asin=B0D2KGBVX4&reftag=cm_cr_arp_d_paging_btm_next_1&scope=reviewsAjax0,allStars,,B0D2KGBVX4,B0D2KGBVX4,B0D2KGBVX4,"{'price': None, 'listPrice': None}",https://www.amazon.in//Fire-Boltt-BSW215-Brillia-Dark-Grey/dp/B0D2KGBVX4/ref=zg_bs_g_5605728031_d_sccl_11/258-6888058-4683712?psc=1,India,
Reviewed in India on 20 January 2025,amzn1.account.AGZ5SOJ3KI6AHXQPGWRELXQDT26Q,https://www.amazon.in/gp/profile/amzn1.account.AGZ5SOJ3KI6AHXQPGWRELXQDT26Q/ref=cm_cr_othr_d_gw_tr?ie=UTF8,5,Good quality,R1SP8YCQNBFS3J,https://www.amazon.in/gp/customer-reviews/R1SP8YCQNBFS3J/ref=cm_cr_othr_d_rvw_ttl?ie=UTF8&ASIN=B0D2KGBVX4,,"The quality of the watch is Awesome and it is water resistant and the build quality is good , touch screen is very good,that looks very good.functionality of the watch is brilliant and the brightness of the display is too good.",True,False,['https://m.media-amazon.com/images/I/71vABA8M-pL._SY88.jpg'],2025-01-20,25,Colour: Dark Grey,"[{'key': 'Colour', 'value': 'Dark Grey'}]",,,https://www.amazon.in/product-reviews/B0D2KGBVX4?pageNumber=4&filterByStar=all_stars&sortBy=helpful&formatType=all_formats&asin=B0D2KGBVX4&reftag=cm_cr_arp_d_paging_btm_next_4&scope=reviewsAjax0,allStars,,B0D2KGBVX4,B0D2KGBVX4,B0D2KGBVX4,"{'price': None, 'listPrice': None}",https://www.amazon.in//Fire-Boltt-BSW215-Brillia-Dark-Grey/dp/B0D2KGBVX4/ref=zg_bs_g_5605728031_d_sccl_11/258-6888058-4683712?psc=1,India,
Reviewed in India on 30 January 2025,amzn1.account.AGI3F5XMHS4ZYHN6UKCZWYVNBUVA,https://www.amazon.in/gp/profile/amzn1.account.AGI3F5XMHS4ZYHN6UKCZWYVNBUVA/ref=cm_cr_othr_d_gw_tr?ie=UTF8,5,Worth the purchase,R1IS2ZMZ7KV3PJ,https://www.amazon.in/gp/customer-reviews/R1IS2ZMZ7KV3PJ/ref=cm_cr_othr_d_rvw_ttl?ie=UTF8&ASIN=B0D2KGBVX4,,"The functionality is good , easily connected to the phone , it fits perfectly",True,False,['https://m.media-amazon.com/images/I/71Bsy6mnENL._SY88.jpg'],2025-01-30,26,Colour: Champagne,"[{'key': 'Colour', 'value': 'Champagne'}]",,,https://www.amazon.in/product-reviews/B0D2KGBVX4?pageNumber=4&filterByStar=all_stars&sortBy=helpful&formatType=all_formats&asin=B0D2KGBVX4&reftag=cm_cr_arp_d_paging_btm_next_4&scope=reviewsAjax0,allStars,,B0D2KGBVX4,B0D2KGBVX4,B0D2KGBVX4,"{'price': None, 'listPrice': None}",https://www.amazon.in//Fire-Boltt-BSW215-Brillia-Dark-Grey/dp/B0D2KGBVX4/ref=zg_bs_g_5605728031_d_sccl_11/258-6888058-4683712?psc=1,India,
Reviewed in India on 23 January 2025,amzn1.account.AHAABSFXDIVBNFO67LGE3NMKH6FQ,https://www.amazon.in/gp/profile/amzn1.account.AHAABSFXDIVBNFO67LGE3NMKH6FQ/ref=cm_cr_othr_d_gw_tr?ie=UTF8,5,A good looking watch,RRV37BL3B8UT,https://www.amazon.in/gp/customer-reviews/RRV37BL3B8UT/ref=cm_cr_othr_d_rvw_ttl?ie=UTF8&ASIN=B0D2KGBVX4,,This watch comes at  very affordable price point and it has a decent battery lifeVery comfortable to wear and functionality of this watch was too good,True,False,"['https://m.media-amazon.com/images/I/51WSCFCCZcL._SY88.jpg', 'https://m.media-amazon.com/images/I/61qbDewZLRL._SY88.jpg']",2025-01-23,27,Colour: Champagne,"[{'key': 'Colour', 'value': 'Champagne'}]",,,https://www.amazon.in/product-reviews/B0D2KGBVX4?pageNumber=4&filterByStar=all_stars&sortBy=helpful&formatType=all_formats&asin=B0D2KGBVX4&reftag=cm_cr_arp_d_paging_btm_next_4&scope=reviewsAjax0,allStars,,B0D2KGBVX4,B0D2KGBVX4,B0D2KGBVX4,"{'price': None, 'listPrice': None}",https://www.amazon.in//Fire-Boltt-BSW215-Brillia-Dark-Grey/dp/B0D2KGBVX4/ref=zg_bs_g_5605728031_d_sccl_11/258-6888058-4683712?psc=1,India,
Reviewed in India on 29 January 2025,amzn1.account.AH3BOAIVGCY3KM6CLY3GYNO5IS6Q,https://www.amazon.in/gp/profile/amzn1.account.AH3BOAIVGCY3KM6CLY3GYNO5IS6Q/ref=cm_cr_othr_d_gw_tr?ie=UTF8,5,Best and budget smart watch,RCH4YHAHH5QWM,https://www.amazon.in/gp/customer-reviews/RCH4YHAHH5QWM/ref=cm_cr_othr_d_rvw_ttl?ie=UTF8&ASIN=B0D2KGBVX4,,Watch was looking good and stylish. Also quality never seen in this budget segment best ever quality.,True,False,[],2025-01-29,28,Colour: Blue,"[{'key': 'Colour', 'value': 'Blue'}]",,,https://www.amazon.in/product-reviews/B0D2KGBVX4?pageNumber=4&filterByStar=all_stars&sortBy=helpful&formatType=all_formats&asin=B0D2KGBVX4&reftag=cm_cr_arp_d_paging_btm_next_4&scope=reviewsAjax0,allStars,,B0D2KGBVX4,B0D2KGBVX4,B0D2KGBVX4,"{'price': None, 'listPrice': None}",https://www.amazon.in//Fire-Boltt-BSW215-Brillia-Dark-Grey/dp/B0D2KGBVX4/ref=zg_bs_g_5605728031_d_sccl_11/258-6888058-4683712?psc=1,India,
Reviewed in India on 20 January 2025,amzn1.account.AFABHQ4SZMFL3E6B65DAGR3JE43A,https://www.amazon.in/gp/profile/amzn1.account.AFABHQ4SZMFL3E6B65DAGR3JE43A/ref=cm_cr_othr_d_gw_tr?ie=UTF8,5,stylish and feature-rich smartwatch.,R3770CZ6SFDKA4,https://www.amazon.in/gp/customer-reviews/R3770CZ6SFDKA4/ref=cm_cr_othr_d_rvw_ttl?ie=UTF8&ASIN=B0D2KGBVX4,,"If you're looking for a stylish and feature-rich smartwatch, the Fire Boltt Brilia is a great option, Accuracy of workout around 90%. But, all said and done, its a good watch to buy. Certainly recommended.",True,False,['https://m.media-amazon.com/images/I/71nzKLzlfwL._SY88.jpg'],2025-01-20,29,Colour: Dark Grey,"[{'key': 'Colour', 'value': 'Dark Grey'}]",,,https://www.amazon.in/product-reviews/B0D2KGBVX4?pageNumber=4&filterByStar=all_stars&sortBy=helpful&formatType=all_formats&asin=B0D2KGBVX4&reftag=cm_cr_arp_d_paging_btm_next_4&scope=reviewsAjax0,allStars,,B0D2KGBVX4,B0D2KGBVX4,B0D2KGBVX4,"{'price': None, 'listPrice': None}",https://www.amazon.in//Fire-Boltt-BSW215-Brillia-Dark-Grey/dp/B0D2KGBVX4/ref=zg_bs_g_5605728031_d_sccl_11/258-6888058-4683712?psc=1,India,
Reviewed in India on 30 January 2025,amzn1.account.AHS6JP7GKHEOBLKDQR44U4O23R3A,https://www.amazon.in/gp/profile/amzn1.account.AHS6JP7GKHEOBLKDQR44U4O23R3A/ref=cm_cr_othr_d_gw_tr?ie=UTF8,5,Value for money,RR0N9F7TJ8858,https://www.amazon.in/gp/customer-reviews/RR0N9F7TJ8858/ref=cm_cr_othr_d_rvw_ttl?ie=UTF8&ASIN=B0D2KGBVX4,,Got everything what a watch to be have in this budget,True,False,[],2025-01-30,30,Colour: Dark Grey,"[{'key': 'Colour', 'value': 'Dark Grey'}]",,,https://www.amazon.in/product-reviews/B0D2KGBVX4?pageNumber=4&filterByStar=all_stars&sortBy=helpful&formatType=all_formats&asin=B0D2KGBVX4&reftag=cm_cr_arp_d_paging_btm_next_4&scope=reviewsAjax0,allStars,,B0D2KGBVX4,B0D2KGBVX4,B0D2KGBVX4,"{'price': None, 'listPrice': None}",https://www.amazon.in//Fire-Boltt-BSW215-Brillia-Dark-Grey/dp/B0D2KGBVX4/ref=zg_bs_g_5605728031_d_sccl_11/258-6888058-4683712?psc=1,India,
Reviewed in India on 30 January 2025,amzn1.account.AGQGW4FLXFPMYULPALNJSFXB3ZHQ,https://www.amazon.in/gp/profile/amzn1.account.AGQGW4FLXFPMYULPALNJSFXB3ZHQ/ref=cm_cr_othr_d_gw_tr?ie=UTF8,5,Worth the purchase!,R2BKLTW986S7QP,https://www.amazon.in/gp/customer-reviews/R2BKLTW986S7QP/ref=cm_cr_othr_d_rvw_ttl?ie=UTF8&ASIN=B0D2KGBVX4,,Happy with the buy. Good design coupled with great performance.,True,False,[],2025-01-30,31,Colour: Black,"[{'key': 'Colour', 'value': 'Black'}]",,,https://www.amazon.in/product-reviews/B0D2KGBVX4?pageNumber=4&filterByStar=all_stars&sortBy=helpful&formatType=all_formats&asin=B0D2KGBVX4&reftag=cm_cr_arp_d_paging_btm_next_4&scope=reviewsAjax0,allStars,,B0D2KGBVX4,B0D2KGBVX4,B0D2KGBVX4,"{'price': None, 'listPrice': None}",https://www.amazon.in//Fire-Boltt-BSW215-Brillia-Dark-Grey/dp/B0D2KGBVX4/ref=zg_bs_g_5605728031_d_sccl_11/258-6888058-4683712?psc=1,India,
Reviewed in India on 27 January 2025,amzn1.account.AHRFJZFDPJ27AFFXKJA4UZVDFTPA,https://www.amazon.in/gp/profile/amzn1.account.AHRFJZFDPJ27AFFXKJA4UZVDFTPA/ref=cm_cr_othr_d_gw_tr?ie=UTF8,5,Fire Boult 20.1cm Square watch.,R2TJGD34K5HV6H,https://www.amazon.in/gp/customer-reviews/R2TJGD34K5HV6H/ref=cm_cr_othr_d_rvw_ttl?ie=UTF8&ASIN=B0D2KGBVX4,,Best Smart watch in it's category. Really very Smart. Elegant and Good Quality Smart watch in budget.,True,False,['https://m.media-amazon.com/images/I/619PJ4kopTL._SY88.jpg'],2025-01-27,32,Colour: Champagne,"[{'key': 'Colour', 'value': 'Champagne'}]",,,https://www.amazon.in/product-reviews/B0D2KGBVX4?pageNumber=4&filterByStar=all_stars&sortBy=helpful&formatType=all_formats&asin=B0D2KGBVX4&reftag=cm_cr_arp_d_paging_btm_next_4&scope=reviewsAjax0,allStars,,B0D2KGBVX4,B0D2KGBVX4,B0D2KGBVX4,"{'price': None, 'listPrice': None}",https://www.amazon.in//Fire-Boltt-BSW215-Brillia-Dark-Grey/dp/B0D2KGBVX4/ref=zg_bs_g_5605728031_d_sccl_11/258-6888058-4683712?psc=1,India,
Reviewed in India on 21 January 2025,amzn1.account.AFZUNKWFNOU7WHQC4GLDXRYBJWFA,https://www.amazon.in/gp/profile/amzn1.account.AFZUNKWFNOU7WHQC4GLDXRYBJWFA/ref=cm_cr_othr_d_gw_tr?ie=UTF8,5,Watch,R16HHGMIQAM7GH,https://www.amazon.in/gp/customer-reviews/R16HHGMIQAM7GH/ref=cm_cr_othr_d_rvw_ttl?ie=UTF8&ASIN=B0D2KGBVX4,,Good watchGood quality strapmatel bodyLooks good👍👍,True,False,"['https://m.media-amazon.com/images/I/51dC-1ssWIL._SY88.jpg', 'https://m.media-amazon.com/images/I/61qafw0KmGL._SY88.jpg']",2025-01-21,73,Colour: Champagne,"[{'key': 'Colour', 'value': 'Champagne'}]",,,https://www.amazon.in/product-reviews/B0D2KGBVX4?pageNumber=10&filterByStar=all_stars&sortBy=helpful&formatType=all_formats&asin=B0D2KGBVX4&reftag=cm_cr_arp_d_paging_btm_next_10&scope=reviewsAjax0,allStars,,B0D2KGBVX4,B0D2KGBVX4,B0D2KGBVX4,"{'price': None, 'listPrice': None}",https://www.amazon.in//Fire-Boltt-BSW215-Brillia-Dark-Grey/dp/B0D2KGBVX4/ref=zg_bs_g_5605728031_d_sccl_11/258-6888058-4683712?psc=1,India,
Reviewed in India on 24 January 2025,amzn1.account.AFYFV6JVQRID6KBLN4OH6B3ZPJAQ,https://www.amazon.in/gp/profile/amzn1.account.AFYFV6JVQRID6KBLN4OH6B3ZPJAQ/ref=cm_cr_othr_d_gw_tr?ie=UTF8,5,Looks promising,R342E2HLJX0W8U,https://www.amazon.in/gp/customer-reviews/R342E2HLJX0W8U/ref=cm_cr_othr_d_rvw_ttl?ie=UTF8&ASIN=B0D2KGBVX4,,"Great appearance , battery is superb",True,False,['https://m.media-amazon.com/images/I/716LpV-wgVL._SY88.jpg'],2025-01-24,74,Colour: Champagne,"[{'key': 'Colour', 'value': 'Champagne'}]",,,https://www.amazon.in/product-reviews/B0D2KGBVX4?pageNumber=10&filterByStar=all_stars&sortBy=helpful&formatType=all_formats&asin=B0D2KGBVX4&reftag=cm_cr_arp_d_paging_btm_next_10&scope=reviewsAjax0,allStars,,B0D2KGBVX4,B0D2KGBVX4,B0D2KGBVX4,"{'price': None, 'listPrice': None}",https://www.amazon.in//Fire-Boltt-BSW215-Brillia-Dark-Grey/dp/B0D2KGBVX4/ref=zg_bs_g_5605728031_d_sccl_11/258-6888058-4683712?psc=1,India,
Reviewed in India on 16 January 2025,amzn1.account.AHBVD5PP7QAWK7M4FGITMMBFH7RA,https://www.amazon.in/gp/profile/amzn1.account.AHBVD5PP7QAWK7M4FGITMMBFH7RA/ref=cm_cr_othr_d_gw_tr?ie=UTF8,5,Fire boltt smart watch,R3GIQE24PK7UP9,https://www.amazon.in/gp/customer-reviews/R3GIQE24PK7UP9/ref=cm_cr_othr_d_rvw_ttl?ie=UTF8&ASIN=B0D2KGBVX4,,"The product is very good, working fine, connectivity, sound, back up everything is fine, go for it.",True,False,[],2025-01-16,75,Colour: Dark Grey,"[{'key': 'Colour', 'value': 'Dark Grey'}]",,,https://www.amazon.in/product-reviews/B0D2KGBVX4?pageNumber=10&filterByStar=all_stars&sortBy=helpful&formatType=all_formats&asin=B0D2KGBVX4&reftag=cm_cr_arp_d_paging_btm_next_10&scope=reviewsAjax0,allStars,,B0D2KGBVX4,B0D2KGBVX4,B0D2KGBVX4,"{'price': None, 'listPrice': None}",https://www.amazon.in//Fire-Boltt-BSW215-Brillia-Dark-Grey/dp/B0D2KGBVX4/ref=zg_bs_g_5605728031_d_sccl_11/258-6888058-4683712?psc=1,India,
Reviewed in India on 24 January 2025,amzn1.account.AHUXJB3ANGRUBDIVARJFQM2VOBXQ,https://www.amazon.in/gp/profile/amzn1.account.AHUXJB3ANGRUBDIVARJFQM2VOBXQ/ref=cm_cr_othr_d_gw_tr?ie=UTF8,5,Good product,R3URATXCNZ2DP5,https://www.amazon.in/gp/customer-reviews/R3URATXCNZ2DP5/ref=cm_cr_othr_d_rvw_ttl?ie=UTF8&ASIN=B0D2KGBVX4,,Everything is good,True,False,"['https://m.media-amazon.com/images/I/71OoKXuYauL._SY88.jpg', 'https://m.media-amazon.com/images/I/71xJmr2L3WL._SY88.jpg']",2025-01-24,76,Colour: Champagne,"[{'key': 'Colour', 'value': 'Champagne'}]",,,https://www.amazon.in/product-reviews/B0D2KGBVX4?pageNumber=10&filterByStar=all_stars&sortBy=helpful&formatType=all_formats&asin=B0D2KGBVX4&reftag=cm_cr_arp_d_paging_btm_next_10&scope=reviewsAjax0,allStars,,B0D2KGBVX4,B0D2KGBVX4,B0D2KGBVX4,"{'price': None, 'listPrice': None}",https://www.amazon.in//Fire-Boltt-BSW215-Brillia-Dark-Grey/dp/B0D2KGBVX4/ref=zg_bs_g_5605728031_d_sccl_11/258-6888058-4683712?psc=1,India,
Reviewed in India on 24 January 2025,amzn1.account.AFWY6LLA6H3LKWZB2HKSYJC6SZ5A,https://www.amazon.in/gp/profile/amzn1.account.AFWY6LLA6H3LKWZB2HKSYJC6SZ5A/ref=cm_cr_othr_d_gw_tr?ie=UTF8,5,Good,R3P1ORER5L1FMF,https://www.amazon.in/gp/customer-reviews/R3P1ORER5L1FMF/ref=cm_cr_othr_d_rvw_ttl?ie=UTF8&ASIN=B0D2KGBVX4,,nice product,True,False,['https://m.media-amazon.com/images/I/71TlRBfmeKL._SY88.jpg'],2025-01-24,77,Colour: Blue,"[{'key': 'Colour', 'value': 'Blue'}]",,,https://www.amazon.in/product-reviews/B0D2KGBVX4?pageNumber=10&filterByStar=all_stars&sortBy=helpful&formatType=all_formats&asin=B0D2KGBVX4&reftag=cm_cr_arp_d_paging_btm_next_10&scope=reviewsAjax0,allStars,,B0D2KGBVX4,B0D2KGBVX4,B0D2KGBVX4,"{'price': None, 'listPrice': None}",https://www.amazon.in//Fire-Boltt-BSW215-Brillia-Dark-Grey/dp/B0D2KGBVX4/ref=zg_bs_g_5605728031_d_sccl_11/258-6888058-4683712?psc=1,India,
Reviewed in India on 24 January 2025,amzn1.account.AHXOTYELH7BDMBVHL2DBZWOKQJ2A,https://www.amazon.in/gp/profile/amzn1.account.AHXOTYELH7BDMBVHL2DBZWOKQJ2A/ref=cm_cr_othr_d_gw_tr?ie=UTF8,5,Good,R1ATTZ0T9P5LU1,https://www.amazon.in/gp/customer-reviews/R1ATTZ0T9P5LU1/ref=cm_cr_othr_d_rvw_ttl?ie=UTF8&ASIN=B0D2KGBVX4,,,True,False,"['https://m.media-amazon.com/images/I/61HcftS8ssL._SY88.jpg', 'https://m.media-amazon.com/images/I/71l7q6sQmSL._SY88.jpg']",2025-01-24,78,Colour: Dark Grey,"[{'key': 'Colour', 'value': 'Dark Grey'}]",,,https://www.amazon.in/product-reviews/B0D2KGBVX4?pageNumber=10&filterByStar=all_stars&sortBy=helpful&formatType=all_formats&asin=B0D2KGBVX4&reftag=cm_cr_arp_d_paging_btm_next_10&scope=reviewsAjax0,allStars,,B0D2KGBVX4,B0D2KGBVX4,B0D2KGBVX4,"{'price': None, 'listPrice': None}",https://www.amazon.in//Fire-Boltt-BSW215-Brillia-Dark-Grey/dp/B0D2KGBVX4/ref=zg_bs_g_5605728031_d_sccl_11/258-6888058-4683712?psc=1,India,
Reviewed in India on 14 January 2025,amzn1.account.AES5ATLJG6ASK6IAQLRA3ZAH2TRA,https://www.amazon.in/gp/profile/amzn1.account.AES5ATLJG6ASK6IAQLRA3ZAH2TRA/ref=cm_cr_othr_d_gw_tr?ie=UTF8,5,Wonderful display,R1J4SCTMECHGH9,https://www.amazon.in/gp/customer-reviews/R1J4SCTMECHGH9/ref=cm_cr_othr_d_rvw_ttl?ie=UTF8&ASIN=B0D2KGBVX4,2 people found this helpful,"Watch got a perfect view , Nice display, big battery life, smart features, and very cheap with best features",True,False,['https://m.media-amazon.com/images/I/61IBbNv50oL._SY88.jpg'],2025-01-14,79,Colour: Dark Grey,"[{'key': 'Colour', 'value': 'Dark Grey'}]",,,https://www.amazon.in/product-reviews/B0D2KGBVX4?pageNumber=10&filterByStar=all_stars&sortBy=helpful&formatType=all_formats&asin=B0D2KGBVX4&reftag=cm_cr_arp_d_paging_btm_next_10&scope=reviewsAjax0,allStars,,B0D2KGBVX4,B0D2KGBVX4,B0D2KGBVX4,"{'price': None, 'listPrice': None}",https://www.amazon.in//Fire-Boltt-BSW215-Brillia-Dark-Grey/dp/B0D2KGBVX4/ref=zg_bs_g_5605728031_d_sccl_11/258-6888058-4683712?psc=1,India,
Reviewed in India on 18 January 2025,amzn1.account.AFBANY5ASPHZ4MXEVQ75G4O7W3XA,https://www.amazon.in/gp/profile/amzn1.account.AFBANY5ASPHZ4MXEVQ75G4O7W3XA/ref=cm_cr_othr_d_gw_tr?ie=UTF8,5,Good product,R3M681DCJUQXDY,https://www.amazon.in/gp/customer-reviews/R3M681DCJUQXDY/ref=cm_cr_othr_d_rvw_ttl?ie=UTF8&ASIN=B0D2KGBVX4,,Nice watch,True,False,[],2025-01-18,80,Colour: Black,"[{'key': 'Colour', 'value': 'Black'}]",,,https://www.amazon.in/product-reviews/B0D2KGBVX4?pageNumber=10&filterByStar=all_stars&sortBy=helpful&formatType=all_formats&asin=B0D2KGBVX4&reftag=cm_cr_arp_d_paging_btm_next_10&scope=reviewsAjax0,allStars,,B0D2KGBVX4,B0D2KGBVX4,B0D2KGBVX4,"{'price': None, 'listPrice': None}",https://www.amazon.in//Fire-Boltt-BSW215-Brillia-Dark-Grey/dp/B0D2KGBVX4/ref=zg_bs_g_5605728031_d_sccl_11/258-6888058-4683712?psc=1,India,
Reviewed in India on 20 January 2025,amzn1.account.AFZJDZAKZPQBET6W3XCL3B7AR22Q,https://www.amazon.in/gp/profile/amzn1.account.AFZJDZAKZPQBET6W3XCL3B7AR22Q/ref=cm_cr_othr_d_gw_tr?ie=UTF8,5,Very nice watch,R3RA31N09GAKD5,https://www.amazon.in/gp/customer-reviews/R3RA31N09GAKD5/ref=cm_cr_othr_d_rvw_ttl?ie=UTF8&ASIN=B0D2KGBVX4,,I have bought this watch recently and it's absolutely value for money!,True,False,[],2025-01-20,57,Colour: Champagne,"[{'key': 'Colour', 'value': 'Champagne'}]",,,https://www.amazon.in/product-reviews/B0D2KGBVX4?pageNumber=8&filterByStar=all_stars&sortBy=helpful&formatType=all_formats&asin=B0D2KGBVX4&reftag=cm_cr_arp_d_paging_btm_next_8&scope=reviewsAjax0,allStars,,B0D2KGBVX4,B0D2KGBVX4,B0D2KGBVX4,"{'price': None, 'listPrice': None}",https://www.amazon.in//Fire-Boltt-BSW215-Brillia-Dark-Grey/dp/B0D2KGBVX4/ref=zg_bs_g_5605728031_d_sccl_11/258-6888058-4683712?psc=1,India,
Reviewed in India on 16 January 2025,amzn1.account.AEORG6POWCLCN3A7NJR6HZFZQK4A,https://www.amazon.in/gp/profile/amzn1.account.AEORG6POWCLCN3A7NJR6HZFZQK4A/ref=cm_cr_othr_d_gw_tr?ie=UTF8,5,Best and stylish watch,RDNWQ1MTVWC66,https://www.amazon.in/gp/customer-reviews/RDNWQ1MTVWC66/ref=cm_cr_othr_d_rvw_ttl?ie=UTF8&ASIN=B0D2KGBVX4,,I bought it day before yesterday and I got delivered within 2 days. It's very comfortable and stylish,True,False,[],2025-01-16,58,Colour: Champagne,"[{'key': 'Colour', 'value': 'Champagne'}]",,,https://www.amazon.in/product-reviews/B0D2KGBVX4?pageNumber=8&filterByStar=all_stars&sortBy=helpful&formatType=all_formats&asin=B0D2KGBVX4&reftag=cm_cr_arp_d_paging_btm_next_8&scope=reviewsAjax0,allStars,,B0D2KGBVX4,B0D2KGBVX4,B0D2KGBVX4,"{'price': None, 'listPrice': None}",https://www.amazon.in//Fire-Boltt-BSW215-Brillia-Dark-Grey/dp/B0D2KGBVX4/ref=zg_bs_g_5605728031_d_sccl_11/258-6888058-4683712?psc=1,India,
Reviewed in India on 22 January 2025,amzn1.account.AH3VRC65DNHAK3GEWORXH7B5YRIQ,https://www.amazon.in/gp/profile/amzn1.account.AH3VRC65DNHAK3GEWORXH7B5YRIQ/ref=cm_cr_othr_d_gw_tr?ie=UTF8,5,Nice looking,R2XN42J3OI8T1D,https://www.amazon.in/gp/customer-reviews/R2XN42J3OI8T1D/ref=cm_cr_othr_d_rvw_ttl?ie=UTF8&ASIN=B0D2KGBVX4,,"Very nice smartwatch looking good, brightness good,touch screen working smoothly",True,False,['https://m.media-amazon.com/images/I/71RJkzqiJ6L._SY88.jpg'],2025-01-22,59,Colour: Blue,"[{'key': 'Colour', 'value': 'Blue'}]",,,https://www.amazon.in/product-reviews/B0D2KGBVX4?pageNumber=8&filterByStar=all_stars&sortBy=helpful&formatType=all_formats&asin=B0D2KGBVX4&reftag=cm_cr_arp_d_paging_btm_next_8&scope=reviewsAjax0,allStars,,B0D2KGBVX4,B0D2KGBVX4,B0D2KGBVX4,"{'price': None, 'listPrice': None}",https://www.amazon.in//Fire-Boltt-BSW215-Brillia-Dark-Grey/dp/B0D2KGBVX4/ref=zg_bs_g_5605728031_d_sccl_11/258-6888058-4683712?psc=1,India,
Reviewed in India on 14 January 2025,amzn1.account.AECO2SX73UFOYMP72TGCHJJRVQSA,https://www.amazon.in/gp/profile/amzn1.account.AECO2SX73UFOYMP72TGCHJJRVQSA/ref=cm_cr_othr_d_gw_tr?ie=UTF8,5,Happy with the quality.,R31PJUG2RBYK5Z,https://www.amazon.in/gp/customer-reviews/R31PJUG2RBYK5Z/ref=cm_cr_othr_d_rvw_ttl?ie=UTF8&ASIN=B0D2KGBVX4,One person found this helpful,"This smart watch is made of a good quality n it has cool features like bp,bpm,etc. Great for fitness and lookwise it's classy.",True,False,[],2025-01-14,60,Colour: Dark Grey,"[{'key': 'Colour', 'value': 'Dark Grey'}]",,,https://www.amazon.in/product-reviews/B0D2KGBVX4?pageNumber=8&filterByStar=all_stars&sortBy=helpful&formatType=all_formats&asin=B0D2KGBVX4&reftag=cm_cr_arp_d_paging_btm_next_8&scope=reviewsAjax0,allStars,,B0D2KGBVX4,B0D2KGBVX4,B0D2KGBVX4,"{'price': None, 'listPrice': None}",https://www.amazon.in//Fire-Boltt-BSW215-Brillia-Dark-Grey/dp/B0D2KGBVX4/ref=zg_bs_g_5605728031_d_sccl_11/258-6888058-4683712?psc=1,India,
Reviewed in India on 19 January 2025,amzn1.account.AFI5YKMZ2MOEDHMZ7V3KGASDYKWQ,https://www.amazon.in/gp/profile/amzn1.account.AFI5YKMZ2MOEDHMZ7V3KGASDYKWQ/ref=cm_cr_othr_d_gw_tr?ie=UTF8,5,Worth for price,R1CARLNWTMWP0H,https://www.amazon.in/gp/customer-reviews/R1CARLNWTMWP0H/ref=cm_cr_othr_d_rvw_ttl?ie=UTF8&ASIN=B0D2KGBVX4,One person found this helpful,"5/5 stars! Amazing product! Fast delivery, great quality, and exactly as described. Highly recommend",True,False,[],2025-01-19,61,Colour: Black,"[{'key': 'Colour', 'value': 'Black'}]",,,https://www.amazon.in/product-reviews/B0D2KGBVX4?pageNumber=8&filterByStar=all_stars&sortBy=helpful&formatType=all_formats&asin=B0D2KGBVX4&reftag=cm_cr_arp_d_paging_btm_next_8&scope=reviewsAjax0,allStars,,B0D2KGBVX4,B0D2KGBVX4,B0D2KGBVX4,"{'price': None, 'listPrice': None}",https://www.amazon.in//Fire-Boltt-BSW215-Brillia-Dark-Grey/dp/B0D2KGBVX4/ref=zg_bs_g_5605728031_d_sccl_11/258-6888058-4683712?psc=1,India,
Reviewed in India on 25 January 2025,amzn1.account.AFZKLLRD7FS2KMEBXQKW32SUIKAA,https://www.amazon.in/gp/profile/amzn1.account.AFZKLLRD7FS2KMEBXQKW32SUIKAA/ref=cm_cr_othr_d_gw_tr?ie=UTF8,5,Worth the price,RMVI4W5JKWGH6,https://www.amazon.in/gp/customer-reviews/RMVI4W5JKWGH6/ref=cm_cr_othr_d_rvw_ttl?ie=UTF8&ASIN=B0D2KGBVX4,One person found this helpful,Very futuristic watch touch is also very good,True,False,['https://m.media-amazon.com/images/I/61Z7JapYQPL._SY88.jpg'],2025-01-25,62,Colour: Champagne,"[{'key': 'Colour', 'value': 'Champagne'}]",,,https://www.amazon.in/product-reviews/B0D2KGBVX4?pageNumber=8&filterByStar=all_stars&sortBy=helpful&formatType=all_formats&asin=B0D2KGBVX4&reftag=cm_cr_arp_d_paging_btm_next_8&scope=reviewsAjax0,allStars,,B0D2KGBVX4,B0D2KGBVX4,B0D2KGBVX4,"{'price': None, 'listPrice': None}",https://www.amazon.in//Fire-Boltt-BSW215-Brillia-Dark-Grey/dp/B0D2KGBVX4/ref=zg_bs_g_5605728031_d_sccl_11/258-6888058-4683712?psc=1,India,
Reviewed in India on 22 January 2025,amzn1.account.AGTPTPRKCVDIL7TQM6FW7BQIM3XA,https://www.amazon.in/gp/profile/amzn1.account.AGTPTPRKCVDIL7TQM6FW7BQIM3XA/ref=cm_cr_othr_d_gw_tr?ie=UTF8,5,Good watch,R21E1JZXLIHFRB,https://www.amazon.in/gp/customer-reviews/R21E1JZXLIHFRB/ref=cm_cr_othr_d_rvw_ttl?ie=UTF8&ASIN=B0D2KGBVX4,,SUPER GOOD,True,False,[],2025-01-22,63,Colour: Black,"[{'key': 'Colour', 'value': 'Black'}]",,,https://www.amazon.in/product-reviews/B0D2KGBVX4?pageNumber=8&filterByStar=all_stars&sortBy=helpful&formatType=all_formats&asin=B0D2KGBVX4&reftag=cm_cr_arp_d_paging_btm_next_8&scope=reviewsAjax0,allStars,,B0D2KGBVX4,B0D2KGBVX4,B0D2KGBVX4,"{'price': None, 'listPrice': None}",https://www.amazon.in//Fire-Boltt-BSW215-Brillia-Dark-Grey/dp/B0D2KGBVX4/ref=zg_bs_g_5605728031_d_sccl_11/258-6888058-4683712?psc=1,India,
Reviewed in India on 17 January 2025,amzn1.account.AF5FIU6EVMBECWIAWUUVZF6G32RA,https://www.amazon.in/gp/profile/amzn1.account.AF5FIU6EVMBECWIAWUUVZF6G32RA/ref=cm_cr_othr_d_gw_tr?ie=UTF8,5,Stylish and class,R1KILW6QER1SLA,https://www.amazon.in/gp/customer-reviews/R1KILW6QER1SLA/ref=cm_cr_othr_d_rvw_ttl?ie=UTF8&ASIN=B0D2KGBVX4,,A very good product with classic look and yet stylish,True,False,[],2025-01-17,64,Colour: Champagne,"[{'key': 'Colour', 'value': 'Champagne'}]",,,https://www.amazon.in/product-reviews/B0D2KGBVX4?pageNumber=8&filterByStar=all_stars&sortBy=helpful&formatType=all_formats&asin=B0D2KGBVX4&reftag=cm_cr_arp_d_paging_btm_next_8&scope=reviewsAjax0,allStars,,B0D2KGBVX4,B0D2KGBVX4,B0D2KGBVX4,"{'price': None, 'listPrice': None}",https://www.amazon.in//Fire-Boltt-BSW215-Brillia-Dark-Grey/dp/B0D2KGBVX4/ref=zg_bs_g_5605728031_d_sccl_11/258-6888058-4683712?psc=1,India,
Reviewed in India on 28 January 2025,amzn1.account.AGPKD25LPL5D2KTXL2QRCSZTYWFQ,https://www.amazon.in/gp/profile/amzn1.account.AGPKD25LPL5D2KTXL2QRCSZTYWFQ/ref=cm_cr_othr_d_gw_tr?ie=UTF8,5,Nice product.,R1PLIDIE37DCL7,https://www.amazon.in/gp/customer-reviews/R1PLIDIE37DCL7/ref=cm_cr_othr_d_rvw_ttl?ie=UTF8&ASIN=B0D2KGBVX4,,"The media could not be loaded.
                
            
                
            
            
        
    
    








  
  
     1. Songs can listen directly from watch itself, Audio quality is too good.2. Calculator is available inbuilt.3. Build quality is very good.4. Flash light is also available.5. Can answer the call from the watch, Watch has dedicated ring tone, which will get ring and vibrate when we receive any call.",True,False,['https://m.media-amazon.com/images/I/81T5unZ7T3L._SY88.jpg'],2025-01-28,33,Colour: Black,"[{'key': 'Colour', 'value': 'Black'}]",,,https://www.amazon.in/product-reviews/B0D2KGBVX4?pageNumber=5&filterByStar=all_stars&sortBy=helpful&formatType=all_formats&asin=B0D2KGBVX4&reftag=cm_cr_arp_d_paging_btm_next_5&scope=reviewsAjax0,allStars,,B0D2KGBVX4,B0D2KGBVX4,B0D2KGBVX4,"{'price': None, 'listPrice': None}",https://www.amazon.in//Fire-Boltt-BSW215-Brillia-Dark-Grey/dp/B0D2KGBVX4/ref=zg_bs_g_5605728031_d_sccl_11/258-6888058-4683712?psc=1,India,
Reviewed in India on 16 January 2025,amzn1.account.AHXDZ3NYHH4TZDF4AVFH64IV5SRA,https://www.amazon.in/gp/profile/amzn1.account.AHXDZ3NYHH4TZDF4AVFH64IV5SRA/ref=cm_cr_othr_d_gw_tr?ie=UTF8,5,Extremely Nice watch,R2JB04210TRQ5I,https://www.amazon.in/gp/customer-reviews/R2JB04210TRQ5I/ref=cm_cr_othr_d_rvw_ttl?ie=UTF8&ASIN=B0D2KGBVX4,,Watch look is very good and battery backup is amazing. I recieved 12th jan and now a days i am not charged this watch and continue running with Bluetooth device. Atleast 5 days battery running and good amoled display.,True,False,"['https://m.media-amazon.com/images/I/61TNmCrVmcL._SY88.jpg', 'https://m.media-amazon.com/images/I/71TxYqvAc7L._SY88.jpg', 'https://m.media-amazon.com/images/I/71liNgkUrrL._SY88.jpg']",2025-01-16,34,Colour: Champagne,"[{'key': 'Colour', 'value': 'Champagne'}]",,,https://www.amazon.in/product-reviews/B0D2KGBVX4?pageNumber=5&filterByStar=all_stars&sortBy=helpful&formatType=all_formats&asin=B0D2KGBVX4&reftag=cm_cr_arp_d_paging_btm_next_5&scope=reviewsAjax0,allStars,,B0D2KGBVX4,B0D2KGBVX4,B0D2KGBVX4,"{'price': None, 'listPrice': None}",https://www.amazon.in//Fire-Boltt-BSW215-Brillia-Dark-Grey/dp/B0D2KGBVX4/ref=zg_bs_g_5605728031_d_sccl_11/258-6888058-4683712?psc=1,India,
Reviewed in India on 29 January 2025,amzn1.account.AHV7THN2HTAGNQDE6WIKCJKZUHAA,https://www.amazon.in/gp/profile/amzn1.account.AHV7THN2HTAGNQDE6WIKCJKZUHAA/ref=cm_cr_othr_d_gw_tr?ie=UTF8,5,Best watch in segment,R320IHMMX6K1XC,https://www.amazon.in/gp/customer-reviews/R320IHMMX6K1XC/ref=cm_cr_othr_d_rvw_ttl?ie=UTF8&ASIN=B0D2KGBVX4,,"Elegant design of watch, attractive watch with multiple functions.",True,False,[],2025-01-29,35,Colour: Blue,"[{'key': 'Colour', 'value': 'Blue'}]",,,https://www.amazon.in/product-reviews/B0D2KGBVX4?pageNumber=5&filterByStar=all_stars&sortBy=helpful&formatType=all_formats&asin=B0D2KGBVX4&reftag=cm_cr_arp_d_paging_btm_next_5&scope=reviewsAjax0,allStars,,B0D2KGBVX4,B0D2KGBVX4,B0D2KGBVX4,"{'price': None, 'listPrice': None}",https://www.amazon.in//Fire-Boltt-BSW215-Brillia-Dark-Grey/dp/B0D2KGBVX4/ref=zg_bs_g_5605728031_d_sccl_11/258-6888058-4683712?psc=1,India,
Reviewed in India on 31 January 2025,amzn1.account.AHWV3JKZGWEAHJEVBJCDV4FR3VCQ,https://www.amazon.in/gp/profile/amzn1.account.AHWV3JKZGWEAHJEVBJCDV4FR3VCQ/ref=cm_cr_othr_d_gw_tr?ie=UTF8,5,HRM & SPO2 Monitor,R1H47KRRZ6MFZ0,https://www.amazon.in/gp/customer-reviews/R1H47KRRZ6MFZ0/ref=cm_cr_othr_d_rvw_ttl?ie=UTF8&ASIN=B0D2KGBVX4,,Very Nice watch with essential features.,True,False,[],2025-01-31,36,Colour: Black,"[{'key': 'Colour', 'value': 'Black'}]",,,https://www.amazon.in/product-reviews/B0D2KGBVX4?pageNumber=5&filterByStar=all_stars&sortBy=helpful&formatType=all_formats&asin=B0D2KGBVX4&reftag=cm_cr_arp_d_paging_btm_next_5&scope=reviewsAjax0,allStars,,B0D2KGBVX4,B0D2KGBVX4,B0D2KGBVX4,"{'price': None, 'listPrice': None}",https://www.amazon.in//Fire-Boltt-BSW215-Brillia-Dark-Grey/dp/B0D2KGBVX4/ref=zg_bs_g_5605728031_d_sccl_11/258-6888058-4683712?psc=1,India,
Reviewed in India on 30 January 2025,amzn1.account.AGJYCW7QAQYSHYKZZCWET4GP5Q3Q,https://www.amazon.in/gp/profile/amzn1.account.AGJYCW7QAQYSHYKZZCWET4GP5Q3Q/ref=cm_cr_othr_d_gw_tr?ie=UTF8,5,Good Product.!,R3FVHEOHFZ52MD,https://www.amazon.in/gp/customer-reviews/R3FVHEOHFZ52MD/ref=cm_cr_othr_d_rvw_ttl?ie=UTF8&ASIN=B0D2KGBVX4,,Nice Product and Kids are enjoying it..!,True,False,[],2025-01-30,37,Colour: Dark Grey,"[{'key': 'Colour', 'value': 'Dark Grey'}]",,,https://www.amazon.in/product-reviews/B0D2KGBVX4?pageNumber=5&filterByStar=all_stars&sortBy=helpful&formatType=all_formats&asin=B0D2KGBVX4&reftag=cm_cr_arp_d_paging_btm_next_5&scope=reviewsAjax0,allStars,,B0D2KGBVX4,B0D2KGBVX4,B0D2KGBVX4,"{'price': None, 'listPrice': None}",https://www.amazon.in//Fire-Boltt-BSW215-Brillia-Dark-Grey/dp/B0D2KGBVX4/ref=zg_bs_g_5605728031_d_sccl_11/258-6888058-4683712?psc=1,India,
Reviewed in India on 27 January 2025,amzn1.account.AHJBUL7OIBXCNH7BGXXGMDNOIW3Q,https://www.amazon.in/gp/profile/amzn1.account.AHJBUL7OIBXCNH7BGXXGMDNOIW3Q/ref=cm_cr_othr_d_gw_tr?ie=UTF8,5,Fireboltt to fire your thoughts and lifestyle,RAXY997GHXYIL,https://www.amazon.in/gp/customer-reviews/RAXY997GHXYIL/ref=cm_cr_othr_d_rvw_ttl?ie=UTF8&ASIN=B0D2KGBVX4,,Watch is so good and available with all features...,True,False,[],2025-01-27,38,Colour: Champagne,"[{'key': 'Colour', 'value': 'Champagne'}]",,,https://www.amazon.in/product-reviews/B0D2KGBVX4?pageNumber=5&filterByStar=all_stars&sortBy=helpful&formatType=all_formats&asin=B0D2KGBVX4&reftag=cm_cr_arp_d_paging_btm_next_5&scope=reviewsAjax0,allStars,,B0D2KGBVX4,B0D2KGBVX4,B0D2KGBVX4,"{'price': None, 'listPrice': None}",https://www.amazon.in//Fire-Boltt-BSW215-Brillia-Dark-Grey/dp/B0D2KGBVX4/ref=zg_bs_g_5605728031_d_sccl_11/258-6888058-4683712?psc=1,India,
Reviewed in India on 22 January 2025,amzn1.account.AG27WXXRA5YKRWTLKQXBO4PXW73A,https://www.amazon.in/gp/profile/amzn1.account.AG27WXXRA5YKRWTLKQXBO4PXW73A/ref=cm_cr_othr_d_gw_tr?ie=UTF8,5,Nice looking watch and delivered on time !!!,R36ZOK1O7K9SXU,https://www.amazon.in/gp/customer-reviews/R36ZOK1O7K9SXU/ref=cm_cr_othr_d_rvw_ttl?ie=UTF8&ASIN=B0D2KGBVX4,,The watch looks awesome and my son liked it a lot.Many features available within. Overall a very valuable buy.,True,False,[],2025-01-22,39,Colour: Dark Grey,"[{'key': 'Colour', 'value': 'Dark Grey'}]",,,https://www.amazon.in/product-reviews/B0D2KGBVX4?pageNumber=5&filterByStar=all_stars&sortBy=helpful&formatType=all_formats&asin=B0D2KGBVX4&reftag=cm_cr_arp_d_paging_btm_next_5&scope=reviewsAjax0,allStars,,B0D2KGBVX4,B0D2KGBVX4,B0D2KGBVX4,"{'price': None, 'listPrice': None}",https://www.amazon.in//Fire-Boltt-BSW215-Brillia-Dark-Grey/dp/B0D2KGBVX4/ref=zg_bs_g_5605728031_d_sccl_11/258-6888058-4683712?psc=1,India,
Reviewed in India on 29 January 2025,amzn1.account.AFX5A3OXM7FBNJ453EFAJIDSD2EQ,https://www.amazon.in/gp/profile/amzn1.account.AFX5A3OXM7FBNJ453EFAJIDSD2EQ/ref=cm_cr_othr_d_gw_tr?ie=UTF8,5,Good service,R3Q21KIDGC5V22,https://www.amazon.in/gp/customer-reviews/R3Q21KIDGC5V22/ref=cm_cr_othr_d_rvw_ttl?ie=UTF8&ASIN=B0D2KGBVX4,,Very nice valu of money,True,False,[],2025-01-29,40,Colour: Black,"[{'key': 'Colour', 'value': 'Black'}]",,,https://www.amazon.in/product-reviews/B0D2KGBVX4?pageNumber=5&filterByStar=all_stars&sortBy=helpful&formatType=all_formats&asin=B0D2KGBVX4&reftag=cm_cr_arp_d_paging_btm_next_5&scope=reviewsAjax0,allStars,,B0D2KGBVX4,B0D2KGBVX4,B0D2KGBVX4,"{'price': None, 'listPrice': None}",https://www.amazon.in//Fire-Boltt-BSW215-Brillia-Dark-Grey/dp/B0D2KGBVX4/ref=zg_bs_g_5605728031_d_sccl_11/258-6888058-4683712?psc=1,India,
Reviewed in India on 23 January 2025,amzn1.account.AGUSWJZN4QZL3WDPMTTSHT3YPSMQ,https://www.amazon.in/gp/profile/amzn1.account.AGUSWJZN4QZL3WDPMTTSHT3YPSMQ/ref=cm_cr_othr_d_gw_tr?ie=UTF8,4,Good,R138WVW8O7TYD,https://www.amazon.in/gp/customer-reviews/R138WVW8O7TYD/ref=cm_cr_othr_d_rvw_ttl?ie=UTF8&ASIN=B0D2KGBVX4,,Good product,True,False,['https://m.media-amazon.com/images/I/71yJswcZQ1L._SY88.jpg'],2025-01-23,17,Colour: Black,"[{'key': 'Colour', 'value': 'Black'}]",,,https://www.amazon.in/product-reviews/B0D2KGBVX4?pageNumber=3&filterByStar=all_stars&sortBy=helpful&formatType=all_formats&asin=B0D2KGBVX4&reftag=cm_cr_arp_d_paging_btm_next_3&scope=reviewsAjax0,allStars,,B0D2KGBVX4,B0D2KGBVX4,B0D2KGBVX4,"{'price': None, 'listPrice': None}",https://www.amazon.in//Fire-Boltt-BSW215-Brillia-Dark-Grey/dp/B0D2KGBVX4/ref=zg_bs_g_5605728031_d_sccl_11/258-6888058-4683712?psc=1,India,
Reviewed in India on 15 January 2025,amzn1.account.AGK3RZJEESL4F2TC66LUIKI6L2MQ,https://www.amazon.in/gp/profile/amzn1.account.AGK3RZJEESL4F2TC66LUIKI6L2MQ/ref=cm_cr_othr_d_gw_tr?ie=UTF8,4,When See the watch than on display is the best feature,R16RHDS92F607P,https://www.amazon.in/gp/customer-reviews/R16RHDS92F607P/ref=cm_cr_othr_d_rvw_ttl?ie=UTF8&ASIN=B0D2KGBVX4,2 people found this helpful,Its amazing for that price look quality sound quality is very clearly,True,False,"['https://m.media-amazon.com/images/I/61M-OuiEc-L._SY88.jpg', 'https://m.media-amazon.com/images/I/61s+vp23PlL._SY88.jpg']",2025-01-15,18,Colour: Dark Grey,"[{'key': 'Colour', 'value': 'Dark Grey'}]",,,https://www.amazon.in/product-reviews/B0D2KGBVX4?pageNumber=3&filterByStar=all_stars&sortBy=helpful&formatType=all_formats&asin=B0D2KGBVX4&reftag=cm_cr_arp_d_paging_btm_next_3&scope=reviewsAjax0,allStars,,B0D2KGBVX4,B0D2KGBVX4,B0D2KGBVX4,"{'price': None, 'listPrice': None}",https://www.amazon.in//Fire-Boltt-BSW215-Brillia-Dark-Grey/dp/B0D2KGBVX4/ref=zg_bs_g_5605728031_d_sccl_11/258-6888058-4683712?psc=1,India,
Reviewed in India on 14 January 2025,amzn1.account.AH4JIFUV53HMPFKA2KDJ3GE7KAVQ,https://www.amazon.in/gp/profile/amzn1.account.AH4JIFUV53HMPFKA2KDJ3GE7KAVQ/ref=cm_cr_othr_d_gw_tr?ie=UTF8,4,Looks all good,R3IARZ5TT364TX,https://www.amazon.in/gp/customer-reviews/R3IARZ5TT364TX/ref=cm_cr_othr_d_rvw_ttl?ie=UTF8&ASIN=B0D2KGBVX4,One person found this helpful,"I haven't used it yet, only unsure about the charging part.",True,False,['https://m.media-amazon.com/images/I/71UVWmeWgXL._SY88.jpg'],2025-01-14,19,Colour: Blue,"[{'key': 'Colour', 'value': 'Blue'}]",,,https://www.amazon.in/product-reviews/B0D2KGBVX4?pageNumber=3&filterByStar=all_stars&sortBy=helpful&formatType=all_formats&asin=B0D2KGBVX4&reftag=cm_cr_arp_d_paging_btm_next_3&scope=reviewsAjax0,allStars,,B0D2KGBVX4,B0D2KGBVX4,B0D2KGBVX4,"{'price': None, 'listPrice': None}",https://www.amazon.in//Fire-Boltt-BSW215-Brillia-Dark-Grey/dp/B0D2KGBVX4/ref=zg_bs_g_5605728031_d_sccl_11/258-6888058-4683712?psc=1,India,
Reviewed in India on 14 January 2025,amzn1.account.AF7CB33BA3EHZ5WECIVUMUIEH5MA,https://www.amazon.in/gp/profile/amzn1.account.AF7CB33BA3EHZ5WECIVUMUIEH5MA/ref=cm_cr_othr_d_gw_tr?ie=UTF8,4,Value For Money Product,R27KS69Y39Y78R,https://www.amazon.in/gp/customer-reviews/R27KS69Y39Y78R/ref=cm_cr_othr_d_rvw_ttl?ie=UTF8&ASIN=B0D2KGBVX4,2 people found this helpful,Look Amazing 😍🤩Display Quality Good 😊,True,False,['https://m.media-amazon.com/images/I/71dMwB8trWL._SY88.jpg'],2025-01-14,20,Colour: Dark Grey,"[{'key': 'Colour', 'value': 'Dark Grey'}]",,,https://www.amazon.in/product-reviews/B0D2KGBVX4?pageNumber=3&filterByStar=all_stars&sortBy=helpful&formatType=all_formats&asin=B0D2KGBVX4&reftag=cm_cr_arp_d_paging_btm_next_3&scope=reviewsAjax0,allStars,,B0D2KGBVX4,B0D2KGBVX4,B0D2KGBVX4,"{'price': None, 'listPrice': None}",https://www.amazon.in//Fire-Boltt-BSW215-Brillia-Dark-Grey/dp/B0D2KGBVX4/ref=zg_bs_g_5605728031_d_sccl_11/258-6888058-4683712?psc=1,India,
Reviewed in India on 30 January 2025,amzn1.account.AE6XCRRZVJBNYIISQJLBRAWGHA4Q,https://www.amazon.in/gp/profile/amzn1.account.AE6XCRRZVJBNYIISQJLBRAWGHA4Q/ref=cm_cr_othr_d_gw_tr?ie=UTF8,4,Review,R1MI99KQL3VG7M,https://www.amazon.in/gp/customer-reviews/R1MI99KQL3VG7M/ref=cm_cr_othr_d_rvw_ttl?ie=UTF8&ASIN=B0D2KGBVX4,,"The media could not be loaded.
                
            
                
            
            
        
    
    








  
  
     Recieved a damage product",True,False,[],2025-01-30,21,Colour: Black,"[{'key': 'Colour', 'value': 'Black'}]",,,https://www.amazon.in/product-reviews/B0D2KGBVX4?pageNumber=3&filterByStar=all_stars&sortBy=helpful&formatType=all_formats&asin=B0D2KGBVX4&reftag=cm_cr_arp_d_paging_btm_next_3&scope=reviewsAjax0,allStars,,B0D2KGBVX4,B0D2KGBVX4,B0D2KGBVX4,"{'price': None, 'listPrice': None}",https://www.amazon.in//Fire-Boltt-BSW215-Brillia-Dark-Grey/dp/B0D2KGBVX4/ref=zg_bs_g_5605728031_d_sccl_11/258-6888058-4683712?psc=1,India,
Reviewed in India on 30 January 2025,amzn1.account.AE75RZP25L4JLKKE5PNZHJI3FJYQ,https://www.amazon.in/gp/profile/amzn1.account.AE75RZP25L4JLKKE5PNZHJI3FJYQ/ref=cm_cr_othr_d_gw_tr?ie=UTF8,5,Amazing watch,R31UFKIRRJF673,https://www.amazon.in/gp/customer-reviews/R31UFKIRRJF673/ref=cm_cr_othr_d_rvw_ttl?ie=UTF8&ASIN=B0D2KGBVX4,,I love this watch . This watch is amazingAnd the battery of this watch is so good you can use the watch more than 12 days in single charge and the features are also good it's track almost accurate steps,True,False,['https://m.media-amazon.com/images/I/61zqZOoK-BL._SY88.jpg'],2025-01-30,22,Colour: Black,"[{'key': 'Colour', 'value': 'Black'}]",,,https://www.amazon.in/product-reviews/B0D2KGBVX4?pageNumber=3&filterByStar=all_stars&sortBy=helpful&formatType=all_formats&asin=B0D2KGBVX4&reftag=cm_cr_arp_d_paging_btm_next_3&scope=reviewsAjax0,allStars,,B0D2KGBVX4,B0D2KGBVX4,B0D2KGBVX4,"{'price': None, 'listPrice': None}",https://www.amazon.in//Fire-Boltt-BSW215-Brillia-Dark-Grey/dp/B0D2KGBVX4/ref=zg_bs_g_5605728031_d_sccl_11/258-6888058-4683712?psc=1,India,
Reviewed in India on 21 January 2025,amzn1.account.AFJ5LGZ6XFZSZM2JWKGMAVXZ3NTQ,https://www.amazon.in/gp/profile/amzn1.account.AFJ5LGZ6XFZSZM2JWKGMAVXZ3NTQ/ref=cm_cr_othr_d_gw_tr?ie=UTF8,5,It has one of the best features within this price range,R3L8MGALTR8M8E,https://www.amazon.in/gp/customer-reviews/R3L8MGALTR8M8E/ref=cm_cr_othr_d_rvw_ttl?ie=UTF8&ASIN=B0D2KGBVX4,,I likeed the inbuilt games and calculator but I can also say that if we have to buy this watch we should also purchase the 3volt chrger separately which is the one reason I did not like it. I use to wear it when I go out for excercise and also for temples and functions,True,False,[],2025-01-21,23,Colour: Blue,"[{'key': 'Colour', 'value': 'Blue'}]",,,https://www.amazon.in/product-reviews/B0D2KGBVX4?pageNumber=3&filterByStar=all_stars&sortBy=helpful&formatType=all_formats&asin=B0D2KGBVX4&reftag=cm_cr_arp_d_paging_btm_next_3&scope=reviewsAjax0,allStars,,B0D2KGBVX4,B0D2KGBVX4,B0D2KGBVX4,"{'price': None, 'listPrice': None}",https://www.amazon.in//Fire-Boltt-BSW215-Brillia-Dark-Grey/dp/B0D2KGBVX4/ref=zg_bs_g_5605728031_d_sccl_11/258-6888058-4683712?psc=1,India,
Reviewed in India on 28 January 2025,amzn1.account.AFAJVXOIEONSYQNSCCJEDBWMBG2Q,https://www.amazon.in/gp/profile/amzn1.account.AFAJVXOIEONSYQNSCCJEDBWMBG2Q/ref=cm_cr_othr_d_gw_tr?ie=UTF8,5,Simply worth And Awesome!!,R1ARKYRU6E1B1P,https://www.amazon.in/gp/customer-reviews/R1ARKYRU6E1B1P/ref=cm_cr_othr_d_rvw_ttl?ie=UTF8&ASIN=B0D2KGBVX4,,"Really had no idea while ordering but once arrived and initiated ,this watch simply worth and a wonderful product. No doubt and ready to buy it .",True,False,[],2025-01-28,24,Colour: Black,"[{'key': 'Colour', 'value': 'Black'}]",,,https://www.amazon.in/product-reviews/B0D2KGBVX4?pageNumber=3&filterByStar=all_stars&sortBy=helpful&formatType=all_formats&asin=B0D2KGBVX4&reftag=cm_cr_arp_d_paging_btm_next_3&scope=reviewsAjax0,allStars,,B0D2KGBVX4,B0D2KGBVX4,B0D2KGBVX4,"{'price': None, 'listPrice': None}",https://www.amazon.in//Fire-Boltt-BSW215-Brillia-Dark-Grey/dp/B0D2KGBVX4/ref=zg_bs_g_5605728031_d_sccl_11/258-6888058-4683712?psc=1,India,
Reviewed in India on 29 January 2025,amzn1.account.AHNMF2TTK4QWER3TNVOBIWW5S3LA,https://www.amazon.in/gp/profile/amzn1.account.AHNMF2TTK4QWER3TNVOBIWW5S3LA/ref=cm_cr_othr_d_gw_tr?ie=UTF8,5,Overall performance is good,R2EJ1JCJSGO8Q9,https://www.amazon.in/gp/customer-reviews/R2EJ1JCJSGO8Q9/ref=cm_cr_othr_d_rvw_ttl?ie=UTF8&ASIN=B0D2KGBVX4,,Such a nice product,True,False,[],2025-01-29,49,Colour: Black,"[{'key': 'Colour', 'value': 'Black'}]",,,https://www.amazon.in/product-reviews/B0D2KGBVX4?pageNumber=7&filterByStar=all_stars&sortBy=helpful&formatType=all_formats&asin=B0D2KGBVX4&reftag=cm_cr_arp_d_paging_btm_next_7&scope=reviewsAjax0,allStars,,B0D2KGBVX4,B0D2KGBVX4,B0D2KGBVX4,"{'price': None, 'listPrice': None}",https://www.amazon.in//Fire-Boltt-BSW215-Brillia-Dark-Grey/dp/B0D2KGBVX4/ref=zg_bs_g_5605728031_d_sccl_11/258-6888058-4683712?psc=1,India,
Reviewed in India on 23 January 2025,amzn1.account.AGXIHEKVCOYTK4L47ZKWSV5MLCLA,https://www.amazon.in/gp/profile/amzn1.account.AGXIHEKVCOYTK4L47ZKWSV5MLCLA/ref=cm_cr_othr_d_gw_tr?ie=UTF8,5,Smartwatch,R2F1Z8QGPVG6JG,https://www.amazon.in/gp/customer-reviews/R2F1Z8QGPVG6JG/ref=cm_cr_othr_d_rvw_ttl?ie=UTF8&ASIN=B0D2KGBVX4,,The product was good and we have got many availability and usage is good .,True,False,[],2025-01-23,50,Colour: Champagne,"[{'key': 'Colour', 'value': 'Champagne'}]",,,https://www.amazon.in/product-reviews/B0D2KGBVX4?pageNumber=7&filterByStar=all_stars&sortBy=helpful&formatType=all_formats&asin=B0D2KGBVX4&reftag=cm_cr_arp_d_paging_btm_next_7&scope=reviewsAjax0,allStars,,B0D2KGBVX4,B0D2KGBVX4,B0D2KGBVX4,"{'price': None, 'listPrice': None}",https://www.amazon.in//Fire-Boltt-BSW215-Brillia-Dark-Grey/dp/B0D2KGBVX4/ref=zg_bs_g_5605728031_d_sccl_11/258-6888058-4683712?psc=1,India,
Reviewed in India on 29 January 2025,amzn1.account.AEVSI7AJKRPC3EHWDR5IZ3SQLELQ,https://www.amazon.in/gp/profile/amzn1.account.AEVSI7AJKRPC3EHWDR5IZ3SQLELQ/ref=cm_cr_othr_d_gw_tr?ie=UTF8,5,Amazing product,R1815K348TUMYR,https://www.amazon.in/gp/customer-reviews/R1815K348TUMYR/ref=cm_cr_othr_d_rvw_ttl?ie=UTF8&ASIN=B0D2KGBVX4,,Amazing product,True,False,[],2025-01-29,51,Colour: Black,"[{'key': 'Colour', 'value': 'Black'}]",,,https://www.amazon.in/product-reviews/B0D2KGBVX4?pageNumber=7&filterByStar=all_stars&sortBy=helpful&formatType=all_formats&asin=B0D2KGBVX4&reftag=cm_cr_arp_d_paging_btm_next_7&scope=reviewsAjax0,allStars,,B0D2KGBVX4,B0D2KGBVX4,B0D2KGBVX4,"{'price': None, 'listPrice': None}",https://www.amazon.in//Fire-Boltt-BSW215-Brillia-Dark-Grey/dp/B0D2KGBVX4/ref=zg_bs_g_5605728031_d_sccl_11/258-6888058-4683712?psc=1,India,
Reviewed in India on 22 January 2025,amzn1.account.AHKOEZMUTDPEO7DHJ5YTJZSEVVSQ,https://www.amazon.in/gp/profile/amzn1.account.AHKOEZMUTDPEO7DHJ5YTJZSEVVSQ/ref=cm_cr_othr_d_gw_tr?ie=UTF8,5,Nice watch,R1BOEHWPSYWNYD,https://www.amazon.in/gp/customer-reviews/R1BOEHWPSYWNYD/ref=cm_cr_othr_d_rvw_ttl?ie=UTF8&ASIN=B0D2KGBVX4,,Looks attractive and loaded with a lot of features gud call connectivity,True,False,[],2025-01-22,52,Colour: Champagne,"[{'key': 'Colour', 'value': 'Champagne'}]",,,https://www.amazon.in/product-reviews/B0D2KGBVX4?pageNumber=7&filterByStar=all_stars&sortBy=helpful&formatType=all_formats&asin=B0D2KGBVX4&reftag=cm_cr_arp_d_paging_btm_next_7&scope=reviewsAjax0,allStars,,B0D2KGBVX4,B0D2KGBVX4,B0D2KGBVX4,"{'price': None, 'listPrice': None}",https://www.amazon.in//Fire-Boltt-BSW215-Brillia-Dark-Grey/dp/B0D2KGBVX4/ref=zg_bs_g_5605728031_d_sccl_11/258-6888058-4683712?psc=1,India,
Reviewed in India on 14 January 2025,amzn1.account.AEQXXPDMV4AOXLZU5C33GW2OUECA,https://www.amazon.in/gp/profile/amzn1.account.AEQXXPDMV4AOXLZU5C33GW2OUECA/ref=cm_cr_othr_d_gw_tr?ie=UTF8,5,Good brand,R1JM7L190RT2ZX,https://www.amazon.in/gp/customer-reviews/R1JM7L190RT2ZX/ref=cm_cr_othr_d_rvw_ttl?ie=UTF8&ASIN=B0D2KGBVX4,One person found this helpful,This smart watch is soo cool and it’s including smart features in tht price also affordable i hope everyone like this FIRE BOLT smart watch thank you,True,False,[],2025-01-14,53,Colour: Dark Grey,"[{'key': 'Colour', 'value': 'Dark Grey'}]",,,https://www.amazon.in/product-reviews/B0D2KGBVX4?pageNumber=7&filterByStar=all_stars&sortBy=helpful&formatType=all_formats&asin=B0D2KGBVX4&reftag=cm_cr_arp_d_paging_btm_next_7&scope=reviewsAjax0,allStars,,B0D2KGBVX4,B0D2KGBVX4,B0D2KGBVX4,"{'price': None, 'listPrice': None}",https://www.amazon.in//Fire-Boltt-BSW215-Brillia-Dark-Grey/dp/B0D2KGBVX4/ref=zg_bs_g_5605728031_d_sccl_11/258-6888058-4683712?psc=1,India,
Reviewed in India on 29 January 2025,amzn1.account.AELWGDWDROCSSF2XTCETIHFBEP2A,https://www.amazon.in/gp/profile/amzn1.account.AELWGDWDROCSSF2XTCETIHFBEP2A/ref=cm_cr_othr_d_gw_tr?ie=UTF8,5,Good looking,R33O74FXPMWPLW,https://www.amazon.in/gp/customer-reviews/R33O74FXPMWPLW/ref=cm_cr_othr_d_rvw_ttl?ie=UTF8&ASIN=B0D2KGBVX4,,Excellent forformance nice product,True,False,[],2025-01-29,54,Colour: Dark Grey,"[{'key': 'Colour', 'value': 'Dark Grey'}]",,,https://www.amazon.in/product-reviews/B0D2KGBVX4?pageNumber=7&filterByStar=all_stars&sortBy=helpful&formatType=all_formats&asin=B0D2KGBVX4&reftag=cm_cr_arp_d_paging_btm_next_7&scope=reviewsAjax0,allStars,,B0D2KGBVX4,B0D2KGBVX4,B0D2KGBVX4,"{'price': None, 'listPrice': None}",https://www.amazon.in//Fire-Boltt-BSW215-Brillia-Dark-Grey/dp/B0D2KGBVX4/ref=zg_bs_g_5605728031_d_sccl_11/258-6888058-4683712?psc=1,India,
Reviewed in India on 15 January 2025,amzn1.account.AFEZMVLXH3ZWSQU4FUXZICO6YOJQ,https://www.amazon.in/gp/profile/amzn1.account.AFEZMVLXH3ZWSQU4FUXZICO6YOJQ/ref=cm_cr_othr_d_gw_tr?ie=UTF8,5,Value for money,R1F0E4T4H5PCN8,https://www.amazon.in/gp/customer-reviews/R1F0E4T4H5PCN8/ref=cm_cr_othr_d_rvw_ttl?ie=UTF8&ASIN=B0D2KGBVX4,,"Gorgeous look, excellent battery life, user friendly and value for money.",True,False,"['https://m.media-amazon.com/images/I/71r+kH-n8vL._SY88.jpg', 'https://m.media-amazon.com/images/I/81L6rghTZOL._SY88.jpg']",2025-01-15,55,Colour: Champagne,"[{'key': 'Colour', 'value': 'Champagne'}]",,,https://www.amazon.in/product-reviews/B0D2KGBVX4?pageNumber=7&filterByStar=all_stars&sortBy=helpful&formatType=all_formats&asin=B0D2KGBVX4&reftag=cm_cr_arp_d_paging_btm_next_7&scope=reviewsAjax0,allStars,,B0D2KGBVX4,B0D2KGBVX4,B0D2KGBVX4,"{'price': None, 'listPrice': None}",https://www.amazon.in//Fire-Boltt-BSW215-Brillia-Dark-Grey/dp/B0D2KGBVX4/ref=zg_bs_g_5605728031_d_sccl_11/258-6888058-4683712?psc=1,India,
Reviewed in India on 21 January 2025,amzn1.account.AFMZHIT4BRII55RDM7D6IRMKQQIQ,https://www.amazon.in/gp/profile/amzn1.account.AFMZHIT4BRII55RDM7D6IRMKQQIQ/ref=cm_cr_othr_d_gw_tr?ie=UTF8,5,Love 🥰 it,R2F0XO4K8CBM11,https://www.amazon.in/gp/customer-reviews/R2F0XO4K8CBM11/ref=cm_cr_othr_d_rvw_ttl?ie=UTF8&ASIN=B0D2KGBVX4,,Osssm product 🥰🥰🥰🥰,True,False,['https://m.media-amazon.com/images/I/61m8haYRBbL._SY88.jpg'],2025-01-21,56,Colour: Blue,"[{'key': 'Colour', 'value': 'Blue'}]",,,https://www.amazon.in/product-reviews/B0D2KGBVX4?pageNumber=7&filterByStar=all_stars&sortBy=helpful&formatType=all_formats&asin=B0D2KGBVX4&reftag=cm_cr_arp_d_paging_btm_next_7&scope=reviewsAjax0,allStars,,B0D2KGBVX4,B0D2KGBVX4,B0D2KGBVX4,"{'price': None, 'listPrice': None}",https://www.amazon.in//Fire-Boltt-BSW215-Brillia-Dark-Grey/dp/B0D2KGBVX4/ref=zg_bs_g_5605728031_d_sccl_11/258-6888058-4683712?psc=1,India,
Reviewed in India on 25 January 2025,amzn1.account.AH2GBZGH3A62SXWFGVXZABKOGPCA,https://www.amazon.in/gp/profile/amzn1.account.AH2GBZGH3A62SXWFGVXZABKOGPCA/ref=cm_cr_othr_d_gw_tr?ie=UTF8,5,Nice watch,R1O0ZYV1Z06R76,https://www.amazon.in/gp/customer-reviews/R1O0ZYV1Z06R76/ref=cm_cr_othr_d_rvw_ttl?ie=UTF8&ASIN=B0D2KGBVX4,,Liked the watch.The fitting and the looks are really good,True,False,['https://m.media-amazon.com/images/I/711lGs6PKBL._SY88.jpg'],2025-01-25,41,Colour: Champagne,"[{'key': 'Colour', 'value': 'Champagne'}]",,,https://www.amazon.in/product-reviews/B0D2KGBVX4?pageNumber=6&filterByStar=all_stars&sortBy=helpful&formatType=all_formats&asin=B0D2KGBVX4&reftag=cm_cr_arp_d_paging_btm_next_6&scope=reviewsAjax0,allStars,,B0D2KGBVX4,B0D2KGBVX4,B0D2KGBVX4,"{'price': None, 'listPrice': None}",https://www.amazon.in//Fire-Boltt-BSW215-Brillia-Dark-Grey/dp/B0D2KGBVX4/ref=zg_bs_g_5605728031_d_sccl_11/258-6888058-4683712?psc=1,India,
Reviewed in India on 29 January 2025,amzn1.account.AHIATC2RXR5BH4N4N7JCFPZSMRLA,https://www.amazon.in/gp/profile/amzn1.account.AHIATC2RXR5BH4N4N7JCFPZSMRLA/ref=cm_cr_othr_d_gw_tr?ie=UTF8,5,Birla watch,R21PNDQV5V4MSL,https://www.amazon.in/gp/customer-reviews/R21PNDQV5V4MSL/ref=cm_cr_othr_d_rvw_ttl?ie=UTF8&ASIN=B0D2KGBVX4,,Super mind blowing,True,False,[],2025-01-29,42,Colour: Champagne,"[{'key': 'Colour', 'value': 'Champagne'}]",,,https://www.amazon.in/product-reviews/B0D2KGBVX4?pageNumber=6&filterByStar=all_stars&sortBy=helpful&formatType=all_formats&asin=B0D2KGBVX4&reftag=cm_cr_arp_d_paging_btm_next_6&scope=reviewsAjax0,allStars,,B0D2KGBVX4,B0D2KGBVX4,B0D2KGBVX4,"{'price': None, 'listPrice': None}",https://www.amazon.in//Fire-Boltt-BSW215-Brillia-Dark-Grey/dp/B0D2KGBVX4/ref=zg_bs_g_5605728031_d_sccl_11/258-6888058-4683712?psc=1,India,
Reviewed in India on 25 January 2025,amzn1.account.AGQF7CJ6COJ66VV3PPCYBG4Q6K3Q,https://www.amazon.in/gp/profile/amzn1.account.AGQF7CJ6COJ66VV3PPCYBG4Q6K3Q/ref=cm_cr_othr_d_gw_tr?ie=UTF8,5,Nice at this price,R14CTQ297MOZ01,https://www.amazon.in/gp/customer-reviews/R14CTQ297MOZ01/ref=cm_cr_othr_d_rvw_ttl?ie=UTF8&ASIN=B0D2KGBVX4,,Nice product at this price delivered on time,True,False,[],2025-01-25,43,Colour: Dark Grey,"[{'key': 'Colour', 'value': 'Dark Grey'}]",,,https://www.amazon.in/product-reviews/B0D2KGBVX4?pageNumber=6&filterByStar=all_stars&sortBy=helpful&formatType=all_formats&asin=B0D2KGBVX4&reftag=cm_cr_arp_d_paging_btm_next_6&scope=reviewsAjax0,allStars,,B0D2KGBVX4,B0D2KGBVX4,B0D2KGBVX4,"{'price': None, 'listPrice': None}",https://www.amazon.in//Fire-Boltt-BSW215-Brillia-Dark-Grey/dp/B0D2KGBVX4/ref=zg_bs_g_5605728031_d_sccl_11/258-6888058-4683712?psc=1,India,
Reviewed in India on 29 January 2025,amzn1.account.AGXPODUSI256NSVWP3KPZCRX62RA,https://www.amazon.in/gp/profile/amzn1.account.AGXPODUSI256NSVWP3KPZCRX62RA/ref=cm_cr_othr_d_gw_tr?ie=UTF8,5,Really Good,R27JRFW6S5P8TS,https://www.amazon.in/gp/customer-reviews/R27JRFW6S5P8TS/ref=cm_cr_othr_d_rvw_ttl?ie=UTF8&ASIN=B0D2KGBVX4,,Far better than expected,True,False,[],2025-01-29,44,Colour: Black,"[{'key': 'Colour', 'value': 'Black'}]",,,https://www.amazon.in/product-reviews/B0D2KGBVX4?pageNumber=6&filterByStar=all_stars&sortBy=helpful&formatType=all_formats&asin=B0D2KGBVX4&reftag=cm_cr_arp_d_paging_btm_next_6&scope=reviewsAjax0,allStars,,B0D2KGBVX4,B0D2KGBVX4,B0D2KGBVX4,"{'price': None, 'listPrice': None}",https://www.amazon.in//Fire-Boltt-BSW215-Brillia-Dark-Grey/dp/B0D2KGBVX4/ref=zg_bs_g_5605728031_d_sccl_11/258-6888058-4683712?psc=1,India,
Reviewed in India on 29 January 2025,amzn1.account.AHY2TLR5GSUMS5VRBGEDCAU4VTFA,https://www.amazon.in/gp/profile/amzn1.account.AHY2TLR5GSUMS5VRBGEDCAU4VTFA/ref=cm_cr_othr_d_gw_tr?ie=UTF8,5,Excellent watch firebolt brillia,R3ORIRS4ZXESPF,https://www.amazon.in/gp/customer-reviews/R3ORIRS4ZXESPF/ref=cm_cr_othr_d_rvw_ttl?ie=UTF8&ASIN=B0D2KGBVX4,,Excellent watch,True,False,['https://m.media-amazon.com/images/I/71Tf5aTi8RL._SY88.jpg'],2025-01-29,45,Colour: Champagne,"[{'key': 'Colour', 'value': 'Champagne'}]",,,https://www.amazon.in/product-reviews/B0D2KGBVX4?pageNumber=6&filterByStar=all_stars&sortBy=helpful&formatType=all_formats&asin=B0D2KGBVX4&reftag=cm_cr_arp_d_paging_btm_next_6&scope=reviewsAjax0,allStars,,B0D2KGBVX4,B0D2KGBVX4,B0D2KGBVX4,"{'price': None, 'listPrice': None}",https://www.amazon.in//Fire-Boltt-BSW215-Brillia-Dark-Grey/dp/B0D2KGBVX4/ref=zg_bs_g_5605728031_d_sccl_11/258-6888058-4683712?psc=1,India,
Reviewed in India on 30 January 2025,amzn1.account.AHBRTWI3PAININTZAVAMGMCYTUYQ,https://www.amazon.in/gp/profile/amzn1.account.AHBRTWI3PAININTZAVAMGMCYTUYQ/ref=cm_cr_othr_d_gw_tr?ie=UTF8,5,Good watch nice to get all features,R33DWMCL1I18FY,https://www.amazon.in/gp/customer-reviews/R33DWMCL1I18FY/ref=cm_cr_othr_d_rvw_ttl?ie=UTF8&ASIN=B0D2KGBVX4,,Good product,True,False,[],2025-01-30,46,Colour: Dark Grey,"[{'key': 'Colour', 'value': 'Dark Grey'}]",,,https://www.amazon.in/product-reviews/B0D2KGBVX4?pageNumber=6&filterByStar=all_stars&sortBy=helpful&formatType=all_formats&asin=B0D2KGBVX4&reftag=cm_cr_arp_d_paging_btm_next_6&scope=reviewsAjax0,allStars,,B0D2KGBVX4,B0D2KGBVX4,B0D2KGBVX4,"{'price': None, 'listPrice': None}",https://www.amazon.in//Fire-Boltt-BSW215-Brillia-Dark-Grey/dp/B0D2KGBVX4/ref=zg_bs_g_5605728031_d_sccl_11/258-6888058-4683712?psc=1,India,
Reviewed in India on 7 December 2024,amzn1.account.AEBJNX5GTRFRQD4PA6MLEIZ7B4AQ,https://www.amazon.in/gp/profile/amzn1.account.AEBJNX5GTRFRQD4PA6MLEIZ7B4AQ/ref=cm_cr_othr_d_gw_tr?ie=UTF8,4,Mast looking watch,ROJHYH6KM5KKO,https://www.amazon.in/gp/customer-reviews/ROJHYH6KM5KKO/ref=cm_cr_othr_d_rvw_ttl?ie=UTF8&ASIN=B0D2KGBVX4,3 people found this helpful,Mast pic sendWatch ⌚️ look is nice low price battery 🔋 7days Mast quality features saund,True,False,[],2024-12-07,47,Colour: Black,"[{'key': 'Colour', 'value': 'Black'}]",,,https://www.amazon.in/product-reviews/B0D2KGBVX4?pageNumber=6&filterByStar=all_stars&sortBy=helpful&formatType=all_formats&asin=B0D2KGBVX4&reftag=cm_cr_arp_d_paging_btm_next_6&scope=reviewsAjax0,allStars,,B0D2KGBVX4,B0D2KGBVX4,B0D2KGBVX4,"{'price': None, 'listPrice': None}",https://www.amazon.in//Fire-Boltt-BSW215-Brillia-Dark-Grey/dp/B0D2KGBVX4/ref=zg_bs_g_5605728031_d_sccl_11/258-6888058-4683712?psc=1,India,
Reviewed in India on 18 January 2025,amzn1.account.AFETHBISLVJVHAPOWFUVMRTHLMNA,https://www.amazon.in/gp/profile/amzn1.account.AFETHBISLVJVHAPOWFUVMRTHLMNA/ref=cm_cr_othr_d_gw_tr?ie=UTF8,5,Watch,R29QHFK0FG12OM,https://www.amazon.in/gp/customer-reviews/R29QHFK0FG12OM/ref=cm_cr_othr_d_rvw_ttl?ie=UTF8&ASIN=B0D2KGBVX4,,Very nice product I like it,True,False,[],2025-01-18,48,Colour: Champagne,"[{'key': 'Colour', 'value': 'Champagne'}]",,,https://www.amazon.in/product-reviews/B0D2KGBVX4?pageNumber=6&filterByStar=all_stars&sortBy=helpful&formatType=all_formats&asin=B0D2KGBVX4&reftag=cm_cr_arp_d_paging_btm_next_6&scope=reviewsAjax0,allStars,,B0D2KGBVX4,B0D2KGBVX4,B0D2KGBVX4,"{'price': None, 'listPrice': None}",https://www.amazon.in//Fire-Boltt-BSW215-Brillia-Dark-Grey/dp/B0D2KGBVX4/ref=zg_bs_g_5605728031_d_sccl_11/258-6888058-4683712?psc=1,India,
Reviewed in India on 17 January 2025,amzn1.account.AEZZSF6DC4U3M5KD4UONUASGWSHQ,https://www.amazon.in/gp/profile/amzn1.account.AEZZSF6DC4U3M5KD4UONUASGWSHQ/ref=cm_cr_othr_d_gw_tr?ie=UTF8,4,Budget watch,R34ZQI11MZE0DG,https://www.amazon.in/gp/customer-reviews/R34ZQI11MZE0DG/ref=cm_cr_othr_d_rvw_ttl?ie=UTF8&ASIN=B0D2KGBVX4,One person found this helpful,"The Fire-Bolt smartwatch offers great value for its price, featuring a vibrant display, fitness tracking, heart rate monitoring, and decent battery life. Its design is sleek and modern, making it suitable for both casual and fitness-focused users. However, some may find the interface a bit basic compared to higher-end models. Overall, it's a solid option for budget-conscious buyers looking for essential smartwatch features.",True,False,['https://m.media-amazon.com/images/I/61plmYnUVHL._SY88.jpg'],2025-01-17,9,Colour: Black,"[{'key': 'Colour', 'value': 'Black'}]",,,https://www.amazon.in/product-reviews/B0D2KGBVX4?pageNumber=2&filterByStar=all_stars&sortBy=helpful&formatType=all_formats&asin=B0D2KGBVX4&reftag=cm_cr_arp_d_paging_btm_next_2&scope=reviewsAjax0,allStars,,B0D2KGBVX4,B0D2KGBVX4,B0D2KGBVX4,"{'price': None, 'listPrice': None}",https://www.amazon.in//Fire-Boltt-BSW215-Brillia-Dark-Grey/dp/B0D2KGBVX4/ref=zg_bs_g_5605728031_d_sccl_11/258-6888058-4683712?psc=1,India,
Reviewed in India on 25 January 2025,amzn1.account.AF6SCRTX54562YKPQGG2CYPZCDWQ,https://www.amazon.in/gp/profile/amzn1.account.AF6SCRTX54562YKPQGG2CYPZCDWQ/ref=cm_cr_othr_d_gw_tr?ie=UTF8,4,Good watch,R2Q1J95ADV66WA,https://www.amazon.in/gp/customer-reviews/R2Q1J95ADV66WA/ref=cm_cr_othr_d_rvw_ttl?ie=UTF8&ASIN=B0D2KGBVX4,,"First time trying out Fire boltt, the company is nice and the watch looks classy. Screen runs nice and games are fun. Great experience",True,False,[],2025-01-25,10,Colour: Black,"[{'key': 'Colour', 'value': 'Black'}]",,,https://www.amazon.in/product-reviews/B0D2KGBVX4?pageNumber=2&filterByStar=all_stars&sortBy=helpful&formatType=all_formats&asin=B0D2KGBVX4&reftag=cm_cr_arp_d_paging_btm_next_2&scope=reviewsAjax0,allStars,,B0D2KGBVX4,B0D2KGBVX4,B0D2KGBVX4,"{'price': None, 'listPrice': None}",https://www.amazon.in//Fire-Boltt-BSW215-Brillia-Dark-Grey/dp/B0D2KGBVX4/ref=zg_bs_g_5605728031_d_sccl_11/258-6888058-4683712?psc=1,India,
Reviewed in India on 29 January 2025,amzn1.account.AHJ7HAJNJUSJDKVRZYVB42FP3HIQ,https://www.amazon.in/gp/profile/amzn1.account.AHJ7HAJNJUSJDKVRZYVB42FP3HIQ/ref=cm_cr_othr_d_gw_tr?ie=UTF8,4,Value for money,R2UMT0NGGGHOBO,https://www.amazon.in/gp/customer-reviews/R2UMT0NGGGHOBO/ref=cm_cr_othr_d_rvw_ttl?ie=UTF8&ASIN=B0D2KGBVX4,,This watch comes with all the required features.,True,False,['https://m.media-amazon.com/images/I/715FISEHbXL._SY88.jpg'],2025-01-29,11,Colour: Dark Grey,"[{'key': 'Colour', 'value': 'Dark Grey'}]",,,https://www.amazon.in/product-reviews/B0D2KGBVX4?pageNumber=2&filterByStar=all_stars&sortBy=helpful&formatType=all_formats&asin=B0D2KGBVX4&reftag=cm_cr_arp_d_paging_btm_next_2&scope=reviewsAjax0,allStars,,B0D2KGBVX4,B0D2KGBVX4,B0D2KGBVX4,"{'price': None, 'listPrice': None}",https://www.amazon.in//Fire-Boltt-BSW215-Brillia-Dark-Grey/dp/B0D2KGBVX4/ref=zg_bs_g_5605728031_d_sccl_11/258-6888058-4683712?psc=1,India,
Reviewed in India on 25 January 2025,amzn1.account.AG55AF4SLJG5RG5KHUZQRPCG5G6A,https://www.amazon.in/gp/profile/amzn1.account.AG55AF4SLJG5RG5KHUZQRPCG5G6A/ref=cm_cr_othr_d_gw_tr?ie=UTF8,4,Nice watch😊,R1Q9YKGEY3Z143,https://www.amazon.in/gp/customer-reviews/R1Q9YKGEY3Z143/ref=cm_cr_othr_d_rvw_ttl?ie=UTF8&ASIN=B0D2KGBVX4,,"Product is best,Good watch😊",True,False,[],2025-01-25,12,Colour: Dark Grey,"[{'key': 'Colour', 'value': 'Dark Grey'}]",,,https://www.amazon.in/product-reviews/B0D2KGBVX4?pageNumber=2&filterByStar=all_stars&sortBy=helpful&formatType=all_formats&asin=B0D2KGBVX4&reftag=cm_cr_arp_d_paging_btm_next_2&scope=reviewsAjax0,allStars,,B0D2KGBVX4,B0D2KGBVX4,B0D2KGBVX4,"{'price': None, 'listPrice': None}",https://www.amazon.in//Fire-Boltt-BSW215-Brillia-Dark-Grey/dp/B0D2KGBVX4/ref=zg_bs_g_5605728031_d_sccl_11/258-6888058-4683712?psc=1,India,
Reviewed in India on 20 January 2025,amzn1.account.AECDFYHC7AKZCR4M3PUENHQHCA3A,https://www.amazon.in/gp/profile/amzn1.account.AECDFYHC7AKZCR4M3PUENHQHCA3A/ref=cm_cr_othr_d_gw_tr?ie=UTF8,4,Nice watch at range,R4R8ZYXSKKT9J,https://www.amazon.in/gp/customer-reviews/R4R8ZYXSKKT9J/ref=cm_cr_othr_d_rvw_ttl?ie=UTF8&ASIN=B0D2KGBVX4,,Best amoled watch at this range,True,False,[],2025-01-20,13,Colour: Champagne,"[{'key': 'Colour', 'value': 'Champagne'}]",,,https://www.amazon.in/product-reviews/B0D2KGBVX4?pageNumber=2&filterByStar=all_stars&sortBy=helpful&formatType=all_formats&asin=B0D2KGBVX4&reftag=cm_cr_arp_d_paging_btm_next_2&scope=reviewsAjax0,allStars,,B0D2KGBVX4,B0D2KGBVX4,B0D2KGBVX4,"{'price': None, 'listPrice': None}",https://www.amazon.in//Fire-Boltt-BSW215-Brillia-Dark-Grey/dp/B0D2KGBVX4/ref=zg_bs_g_5605728031_d_sccl_11/258-6888058-4683712?psc=1,India,
Reviewed in India on 24 January 2025,amzn1.account.AGNLE5WIG3ZFBORSDF3FBHBU2UHA,https://www.amazon.in/gp/profile/amzn1.account.AGNLE5WIG3ZFBORSDF3FBHBU2UHA/ref=cm_cr_othr_d_gw_tr?ie=UTF8,4,Fireboult,R2D1KQXFQTA3EA,https://www.amazon.in/gp/customer-reviews/R2D1KQXFQTA3EA/ref=cm_cr_othr_d_rvw_ttl?ie=UTF8&ASIN=B0D2KGBVX4,,I liked it very much,True,False,['https://m.media-amazon.com/images/I/71a0KvWuE4L._SY88.jpg'],2025-01-24,14,Colour: Black,"[{'key': 'Colour', 'value': 'Black'}]",,,https://www.amazon.in/product-reviews/B0D2KGBVX4?pageNumber=2&filterByStar=all_stars&sortBy=helpful&formatType=all_formats&asin=B0D2KGBVX4&reftag=cm_cr_arp_d_paging_btm_next_2&scope=reviewsAjax0,allStars,,B0D2KGBVX4,B0D2KGBVX4,B0D2KGBVX4,"{'price': None, 'listPrice': None}",https://www.amazon.in//Fire-Boltt-BSW215-Brillia-Dark-Grey/dp/B0D2KGBVX4/ref=zg_bs_g_5605728031_d_sccl_11/258-6888058-4683712?psc=1,India,
Reviewed in India on 23 January 2025,amzn1.account.AEPZQBOM5EZKHDUEOHMISFSEZQDA,https://www.amazon.in/gp/profile/amzn1.account.AEPZQBOM5EZKHDUEOHMISFSEZQDA/ref=cm_cr_othr_d_gw_tr?ie=UTF8,4,Brillia review,RNPW2KP3OQOG7,https://www.amazon.in/gp/customer-reviews/RNPW2KP3OQOG7/ref=cm_cr_othr_d_rvw_ttl?ie=UTF8&ASIN=B0D2KGBVX4,,Excellent display and battery backup all functions in watch is perfect.,True,False,[],2025-01-23,15,Colour: Black,"[{'key': 'Colour', 'value': 'Black'}]",,,https://www.amazon.in/product-reviews/B0D2KGBVX4?pageNumber=2&filterByStar=all_stars&sortBy=helpful&formatType=all_formats&asin=B0D2KGBVX4&reftag=cm_cr_arp_d_paging_btm_next_2&scope=reviewsAjax0,allStars,,B0D2KGBVX4,B0D2KGBVX4,B0D2KGBVX4,"{'price': None, 'listPrice': None}",https://www.amazon.in//Fire-Boltt-BSW215-Brillia-Dark-Grey/dp/B0D2KGBVX4/ref=zg_bs_g_5605728031_d_sccl_11/258-6888058-4683712?psc=1,India,
Reviewed in India on 21 January 2025,amzn1.account.AERJJUZIVI7GUPFVEPDSU5OGUERA,https://www.amazon.in/gp/profile/amzn1.account.AERJJUZIVI7GUPFVEPDSU5OGUERA/ref=cm_cr_othr_d_gw_tr?ie=UTF8,4,Good,R1LI2AOFMTW711,https://www.amazon.in/gp/customer-reviews/R1LI2AOFMTW711/ref=cm_cr_othr_d_rvw_ttl?ie=UTF8&ASIN=B0D2KGBVX4,,,True,False,['https://m.media-amazon.com/images/I/61dDwclMfjL._SY88.jpg'],2025-01-21,16,Colour: Black,"[{'key': 'Colour', 'value': 'Black'}]",,,https://www.amazon.in/product-reviews/B0D2KGBVX4?pageNumber=2&filterByStar=all_stars&sortBy=helpful&formatType=all_formats&asin=B0D2KGBVX4&reftag=cm_cr_arp_d_paging_btm_next_2&scope=reviewsAjax0,allStars,,B0D2KGBVX4,B0D2KGBVX4,B0D2KGBVX4,"{'price': None, 'listPrice': None}",https://www.amazon.in//Fire-Boltt-BSW215-Brillia-Dark-Grey/dp/B0D2KGBVX4/ref=zg_bs_g_5605728031_d_sccl_11/258-6888058-4683712?psc=1,India,
Reviewed in India on 17 January 2025,amzn1.account.AFVZ4BRDY3A5WZGXP4WWHVT3WWFQ,https://www.amazon.in/gp/profile/amzn1.account.AFVZ4BRDY3A5WZGXP4WWHVT3WWFQ/ref=cm_cr_othr_d_gw_tr?ie=UTF8,5,Functions,ROCR3D2GZV5KO,https://www.amazon.in/gp/customer-reviews/ROCR3D2GZV5KO/ref=cm_cr_othr_d_rvw_ttl?ie=UTF8&ASIN=B0D2KGBVX4,,"Functions are nice, touch & sound is good,easy to use",True,False,[],2025-01-17,65,Colour: Dark Grey,"[{'key': 'Colour', 'value': 'Dark Grey'}]",,,https://www.amazon.in/product-reviews/B0D2KGBVX4?pageNumber=9&filterByStar=all_stars&sortBy=helpful&formatType=all_formats&asin=B0D2KGBVX4&reftag=cm_cr_arp_d_paging_btm_next_9&scope=reviewsAjax0,allStars,,B0D2KGBVX4,B0D2KGBVX4,B0D2KGBVX4,"{'price': None, 'listPrice': None}",https://www.amazon.in//Fire-Boltt-BSW215-Brillia-Dark-Grey/dp/B0D2KGBVX4/ref=zg_bs_g_5605728031_d_sccl_11/258-6888058-4683712?psc=1,India,
Reviewed in India on 16 January 2025,amzn1.account.AFK2TRE2CYZL4UZDICUXYJTNSF7A,https://www.amazon.in/gp/profile/amzn1.account.AFK2TRE2CYZL4UZDICUXYJTNSF7A/ref=cm_cr_othr_d_gw_tr?ie=UTF8,5,Love the design and colour,R1FCJACKPSH9DZ,https://www.amazon.in/gp/customer-reviews/R1FCJACKPSH9DZ/ref=cm_cr_othr_d_rvw_ttl?ie=UTF8&ASIN=B0D2KGBVX4,,"Amazing watch,It became one of the best smartwatch for me. Thank you Firebolt",True,False,[],2025-01-16,66,Colour: Black,"[{'key': 'Colour', 'value': 'Black'}]",,,https://www.amazon.in/product-reviews/B0D2KGBVX4?pageNumber=9&filterByStar=all_stars&sortBy=helpful&formatType=all_formats&asin=B0D2KGBVX4&reftag=cm_cr_arp_d_paging_btm_next_9&scope=reviewsAjax0,allStars,,B0D2KGBVX4,B0D2KGBVX4,B0D2KGBVX4,"{'price': None, 'listPrice': None}",https://www.amazon.in//Fire-Boltt-BSW215-Brillia-Dark-Grey/dp/B0D2KGBVX4/ref=zg_bs_g_5605728031_d_sccl_11/258-6888058-4683712?psc=1,India,
Reviewed in India on 15 January 2025,amzn1.account.AHBG2IJSYDPSFFQE43VUBKBTO3EA,https://www.amazon.in/gp/profile/amzn1.account.AHBG2IJSYDPSFFQE43VUBKBTO3EA/ref=cm_cr_othr_d_gw_tr?ie=UTF8,5,Excellent smartwatch loaded with features,R3RH5CN6854SQH,https://www.amazon.in/gp/customer-reviews/R3RH5CN6854SQH/ref=cm_cr_othr_d_rvw_ttl?ie=UTF8&ASIN=B0D2KGBVX4,One person found this helpful,"Bundle of features, excellent display quality, hassle free connectivity, value for money…Must buy smartwatch for fitness lovers…",True,False,"['https://m.media-amazon.com/images/I/61PxfButNjL._SY88.jpg', 'https://m.media-amazon.com/images/I/71FoM3CmymL._SY88.jpg', 'https://m.media-amazon.com/images/I/71hj0n1lZSL._SY88.jpg']",2025-01-15,67,Colour: Dark Grey,"[{'key': 'Colour', 'value': 'Dark Grey'}]",,,https://www.amazon.in/product-reviews/B0D2KGBVX4?pageNumber=9&filterByStar=all_stars&sortBy=helpful&formatType=all_formats&asin=B0D2KGBVX4&reftag=cm_cr_arp_d_paging_btm_next_9&scope=reviewsAjax0,allStars,,B0D2KGBVX4,B0D2KGBVX4,B0D2KGBVX4,"{'price': None, 'listPrice': None}",https://www.amazon.in//Fire-Boltt-BSW215-Brillia-Dark-Grey/dp/B0D2KGBVX4/ref=zg_bs_g_5605728031_d_sccl_11/258-6888058-4683712?psc=1,India,
Reviewed in India on 20 January 2025,amzn1.account.AHJFV325UIMK72TOAWN36C4UXDHQ,https://www.amazon.in/gp/profile/amzn1.account.AHJFV325UIMK72TOAWN36C4UXDHQ/ref=cm_cr_othr_d_gw_tr?ie=UTF8,5,Fantastic product value for money product,RACDQCPC68Z3I,https://www.amazon.in/gp/customer-reviews/RACDQCPC68Z3I/ref=cm_cr_othr_d_rvw_ttl?ie=UTF8&ASIN=B0D2KGBVX4,,Fantastic product value for money product,True,False,[],2025-01-20,68,Colour: Black,"[{'key': 'Colour', 'value': 'Black'}]",,,https://www.amazon.in/product-reviews/B0D2KGBVX4?pageNumber=9&filterByStar=all_stars&sortBy=helpful&formatType=all_formats&asin=B0D2KGBVX4&reftag=cm_cr_arp_d_paging_btm_next_9&scope=reviewsAjax0,allStars,,B0D2KGBVX4,B0D2KGBVX4,B0D2KGBVX4,"{'price': None, 'listPrice': None}",https://www.amazon.in//Fire-Boltt-BSW215-Brillia-Dark-Grey/dp/B0D2KGBVX4/ref=zg_bs_g_5605728031_d_sccl_11/258-6888058-4683712?psc=1,India,
Reviewed in India on 18 January 2025,amzn1.account.AHMRQTPPHCAUS4CWP7SQ6TYMVCBA,https://www.amazon.in/gp/profile/amzn1.account.AHMRQTPPHCAUS4CWP7SQ6TYMVCBA/ref=cm_cr_othr_d_gw_tr?ie=UTF8,5,Nice watch,R3QGPW7W953D3,https://www.amazon.in/gp/customer-reviews/R3QGPW7W953D3/ref=cm_cr_othr_d_rvw_ttl?ie=UTF8&ASIN=B0D2KGBVX4,,Many features for the product priceBattery life it's good,True,False,[],2025-01-18,69,Colour: Black,"[{'key': 'Colour', 'value': 'Black'}]",,,https://www.amazon.in/product-reviews/B0D2KGBVX4?pageNumber=9&filterByStar=all_stars&sortBy=helpful&formatType=all_formats&asin=B0D2KGBVX4&reftag=cm_cr_arp_d_paging_btm_next_9&scope=reviewsAjax0,allStars,,B0D2KGBVX4,B0D2KGBVX4,B0D2KGBVX4,"{'price': None, 'listPrice': None}",https://www.amazon.in//Fire-Boltt-BSW215-Brillia-Dark-Grey/dp/B0D2KGBVX4/ref=zg_bs_g_5605728031_d_sccl_11/258-6888058-4683712?psc=1,India,
Reviewed in India on 21 January 2025,amzn1.account.AHX7CS6MSHSB2KEWC3CPLCBKBKKQ,https://www.amazon.in/gp/profile/amzn1.account.AHX7CS6MSHSB2KEWC3CPLCBKBKKQ/ref=cm_cr_othr_d_gw_tr?ie=UTF8,5,Best smart watch,R2OEGJO7D9RMOO,https://www.amazon.in/gp/customer-reviews/R2OEGJO7D9RMOO/ref=cm_cr_othr_d_rvw_ttl?ie=UTF8&ASIN=B0D2KGBVX4,,Good looking,True,False,[],2025-01-21,70,Colour: Dark Grey,"[{'key': 'Colour', 'value': 'Dark Grey'}]",,,https://www.amazon.in/product-reviews/B0D2KGBVX4?pageNumber=9&filterByStar=all_stars&sortBy=helpful&formatType=all_formats&asin=B0D2KGBVX4&reftag=cm_cr_arp_d_paging_btm_next_9&scope=reviewsAjax0,allStars,,B0D2KGBVX4,B0D2KGBVX4,B0D2KGBVX4,"{'price': None, 'listPrice': None}",https://www.amazon.in//Fire-Boltt-BSW215-Brillia-Dark-Grey/dp/B0D2KGBVX4/ref=zg_bs_g_5605728031_d_sccl_11/258-6888058-4683712?psc=1,India,
Reviewed in India on 18 January 2025,amzn1.account.AGQ4HANSWCF5J2YURTC45434H3JQ,https://www.amazon.in/gp/profile/amzn1.account.AGQ4HANSWCF5J2YURTC45434H3JQ/ref=cm_cr_othr_d_gw_tr?ie=UTF8,5,Smartwatch features and Compatibility,R8L3K4VJJUT44,https://www.amazon.in/gp/customer-reviews/R8L3K4VJJUT44/ref=cm_cr_othr_d_rvw_ttl?ie=UTF8&ASIN=B0D2KGBVX4,,Liked the watch features with speaker and mic also compatibility with ios devices.Worth for money.,True,False,[],2025-01-18,71,Colour: Dark Grey,"[{'key': 'Colour', 'value': 'Dark Grey'}]",,,https://www.amazon.in/product-reviews/B0D2KGBVX4?pageNumber=9&filterByStar=all_stars&sortBy=helpful&formatType=all_formats&asin=B0D2KGBVX4&reftag=cm_cr_arp_d_paging_btm_next_9&scope=reviewsAjax0,allStars,,B0D2KGBVX4,B0D2KGBVX4,B0D2KGBVX4,"{'price': None, 'listPrice': None}",https://www.amazon.in//Fire-Boltt-BSW215-Brillia-Dark-Grey/dp/B0D2KGBVX4/ref=zg_bs_g_5605728031_d_sccl_11/258-6888058-4683712?psc=1,India,
Reviewed in India on 21 January 2025,amzn1.account.AFT35TBBWF32XXGRQPC6ZUUIAE5Q,https://www.amazon.in/gp/profile/amzn1.account.AFT35TBBWF32XXGRQPC6ZUUIAE5Q/ref=cm_cr_othr_d_gw_tr?ie=UTF8,5,Awesome product,R31NHZWGAH9LC9,https://www.amazon.in/gp/customer-reviews/R31NHZWGAH9LC9/ref=cm_cr_othr_d_rvw_ttl?ie=UTF8&ASIN=B0D2KGBVX4,,Superb Build quality and awesome look,True,False,[],2025-01-21,72,Colour: Blue,"[{'key': 'Colour', 'value': 'Blue'}]",,,https://www.amazon.in/product-reviews/B0D2KGBVX4?pageNumber=9&filterByStar=all_stars&sortBy=helpful&formatType=all_formats&asin=B0D2KGBVX4&reftag=cm_cr_arp_d_paging_btm_next_9&scope=reviewsAjax0,allStars,,B0D2KGBVX4,B0D2KGBVX4,B0D2KGBVX4,"{'price': None, 'listPrice': None}",https://www.amazon.in//Fire-Boltt-BSW215-Brillia-Dark-Grey/dp/B0D2KGBVX4/ref=zg_bs_g_5605728031_d_sccl_11/258-6888058-4683712?psc=1,India,
