reviewedIn,userId,userProfileLink,ratingScore,reviewTitle,reviewId,reviewUrl,reviewReaction,reviewDescription,isVerified,isAmazonVine,reviewImages,date,position,variant,variantAttributes,totalCategoryRatings,totalCategoryReviews,reviewCategoryUrl,filterByRating,filterByKeyword,productAsin,productOriginalAsin,variantAsin,product,input,country,countryCode
Reviewed in India on 20 January 2025,amzn1.account.AELODRJIU3XVGZAL2USULSHOBW7Q,https://www.amazon.in/gp/profile/amzn1.account.AELODRJIU3XVGZAL2USULSHOBW7Q/ref=cm_cr_othr_d_gw_tr?ie=UTF8,5,Note,R31PBMR4BX1S33,https://www.amazon.in/gp/customer-reviews/R31PBMR4BX1S33/ref=cm_cr_othr_d_rvw_ttl?ie=UTF8&ASIN=B0BY2NN719,One person found this helpful,"Product Review:After a week of using theSmartwatch, here’s my take on it:Good Design and Build QualityThe watch has a sleek, modern design that looks stylish both in casual and professional settings. The strap is comfortable and adjustable, making it easy to wear all day. The display is sharp and bright, even under direct sunlight. It feels durable without being bulky.Nice Features and PerformanceThis smartwatch is packed with features:Fitness Tracking: Tracks steps, heart rate, sleep, and even blood oxygen levels accurately.Smart Notifications: Keeps me updated with calls, messages, and app alerts without needing to check my phone.Customizable Watch Faces: Adds a personal touch to suit different moods or outfits.Battery Life: Lasts 3-4 days on a single charge, which is decent considering its performance.Good User Experience",True,False,[],2025-01-20,1,"Style Name: Phoenix Pro, Colour: Pro Black","[{'key': 'Style Name', 'value': 'Phoenix Pro'}, {'key': 'Colour', 'value': 'Pro Black'}]",,,https://www.amazon.in/product-reviews/B0BY2NN719?pageNumber=1&filterByStar=all_stars&sortBy=helpful&formatType=all_formats&asin=B0BY2NN719&reftag=cm_cr_arp_d_paging_btm_next_1&scope=reviewsAjax0,allStars,,B0BY2NN719,B0BY2NN719,B0BY2NN719,"{'price': None, 'listPrice': None}",https://www.amazon.in//Fire-Boltt-Stainless-Bluetooth-Smartwatch-Monitoring/dp/B0BY2NN719/ref=zg_bs_g_5605728031_d_sccl_17/258-6888058-4683712?psc=1,India,
Reviewed in India on 29 January 2025,amzn1.account.AH4UQIKDQDHDBSYJCP6MNKF734UQ,https://www.amazon.in/gp/profile/amzn1.account.AH4UQIKDQDHDBSYJCP6MNKF734UQ/ref=cm_cr_othr_d_gw_tr?ie=UTF8,4,The watch is looking cool,R2UU996FQMT6B3,https://www.amazon.in/gp/customer-reviews/R2UU996FQMT6B3/ref=cm_cr_othr_d_rvw_ttl?ie=UTF8&ASIN=B0BY2NN719,,"I like this watch stunning look and classy design , good audio quality, fast connectivity , value for money,very functionality",True,False,[],2025-01-29,2,"Style Name: Pheonix, Colour: Silver Grey","[{'key': 'Style Name', 'value': 'Pheonix'}, {'key': 'Colour', 'value': 'Silver Grey'}]",,,https://www.amazon.in/product-reviews/B0BY2NN719?pageNumber=1&filterByStar=all_stars&sortBy=helpful&formatType=all_formats&asin=B0BY2NN719&reftag=cm_cr_arp_d_paging_btm_next_1&scope=reviewsAjax0,allStars,,B0BY2NN719,B0BY2NN719,B0BY2NN719,"{'price': None, 'listPrice': None}",https://www.amazon.in//Fire-Boltt-Stainless-Bluetooth-Smartwatch-Monitoring/dp/B0BY2NN719/ref=zg_bs_g_5605728031_d_sccl_17/258-6888058-4683712?psc=1,India,
Reviewed in India on 27 January 2025,amzn1.account.AET65MHX2KZU6IJZAWP36NAWHJOA,https://www.amazon.in/gp/profile/amzn1.account.AET65MHX2KZU6IJZAWP36NAWHJOA/ref=cm_cr_othr_d_gw_tr?ie=UTF8,4,Looks good and does the job,RFS3XJF5YGTOH,https://www.amazon.in/gp/customer-reviews/RFS3XJF5YGTOH/ref=cm_cr_othr_d_rvw_ttl?ie=UTF8&ASIN=B0BY2NN719,,At the given price point had all the features needed. The sync with phone works well and can be used as a fashion accessory.,True,False,[],2025-01-27,3,"Style Name: Phoenix Ultra, Colour: Rainbow SS","[{'key': 'Style Name', 'value': 'Phoenix Ultra'}, {'key': 'Colour', 'value': 'Rainbow SS'}]",,,https://www.amazon.in/product-reviews/B0BY2NN719?pageNumber=1&filterByStar=all_stars&sortBy=helpful&formatType=all_formats&asin=B0BY2NN719&reftag=cm_cr_arp_d_paging_btm_next_1&scope=reviewsAjax0,allStars,,B0BY2NN719,B0BY2NN719,B0BY2NN719,"{'price': None, 'listPrice': None}",https://www.amazon.in//Fire-Boltt-Stainless-Bluetooth-Smartwatch-Monitoring/dp/B0BY2NN719/ref=zg_bs_g_5605728031_d_sccl_17/258-6888058-4683712?psc=1,India,
Reviewed in India on 25 January 2025,amzn1.account.AHNXVZ4MSLX6IZ7ALSANHR24SFBQ,https://www.amazon.in/gp/profile/amzn1.account.AHNXVZ4MSLX6IZ7ALSANHR24SFBQ/ref=cm_cr_othr_d_gw_tr?ie=UTF8,3,Mediocre Watch Buy At Your Own Risk,R12XBJ8J8QBFYS,https://www.amazon.in/gp/customer-reviews/R12XBJ8J8QBFYS/ref=cm_cr_othr_d_rvw_ttl?ie=UTF8&ASIN=B0BY2NN719,,It's an okayish watch it definitely not worth the value of it's not in sale but if you get it for like 1100rs without any other option you can definitely go for this,True,False,[],2025-01-25,4,"Style Name: Phoenix Pro, Colour: Pro Black","[{'key': 'Style Name', 'value': 'Phoenix Pro'}, {'key': 'Colour', 'value': 'Pro Black'}]",,,https://www.amazon.in/product-reviews/B0BY2NN719?pageNumber=1&filterByStar=all_stars&sortBy=helpful&formatType=all_formats&asin=B0BY2NN719&reftag=cm_cr_arp_d_paging_btm_next_1&scope=reviewsAjax0,allStars,,B0BY2NN719,B0BY2NN719,B0BY2NN719,"{'price': None, 'listPrice': None}",https://www.amazon.in//Fire-Boltt-Stainless-Bluetooth-Smartwatch-Monitoring/dp/B0BY2NN719/ref=zg_bs_g_5605728031_d_sccl_17/258-6888058-4683712?psc=1,India,
Reviewed in India on 5 December 2024,amzn1.account.AFIXTIT26P6BOFO54MMMTJGUYKVQ,https://www.amazon.in/gp/profile/amzn1.account.AFIXTIT26P6BOFO54MMMTJGUYKVQ/ref=cm_cr_othr_d_gw_tr?ie=UTF8,4,The Fire-Boltt smartwatch offers an impressive combination of features at an affordable price,R387VFZRRMDVSF,https://www.amazon.in/gp/customer-reviews/R387VFZRRMDVSF/ref=cm_cr_othr_d_rvw_ttl?ie=UTF8&ASIN=B0BY2NN719,,"Features & PerformanceFire-Boltt excels in the features it packs: • Health Monitoring: The watch offers accurate heart rate monitoring, SpO2 tracking, and sleep tracking. While it’s not medical-grade, the readings are consistent and reliable for general fitness purposes. • Fitness Modes: With multiple sports modes, it caters to a wide range of activities, from walking and running to yoga and swimming. • Notifications & Connectivity: It connects seamlessly with smartphones, allowing you to receive calls, texts, and app notifications directly on your wrist. However, responding to messages or calls from the watch itself can be limited.Battery LifeThe battery life is one of its strong points, lasting up to 7 days on a single charge with moderate usage. Heavy usage with all features turned on might reduce it to 3-4 days, but this is still better than many competitors in this price range.Pros • Affordable and feature-packed. • Lightweight and comfortable design. • Good battery performance. • Reliable fitness and health tracking features.Cons • Slightly prominent bezels around the display. • Limited options for replying to notifications directly. • Companion app could use improvements in its interface and data syncing speed.ConclusionThe Fire-Boltt smartwatch is an excellent choice for anyone looking for an affordable, feature-rich wearable. While it may not compete with premium brands in terms of finesse, it delivers exceptional value for its price. Ideal for fitness enthusiasts and casual smartwatch users.",True,False,[],2024-12-05,5,"Style Name: Phoenix Ultra, Colour: Gold SS","[{'key': 'Style Name', 'value': 'Phoenix Ultra'}, {'key': 'Colour', 'value': 'Gold SS'}]",,,https://www.amazon.in/product-reviews/B0BY2NN719?pageNumber=1&filterByStar=all_stars&sortBy=helpful&formatType=all_formats&asin=B0BY2NN719&reftag=cm_cr_arp_d_paging_btm_next_1&scope=reviewsAjax0,allStars,,B0BY2NN719,B0BY2NN719,B0BY2NN719,"{'price': None, 'listPrice': None}",https://www.amazon.in//Fire-Boltt-Stainless-Bluetooth-Smartwatch-Monitoring/dp/B0BY2NN719/ref=zg_bs_g_5605728031_d_sccl_17/258-6888058-4683712?psc=1,India,
Reviewed in India on 26 January 2025,amzn1.account.AFH2V56BEWYTH4UDRHI6VLCPLYIA,https://www.amazon.in/gp/profile/amzn1.account.AFH2V56BEWYTH4UDRHI6VLCPLYIA/ref=cm_cr_othr_d_gw_tr?ie=UTF8,3,Sound,R12OI43HUX04QA,https://www.amazon.in/gp/customer-reviews/R12OI43HUX04QA/ref=cm_cr_othr_d_rvw_ttl?ie=UTF8&ASIN=B0BY2NN719,,"Low sound,  flip slow,  go to menu  slow,  get options,  mno manual time set up didnn,t find,  pick phone  advantage  design  not as per  image,  chain dim color,  screen big",True,False,[],2025-01-26,6,"Style Name: Phoenix Ultra, Colour: Gold SS","[{'key': 'Style Name', 'value': 'Phoenix Ultra'}, {'key': 'Colour', 'value': 'Gold SS'}]",,,https://www.amazon.in/product-reviews/B0BY2NN719?pageNumber=1&filterByStar=all_stars&sortBy=helpful&formatType=all_formats&asin=B0BY2NN719&reftag=cm_cr_arp_d_paging_btm_next_1&scope=reviewsAjax0,allStars,,B0BY2NN719,B0BY2NN719,B0BY2NN719,"{'price': None, 'listPrice': None}",https://www.amazon.in//Fire-Boltt-Stainless-Bluetooth-Smartwatch-Monitoring/dp/B0BY2NN719/ref=zg_bs_g_5605728031_d_sccl_17/258-6888058-4683712?psc=1,India,
Reviewed in India on 17 January 2025,amzn1.account.AG5HDPS6IAXK7YAZU77IU6QSS46Q,https://www.amazon.in/gp/profile/amzn1.account.AG5HDPS6IAXK7YAZU77IU6QSS46Q/ref=cm_cr_othr_d_gw_tr?ie=UTF8,4,Good Quality,R2STT89BGUB9QY,https://www.amazon.in/gp/customer-reviews/R2STT89BGUB9QY/ref=cm_cr_othr_d_rvw_ttl?ie=UTF8&ASIN=B0BY2NN719,,"I love this product, it so good comfortable, light in weight, good working display touch screen, nice display size and good quality product. Worth for money.",True,False,[],2025-01-17,7,"Style Name: Phoenix Pro, Colour: Pro Pink","[{'key': 'Style Name', 'value': 'Phoenix Pro'}, {'key': 'Colour', 'value': 'Pro Pink'}]",,,https://www.amazon.in/product-reviews/B0BY2NN719?pageNumber=1&filterByStar=all_stars&sortBy=helpful&formatType=all_formats&asin=B0BY2NN719&reftag=cm_cr_arp_d_paging_btm_next_1&scope=reviewsAjax0,allStars,,B0BY2NN719,B0BY2NN719,B0BY2NN719,"{'price': None, 'listPrice': None}",https://www.amazon.in//Fire-Boltt-Stainless-Bluetooth-Smartwatch-Monitoring/dp/B0BY2NN719/ref=zg_bs_g_5605728031_d_sccl_17/258-6888058-4683712?psc=1,India,
Reviewed in India on 28 January 2025,amzn1.account.AFZFMLM35OQG2FYLWH5FPC4MRCGQ,https://www.amazon.in/gp/profile/amzn1.account.AFZFMLM35OQG2FYLWH5FPC4MRCGQ/ref=cm_cr_othr_d_gw_tr?ie=UTF8,4,Ilove fire bolt❤️❤️,R1TAJRWDNPECWA,https://www.amazon.in/gp/customer-reviews/R1TAJRWDNPECWA/ref=cm_cr_othr_d_rvw_ttl?ie=UTF8&ASIN=B0BY2NN719,,No complaints 😃😃very smooth and nice  product very good quality 😌😌 good work 👍👍 features is really very goodThanks 🙏,True,False,['https://m.media-amazon.com/images/I/61th18ZFUuL._SY88.jpg'],2025-01-28,8,"Style Name: Phoenix Ultra, Colour: Gold SS","[{'key': 'Style Name', 'value': 'Phoenix Ultra'}, {'key': 'Colour', 'value': 'Gold SS'}]",,,https://www.amazon.in/product-reviews/B0BY2NN719?pageNumber=1&filterByStar=all_stars&sortBy=helpful&formatType=all_formats&asin=B0BY2NN719&reftag=cm_cr_arp_d_paging_btm_next_1&scope=reviewsAjax0,allStars,,B0BY2NN719,B0BY2NN719,B0BY2NN719,"{'price': None, 'listPrice': None}",https://www.amazon.in//Fire-Boltt-Stainless-Bluetooth-Smartwatch-Monitoring/dp/B0BY2NN719/ref=zg_bs_g_5605728031_d_sccl_17/258-6888058-4683712?psc=1,India,
Reviewed in India on 10 January 2025,amzn1.account.AENLQ4N3XTE24MBSWLYGRU4ZHQOA,https://www.amazon.in/gp/profile/amzn1.account.AENLQ4N3XTE24MBSWLYGRU4ZHQOA/ref=cm_cr_othr_d_gw_tr?ie=UTF8,4,I am happy with prducts,R330BIEDLMOI7N,https://www.amazon.in/gp/customer-reviews/R330BIEDLMOI7N/ref=cm_cr_othr_d_rvw_ttl?ie=UTF8&ASIN=B0BY2NN719,,I like this product,True,False,[],2025-01-10,73,"Style Name: Phoenix Pro, Colour: Pro Black","[{'key': 'Style Name', 'value': 'Phoenix Pro'}, {'key': 'Colour', 'value': 'Pro Black'}]",,,https://www.amazon.in/product-reviews/B0BY2NN719?pageNumber=10&filterByStar=all_stars&sortBy=helpful&formatType=all_formats&asin=B0BY2NN719&reftag=cm_cr_arp_d_paging_btm_next_10&scope=reviewsAjax0,allStars,,B0BY2NN719,B0BY2NN719,B0BY2NN719,"{'price': None, 'listPrice': None}",https://www.amazon.in//Fire-Boltt-Stainless-Bluetooth-Smartwatch-Monitoring/dp/B0BY2NN719/ref=zg_bs_g_5605728031_d_sccl_17/258-6888058-4683712?psc=1,India,
Reviewed in India on 30 December 2024,amzn1.account.AGULXBLWERTN4BN5G7OKMSGQISVQ,https://www.amazon.in/gp/profile/amzn1.account.AGULXBLWERTN4BN5G7OKMSGQISVQ/ref=cm_cr_othr_d_gw_tr?ie=UTF8,4,Nice Watch,R3JP3G2MX25MFM,https://www.amazon.in/gp/customer-reviews/R3JP3G2MX25MFM/ref=cm_cr_othr_d_rvw_ttl?ie=UTF8&ASIN=B0BY2NN719,,One of the best watches that I have ever used,True,False,[],2024-12-30,74,"Style Name: Phoenix Ultra, Colour: Gold SS","[{'key': 'Style Name', 'value': 'Phoenix Ultra'}, {'key': 'Colour', 'value': 'Gold SS'}]",,,https://www.amazon.in/product-reviews/B0BY2NN719?pageNumber=10&filterByStar=all_stars&sortBy=helpful&formatType=all_formats&asin=B0BY2NN719&reftag=cm_cr_arp_d_paging_btm_next_10&scope=reviewsAjax0,allStars,,B0BY2NN719,B0BY2NN719,B0BY2NN719,"{'price': None, 'listPrice': None}",https://www.amazon.in//Fire-Boltt-Stainless-Bluetooth-Smartwatch-Monitoring/dp/B0BY2NN719/ref=zg_bs_g_5605728031_d_sccl_17/258-6888058-4683712?psc=1,India,
Reviewed in India on 14 December 2024,amzn1.account.AFT7Z56OTDP7YJMSMQV2J73KFZAQ,https://www.amazon.in/gp/profile/amzn1.account.AFT7Z56OTDP7YJMSMQV2J73KFZAQ/ref=cm_cr_othr_d_gw_tr?ie=UTF8,4,Nice,R27IK2MY9DMYY1,https://www.amazon.in/gp/customer-reviews/R27IK2MY9DMYY1/ref=cm_cr_othr_d_rvw_ttl?ie=UTF8&ASIN=B0BY2NN719,One person found this helpful,"It's very good as far as the specification are concerned it's durable, calling is smooth connectivity is simple and looks fancy while on wrist. But it’s display was not working after a few days, You can replace the watch in fire bolt website and they will replace it in 10-15 days. You only have to pay pickup and delivery charges.",True,False,[],2024-12-14,75,"Style Name: Phoenix Pro, Colour: Pro Black","[{'key': 'Style Name', 'value': 'Phoenix Pro'}, {'key': 'Colour', 'value': 'Pro Black'}]",,,https://www.amazon.in/product-reviews/B0BY2NN719?pageNumber=10&filterByStar=all_stars&sortBy=helpful&formatType=all_formats&asin=B0BY2NN719&reftag=cm_cr_arp_d_paging_btm_next_10&scope=reviewsAjax0,allStars,,B0BY2NN719,B0BY2NN719,B0BY2NN719,"{'price': None, 'listPrice': None}",https://www.amazon.in//Fire-Boltt-Stainless-Bluetooth-Smartwatch-Monitoring/dp/B0BY2NN719/ref=zg_bs_g_5605728031_d_sccl_17/258-6888058-4683712?psc=1,India,
Reviewed in India on 9 January 2025,amzn1.account.AHLPPMYW4LO3OC2LN22BCMN5664A,https://www.amazon.in/gp/profile/amzn1.account.AHLPPMYW4LO3OC2LN22BCMN5664A/ref=cm_cr_othr_d_gw_tr?ie=UTF8,4,Worth it,R24ZBR2SE85RRC,https://www.amazon.in/gp/customer-reviews/R24ZBR2SE85RRC/ref=cm_cr_othr_d_rvw_ttl?ie=UTF8&ASIN=B0BY2NN719,,Recently I got this watch it is nice and working properly,True,False,[],2025-01-09,76,"Style Name: Phoenix Ultra, Colour: Dark Grey SS","[{'key': 'Style Name', 'value': 'Phoenix Ultra'}, {'key': 'Colour', 'value': 'Dark Grey SS'}]",,,https://www.amazon.in/product-reviews/B0BY2NN719?pageNumber=10&filterByStar=all_stars&sortBy=helpful&formatType=all_formats&asin=B0BY2NN719&reftag=cm_cr_arp_d_paging_btm_next_10&scope=reviewsAjax0,allStars,,B0BY2NN719,B0BY2NN719,B0BY2NN719,"{'price': None, 'listPrice': None}",https://www.amazon.in//Fire-Boltt-Stainless-Bluetooth-Smartwatch-Monitoring/dp/B0BY2NN719/ref=zg_bs_g_5605728031_d_sccl_17/258-6888058-4683712?psc=1,India,
Reviewed in India on 13 January 2025,amzn1.account.AH6T272ALZLWV5NHBH7OFPCDITKQ,https://www.amazon.in/gp/profile/amzn1.account.AH6T272ALZLWV5NHBH7OFPCDITKQ/ref=cm_cr_othr_d_gw_tr?ie=UTF8,4,Easy to use and better than other product,RHGKJPITVRV0I,https://www.amazon.in/gp/customer-reviews/RHGKJPITVRV0I/ref=cm_cr_othr_d_rvw_ttl?ie=UTF8&ASIN=B0BY2NN719,,Value for. Money,True,False,[],2025-01-13,77,"Style Name: Pheonix, Colour: Silver Grey","[{'key': 'Style Name', 'value': 'Pheonix'}, {'key': 'Colour', 'value': 'Silver Grey'}]",,,https://www.amazon.in/product-reviews/B0BY2NN719?pageNumber=10&filterByStar=all_stars&sortBy=helpful&formatType=all_formats&asin=B0BY2NN719&reftag=cm_cr_arp_d_paging_btm_next_10&scope=reviewsAjax0,allStars,,B0BY2NN719,B0BY2NN719,B0BY2NN719,"{'price': None, 'listPrice': None}",https://www.amazon.in//Fire-Boltt-Stainless-Bluetooth-Smartwatch-Monitoring/dp/B0BY2NN719/ref=zg_bs_g_5605728031_d_sccl_17/258-6888058-4683712?psc=1,India,
Reviewed in India on 26 December 2024,amzn1.account.AHMQJT47HUZ5LUBSTAG7UL27OULA,https://www.amazon.in/gp/profile/amzn1.account.AHMQJT47HUZ5LUBSTAG7UL27OULA/ref=cm_cr_othr_d_gw_tr?ie=UTF8,4,The Quality of watch!,RUZ4WMKBN5LP8,https://www.amazon.in/gp/customer-reviews/RUZ4WMKBN5LP8/ref=cm_cr_othr_d_rvw_ttl?ie=UTF8&ASIN=B0BY2NN719,,This Product is AwesomeAffordable and best oneThe sensitivity is good and comfortable to useTotally Worth for its price!!,True,False,['https://m.media-amazon.com/images/I/6194+o1a86L._SY88.jpg'],2024-12-26,78,"Style Name: Pheonix, Colour: Black","[{'key': 'Style Name', 'value': 'Pheonix'}, {'key': 'Colour', 'value': 'Black'}]",,,https://www.amazon.in/product-reviews/B0BY2NN719?pageNumber=10&filterByStar=all_stars&sortBy=helpful&formatType=all_formats&asin=B0BY2NN719&reftag=cm_cr_arp_d_paging_btm_next_10&scope=reviewsAjax0,allStars,,B0BY2NN719,B0BY2NN719,B0BY2NN719,"{'price': None, 'listPrice': None}",https://www.amazon.in//Fire-Boltt-Stainless-Bluetooth-Smartwatch-Monitoring/dp/B0BY2NN719/ref=zg_bs_g_5605728031_d_sccl_17/258-6888058-4683712?psc=1,India,
Reviewed in India on 24 December 2024,amzn1.account.AFBKHB5R5SX7PWJCBW2QK3NIBYYQ,https://www.amazon.in/gp/profile/amzn1.account.AFBKHB5R5SX7PWJCBW2QK3NIBYYQ/ref=cm_cr_othr_d_gw_tr?ie=UTF8,4,Durable and feature full watch,RB6FD3X5DB4MM,https://www.amazon.in/gp/customer-reviews/RB6FD3X5DB4MM/ref=cm_cr_othr_d_rvw_ttl?ie=UTF8&ASIN=B0BY2NN719,,The watch is durable and feature rich.The battery backup of watch should have been more.Its nice watch to buy in this price range.,True,False,['https://m.media-amazon.com/images/I/81TDAqAxOFL._SY88.jpg'],2024-12-24,79,"Style Name: Phoenix Ultra, Colour: Gold SS","[{'key': 'Style Name', 'value': 'Phoenix Ultra'}, {'key': 'Colour', 'value': 'Gold SS'}]",,,https://www.amazon.in/product-reviews/B0BY2NN719?pageNumber=10&filterByStar=all_stars&sortBy=helpful&formatType=all_formats&asin=B0BY2NN719&reftag=cm_cr_arp_d_paging_btm_next_10&scope=reviewsAjax0,allStars,,B0BY2NN719,B0BY2NN719,B0BY2NN719,"{'price': None, 'listPrice': None}",https://www.amazon.in//Fire-Boltt-Stainless-Bluetooth-Smartwatch-Monitoring/dp/B0BY2NN719/ref=zg_bs_g_5605728031_d_sccl_17/258-6888058-4683712?psc=1,India,
Reviewed in India on 31 December 2024,amzn1.account.AEKCIT7LXKD7X2W5XMYP32EYB4XQ,https://www.amazon.in/gp/profile/amzn1.account.AEKCIT7LXKD7X2W5XMYP32EYB4XQ/ref=cm_cr_othr_d_gw_tr?ie=UTF8,4,Value for Money.,R1N4YL7UBMQEC1,https://www.amazon.in/gp/customer-reviews/R1N4YL7UBMQEC1/ref=cm_cr_othr_d_rvw_ttl?ie=UTF8&ASIN=B0BY2NN719,,Good watch at this price. Try to add few games in the watch,True,False,[],2024-12-31,80,"Style Name: Phoenix Ultra, Colour: Rainbow SS","[{'key': 'Style Name', 'value': 'Phoenix Ultra'}, {'key': 'Colour', 'value': 'Rainbow SS'}]",,,https://www.amazon.in/product-reviews/B0BY2NN719?pageNumber=10&filterByStar=all_stars&sortBy=helpful&formatType=all_formats&asin=B0BY2NN719&reftag=cm_cr_arp_d_paging_btm_next_10&scope=reviewsAjax0,allStars,,B0BY2NN719,B0BY2NN719,B0BY2NN719,"{'price': None, 'listPrice': None}",https://www.amazon.in//Fire-Boltt-Stainless-Bluetooth-Smartwatch-Monitoring/dp/B0BY2NN719/ref=zg_bs_g_5605728031_d_sccl_17/258-6888058-4683712?psc=1,India,
Reviewed in India on 7 January 2025,amzn1.account.AECUBAVPUAV6RR6N4CN5TXZ6PEAQ,https://www.amazon.in/gp/profile/amzn1.account.AECUBAVPUAV6RR6N4CN5TXZ6PEAQ/ref=cm_cr_othr_d_gw_tr?ie=UTF8,4,Godd Product,RKLHZPPY1VBDV,https://www.amazon.in/gp/customer-reviews/RKLHZPPY1VBDV/ref=cm_cr_othr_d_rvw_ttl?ie=UTF8&ASIN=B0BY2NN719,,I have tried something from fire boltt first time and  am impressed by the quality of product,True,False,[],2025-01-07,57,"Style Name: Phoenix Ultra, Colour: Rainbow SS","[{'key': 'Style Name', 'value': 'Phoenix Ultra'}, {'key': 'Colour', 'value': 'Rainbow SS'}]",,,https://www.amazon.in/product-reviews/B0BY2NN719?pageNumber=8&filterByStar=all_stars&sortBy=helpful&formatType=all_formats&asin=B0BY2NN719&reftag=cm_cr_arp_d_paging_btm_next_8&scope=reviewsAjax0,allStars,,B0BY2NN719,B0BY2NN719,B0BY2NN719,"{'price': None, 'listPrice': None}",https://www.amazon.in//Fire-Boltt-Stainless-Bluetooth-Smartwatch-Monitoring/dp/B0BY2NN719/ref=zg_bs_g_5605728031_d_sccl_17/258-6888058-4683712?psc=1,India,
Reviewed in India on 28 December 2024,amzn1.account.AGSCFCRPHHMJ3RJORRSN77ZQBZTA,https://www.amazon.in/gp/profile/amzn1.account.AGSCFCRPHHMJ3RJORRSN77ZQBZTA/ref=cm_cr_othr_d_gw_tr?ie=UTF8,4,Good product,R2R1B64CGI4DZS,https://www.amazon.in/gp/customer-reviews/R2R1B64CGI4DZS/ref=cm_cr_othr_d_rvw_ttl?ie=UTF8&ASIN=B0BY2NN719,One person found this helpful,"The watch gives a good effect, the golden band could get a little rustice but overall great features",True,False,['https://m.media-amazon.com/images/I/715Yzc3qtfL._SY88.jpg'],2024-12-28,58,"Style Name: Phoenix Ultra, Colour: Gold SS","[{'key': 'Style Name', 'value': 'Phoenix Ultra'}, {'key': 'Colour', 'value': 'Gold SS'}]",,,https://www.amazon.in/product-reviews/B0BY2NN719?pageNumber=8&filterByStar=all_stars&sortBy=helpful&formatType=all_formats&asin=B0BY2NN719&reftag=cm_cr_arp_d_paging_btm_next_8&scope=reviewsAjax0,allStars,,B0BY2NN719,B0BY2NN719,B0BY2NN719,"{'price': None, 'listPrice': None}",https://www.amazon.in//Fire-Boltt-Stainless-Bluetooth-Smartwatch-Monitoring/dp/B0BY2NN719/ref=zg_bs_g_5605728031_d_sccl_17/258-6888058-4683712?psc=1,India,
Reviewed in India on 9 January 2025,amzn1.account.AEFFCFAUWBTWGE7WD2VGJJQNOVHQ,https://www.amazon.in/gp/profile/amzn1.account.AEFFCFAUWBTWGE7WD2VGJJQNOVHQ/ref=cm_cr_othr_d_gw_tr?ie=UTF8,4,Correct fit & display visible in outdoor also. Good looking one,R1O9FB3IBHB5X6,https://www.amazon.in/gp/customer-reviews/R1O9FB3IBHB5X6/ref=cm_cr_othr_d_rvw_ttl?ie=UTF8&ASIN=B0BY2NN719,,For this price product has been in good quality.,True,False,[],2025-01-09,59,"Style Name: Phoenix Ultra, Colour: Gold SS","[{'key': 'Style Name', 'value': 'Phoenix Ultra'}, {'key': 'Colour', 'value': 'Gold SS'}]",,,https://www.amazon.in/product-reviews/B0BY2NN719?pageNumber=8&filterByStar=all_stars&sortBy=helpful&formatType=all_formats&asin=B0BY2NN719&reftag=cm_cr_arp_d_paging_btm_next_8&scope=reviewsAjax0,allStars,,B0BY2NN719,B0BY2NN719,B0BY2NN719,"{'price': None, 'listPrice': None}",https://www.amazon.in//Fire-Boltt-Stainless-Bluetooth-Smartwatch-Monitoring/dp/B0BY2NN719/ref=zg_bs_g_5605728031_d_sccl_17/258-6888058-4683712?psc=1,India,
Reviewed in India on 2 January 2025,amzn1.account.AHCEVEO7HKU4ZNVSJ6MJDQWNLMFQ,https://www.amazon.in/gp/profile/amzn1.account.AHCEVEO7HKU4ZNVSJ6MJDQWNLMFQ/ref=cm_cr_othr_d_gw_tr?ie=UTF8,4,Product review,R3634SWXWW0OPN,https://www.amazon.in/gp/customer-reviews/R3634SWXWW0OPN/ref=cm_cr_othr_d_rvw_ttl?ie=UTF8&ASIN=B0BY2NN719,,Nice product,True,False,[],2025-01-02,60,"Style Name: Phoenix Ultra, Colour: Gold SS","[{'key': 'Style Name', 'value': 'Phoenix Ultra'}, {'key': 'Colour', 'value': 'Gold SS'}]",,,https://www.amazon.in/product-reviews/B0BY2NN719?pageNumber=8&filterByStar=all_stars&sortBy=helpful&formatType=all_formats&asin=B0BY2NN719&reftag=cm_cr_arp_d_paging_btm_next_8&scope=reviewsAjax0,allStars,,B0BY2NN719,B0BY2NN719,B0BY2NN719,"{'price': None, 'listPrice': None}",https://www.amazon.in//Fire-Boltt-Stainless-Bluetooth-Smartwatch-Monitoring/dp/B0BY2NN719/ref=zg_bs_g_5605728031_d_sccl_17/258-6888058-4683712?psc=1,India,
Reviewed in India on 6 January 2025,amzn1.account.AFTP4E5D3FCZ7STLEZCJOYNZOBAA,https://www.amazon.in/gp/profile/amzn1.account.AFTP4E5D3FCZ7STLEZCJOYNZOBAA/ref=cm_cr_othr_d_gw_tr?ie=UTF8,4,The most stylish gift,R31FWPKBHOO3GS,https://www.amazon.in/gp/customer-reviews/R31FWPKBHOO3GS/ref=cm_cr_othr_d_rvw_ttl?ie=UTF8&ASIN=B0BY2NN719,,The watch is really good quality and material.It is good for gifting someone.,True,False,[],2025-01-06,61,"Style Name: Phoenix Ultra, Colour: Gold SS","[{'key': 'Style Name', 'value': 'Phoenix Ultra'}, {'key': 'Colour', 'value': 'Gold SS'}]",,,https://www.amazon.in/product-reviews/B0BY2NN719?pageNumber=8&filterByStar=all_stars&sortBy=helpful&formatType=all_formats&asin=B0BY2NN719&reftag=cm_cr_arp_d_paging_btm_next_8&scope=reviewsAjax0,allStars,,B0BY2NN719,B0BY2NN719,B0BY2NN719,"{'price': None, 'listPrice': None}",https://www.amazon.in//Fire-Boltt-Stainless-Bluetooth-Smartwatch-Monitoring/dp/B0BY2NN719/ref=zg_bs_g_5605728031_d_sccl_17/258-6888058-4683712?psc=1,India,
Reviewed in India on 13 January 2025,amzn1.account.AF4HSFCVN2YQR2VZ245X3NT4OVWA,https://www.amazon.in/gp/profile/amzn1.account.AF4HSFCVN2YQR2VZ245X3NT4OVWA/ref=cm_cr_othr_d_gw_tr?ie=UTF8,4,Good,R1TTE063ZTV9BF,https://www.amazon.in/gp/customer-reviews/R1TTE063ZTV9BF/ref=cm_cr_othr_d_rvw_ttl?ie=UTF8&ASIN=B0BY2NN719,,Value for money,True,False,['https://m.media-amazon.com/images/I/61L2GDnMrdL._SY88.jpg'],2025-01-13,62,"Style Name: Phoenix Pro, Colour: Pro Black","[{'key': 'Style Name', 'value': 'Phoenix Pro'}, {'key': 'Colour', 'value': 'Pro Black'}]",,,https://www.amazon.in/product-reviews/B0BY2NN719?pageNumber=8&filterByStar=all_stars&sortBy=helpful&formatType=all_formats&asin=B0BY2NN719&reftag=cm_cr_arp_d_paging_btm_next_8&scope=reviewsAjax0,allStars,,B0BY2NN719,B0BY2NN719,B0BY2NN719,"{'price': None, 'listPrice': None}",https://www.amazon.in//Fire-Boltt-Stainless-Bluetooth-Smartwatch-Monitoring/dp/B0BY2NN719/ref=zg_bs_g_5605728031_d_sccl_17/258-6888058-4683712?psc=1,India,
Reviewed in India on 1 January 2025,amzn1.account.AFD5L5W6PWQEBE56J4SQIEN2HDRA,https://www.amazon.in/gp/profile/amzn1.account.AFD5L5W6PWQEBE56J4SQIEN2HDRA/ref=cm_cr_othr_d_gw_tr?ie=UTF8,4,Charging problem,R2RG283KLJMNG3,https://www.amazon.in/gp/customer-reviews/R2RG283KLJMNG3/ref=cm_cr_othr_d_rvw_ttl?ie=UTF8&ASIN=B0BY2NN719,,Charging problem,True,False,[],2025-01-01,63,"Style Name: Pheonix, Colour: Silver Grey","[{'key': 'Style Name', 'value': 'Pheonix'}, {'key': 'Colour', 'value': 'Silver Grey'}]",,,https://www.amazon.in/product-reviews/B0BY2NN719?pageNumber=8&filterByStar=all_stars&sortBy=helpful&formatType=all_formats&asin=B0BY2NN719&reftag=cm_cr_arp_d_paging_btm_next_8&scope=reviewsAjax0,allStars,,B0BY2NN719,B0BY2NN719,B0BY2NN719,"{'price': None, 'listPrice': None}",https://www.amazon.in//Fire-Boltt-Stainless-Bluetooth-Smartwatch-Monitoring/dp/B0BY2NN719/ref=zg_bs_g_5605728031_d_sccl_17/258-6888058-4683712?psc=1,India,
Reviewed in India on 10 January 2025,amzn1.account.AHQCFGG7TJT2SENB4HYS4RRY7XDQ,https://www.amazon.in/gp/profile/amzn1.account.AHQCFGG7TJT2SENB4HYS4RRY7XDQ/ref=cm_cr_othr_d_gw_tr?ie=UTF8,4,Affordable watch,R1IHGITK3JEMPW,https://www.amazon.in/gp/customer-reviews/R1IHGITK3JEMPW/ref=cm_cr_othr_d_rvw_ttl?ie=UTF8&ASIN=B0BY2NN719,,Affordable budget watch,True,False,[],2025-01-10,64,"Style Name: Phoenix Pro, Colour: Pro Grey","[{'key': 'Style Name', 'value': 'Phoenix Pro'}, {'key': 'Colour', 'value': 'Pro Grey'}]",,,https://www.amazon.in/product-reviews/B0BY2NN719?pageNumber=8&filterByStar=all_stars&sortBy=helpful&formatType=all_formats&asin=B0BY2NN719&reftag=cm_cr_arp_d_paging_btm_next_8&scope=reviewsAjax0,allStars,,B0BY2NN719,B0BY2NN719,B0BY2NN719,"{'price': None, 'listPrice': None}",https://www.amazon.in//Fire-Boltt-Stainless-Bluetooth-Smartwatch-Monitoring/dp/B0BY2NN719/ref=zg_bs_g_5605728031_d_sccl_17/258-6888058-4683712?psc=1,India,
Reviewed in India on 23 November 2024,amzn1.account.AEGR2S7EF2MLE2EPN7C2LX64N36A,https://www.amazon.in/gp/profile/amzn1.account.AEGR2S7EF2MLE2EPN7C2LX64N36A/ref=cm_cr_othr_d_gw_tr?ie=UTF8,4,Fire-Boltt,R10M7FYDON6VIX,https://www.amazon.in/gp/customer-reviews/R10M7FYDON6VIX/ref=cm_cr_othr_d_rvw_ttl?ie=UTF8&ASIN=B0BY2NN719,7 people found this helpful,"Fire-Boltt Smartwatch Review😊😊The Fire-Boltt smartwatch is an impressive blend of style, functionality, and affordability. With a sleek design and lightweight build, it offers comfort for all-day wear. The vibrant display is bright and responsive, making navigation easy.Equipped with comprehensive health tracking features, including heart rate monitoring, SpO2 measurement, and sleep tracking, it caters well to fitness enthusiasts. The multiple sports modes enhance its appeal for various activities. Connectivity with both Android and iOS devices is seamless, delivering timely notifications for calls and messages.The accompanying app is user-friendly, though it could benefit from a cleaner interface. Battery life is commendable, lasting several days on a single charge.Overall, the Fire-Boltt smartwatch provides excellent value for money, making it a solid choice for anyone looking for a reliable and stylish wearable without a hefty price tag. Highly recommended for those seeking an affordable smartwatch packed with features!",True,False,"['https://m.media-amazon.com/images/I/61pno2wR9XL._SY88.jpg', 'https://m.media-amazon.com/images/I/713+NAOo0bL._SY88.jpg']",2024-11-23,41,"Style Name: Phoenix Pro, Colour: Pro Black","[{'key': 'Style Name', 'value': 'Phoenix Pro'}, {'key': 'Colour', 'value': 'Pro Black'}]",,,https://www.amazon.in/product-reviews/B0BY2NN719?pageNumber=6&filterByStar=all_stars&sortBy=helpful&formatType=all_formats&asin=B0BY2NN719&reftag=cm_cr_arp_d_paging_btm_next_6&scope=reviewsAjax0,allStars,,B0BY2NN719,B0BY2NN719,B0BY2NN719,"{'price': None, 'listPrice': None}",https://www.amazon.in//Fire-Boltt-Stainless-Bluetooth-Smartwatch-Monitoring/dp/B0BY2NN719/ref=zg_bs_g_5605728031_d_sccl_17/258-6888058-4683712?psc=1,India,
Reviewed in India on 26 January 2025,amzn1.account.AGFP62QFHOURBWAKQFC7Y3WRFIXA,https://www.amazon.in/gp/profile/amzn1.account.AGFP62QFHOURBWAKQFC7Y3WRFIXA/ref=cm_cr_othr_d_gw_tr?ie=UTF8,4,Go for it..good one,R3P65271TE6EM1,https://www.amazon.in/gp/customer-reviews/R3P65271TE6EM1/ref=cm_cr_othr_d_rvw_ttl?ie=UTF8&ASIN=B0BY2NN719,One person found this helpful,"Product design & quality is good. Battery life is also good, it's a value for money. It has better charging ability.",True,False,[],2025-01-26,42,"Style Name: Phoenix Ultra, Colour: Gold SS","[{'key': 'Style Name', 'value': 'Phoenix Ultra'}, {'key': 'Colour', 'value': 'Gold SS'}]",,,https://www.amazon.in/product-reviews/B0BY2NN719?pageNumber=6&filterByStar=all_stars&sortBy=helpful&formatType=all_formats&asin=B0BY2NN719&reftag=cm_cr_arp_d_paging_btm_next_6&scope=reviewsAjax0,allStars,,B0BY2NN719,B0BY2NN719,B0BY2NN719,"{'price': None, 'listPrice': None}",https://www.amazon.in//Fire-Boltt-Stainless-Bluetooth-Smartwatch-Monitoring/dp/B0BY2NN719/ref=zg_bs_g_5605728031_d_sccl_17/258-6888058-4683712?psc=1,India,
Reviewed in India on 20 January 2025,amzn1.account.AHQBOXFLPRLNKRP6KMRBM4PGLY3Q,https://www.amazon.in/gp/profile/amzn1.account.AHQBOXFLPRLNKRP6KMRBM4PGLY3Q/ref=cm_cr_othr_d_gw_tr?ie=UTF8,4,Nice,RQ1RXS7RBH97L,https://www.amazon.in/gp/customer-reviews/RQ1RXS7RBH97L/ref=cm_cr_othr_d_rvw_ttl?ie=UTF8&ASIN=B0BY2NN719,,Battery issue,True,False,['https://m.media-amazon.com/images/I/61WMS0UUXwL._SY88.jpg'],2025-01-20,43,"Style Name: Phoenix Pro, Colour: Pro Grey","[{'key': 'Style Name', 'value': 'Phoenix Pro'}, {'key': 'Colour', 'value': 'Pro Grey'}]",,,https://www.amazon.in/product-reviews/B0BY2NN719?pageNumber=6&filterByStar=all_stars&sortBy=helpful&formatType=all_formats&asin=B0BY2NN719&reftag=cm_cr_arp_d_paging_btm_next_6&scope=reviewsAjax0,allStars,,B0BY2NN719,B0BY2NN719,B0BY2NN719,"{'price': None, 'listPrice': None}",https://www.amazon.in//Fire-Boltt-Stainless-Bluetooth-Smartwatch-Monitoring/dp/B0BY2NN719/ref=zg_bs_g_5605728031_d_sccl_17/258-6888058-4683712?psc=1,India,
Reviewed in India on 13 January 2025,amzn1.account.AEX4WTLLYM4MSBAIHVZWQTJM5RHA,https://www.amazon.in/gp/profile/amzn1.account.AEX4WTLLYM4MSBAIHVZWQTJM5RHA/ref=cm_cr_othr_d_gw_tr?ie=UTF8,4,Product is good,R3ECWUO8GNYL8X,https://www.amazon.in/gp/customer-reviews/R3ECWUO8GNYL8X/ref=cm_cr_othr_d_rvw_ttl?ie=UTF8&ASIN=B0BY2NN719,,The product is good and it is useful to track the steps,True,False,[],2025-01-13,44,"Style Name: Phoenix Ultra, Colour: Gold SS","[{'key': 'Style Name', 'value': 'Phoenix Ultra'}, {'key': 'Colour', 'value': 'Gold SS'}]",,,https://www.amazon.in/product-reviews/B0BY2NN719?pageNumber=6&filterByStar=all_stars&sortBy=helpful&formatType=all_formats&asin=B0BY2NN719&reftag=cm_cr_arp_d_paging_btm_next_6&scope=reviewsAjax0,allStars,,B0BY2NN719,B0BY2NN719,B0BY2NN719,"{'price': None, 'listPrice': None}",https://www.amazon.in//Fire-Boltt-Stainless-Bluetooth-Smartwatch-Monitoring/dp/B0BY2NN719/ref=zg_bs_g_5605728031_d_sccl_17/258-6888058-4683712?psc=1,India,
Reviewed in India on 16 January 2025,amzn1.account.AFXSQRNXMPNGGTX63YJZC65FYQMQ,https://www.amazon.in/gp/profile/amzn1.account.AFXSQRNXMPNGGTX63YJZC65FYQMQ/ref=cm_cr_othr_d_gw_tr?ie=UTF8,4,LADIES SMART WATCH,RG6NB1101KVPZ,https://www.amazon.in/gp/customer-reviews/RG6NB1101KVPZ/ref=cm_cr_othr_d_rvw_ttl?ie=UTF8&ASIN=B0BY2NN719,,LOOK GREAT. STYLE GOOD. BODY BUILD SUPER. BEST FOR ALL ROUND USE,True,False,[],2025-01-16,45,"Style Name: Pheonix, Colour: Black","[{'key': 'Style Name', 'value': 'Pheonix'}, {'key': 'Colour', 'value': 'Black'}]",,,https://www.amazon.in/product-reviews/B0BY2NN719?pageNumber=6&filterByStar=all_stars&sortBy=helpful&formatType=all_formats&asin=B0BY2NN719&reftag=cm_cr_arp_d_paging_btm_next_6&scope=reviewsAjax0,allStars,,B0BY2NN719,B0BY2NN719,B0BY2NN719,"{'price': None, 'listPrice': None}",https://www.amazon.in//Fire-Boltt-Stainless-Bluetooth-Smartwatch-Monitoring/dp/B0BY2NN719/ref=zg_bs_g_5605728031_d_sccl_17/258-6888058-4683712?psc=1,India,
Reviewed in India on 16 January 2025,amzn1.account.AGNRMUBYDCRL56SG6T6ZHAEJWPTQ,https://www.amazon.in/gp/profile/amzn1.account.AGNRMUBYDCRL56SG6T6ZHAEJWPTQ/ref=cm_cr_othr_d_gw_tr?ie=UTF8,4,It's up to the expressions,R2K7EL82X4YWYG,https://www.amazon.in/gp/customer-reviews/R2K7EL82X4YWYG/ref=cm_cr_othr_d_rvw_ttl?ie=UTF8&ASIN=B0BY2NN719,,"Nice product, touch could have been better.",True,False,[],2025-01-16,46,"Style Name: Phoenix Ultra, Colour: Gold SS","[{'key': 'Style Name', 'value': 'Phoenix Ultra'}, {'key': 'Colour', 'value': 'Gold SS'}]",,,https://www.amazon.in/product-reviews/B0BY2NN719?pageNumber=6&filterByStar=all_stars&sortBy=helpful&formatType=all_formats&asin=B0BY2NN719&reftag=cm_cr_arp_d_paging_btm_next_6&scope=reviewsAjax0,allStars,,B0BY2NN719,B0BY2NN719,B0BY2NN719,"{'price': None, 'listPrice': None}",https://www.amazon.in//Fire-Boltt-Stainless-Bluetooth-Smartwatch-Monitoring/dp/B0BY2NN719/ref=zg_bs_g_5605728031_d_sccl_17/258-6888058-4683712?psc=1,India,
Reviewed in India on 10 January 2025,amzn1.account.AGZOWB6ZQH2HHQ6SV43PH25UY3KQ,https://www.amazon.in/gp/profile/amzn1.account.AGZOWB6ZQH2HHQ6SV43PH25UY3KQ/ref=cm_cr_othr_d_gw_tr?ie=UTF8,4,Good Look,R26QKZC2NRQM46,https://www.amazon.in/gp/customer-reviews/R26QKZC2NRQM46/ref=cm_cr_othr_d_rvw_ttl?ie=UTF8&ASIN=B0BY2NN719,,The product is very good looking and up to the expected quality for the budget,True,False,[],2025-01-10,47,"Style Name: Phoenix Ultra, Colour: Dark Grey SS","[{'key': 'Style Name', 'value': 'Phoenix Ultra'}, {'key': 'Colour', 'value': 'Dark Grey SS'}]",,,https://www.amazon.in/product-reviews/B0BY2NN719?pageNumber=6&filterByStar=all_stars&sortBy=helpful&formatType=all_formats&asin=B0BY2NN719&reftag=cm_cr_arp_d_paging_btm_next_6&scope=reviewsAjax0,allStars,,B0BY2NN719,B0BY2NN719,B0BY2NN719,"{'price': None, 'listPrice': None}",https://www.amazon.in//Fire-Boltt-Stainless-Bluetooth-Smartwatch-Monitoring/dp/B0BY2NN719/ref=zg_bs_g_5605728031_d_sccl_17/258-6888058-4683712?psc=1,India,
Reviewed in India on 5 November 2024,amzn1.account.AGRLWIEF6OTIY3HBUUQOGQN26K6Q,https://www.amazon.in/gp/profile/amzn1.account.AGRLWIEF6OTIY3HBUUQOGQN26K6Q/ref=cm_cr_othr_d_gw_tr?ie=UTF8,4,"Looks good, still checking [Edit: Waste of money]",R1F6CNHEYVDIQ9,https://www.amazon.in/gp/customer-reviews/R1F6CNHEYVDIQ9/ref=cm_cr_othr_d_rvw_ttl?ie=UTF8&ASIN=B0BY2NN719,20 people found this helpful,"The watch looks good. It has a very strong magnetic grasp on the bracelet-styled metal straps. Way too strong, sometimes. The charging wire also has a strong magnetic grasp. The watch came with a 60% charge already. The back box has the app download QR code. I am still checking the software, but the build and look are good. Bluetooth button/icon not found on the watch but when searched on the phone through Bluetooth, it connected well. I tried calling facility and the sound was okay. Rest features still have to be checked though.EDIT: After 2 days of usage I got to know the following cons:1. Vibration very very low. You don't feel if not concentrating.2. Vibration+Ring option works as per its mood. Waste option.3. No Bluetooth icon in the menu. You would have to control from the phone app.4. If you move a little far from the phone, it asks for pairing again. Also, the app keeps beeping until you pair or get irritated.5. Speaker volume too low. Can't hear in crowd.6. Refund policy isn't there. Only after a long discussion with the Amazon Executive (he was nice), I got a refund but in Amazon Pay Balance only.Summary: Don't buy!",True,False,[],2024-11-05,48,"Style Name: Phoenix Ultra, Colour: Gold SS","[{'key': 'Style Name', 'value': 'Phoenix Ultra'}, {'key': 'Colour', 'value': 'Gold SS'}]",,,https://www.amazon.in/product-reviews/B0BY2NN719?pageNumber=6&filterByStar=all_stars&sortBy=helpful&formatType=all_formats&asin=B0BY2NN719&reftag=cm_cr_arp_d_paging_btm_next_6&scope=reviewsAjax0,allStars,,B0BY2NN719,B0BY2NN719,B0BY2NN719,"{'price': None, 'listPrice': None}",https://www.amazon.in//Fire-Boltt-Stainless-Bluetooth-Smartwatch-Monitoring/dp/B0BY2NN719/ref=zg_bs_g_5605728031_d_sccl_17/258-6888058-4683712?psc=1,India,
Reviewed in India on 16 January 2025,amzn1.account.AG3YQIXI3SFURVLJE5XHQ7P7VB6Q,https://www.amazon.in/gp/profile/amzn1.account.AG3YQIXI3SFURVLJE5XHQ7P7VB6Q/ref=cm_cr_othr_d_gw_tr?ie=UTF8,4,It’s a awesome product,R36Z1I4V6F8539,https://www.amazon.in/gp/customer-reviews/R36Z1I4V6F8539/ref=cm_cr_othr_d_rvw_ttl?ie=UTF8&ASIN=B0BY2NN719,,"Before this, also, I bought this product. It was also with friendly budget.",True,False,[],2025-01-16,33,"Style Name: Pheonix, Colour: Black","[{'key': 'Style Name', 'value': 'Pheonix'}, {'key': 'Colour', 'value': 'Black'}]",,,https://www.amazon.in/product-reviews/B0BY2NN719?pageNumber=5&filterByStar=all_stars&sortBy=helpful&formatType=all_formats&asin=B0BY2NN719&reftag=cm_cr_arp_d_paging_btm_next_5&scope=reviewsAjax0,allStars,,B0BY2NN719,B0BY2NN719,B0BY2NN719,"{'price': None, 'listPrice': None}",https://www.amazon.in//Fire-Boltt-Stainless-Bluetooth-Smartwatch-Monitoring/dp/B0BY2NN719/ref=zg_bs_g_5605728031_d_sccl_17/258-6888058-4683712?psc=1,India,
Reviewed in India on 17 January 2025,amzn1.account.AE3HBZPHTBJFYGMWFQQCEHYCBRNQ,https://www.amazon.in/gp/profile/amzn1.account.AE3HBZPHTBJFYGMWFQQCEHYCBRNQ/ref=cm_cr_othr_d_gw_tr?ie=UTF8,4,Health and very eisy to handle.,R3N33NZCWN5SZ8,https://www.amazon.in/gp/customer-reviews/R3N33NZCWN5SZ8/ref=cm_cr_othr_d_rvw_ttl?ie=UTF8&ASIN=B0BY2NN719,,It is eisy carry during exercise. It is great product for health monitor.,True,False,[],2025-01-17,34,"Style Name: Phoenix Ultra, Colour: Dark Grey SS","[{'key': 'Style Name', 'value': 'Phoenix Ultra'}, {'key': 'Colour', 'value': 'Dark Grey SS'}]",,,https://www.amazon.in/product-reviews/B0BY2NN719?pageNumber=5&filterByStar=all_stars&sortBy=helpful&formatType=all_formats&asin=B0BY2NN719&reftag=cm_cr_arp_d_paging_btm_next_5&scope=reviewsAjax0,allStars,,B0BY2NN719,B0BY2NN719,B0BY2NN719,"{'price': None, 'listPrice': None}",https://www.amazon.in//Fire-Boltt-Stainless-Bluetooth-Smartwatch-Monitoring/dp/B0BY2NN719/ref=zg_bs_g_5605728031_d_sccl_17/258-6888058-4683712?psc=1,India,
Reviewed in India on 21 January 2025,amzn1.account.AFUDMDFPHUNQUNVCER65G7AVHJAA,https://www.amazon.in/gp/profile/amzn1.account.AFUDMDFPHUNQUNVCER65G7AVHJAA/ref=cm_cr_othr_d_gw_tr?ie=UTF8,4,Nice😍😍❤️,R2482XYLXFHOUC,https://www.amazon.in/gp/customer-reviews/R2482XYLXFHOUC/ref=cm_cr_othr_d_rvw_ttl?ie=UTF8&ASIN=B0BY2NN719,,,True,False,['https://m.media-amazon.com/images/I/71BlaE55dXL._SY88.jpg'],2025-01-21,35,"Style Name: Pheonix, Colour: Black","[{'key': 'Style Name', 'value': 'Pheonix'}, {'key': 'Colour', 'value': 'Black'}]",,,https://www.amazon.in/product-reviews/B0BY2NN719?pageNumber=5&filterByStar=all_stars&sortBy=helpful&formatType=all_formats&asin=B0BY2NN719&reftag=cm_cr_arp_d_paging_btm_next_5&scope=reviewsAjax0,allStars,,B0BY2NN719,B0BY2NN719,B0BY2NN719,"{'price': None, 'listPrice': None}",https://www.amazon.in//Fire-Boltt-Stainless-Bluetooth-Smartwatch-Monitoring/dp/B0BY2NN719/ref=zg_bs_g_5605728031_d_sccl_17/258-6888058-4683712?psc=1,India,
Reviewed in India on 16 January 2025,amzn1.account.AFD42NYCX5PLWLQW42JB46EFWUVQ,https://www.amazon.in/gp/profile/amzn1.account.AFD42NYCX5PLWLQW42JB46EFWUVQ/ref=cm_cr_othr_d_gw_tr?ie=UTF8,4,Future of Smartwatch,R3KRLVSF91B6NT,https://www.amazon.in/gp/customer-reviews/R3KRLVSF91B6NT/ref=cm_cr_othr_d_rvw_ttl?ie=UTF8&ASIN=B0BY2NN719,,Best smartwatch to buy at this rangeIt is value for money smartwatch watch with aaosum future,True,False,['https://m.media-amazon.com/images/I/614qNK8WwnL._SY88.jpg'],2025-01-16,36,"Style Name: Phoenix Pro, Colour: Pro Black","[{'key': 'Style Name', 'value': 'Phoenix Pro'}, {'key': 'Colour', 'value': 'Pro Black'}]",,,https://www.amazon.in/product-reviews/B0BY2NN719?pageNumber=5&filterByStar=all_stars&sortBy=helpful&formatType=all_formats&asin=B0BY2NN719&reftag=cm_cr_arp_d_paging_btm_next_5&scope=reviewsAjax0,allStars,,B0BY2NN719,B0BY2NN719,B0BY2NN719,"{'price': None, 'listPrice': None}",https://www.amazon.in//Fire-Boltt-Stainless-Bluetooth-Smartwatch-Monitoring/dp/B0BY2NN719/ref=zg_bs_g_5605728031_d_sccl_17/258-6888058-4683712?psc=1,India,
Reviewed in India on 21 January 2025,amzn1.account.AHSBXAHYSIHK5LRR464VD6V4PNRQ,https://www.amazon.in/gp/profile/amzn1.account.AHSBXAHYSIHK5LRR464VD6V4PNRQ/ref=cm_cr_othr_d_gw_tr?ie=UTF8,4,Product Quality is good,R156ZLGLHCLE9Y,https://www.amazon.in/gp/customer-reviews/R156ZLGLHCLE9Y/ref=cm_cr_othr_d_rvw_ttl?ie=UTF8&ASIN=B0BY2NN719,,Quality is good and had a good functions.,True,False,[],2025-01-21,37,"Style Name: Phoenix Pro, Colour: Pro Black","[{'key': 'Style Name', 'value': 'Phoenix Pro'}, {'key': 'Colour', 'value': 'Pro Black'}]",,,https://www.amazon.in/product-reviews/B0BY2NN719?pageNumber=5&filterByStar=all_stars&sortBy=helpful&formatType=all_formats&asin=B0BY2NN719&reftag=cm_cr_arp_d_paging_btm_next_5&scope=reviewsAjax0,allStars,,B0BY2NN719,B0BY2NN719,B0BY2NN719,"{'price': None, 'listPrice': None}",https://www.amazon.in//Fire-Boltt-Stainless-Bluetooth-Smartwatch-Monitoring/dp/B0BY2NN719/ref=zg_bs_g_5605728031_d_sccl_17/258-6888058-4683712?psc=1,India,
Reviewed in India on 14 January 2025,amzn1.account.AGZD7JL6MGUTKIWC23MACPYDDSMA,https://www.amazon.in/gp/profile/amzn1.account.AGZD7JL6MGUTKIWC23MACPYDDSMA/ref=cm_cr_othr_d_gw_tr?ie=UTF8,4,A nice budget-friendly watch.,R24O2J2I8OAZKQ,https://www.amazon.in/gp/customer-reviews/R24O2J2I8OAZKQ/ref=cm_cr_othr_d_rvw_ttl?ie=UTF8&ASIN=B0BY2NN719,,"I bought two of the same products for us, and we are satisfied with them so far. Good build quality and functionality. Worth the money.",True,False,[],2025-01-14,38,"Style Name: Phoenix Ultra, Colour: Dark Grey SS","[{'key': 'Style Name', 'value': 'Phoenix Ultra'}, {'key': 'Colour', 'value': 'Dark Grey SS'}]",,,https://www.amazon.in/product-reviews/B0BY2NN719?pageNumber=5&filterByStar=all_stars&sortBy=helpful&formatType=all_formats&asin=B0BY2NN719&reftag=cm_cr_arp_d_paging_btm_next_5&scope=reviewsAjax0,allStars,,B0BY2NN719,B0BY2NN719,B0BY2NN719,"{'price': None, 'listPrice': None}",https://www.amazon.in//Fire-Boltt-Stainless-Bluetooth-Smartwatch-Monitoring/dp/B0BY2NN719/ref=zg_bs_g_5605728031_d_sccl_17/258-6888058-4683712?psc=1,India,
Reviewed in India on 21 January 2025,amzn1.account.AFQ3M453BMZW7ZIXNSCJ7J6HGYHQ,https://www.amazon.in/gp/profile/amzn1.account.AFQ3M453BMZW7ZIXNSCJ7J6HGYHQ/ref=cm_cr_othr_d_gw_tr?ie=UTF8,4,Good Product,R1RO0H0J9B3RZO,https://www.amazon.in/gp/customer-reviews/R1RO0H0J9B3RZO/ref=cm_cr_othr_d_rvw_ttl?ie=UTF8&ASIN=B0BY2NN719,,Nice quality,True,False,[],2025-01-21,39,"Style Name: Pheonix, Colour: Gold Pink","[{'key': 'Style Name', 'value': 'Pheonix'}, {'key': 'Colour', 'value': 'Gold Pink'}]",,,https://www.amazon.in/product-reviews/B0BY2NN719?pageNumber=5&filterByStar=all_stars&sortBy=helpful&formatType=all_formats&asin=B0BY2NN719&reftag=cm_cr_arp_d_paging_btm_next_5&scope=reviewsAjax0,allStars,,B0BY2NN719,B0BY2NN719,B0BY2NN719,"{'price': None, 'listPrice': None}",https://www.amazon.in//Fire-Boltt-Stainless-Bluetooth-Smartwatch-Monitoring/dp/B0BY2NN719/ref=zg_bs_g_5605728031_d_sccl_17/258-6888058-4683712?psc=1,India,
Reviewed in India on 13 January 2025,amzn1.account.AFUMWUXMDW4NTEXVB7UXBA7YHWBA,https://www.amazon.in/gp/profile/amzn1.account.AFUMWUXMDW4NTEXVB7UXBA7YHWBA/ref=cm_cr_othr_d_gw_tr?ie=UTF8,4,Good & Worthy,R20IDL81VWN5NY,https://www.amazon.in/gp/customer-reviews/R20IDL81VWN5NY/ref=cm_cr_othr_d_rvw_ttl?ie=UTF8&ASIN=B0BY2NN719,2 people found this helpful,The product is very good looking and up to the expected quality for the budget,True,False,['https://m.media-amazon.com/images/I/81GFj8WGhwL._SY88.jpg'],2025-01-13,40,"Style Name: Pheonix, Colour: Black","[{'key': 'Style Name', 'value': 'Pheonix'}, {'key': 'Colour', 'value': 'Black'}]",,,https://www.amazon.in/product-reviews/B0BY2NN719?pageNumber=5&filterByStar=all_stars&sortBy=helpful&formatType=all_formats&asin=B0BY2NN719&reftag=cm_cr_arp_d_paging_btm_next_5&scope=reviewsAjax0,allStars,,B0BY2NN719,B0BY2NN719,B0BY2NN719,"{'price': None, 'listPrice': None}",https://www.amazon.in//Fire-Boltt-Stainless-Bluetooth-Smartwatch-Monitoring/dp/B0BY2NN719/ref=zg_bs_g_5605728031_d_sccl_17/258-6888058-4683712?psc=1,India,
Reviewed in India on 30 January 2025,amzn1.account.AGB5LEGBHTJXBYTJI3NIBFP2NOAQ,https://www.amazon.in/gp/profile/amzn1.account.AGB5LEGBHTJXBYTJI3NIBFP2NOAQ/ref=cm_cr_othr_d_gw_tr?ie=UTF8,4,Good,R112W1ZEGSFZH5,https://www.amazon.in/gp/customer-reviews/R112W1ZEGSFZH5/ref=cm_cr_othr_d_rvw_ttl?ie=UTF8&ASIN=B0BY2NN719,,Good,True,False,[],2025-01-30,25,"Style Name: Pheonix, Colour: Gold Pink","[{'key': 'Style Name', 'value': 'Pheonix'}, {'key': 'Colour', 'value': 'Gold Pink'}]",,,https://www.amazon.in/product-reviews/B0BY2NN719?pageNumber=4&filterByStar=all_stars&sortBy=helpful&formatType=all_formats&asin=B0BY2NN719&reftag=cm_cr_arp_d_paging_btm_next_4&scope=reviewsAjax0,allStars,,B0BY2NN719,B0BY2NN719,B0BY2NN719,"{'price': None, 'listPrice': None}",https://www.amazon.in//Fire-Boltt-Stainless-Bluetooth-Smartwatch-Monitoring/dp/B0BY2NN719/ref=zg_bs_g_5605728031_d_sccl_17/258-6888058-4683712?psc=1,India,
Reviewed in India on 20 January 2025,amzn1.account.AHO2PZRXN6XE7QYKGFAJGPFOS4XQ,https://www.amazon.in/gp/profile/amzn1.account.AHO2PZRXN6XE7QYKGFAJGPFOS4XQ/ref=cm_cr_othr_d_gw_tr?ie=UTF8,4,Just purchased,R4PBHOGTUDO2P,https://www.amazon.in/gp/customer-reviews/R4PBHOGTUDO2P/ref=cm_cr_othr_d_rvw_ttl?ie=UTF8&ASIN=B0BY2NN719,,Hope worth the money,True,False,[],2025-01-20,26,"Style Name: Phoenix Ultra, Colour: Rainbow SS","[{'key': 'Style Name', 'value': 'Phoenix Ultra'}, {'key': 'Colour', 'value': 'Rainbow SS'}]",,,https://www.amazon.in/product-reviews/B0BY2NN719?pageNumber=4&filterByStar=all_stars&sortBy=helpful&formatType=all_formats&asin=B0BY2NN719&reftag=cm_cr_arp_d_paging_btm_next_4&scope=reviewsAjax0,allStars,,B0BY2NN719,B0BY2NN719,B0BY2NN719,"{'price': None, 'listPrice': None}",https://www.amazon.in//Fire-Boltt-Stainless-Bluetooth-Smartwatch-Monitoring/dp/B0BY2NN719/ref=zg_bs_g_5605728031_d_sccl_17/258-6888058-4683712?psc=1,India,
Reviewed in India on 24 January 2025,amzn1.account.AEVA6CXZRL56L4PJTBGERJUNVOZQ,https://www.amazon.in/gp/profile/amzn1.account.AEVA6CXZRL56L4PJTBGERJUNVOZQ/ref=cm_cr_othr_d_gw_tr?ie=UTF8,4,Good quality,R2WDE7G9Y06AT4,https://www.amazon.in/gp/customer-reviews/R2WDE7G9Y06AT4/ref=cm_cr_othr_d_rvw_ttl?ie=UTF8&ASIN=B0BY2NN719,,Nyc product in this range,True,False,[],2025-01-24,27,"Style Name: Phoenix Ultra, Colour: Rainbow SS","[{'key': 'Style Name', 'value': 'Phoenix Ultra'}, {'key': 'Colour', 'value': 'Rainbow SS'}]",,,https://www.amazon.in/product-reviews/B0BY2NN719?pageNumber=4&filterByStar=all_stars&sortBy=helpful&formatType=all_formats&asin=B0BY2NN719&reftag=cm_cr_arp_d_paging_btm_next_4&scope=reviewsAjax0,allStars,,B0BY2NN719,B0BY2NN719,B0BY2NN719,"{'price': None, 'listPrice': None}",https://www.amazon.in//Fire-Boltt-Stainless-Bluetooth-Smartwatch-Monitoring/dp/B0BY2NN719/ref=zg_bs_g_5605728031_d_sccl_17/258-6888058-4683712?psc=1,India,
Reviewed in India on 11 January 2025,amzn1.account.AGYCFYSXD5GIF76WHCIIYBGMK4QQ,https://www.amazon.in/gp/profile/amzn1.account.AGYCFYSXD5GIF76WHCIIYBGMK4QQ/ref=cm_cr_othr_d_gw_tr?ie=UTF8,4,Value for money,R2HHLJE5KCORCN,https://www.amazon.in/gp/customer-reviews/R2HHLJE5KCORCN/ref=cm_cr_othr_d_rvw_ttl?ie=UTF8&ASIN=B0BY2NN719,,The product is too good. Battery backup is goodSensors accuracy rating is good. Value for the money.,True,False,['https://m.media-amazon.com/images/I/71l7Q8KES8L._SY88.jpg'],2025-01-11,28,"Style Name: Phoenix Pro, Colour: Pro Black","[{'key': 'Style Name', 'value': 'Phoenix Pro'}, {'key': 'Colour', 'value': 'Pro Black'}]",,,https://www.amazon.in/product-reviews/B0BY2NN719?pageNumber=4&filterByStar=all_stars&sortBy=helpful&formatType=all_formats&asin=B0BY2NN719&reftag=cm_cr_arp_d_paging_btm_next_4&scope=reviewsAjax0,allStars,,B0BY2NN719,B0BY2NN719,B0BY2NN719,"{'price': None, 'listPrice': None}",https://www.amazon.in//Fire-Boltt-Stainless-Bluetooth-Smartwatch-Monitoring/dp/B0BY2NN719/ref=zg_bs_g_5605728031_d_sccl_17/258-6888058-4683712?psc=1,India,
Reviewed in India on 24 January 2025,amzn1.account.AEMYQMLZI4UJEIY3OE5WJ6LFQ5GA,https://www.amazon.in/gp/profile/amzn1.account.AEMYQMLZI4UJEIY3OE5WJ6LFQ5GA/ref=cm_cr_othr_d_gw_tr?ie=UTF8,4,Mast,R3UUQRTD32X4G3,https://www.amazon.in/gp/customer-reviews/R3UUQRTD32X4G3/ref=cm_cr_othr_d_rvw_ttl?ie=UTF8&ASIN=B0BY2NN719,,Achi he,True,False,[],2025-01-24,29,"Style Name: Phoenix Pro, Colour: Pro Pink","[{'key': 'Style Name', 'value': 'Phoenix Pro'}, {'key': 'Colour', 'value': 'Pro Pink'}]",,,https://www.amazon.in/product-reviews/B0BY2NN719?pageNumber=4&filterByStar=all_stars&sortBy=helpful&formatType=all_formats&asin=B0BY2NN719&reftag=cm_cr_arp_d_paging_btm_next_4&scope=reviewsAjax0,allStars,,B0BY2NN719,B0BY2NN719,B0BY2NN719,"{'price': None, 'listPrice': None}",https://www.amazon.in//Fire-Boltt-Stainless-Bluetooth-Smartwatch-Monitoring/dp/B0BY2NN719/ref=zg_bs_g_5605728031_d_sccl_17/258-6888058-4683712?psc=1,India,
Reviewed in India on 17 January 2025,amzn1.account.AEAXM52RGV5EGGWMNAPNODINDGPQ,https://www.amazon.in/gp/profile/amzn1.account.AEAXM52RGV5EGGWMNAPNODINDGPQ/ref=cm_cr_othr_d_gw_tr?ie=UTF8,4,Stylish good product,R1BJGVRTLXCKMX,https://www.amazon.in/gp/customer-reviews/R1BJGVRTLXCKMX/ref=cm_cr_othr_d_rvw_ttl?ie=UTF8&ASIN=B0BY2NN719,,"Watch looks good, List of options good,UI  experience expected more.",True,False,[],2025-01-17,30,"Style Name: Phoenix Pro, Colour: Pro Grey","[{'key': 'Style Name', 'value': 'Phoenix Pro'}, {'key': 'Colour', 'value': 'Pro Grey'}]",,,https://www.amazon.in/product-reviews/B0BY2NN719?pageNumber=4&filterByStar=all_stars&sortBy=helpful&formatType=all_formats&asin=B0BY2NN719&reftag=cm_cr_arp_d_paging_btm_next_4&scope=reviewsAjax0,allStars,,B0BY2NN719,B0BY2NN719,B0BY2NN719,"{'price': None, 'listPrice': None}",https://www.amazon.in//Fire-Boltt-Stainless-Bluetooth-Smartwatch-Monitoring/dp/B0BY2NN719/ref=zg_bs_g_5605728031_d_sccl_17/258-6888058-4683712?psc=1,India,
Reviewed in India on 7 January 2025,amzn1.account.AGJ4VWTU4MUMAHEWWTXHEOCYOQYA,https://www.amazon.in/gp/profile/amzn1.account.AGJ4VWTU4MUMAHEWWTXHEOCYOQYA/ref=cm_cr_othr_d_gw_tr?ie=UTF8,4,Premium design,R35XGOLXIT889G,https://www.amazon.in/gp/customer-reviews/R35XGOLXIT889G/ref=cm_cr_othr_d_rvw_ttl?ie=UTF8&ASIN=B0BY2NN719,,The build quality is very goodIt's design looks premiumBut only one thing that the display of this watch is not that much good and it has a thick BaselOverall in this price range you can go for it,True,False,[],2025-01-07,31,"Style Name: Phoenix Ultra, Colour: Dark Grey SS","[{'key': 'Style Name', 'value': 'Phoenix Ultra'}, {'key': 'Colour', 'value': 'Dark Grey SS'}]",,,https://www.amazon.in/product-reviews/B0BY2NN719?pageNumber=4&filterByStar=all_stars&sortBy=helpful&formatType=all_formats&asin=B0BY2NN719&reftag=cm_cr_arp_d_paging_btm_next_4&scope=reviewsAjax0,allStars,,B0BY2NN719,B0BY2NN719,B0BY2NN719,"{'price': None, 'listPrice': None}",https://www.amazon.in//Fire-Boltt-Stainless-Bluetooth-Smartwatch-Monitoring/dp/B0BY2NN719/ref=zg_bs_g_5605728031_d_sccl_17/258-6888058-4683712?psc=1,India,
Reviewed in India on 24 January 2025,amzn1.account.AGUF4BJPKOOYZGWEHGX6J6Y6VSOQ,https://www.amazon.in/gp/profile/amzn1.account.AGUF4BJPKOOYZGWEHGX6J6Y6VSOQ/ref=cm_cr_othr_d_gw_tr?ie=UTF8,4,The magnet came off,R30GIA9NADANND,https://www.amazon.in/gp/customer-reviews/R30GIA9NADANND/ref=cm_cr_othr_d_rvw_ttl?ie=UTF8&ASIN=B0BY2NN719,,Build quality is good but there is no 120 sport apps but I have phoenix ultra and the magenet came off,True,False,[],2025-01-24,32,"Style Name: Phoenix Ultra, Colour: Dark Grey SS","[{'key': 'Style Name', 'value': 'Phoenix Ultra'}, {'key': 'Colour', 'value': 'Dark Grey SS'}]",,,https://www.amazon.in/product-reviews/B0BY2NN719?pageNumber=4&filterByStar=all_stars&sortBy=helpful&formatType=all_formats&asin=B0BY2NN719&reftag=cm_cr_arp_d_paging_btm_next_4&scope=reviewsAjax0,allStars,,B0BY2NN719,B0BY2NN719,B0BY2NN719,"{'price': None, 'listPrice': None}",https://www.amazon.in//Fire-Boltt-Stainless-Bluetooth-Smartwatch-Monitoring/dp/B0BY2NN719/ref=zg_bs_g_5605728031_d_sccl_17/258-6888058-4683712?psc=1,India,
Reviewed in India on 30 December 2024,amzn1.account.AFL3OJTIXDYWFOQQZOZIA4N37S2A,https://www.amazon.in/gp/profile/amzn1.account.AFL3OJTIXDYWFOQQZOZIA4N37S2A/ref=cm_cr_othr_d_gw_tr?ie=UTF8,4,Great  watch,R1IEB998HEHUH4,https://www.amazon.in/gp/customer-reviews/R1IEB998HEHUH4/ref=cm_cr_othr_d_rvw_ttl?ie=UTF8&ASIN=B0BY2NN719,,super feature at affordable priceStraps are easy to remove and change it,True,False,['https://m.media-amazon.com/images/I/71kKcKCcFJL._SY88.jpg'],2024-12-30,65,"Style Name: Phoenix Ultra, Colour: Rainbow SS","[{'key': 'Style Name', 'value': 'Phoenix Ultra'}, {'key': 'Colour', 'value': 'Rainbow SS'}]",,,https://www.amazon.in/product-reviews/B0BY2NN719?pageNumber=9&filterByStar=all_stars&sortBy=helpful&formatType=all_formats&asin=B0BY2NN719&reftag=cm_cr_arp_d_paging_btm_next_9&scope=reviewsAjax0,allStars,,B0BY2NN719,B0BY2NN719,B0BY2NN719,"{'price': None, 'listPrice': None}",https://www.amazon.in//Fire-Boltt-Stainless-Bluetooth-Smartwatch-Monitoring/dp/B0BY2NN719/ref=zg_bs_g_5605728031_d_sccl_17/258-6888058-4683712?psc=1,India,
Reviewed in India on 2 January 2025,amzn1.account.AFQVZBLOA7XMFOADIPUSK36QL7QA,https://www.amazon.in/gp/profile/amzn1.account.AFQVZBLOA7XMFOADIPUSK36QL7QA/ref=cm_cr_othr_d_gw_tr?ie=UTF8,4,Multiple features at this price,RLSVE0GONKUCY,https://www.amazon.in/gp/customer-reviews/RLSVE0GONKUCY/ref=cm_cr_othr_d_rvw_ttl?ie=UTF8&ASIN=B0BY2NN719,One person found this helpful,"The look, feel, battery life and multiple features of this watch are very good. Although it gives wrong step counts so its a little disappointing, also its non returnable so i will suggest do your research thoroughly before buying.",True,False,['https://m.media-amazon.com/images/I/61qN1SPNJlL._SY88.jpg'],2025-01-02,66,"Style Name: Phoenix Pro, Colour: Pro Black","[{'key': 'Style Name', 'value': 'Phoenix Pro'}, {'key': 'Colour', 'value': 'Pro Black'}]",,,https://www.amazon.in/product-reviews/B0BY2NN719?pageNumber=9&filterByStar=all_stars&sortBy=helpful&formatType=all_formats&asin=B0BY2NN719&reftag=cm_cr_arp_d_paging_btm_next_9&scope=reviewsAjax0,allStars,,B0BY2NN719,B0BY2NN719,B0BY2NN719,"{'price': None, 'listPrice': None}",https://www.amazon.in//Fire-Boltt-Stainless-Bluetooth-Smartwatch-Monitoring/dp/B0BY2NN719/ref=zg_bs_g_5605728031_d_sccl_17/258-6888058-4683712?psc=1,India,
Reviewed in India on 2 January 2025,amzn1.account.AE42TIXATUQDPJHF5S2XJ42FYJXQ,https://www.amazon.in/gp/profile/amzn1.account.AE42TIXATUQDPJHF5S2XJ42FYJXQ/ref=cm_cr_othr_d_gw_tr?ie=UTF8,4,My review,R3G74CD99IDG7I,https://www.amazon.in/gp/customer-reviews/R3G74CD99IDG7I/ref=cm_cr_othr_d_rvw_ttl?ie=UTF8&ASIN=B0BY2NN719,,"I do like this smartwatch! It has so many features, many modes and longer battery life... Best in budget too!",True,False,[],2025-01-02,67,"Style Name: Phoenix Pro, Colour: Pro Black","[{'key': 'Style Name', 'value': 'Phoenix Pro'}, {'key': 'Colour', 'value': 'Pro Black'}]",,,https://www.amazon.in/product-reviews/B0BY2NN719?pageNumber=9&filterByStar=all_stars&sortBy=helpful&formatType=all_formats&asin=B0BY2NN719&reftag=cm_cr_arp_d_paging_btm_next_9&scope=reviewsAjax0,allStars,,B0BY2NN719,B0BY2NN719,B0BY2NN719,"{'price': None, 'listPrice': None}",https://www.amazon.in//Fire-Boltt-Stainless-Bluetooth-Smartwatch-Monitoring/dp/B0BY2NN719/ref=zg_bs_g_5605728031_d_sccl_17/258-6888058-4683712?psc=1,India,
Reviewed in India on 18 January 2025,amzn1.account.AEEMQKEKRPOTJHXTDYW2Q3BH3ZWQ,https://www.amazon.in/gp/profile/amzn1.account.AEEMQKEKRPOTJHXTDYW2Q3BH3ZWQ/ref=cm_cr_othr_d_gw_tr?ie=UTF8,4,Good,RSOVXOHNAL0NH,https://www.amazon.in/gp/customer-reviews/RSOVXOHNAL0NH/ref=cm_cr_othr_d_rvw_ttl?ie=UTF8&ASIN=B0BY2NN719,,Good experience,True,False,[],2025-01-18,68,"Style Name: Pheonix, Colour: Gold Pink","[{'key': 'Style Name', 'value': 'Pheonix'}, {'key': 'Colour', 'value': 'Gold Pink'}]",,,https://www.amazon.in/product-reviews/B0BY2NN719?pageNumber=9&filterByStar=all_stars&sortBy=helpful&formatType=all_formats&asin=B0BY2NN719&reftag=cm_cr_arp_d_paging_btm_next_9&scope=reviewsAjax0,allStars,,B0BY2NN719,B0BY2NN719,B0BY2NN719,"{'price': None, 'listPrice': None}",https://www.amazon.in//Fire-Boltt-Stainless-Bluetooth-Smartwatch-Monitoring/dp/B0BY2NN719/ref=zg_bs_g_5605728031_d_sccl_17/258-6888058-4683712?psc=1,India,
Reviewed in India on 8 January 2025,amzn1.account.AHG6UHJX7YF6IUUSGGSME5JRYDVA,https://www.amazon.in/gp/profile/amzn1.account.AHG6UHJX7YF6IUUSGGSME5JRYDVA/ref=cm_cr_othr_d_gw_tr?ie=UTF8,4,Best in segment,R212ZFVHFVBFBY,https://www.amazon.in/gp/customer-reviews/R212ZFVHFVBFBY/ref=cm_cr_othr_d_rvw_ttl?ie=UTF8&ASIN=B0BY2NN719,,The watch has nice feature at this price point,True,False,[],2025-01-08,69,"Style Name: Pheonix, Colour: Silver Grey","[{'key': 'Style Name', 'value': 'Pheonix'}, {'key': 'Colour', 'value': 'Silver Grey'}]",,,https://www.amazon.in/product-reviews/B0BY2NN719?pageNumber=9&filterByStar=all_stars&sortBy=helpful&formatType=all_formats&asin=B0BY2NN719&reftag=cm_cr_arp_d_paging_btm_next_9&scope=reviewsAjax0,allStars,,B0BY2NN719,B0BY2NN719,B0BY2NN719,"{'price': None, 'listPrice': None}",https://www.amazon.in//Fire-Boltt-Stainless-Bluetooth-Smartwatch-Monitoring/dp/B0BY2NN719/ref=zg_bs_g_5605728031_d_sccl_17/258-6888058-4683712?psc=1,India,
Reviewed in India on 9 January 2025,amzn1.account.AEIYR6V7ITY4M4TEUE6AALQYHPXQ,https://www.amazon.in/gp/profile/amzn1.account.AEIYR6V7ITY4M4TEUE6AALQYHPXQ/ref=cm_cr_othr_d_gw_tr?ie=UTF8,4,Good product in low price,R20HTD4HB0EA3V,https://www.amazon.in/gp/customer-reviews/R20HTD4HB0EA3V/ref=cm_cr_othr_d_rvw_ttl?ie=UTF8&ASIN=B0BY2NN719,,Luck is good to see,True,False,['https://m.media-amazon.com/images/I/71yGmP1dWkL._SY88.jpg'],2025-01-09,70,"Style Name: Pheonix, Colour: Gold Pink","[{'key': 'Style Name', 'value': 'Pheonix'}, {'key': 'Colour', 'value': 'Gold Pink'}]",,,https://www.amazon.in/product-reviews/B0BY2NN719?pageNumber=9&filterByStar=all_stars&sortBy=helpful&formatType=all_formats&asin=B0BY2NN719&reftag=cm_cr_arp_d_paging_btm_next_9&scope=reviewsAjax0,allStars,,B0BY2NN719,B0BY2NN719,B0BY2NN719,"{'price': None, 'listPrice': None}",https://www.amazon.in//Fire-Boltt-Stainless-Bluetooth-Smartwatch-Monitoring/dp/B0BY2NN719/ref=zg_bs_g_5605728031_d_sccl_17/258-6888058-4683712?psc=1,India,
Reviewed in India on 28 December 2024,amzn1.account.AESZJ7Q2KQXHBM5DD3RA7GRKZGKA,https://www.amazon.in/gp/profile/amzn1.account.AESZJ7Q2KQXHBM5DD3RA7GRKZGKA/ref=cm_cr_othr_d_gw_tr?ie=UTF8,4,Review for gold watch,R2LQ5OV1XSP2DY,https://www.amazon.in/gp/customer-reviews/R2LQ5OV1XSP2DY/ref=cm_cr_othr_d_rvw_ttl?ie=UTF8&ASIN=B0BY2NN719,,Got exactly what I orderedIts very good looking . And also working properly,True,False,"['https://m.media-amazon.com/images/I/61Jq4L24kuL._SY88.jpg', 'https://m.media-amazon.com/images/I/61WuhTAUtxL._SY88.jpg']",2024-12-28,71,"Style Name: Phoenix Ultra, Colour: Gold SS","[{'key': 'Style Name', 'value': 'Phoenix Ultra'}, {'key': 'Colour', 'value': 'Gold SS'}]",,,https://www.amazon.in/product-reviews/B0BY2NN719?pageNumber=9&filterByStar=all_stars&sortBy=helpful&formatType=all_formats&asin=B0BY2NN719&reftag=cm_cr_arp_d_paging_btm_next_9&scope=reviewsAjax0,allStars,,B0BY2NN719,B0BY2NN719,B0BY2NN719,"{'price': None, 'listPrice': None}",https://www.amazon.in//Fire-Boltt-Stainless-Bluetooth-Smartwatch-Monitoring/dp/B0BY2NN719/ref=zg_bs_g_5605728031_d_sccl_17/258-6888058-4683712?psc=1,India,
Reviewed in India on 13 January 2025,amzn1.account.AGJTXK5WRNVKEBHUDISPCAE6FFLQ,https://www.amazon.in/gp/profile/amzn1.account.AGJTXK5WRNVKEBHUDISPCAE6FFLQ/ref=cm_cr_othr_d_gw_tr?ie=UTF8,4,Quality product,R1AUP48TFI03C,https://www.amazon.in/gp/customer-reviews/R1AUP48TFI03C/ref=cm_cr_othr_d_rvw_ttl?ie=UTF8&ASIN=B0BY2NN719,,This watch us very functionality battrey life notification bluetooth connectivity good.,True,False,[],2025-01-13,72,"Style Name: Phoenix Pro, Colour: Pro Black","[{'key': 'Style Name', 'value': 'Phoenix Pro'}, {'key': 'Colour', 'value': 'Pro Black'}]",,,https://www.amazon.in/product-reviews/B0BY2NN719?pageNumber=9&filterByStar=all_stars&sortBy=helpful&formatType=all_formats&asin=B0BY2NN719&reftag=cm_cr_arp_d_paging_btm_next_9&scope=reviewsAjax0,allStars,,B0BY2NN719,B0BY2NN719,B0BY2NN719,"{'price': None, 'listPrice': None}",https://www.amazon.in//Fire-Boltt-Stainless-Bluetooth-Smartwatch-Monitoring/dp/B0BY2NN719/ref=zg_bs_g_5605728031_d_sccl_17/258-6888058-4683712?psc=1,India,
Reviewed in India on 22 January 2025,amzn1.account.AHWVPB7QRG54MCNPPFL27TKFM65A,https://www.amazon.in/gp/profile/amzn1.account.AHWVPB7QRG54MCNPPFL27TKFM65A/ref=cm_cr_othr_d_gw_tr?ie=UTF8,4,Good smart watch within budget,RKL5EKXRQLIJI,https://www.amazon.in/gp/customer-reviews/RKL5EKXRQLIJI/ref=cm_cr_othr_d_rvw_ttl?ie=UTF8&ASIN=B0BY2NN719,,The product looks and functions as described in the manual... Easy installation & Looks fine!Will have to check the performance after 1 or 2 months. Overall a decent product,True,False,['https://m.media-amazon.com/images/I/619Y4WLxk+L._SY88.jpg'],2025-01-22,17,"Style Name: Phoenix Pro, Colour: Pro Black","[{'key': 'Style Name', 'value': 'Phoenix Pro'}, {'key': 'Colour', 'value': 'Pro Black'}]",,,https://www.amazon.in/product-reviews/B0BY2NN719?pageNumber=3&filterByStar=all_stars&sortBy=helpful&formatType=all_formats&asin=B0BY2NN719&reftag=cm_cr_arp_d_paging_btm_next_3&scope=reviewsAjax0,allStars,,B0BY2NN719,B0BY2NN719,B0BY2NN719,"{'price': None, 'listPrice': None}",https://www.amazon.in//Fire-Boltt-Stainless-Bluetooth-Smartwatch-Monitoring/dp/B0BY2NN719/ref=zg_bs_g_5605728031_d_sccl_17/258-6888058-4683712?psc=1,India,
Reviewed in India on 27 January 2025,amzn1.account.AEDCK5HAN7JDR4EUJMXR5ZTTAV5A,https://www.amazon.in/gp/profile/amzn1.account.AEDCK5HAN7JDR4EUJMXR5ZTTAV5A/ref=cm_cr_othr_d_gw_tr?ie=UTF8,4,Product quality,R1NQE2HB2T8D8V,https://www.amazon.in/gp/customer-reviews/R1NQE2HB2T8D8V/ref=cm_cr_othr_d_rvw_ttl?ie=UTF8&ASIN=B0BY2NN719,,"Good quality product , good build quality overall good product",True,False,[],2025-01-27,18,"Style Name: Phoenix Pro, Colour: Pro Grey","[{'key': 'Style Name', 'value': 'Phoenix Pro'}, {'key': 'Colour', 'value': 'Pro Grey'}]",,,https://www.amazon.in/product-reviews/B0BY2NN719?pageNumber=3&filterByStar=all_stars&sortBy=helpful&formatType=all_formats&asin=B0BY2NN719&reftag=cm_cr_arp_d_paging_btm_next_3&scope=reviewsAjax0,allStars,,B0BY2NN719,B0BY2NN719,B0BY2NN719,"{'price': None, 'listPrice': None}",https://www.amazon.in//Fire-Boltt-Stainless-Bluetooth-Smartwatch-Monitoring/dp/B0BY2NN719/ref=zg_bs_g_5605728031_d_sccl_17/258-6888058-4683712?psc=1,India,
Reviewed in India on 27 January 2025,amzn1.account.AHEOCFMJFYUOHB3KDJU26M5WC3CA,https://www.amazon.in/gp/profile/amzn1.account.AHEOCFMJFYUOHB3KDJU26M5WC3CA/ref=cm_cr_othr_d_gw_tr?ie=UTF8,4,Very good product,R1SHGI3KJXN1KB,https://www.amazon.in/gp/customer-reviews/R1SHGI3KJXN1KB/ref=cm_cr_othr_d_rvw_ttl?ie=UTF8&ASIN=B0BY2NN719,,"Good to use and wearing is comfortable, battery is good",True,False,[],2025-01-27,19,"Style Name: Phoenix Pro, Colour: Pro Black","[{'key': 'Style Name', 'value': 'Phoenix Pro'}, {'key': 'Colour', 'value': 'Pro Black'}]",,,https://www.amazon.in/product-reviews/B0BY2NN719?pageNumber=3&filterByStar=all_stars&sortBy=helpful&formatType=all_formats&asin=B0BY2NN719&reftag=cm_cr_arp_d_paging_btm_next_3&scope=reviewsAjax0,allStars,,B0BY2NN719,B0BY2NN719,B0BY2NN719,"{'price': None, 'listPrice': None}",https://www.amazon.in//Fire-Boltt-Stainless-Bluetooth-Smartwatch-Monitoring/dp/B0BY2NN719/ref=zg_bs_g_5605728031_d_sccl_17/258-6888058-4683712?psc=1,India,
Reviewed in India on 30 January 2025,amzn1.account.AHIRJPKIX3KLHM7LOUAXMA5SIK3A,https://www.amazon.in/gp/profile/amzn1.account.AHIRJPKIX3KLHM7LOUAXMA5SIK3A/ref=cm_cr_othr_d_gw_tr?ie=UTF8,4,Fire Bolt Battery,R2E2XCU8K0774N,https://www.amazon.in/gp/customer-reviews/R2E2XCU8K0774N/ref=cm_cr_othr_d_rvw_ttl?ie=UTF8&ASIN=B0BY2NN719,,"Quality, Battery life was good",True,False,[],2025-01-30,20,"Style Name: Phoenix Pro, Colour: Pro Black","[{'key': 'Style Name', 'value': 'Phoenix Pro'}, {'key': 'Colour', 'value': 'Pro Black'}]",,,https://www.amazon.in/product-reviews/B0BY2NN719?pageNumber=3&filterByStar=all_stars&sortBy=helpful&formatType=all_formats&asin=B0BY2NN719&reftag=cm_cr_arp_d_paging_btm_next_3&scope=reviewsAjax0,allStars,,B0BY2NN719,B0BY2NN719,B0BY2NN719,"{'price': None, 'listPrice': None}",https://www.amazon.in//Fire-Boltt-Stainless-Bluetooth-Smartwatch-Monitoring/dp/B0BY2NN719/ref=zg_bs_g_5605728031_d_sccl_17/258-6888058-4683712?psc=1,India,
Reviewed in India on 22 January 2025,amzn1.account.AEBHEZEEIPNRK5TVN3VGQZD7E4EQ,https://www.amazon.in/gp/profile/amzn1.account.AEBHEZEEIPNRK5TVN3VGQZD7E4EQ/ref=cm_cr_othr_d_gw_tr?ie=UTF8,4,Display quality is good,RKGXPDCV8I55M,https://www.amazon.in/gp/customer-reviews/RKGXPDCV8I55M/ref=cm_cr_othr_d_rvw_ttl?ie=UTF8&ASIN=B0BY2NN719,,Watch is good but the charger durability is lowAnd all about the watch is good,True,False,['https://m.media-amazon.com/images/I/614cseR8qQL._SY88.jpg'],2025-01-22,21,"Style Name: Phoenix Pro, Colour: Pro Grey","[{'key': 'Style Name', 'value': 'Phoenix Pro'}, {'key': 'Colour', 'value': 'Pro Grey'}]",,,https://www.amazon.in/product-reviews/B0BY2NN719?pageNumber=3&filterByStar=all_stars&sortBy=helpful&formatType=all_formats&asin=B0BY2NN719&reftag=cm_cr_arp_d_paging_btm_next_3&scope=reviewsAjax0,allStars,,B0BY2NN719,B0BY2NN719,B0BY2NN719,"{'price': None, 'listPrice': None}",https://www.amazon.in//Fire-Boltt-Stainless-Bluetooth-Smartwatch-Monitoring/dp/B0BY2NN719/ref=zg_bs_g_5605728031_d_sccl_17/258-6888058-4683712?psc=1,India,
Reviewed in India on 29 January 2025,amzn1.account.AE7AYHDOL5XNNLA7VZSG4NKWRKUQ,https://www.amazon.in/gp/profile/amzn1.account.AE7AYHDOL5XNNLA7VZSG4NKWRKUQ/ref=cm_cr_othr_d_gw_tr?ie=UTF8,4,Product not ok,RUIIISW8YA8RJ,https://www.amazon.in/gp/customer-reviews/RUIIISW8YA8RJ/ref=cm_cr_othr_d_rvw_ttl?ie=UTF8&ASIN=B0BY2NN719,,Use full product,True,False,[],2025-01-29,22,"Style Name: Pheonix, Colour: Silver Grey","[{'key': 'Style Name', 'value': 'Pheonix'}, {'key': 'Colour', 'value': 'Silver Grey'}]",,,https://www.amazon.in/product-reviews/B0BY2NN719?pageNumber=3&filterByStar=all_stars&sortBy=helpful&formatType=all_formats&asin=B0BY2NN719&reftag=cm_cr_arp_d_paging_btm_next_3&scope=reviewsAjax0,allStars,,B0BY2NN719,B0BY2NN719,B0BY2NN719,"{'price': None, 'listPrice': None}",https://www.amazon.in//Fire-Boltt-Stainless-Bluetooth-Smartwatch-Monitoring/dp/B0BY2NN719/ref=zg_bs_g_5605728031_d_sccl_17/258-6888058-4683712?psc=1,India,
Reviewed in India on 28 January 2025,amzn1.account.AHXFLN4X7QJVFC5PRGXQAY6XKXSQ,https://www.amazon.in/gp/profile/amzn1.account.AHXFLN4X7QJVFC5PRGXQAY6XKXSQ/ref=cm_cr_othr_d_gw_tr?ie=UTF8,4,It's a reliable company,R302ZC3IEH8IVU,https://www.amazon.in/gp/customer-reviews/R302ZC3IEH8IVU/ref=cm_cr_othr_d_rvw_ttl?ie=UTF8&ASIN=B0BY2NN719,,It was really a good product,True,False,[],2025-01-28,23,"Style Name: Phoenix Pro, Colour: Pro Grey","[{'key': 'Style Name', 'value': 'Phoenix Pro'}, {'key': 'Colour', 'value': 'Pro Grey'}]",,,https://www.amazon.in/product-reviews/B0BY2NN719?pageNumber=3&filterByStar=all_stars&sortBy=helpful&formatType=all_formats&asin=B0BY2NN719&reftag=cm_cr_arp_d_paging_btm_next_3&scope=reviewsAjax0,allStars,,B0BY2NN719,B0BY2NN719,B0BY2NN719,"{'price': None, 'listPrice': None}",https://www.amazon.in//Fire-Boltt-Stainless-Bluetooth-Smartwatch-Monitoring/dp/B0BY2NN719/ref=zg_bs_g_5605728031_d_sccl_17/258-6888058-4683712?psc=1,India,
Reviewed in India on 22 January 2025,amzn1.account.AEUEX5JDDVTVLS6LLO775333U55A,https://www.amazon.in/gp/profile/amzn1.account.AEUEX5JDDVTVLS6LLO775333U55A/ref=cm_cr_othr_d_gw_tr?ie=UTF8,4,Delivery within 3 hrs.,R1PXE9NNUX3Y4B,https://www.amazon.in/gp/customer-reviews/R1PXE9NNUX3Y4B/ref=cm_cr_othr_d_rvw_ttl?ie=UTF8&ASIN=B0BY2NN719,,"What a great delivery,",True,False,[],2025-01-22,24,"Style Name: Phoenix Ultra, Colour: Gold SS","[{'key': 'Style Name', 'value': 'Phoenix Ultra'}, {'key': 'Colour', 'value': 'Gold SS'}]",,,https://www.amazon.in/product-reviews/B0BY2NN719?pageNumber=3&filterByStar=all_stars&sortBy=helpful&formatType=all_formats&asin=B0BY2NN719&reftag=cm_cr_arp_d_paging_btm_next_3&scope=reviewsAjax0,allStars,,B0BY2NN719,B0BY2NN719,B0BY2NN719,"{'price': None, 'listPrice': None}",https://www.amazon.in//Fire-Boltt-Stainless-Bluetooth-Smartwatch-Monitoring/dp/B0BY2NN719/ref=zg_bs_g_5605728031_d_sccl_17/258-6888058-4683712?psc=1,India,
Reviewed in India on 31 December 2024,amzn1.account.AGOAMT6EDXCKKGY6TCEQFAAVS7ZQ,https://www.amazon.in/gp/profile/amzn1.account.AGOAMT6EDXCKKGY6TCEQFAAVS7ZQ/ref=cm_cr_othr_d_gw_tr?ie=UTF8,4,Vibrant classy budget friendly watch,R2C5L5DZONM1QA,https://www.amazon.in/gp/customer-reviews/R2C5L5DZONM1QA/ref=cm_cr_othr_d_rvw_ttl?ie=UTF8&ASIN=B0BY2NN719,,"I liked the vibrant display the mostThe Fire-Boltt Phoenix Pro BSS 100 is a budget-friendly smartwatch that offers a decent range of features for its price. It boasts a sleek design with a round dial and a comfortable silicone strap. The 1.39-inch display is vibrant and responsive, making it easy to navigate the watch's interface.Features: * Bluetooth Calling: The standout feature is the ability to make and receive calls directly from the watch, which is convenient for those who want to keep their phone in their pocket. * Health Monitoring: It includes basic health tracking features like heart rate monitoring, blood pressure monitoring, and SpO2 monitoring. However, the accuracy of these sensors may vary. * Fitness Tracking: The watch offers 120+ sports modes, allowing you to track various activities. It also includes features like sedentary reminders and sleep tracking. * Other Features: It has other features like notifications for calls, messages, and social media, weather updates, music control, and a remote camera control.Pros: * Affordable price * Stylish design * Bluetooth calling functionality * Variety of sports modes * Decent battery lifeCons: * Accuracy of health sensors may not be the best * Some users have reported issues with the watch's software and connectivityOverall:The Fire-Boltt Phoenix Pro BSS 100 is a good option for those looking for a budget-friendly smartwatch with Bluetooth calling functionality. It offers a decent set of features and a comfortable design. However, it's important to note that the accuracy of its health sensors are not so perfect.",True,False,['https://m.media-amazon.com/images/I/71kA9h-OYLL._SY88.jpg'],2024-12-31,9,"Style Name: Phoenix Pro, Colour: Pro Black","[{'key': 'Style Name', 'value': 'Phoenix Pro'}, {'key': 'Colour', 'value': 'Pro Black'}]",,,https://www.amazon.in/product-reviews/B0BY2NN719?pageNumber=2&filterByStar=all_stars&sortBy=helpful&formatType=all_formats&asin=B0BY2NN719&reftag=cm_cr_arp_d_paging_btm_next_2&scope=reviewsAjax0,allStars,,B0BY2NN719,B0BY2NN719,B0BY2NN719,"{'price': None, 'listPrice': None}",https://www.amazon.in//Fire-Boltt-Stainless-Bluetooth-Smartwatch-Monitoring/dp/B0BY2NN719/ref=zg_bs_g_5605728031_d_sccl_17/258-6888058-4683712?psc=1,India,
Reviewed in India on 6 January 2025,amzn1.account.AGM44GYQ5MORTWSZVZ3FQ3AHGTBA,https://www.amazon.in/gp/profile/amzn1.account.AGM44GYQ5MORTWSZVZ3FQ3AHGTBA/ref=cm_cr_othr_d_gw_tr?ie=UTF8,4,Good one,R2FGP5I6Q71SGZ,https://www.amazon.in/gp/customer-reviews/R2FGP5I6Q71SGZ/ref=cm_cr_othr_d_rvw_ttl?ie=UTF8&ASIN=B0BY2NN719,One person found this helpful,"I've been using the Fireboltt Phoenix Pro Smartwatch for a while now, and overall, it's a solid device with great features! The design is sleek, and the display is crisp and vibrant. The watch tracks heart rate, sleep, and other metrics accurately, and the fitness features are a nice addition for those looking to stay active.However, there are a few things that could be improved. The step counter seems a bit off, as it's not always accurate in tracking my steps. Sometimes it undercounts or overcounts, which is frustrating. Another downside is the dial—it’s a bit too big for my wrist, making it feel bulky at times.Additionally, the power button is quite annoying. It tends to switch off or restart the watch unexpectedly, causing my data to reset, which can be frustrating during workouts.Despite these issues, the watch offers excellent value for money, and I still find it useful for tracking my health and staying connected. If Fireboltt addresses the button and step counter accuracy, this could easily be a 5-star product!",True,False,"['https://m.media-amazon.com/images/I/610+YDRAqXL._SY88.jpg', 'https://m.media-amazon.com/images/I/61xVsB4ED9L._SY88.jpg', 'https://m.media-amazon.com/images/I/71musUlsoGL._SY88.jpg']",2025-01-06,10,"Style Name: Phoenix Pro, Colour: Pro Gold Black","[{'key': 'Style Name', 'value': 'Phoenix Pro'}, {'key': 'Colour', 'value': 'Pro Gold Black'}]",,,https://www.amazon.in/product-reviews/B0BY2NN719?pageNumber=2&filterByStar=all_stars&sortBy=helpful&formatType=all_formats&asin=B0BY2NN719&reftag=cm_cr_arp_d_paging_btm_next_2&scope=reviewsAjax0,allStars,,B0BY2NN719,B0BY2NN719,B0BY2NN719,"{'price': None, 'listPrice': None}",https://www.amazon.in//Fire-Boltt-Stainless-Bluetooth-Smartwatch-Monitoring/dp/B0BY2NN719/ref=zg_bs_g_5605728031_d_sccl_17/258-6888058-4683712?psc=1,India,
Reviewed in India on 27 January 2025,amzn1.account.AFOTA2IQKJVCVCU32ICSB5TGMCRA,https://www.amazon.in/gp/profile/amzn1.account.AFOTA2IQKJVCVCU32ICSB5TGMCRA/ref=cm_cr_othr_d_gw_tr?ie=UTF8,4,NYC production,R1T7S4ALDLU7KD,https://www.amazon.in/gp/customer-reviews/R1T7S4ALDLU7KD/ref=cm_cr_othr_d_rvw_ttl?ie=UTF8&ASIN=B0BY2NN719,,"This is a great watch although I can’t get phone or ai voice control to work on the watch, does anyone know what size band this watch takes, I’m trying to find a different color band",True,False,['https://m.media-amazon.com/images/I/61PxMxE10JL._SY88.jpg'],2025-01-27,11,"Style Name: Phoenix Ultra, Colour: Gold SS","[{'key': 'Style Name', 'value': 'Phoenix Ultra'}, {'key': 'Colour', 'value': 'Gold SS'}]",,,https://www.amazon.in/product-reviews/B0BY2NN719?pageNumber=2&filterByStar=all_stars&sortBy=helpful&formatType=all_formats&asin=B0BY2NN719&reftag=cm_cr_arp_d_paging_btm_next_2&scope=reviewsAjax0,allStars,,B0BY2NN719,B0BY2NN719,B0BY2NN719,"{'price': None, 'listPrice': None}",https://www.amazon.in//Fire-Boltt-Stainless-Bluetooth-Smartwatch-Monitoring/dp/B0BY2NN719/ref=zg_bs_g_5605728031_d_sccl_17/258-6888058-4683712?psc=1,India,
Reviewed in India on 15 January 2025,amzn1.account.AGSWVAKUHW7JXWME6VMT6ENPDF5Q,https://www.amazon.in/gp/profile/amzn1.account.AGSWVAKUHW7JXWME6VMT6ENPDF5Q/ref=cm_cr_othr_d_gw_tr?ie=UTF8,4,Very good quality watch,R38EM2KU7MLW36,https://www.amazon.in/gp/customer-reviews/R38EM2KU7MLW36/ref=cm_cr_othr_d_rvw_ttl?ie=UTF8&ASIN=B0BY2NN719,,The watch have good quality and it is made up of metal and strap is of a good quality rubber and feel light while you wear. But the bazzles are wide so small picture will appear and also the watch faces and be change through its app.,True,False,"['https://m.media-amazon.com/images/I/71IvwUIxw8L._SY88.jpg', 'https://m.media-amazon.com/images/I/71ox5p3kqeL._SY88.jpg', 'https://m.media-amazon.com/images/I/81vTXpF1ZwL._SY88.jpg']",2025-01-15,12,"Style Name: Phoenix Pro, Colour: Pro Black","[{'key': 'Style Name', 'value': 'Phoenix Pro'}, {'key': 'Colour', 'value': 'Pro Black'}]",,,https://www.amazon.in/product-reviews/B0BY2NN719?pageNumber=2&filterByStar=all_stars&sortBy=helpful&formatType=all_formats&asin=B0BY2NN719&reftag=cm_cr_arp_d_paging_btm_next_2&scope=reviewsAjax0,allStars,,B0BY2NN719,B0BY2NN719,B0BY2NN719,"{'price': None, 'listPrice': None}",https://www.amazon.in//Fire-Boltt-Stainless-Bluetooth-Smartwatch-Monitoring/dp/B0BY2NN719/ref=zg_bs_g_5605728031_d_sccl_17/258-6888058-4683712?psc=1,India,
Reviewed in India on 28 January 2025,amzn1.account.AHG32HBL3VORP56I72MNPVO2B4NA,https://www.amazon.in/gp/profile/amzn1.account.AHG32HBL3VORP56I72MNPVO2B4NA/ref=cm_cr_othr_d_gw_tr?ie=UTF8,4,Was not working,R3SR4TET79NSTM,https://www.amazon.in/gp/customer-reviews/R3SR4TET79NSTM/ref=cm_cr_othr_d_rvw_ttl?ie=UTF8&ASIN=B0BY2NN719,,Item delivered to me was not working properly ..it had a battery related issue and was switching On and off automatically...,True,False,[],2025-01-28,13,"Style Name: Phoenix Ultra, Colour: Dark Grey SS","[{'key': 'Style Name', 'value': 'Phoenix Ultra'}, {'key': 'Colour', 'value': 'Dark Grey SS'}]",,,https://www.amazon.in/product-reviews/B0BY2NN719?pageNumber=2&filterByStar=all_stars&sortBy=helpful&formatType=all_formats&asin=B0BY2NN719&reftag=cm_cr_arp_d_paging_btm_next_2&scope=reviewsAjax0,allStars,,B0BY2NN719,B0BY2NN719,B0BY2NN719,"{'price': None, 'listPrice': None}",https://www.amazon.in//Fire-Boltt-Stainless-Bluetooth-Smartwatch-Monitoring/dp/B0BY2NN719/ref=zg_bs_g_5605728031_d_sccl_17/258-6888058-4683712?psc=1,India,
Reviewed in India on 29 January 2025,amzn1.account.AF6Z7WUYT7SALXTRZMYTGKFU5LDQ,https://www.amazon.in/gp/profile/amzn1.account.AF6Z7WUYT7SALXTRZMYTGKFU5LDQ/ref=cm_cr_othr_d_gw_tr?ie=UTF8,4,Worth in this price.,R262BCIICB64XL,https://www.amazon.in/gp/customer-reviews/R262BCIICB64XL/ref=cm_cr_othr_d_rvw_ttl?ie=UTF8&ASIN=B0BY2NN719,,Using it since last 10 days smooth functioning and a lot of activities in this price segment.,True,False,[],2025-01-29,14,"Style Name: Phoenix Pro, Colour: Pro Black","[{'key': 'Style Name', 'value': 'Phoenix Pro'}, {'key': 'Colour', 'value': 'Pro Black'}]",,,https://www.amazon.in/product-reviews/B0BY2NN719?pageNumber=2&filterByStar=all_stars&sortBy=helpful&formatType=all_formats&asin=B0BY2NN719&reftag=cm_cr_arp_d_paging_btm_next_2&scope=reviewsAjax0,allStars,,B0BY2NN719,B0BY2NN719,B0BY2NN719,"{'price': None, 'listPrice': None}",https://www.amazon.in//Fire-Boltt-Stainless-Bluetooth-Smartwatch-Monitoring/dp/B0BY2NN719/ref=zg_bs_g_5605728031_d_sccl_17/258-6888058-4683712?psc=1,India,
Reviewed in India on 30 January 2025,amzn1.account.AEHQQ6H6ABRUWQOO37JBUNL2SRLA,https://www.amazon.in/gp/profile/amzn1.account.AEHQQ6H6ABRUWQOO37JBUNL2SRLA/ref=cm_cr_othr_d_gw_tr?ie=UTF8,4,Good product,R2QRIW6N524WW0,https://www.amazon.in/gp/customer-reviews/R2QRIW6N524WW0/ref=cm_cr_othr_d_rvw_ttl?ie=UTF8&ASIN=B0BY2NN719,,Like the specifications. But the app performance is not so good.,True,False,[],2025-01-30,15,"Style Name: Phoenix Pro, Colour: Pro Black","[{'key': 'Style Name', 'value': 'Phoenix Pro'}, {'key': 'Colour', 'value': 'Pro Black'}]",,,https://www.amazon.in/product-reviews/B0BY2NN719?pageNumber=2&filterByStar=all_stars&sortBy=helpful&formatType=all_formats&asin=B0BY2NN719&reftag=cm_cr_arp_d_paging_btm_next_2&scope=reviewsAjax0,allStars,,B0BY2NN719,B0BY2NN719,B0BY2NN719,"{'price': None, 'listPrice': None}",https://www.amazon.in//Fire-Boltt-Stainless-Bluetooth-Smartwatch-Monitoring/dp/B0BY2NN719/ref=zg_bs_g_5605728031_d_sccl_17/258-6888058-4683712?psc=1,India,
Reviewed in India on 29 January 2025,amzn1.account.AFFNBQUWTAKVMQ2J43623WC5USWQ,https://www.amazon.in/gp/profile/amzn1.account.AFFNBQUWTAKVMQ2J43623WC5USWQ/ref=cm_cr_othr_d_gw_tr?ie=UTF8,4,Flexible SmartWatch,R68WJ0OY3JUXQ,https://www.amazon.in/gp/customer-reviews/R68WJ0OY3JUXQ/ref=cm_cr_othr_d_rvw_ttl?ie=UTF8&ASIN=B0BY2NN719,,It's looks good i liked Very much everything will working fine,True,False,['https://m.media-amazon.com/images/I/61C+HQVUx3L._SY88.jpg'],2025-01-29,16,"Style Name: Phoenix Pro, Colour: Pro Gold Black","[{'key': 'Style Name', 'value': 'Phoenix Pro'}, {'key': 'Colour', 'value': 'Pro Gold Black'}]",,,https://www.amazon.in/product-reviews/B0BY2NN719?pageNumber=2&filterByStar=all_stars&sortBy=helpful&formatType=all_formats&asin=B0BY2NN719&reftag=cm_cr_arp_d_paging_btm_next_2&scope=reviewsAjax0,allStars,,B0BY2NN719,B0BY2NN719,B0BY2NN719,"{'price': None, 'listPrice': None}",https://www.amazon.in//Fire-Boltt-Stainless-Bluetooth-Smartwatch-Monitoring/dp/B0BY2NN719/ref=zg_bs_g_5605728031_d_sccl_17/258-6888058-4683712?psc=1,India,
Reviewed in India on 7 January 2025,amzn1.account.AH2UWPP6Q7EWAUWHAQBYVWUZJXIA,https://www.amazon.in/gp/profile/amzn1.account.AH2UWPP6Q7EWAUWHAQBYVWUZJXIA/ref=cm_cr_othr_d_gw_tr?ie=UTF8,4,Opinion,R27ALWD6ESKLE1,https://www.amazon.in/gp/customer-reviews/R27ALWD6ESKLE1/ref=cm_cr_othr_d_rvw_ttl?ie=UTF8&ASIN=B0BY2NN719,,Good smart watch at this price,True,False,[],2025-01-07,49,"Style Name: Phoenix Pro, Colour: Pro Pink","[{'key': 'Style Name', 'value': 'Phoenix Pro'}, {'key': 'Colour', 'value': 'Pro Pink'}]",,,https://www.amazon.in/product-reviews/B0BY2NN719?pageNumber=7&filterByStar=all_stars&sortBy=helpful&formatType=all_formats&asin=B0BY2NN719&reftag=cm_cr_arp_d_paging_btm_next_7&scope=reviewsAjax0,allStars,,B0BY2NN719,B0BY2NN719,B0BY2NN719,"{'price': None, 'listPrice': None}",https://www.amazon.in//Fire-Boltt-Stainless-Bluetooth-Smartwatch-Monitoring/dp/B0BY2NN719/ref=zg_bs_g_5605728031_d_sccl_17/258-6888058-4683712?psc=1,India,
Reviewed in India on 8 January 2025,amzn1.account.AFRL5XYJ3HHWQSANP2C3AU7XQHTA,https://www.amazon.in/gp/profile/amzn1.account.AFRL5XYJ3HHWQSANP2C3AU7XQHTA/ref=cm_cr_othr_d_gw_tr?ie=UTF8,4,Value for money product,R4Q9XU9EOBDO0,https://www.amazon.in/gp/customer-reviews/R4Q9XU9EOBDO0/ref=cm_cr_othr_d_rvw_ttl?ie=UTF8&ASIN=B0BY2NN719,,"Very beautiful design, great touch gesture nice build quality.",True,False,"['https://m.media-amazon.com/images/I/71Ac+jW1vBL._SY88.jpg', 'https://m.media-amazon.com/images/I/71a-sT01a4L._SY88.jpg']",2025-01-08,50,"Style Name: Pheonix, Colour: Black","[{'key': 'Style Name', 'value': 'Pheonix'}, {'key': 'Colour', 'value': 'Black'}]",,,https://www.amazon.in/product-reviews/B0BY2NN719?pageNumber=7&filterByStar=all_stars&sortBy=helpful&formatType=all_formats&asin=B0BY2NN719&reftag=cm_cr_arp_d_paging_btm_next_7&scope=reviewsAjax0,allStars,,B0BY2NN719,B0BY2NN719,B0BY2NN719,"{'price': None, 'listPrice': None}",https://www.amazon.in//Fire-Boltt-Stainless-Bluetooth-Smartwatch-Monitoring/dp/B0BY2NN719/ref=zg_bs_g_5605728031_d_sccl_17/258-6888058-4683712?psc=1,India,
Reviewed in India on 2 January 2025,amzn1.account.AFX5JRB7FLTWLBJX2H65EV26H57A,https://www.amazon.in/gp/profile/amzn1.account.AFX5JRB7FLTWLBJX2H65EV26H57A/ref=cm_cr_othr_d_gw_tr?ie=UTF8,4,Watch quality,R3S70HRU7WUY02,https://www.amazon.in/gp/customer-reviews/R3S70HRU7WUY02/ref=cm_cr_othr_d_rvw_ttl?ie=UTF8&ASIN=B0BY2NN719,One person found this helpful,Good quality watch and nice battery health with elegant look and sound quality while speaking is awesome,True,False,[],2025-01-02,51,"Style Name: Phoenix Pro, Colour: Pro Black","[{'key': 'Style Name', 'value': 'Phoenix Pro'}, {'key': 'Colour', 'value': 'Pro Black'}]",,,https://www.amazon.in/product-reviews/B0BY2NN719?pageNumber=7&filterByStar=all_stars&sortBy=helpful&formatType=all_formats&asin=B0BY2NN719&reftag=cm_cr_arp_d_paging_btm_next_7&scope=reviewsAjax0,allStars,,B0BY2NN719,B0BY2NN719,B0BY2NN719,"{'price': None, 'listPrice': None}",https://www.amazon.in//Fire-Boltt-Stainless-Bluetooth-Smartwatch-Monitoring/dp/B0BY2NN719/ref=zg_bs_g_5605728031_d_sccl_17/258-6888058-4683712?psc=1,India,
Reviewed in India on 8 January 2025,amzn1.account.AE34X2MKXMYQ6453RNMJCPNYBHVQ,https://www.amazon.in/gp/profile/amzn1.account.AE34X2MKXMYQ6453RNMJCPNYBHVQ/ref=cm_cr_othr_d_gw_tr?ie=UTF8,4,It’s best watch for sport person,R2IN4MX2BAK3BB,https://www.amazon.in/gp/customer-reviews/R2IN4MX2BAK3BB/ref=cm_cr_othr_d_rvw_ttl?ie=UTF8&ASIN=B0BY2NN719,,"It will help in many way just like in running , step counting and many others way",True,False,['https://m.media-amazon.com/images/I/815zvoCuyIL._SY88.jpg'],2025-01-08,52,"Style Name: Phoenix Pro, Colour: Pro Gold Black","[{'key': 'Style Name', 'value': 'Phoenix Pro'}, {'key': 'Colour', 'value': 'Pro Gold Black'}]",,,https://www.amazon.in/product-reviews/B0BY2NN719?pageNumber=7&filterByStar=all_stars&sortBy=helpful&formatType=all_formats&asin=B0BY2NN719&reftag=cm_cr_arp_d_paging_btm_next_7&scope=reviewsAjax0,allStars,,B0BY2NN719,B0BY2NN719,B0BY2NN719,"{'price': None, 'listPrice': None}",https://www.amazon.in//Fire-Boltt-Stainless-Bluetooth-Smartwatch-Monitoring/dp/B0BY2NN719/ref=zg_bs_g_5605728031_d_sccl_17/258-6888058-4683712?psc=1,India,
Reviewed in India on 10 January 2025,amzn1.account.AGHBU2C2EP6KRM35VHQSUFISVABQ,https://www.amazon.in/gp/profile/amzn1.account.AGHBU2C2EP6KRM35VHQSUFISVABQ/ref=cm_cr_othr_d_gw_tr?ie=UTF8,4,Good,R36MSFXILU50EF,https://www.amazon.in/gp/customer-reviews/R36MSFXILU50EF/ref=cm_cr_othr_d_rvw_ttl?ie=UTF8&ASIN=B0BY2NN719,,Worth the money .must buy,True,False,"['https://m.media-amazon.com/images/I/71+O7cnmbWL._SY88.jpg', 'https://m.media-amazon.com/images/I/71Vecf1QzFL._SY88.jpg']",2025-01-10,53,"Style Name: Pheonix, Colour: Black","[{'key': 'Style Name', 'value': 'Pheonix'}, {'key': 'Colour', 'value': 'Black'}]",,,https://www.amazon.in/product-reviews/B0BY2NN719?pageNumber=7&filterByStar=all_stars&sortBy=helpful&formatType=all_formats&asin=B0BY2NN719&reftag=cm_cr_arp_d_paging_btm_next_7&scope=reviewsAjax0,allStars,,B0BY2NN719,B0BY2NN719,B0BY2NN719,"{'price': None, 'listPrice': None}",https://www.amazon.in//Fire-Boltt-Stainless-Bluetooth-Smartwatch-Monitoring/dp/B0BY2NN719/ref=zg_bs_g_5605728031_d_sccl_17/258-6888058-4683712?psc=1,India,
Reviewed in India on 5 January 2025,amzn1.account.AHIAMKMODIFZV3MP3VVIF7B6N2SA,https://www.amazon.in/gp/profile/amzn1.account.AHIAMKMODIFZV3MP3VVIF7B6N2SA/ref=cm_cr_othr_d_gw_tr?ie=UTF8,4,Display problem,RQAGJNPM9FOVZ,https://www.amazon.in/gp/customer-reviews/RQAGJNPM9FOVZ/ref=cm_cr_othr_d_rvw_ttl?ie=UTF8&ASIN=B0BY2NN719,,My watch display problem,True,False,"['https://m.media-amazon.com/images/I/710CxZkLm4L._SY88.jpg', 'https://m.media-amazon.com/images/I/719KOZoA4LL._SY88.jpg', 'https://m.media-amazon.com/images/I/71BJ7lohURL._SY88.jpg', 'https://m.media-amazon.com/images/I/71DeGiM2HoL._SY88.jpg', 'https://m.media-amazon.com/images/I/81adyPg5ibL._SY88.jpg', 'https://m.media-amazon.com/images/I/81ea+MvKpkL._SY88.jpg']",2025-01-05,54,"Style Name: Pheonix, Colour: Black","[{'key': 'Style Name', 'value': 'Pheonix'}, {'key': 'Colour', 'value': 'Black'}]",,,https://www.amazon.in/product-reviews/B0BY2NN719?pageNumber=7&filterByStar=all_stars&sortBy=helpful&formatType=all_formats&asin=B0BY2NN719&reftag=cm_cr_arp_d_paging_btm_next_7&scope=reviewsAjax0,allStars,,B0BY2NN719,B0BY2NN719,B0BY2NN719,"{'price': None, 'listPrice': None}",https://www.amazon.in//Fire-Boltt-Stainless-Bluetooth-Smartwatch-Monitoring/dp/B0BY2NN719/ref=zg_bs_g_5605728031_d_sccl_17/258-6888058-4683712?psc=1,India,
Reviewed in India on 8 January 2025,amzn1.account.AGQO76I5UFW5Y3CIUFMHM3PMJ5DA,https://www.amazon.in/gp/profile/amzn1.account.AGQO76I5UFW5Y3CIUFMHM3PMJ5DA/ref=cm_cr_othr_d_gw_tr?ie=UTF8,4,Good product,R3JZK1LHK3KBCL,https://www.amazon.in/gp/customer-reviews/R3JZK1LHK3KBCL/ref=cm_cr_othr_d_rvw_ttl?ie=UTF8&ASIN=B0BY2NN719,,Worth of money,True,False,[],2025-01-08,55,"Style Name: Phoenix Pro, Colour: Pro Black","[{'key': 'Style Name', 'value': 'Phoenix Pro'}, {'key': 'Colour', 'value': 'Pro Black'}]",,,https://www.amazon.in/product-reviews/B0BY2NN719?pageNumber=7&filterByStar=all_stars&sortBy=helpful&formatType=all_formats&asin=B0BY2NN719&reftag=cm_cr_arp_d_paging_btm_next_7&scope=reviewsAjax0,allStars,,B0BY2NN719,B0BY2NN719,B0BY2NN719,"{'price': None, 'listPrice': None}",https://www.amazon.in//Fire-Boltt-Stainless-Bluetooth-Smartwatch-Monitoring/dp/B0BY2NN719/ref=zg_bs_g_5605728031_d_sccl_17/258-6888058-4683712?psc=1,India,
Reviewed in India on 17 January 2025,amzn1.account.AHCAWG3HWPS7AXYQXIRKOABNEVXA,https://www.amazon.in/gp/profile/amzn1.account.AHCAWG3HWPS7AXYQXIRKOABNEVXA/ref=cm_cr_othr_d_gw_tr?ie=UTF8,4,Color,R1RN251ZE2UB5V,https://www.amazon.in/gp/customer-reviews/R1RN251ZE2UB5V/ref=cm_cr_othr_d_rvw_ttl?ie=UTF8&ASIN=B0BY2NN719,One person found this helpful,Strap is little long otherwise it's good to buy.,True,False,[],2025-01-17,56,"Style Name: Phoenix Ultra, Colour: Rainbow SS","[{'key': 'Style Name', 'value': 'Phoenix Ultra'}, {'key': 'Colour', 'value': 'Rainbow SS'}]",,,https://www.amazon.in/product-reviews/B0BY2NN719?pageNumber=7&filterByStar=all_stars&sortBy=helpful&formatType=all_formats&asin=B0BY2NN719&reftag=cm_cr_arp_d_paging_btm_next_7&scope=reviewsAjax0,allStars,,B0BY2NN719,B0BY2NN719,B0BY2NN719,"{'price': None, 'listPrice': None}",https://www.amazon.in//Fire-Boltt-Stainless-Bluetooth-Smartwatch-Monitoring/dp/B0BY2NN719/ref=zg_bs_g_5605728031_d_sccl_17/258-6888058-4683712?psc=1,India,
